gene,gene_symbol,ensembl_gene_id,module_id,module_color,MM,GS_ards,GS_sepsis,GS_control,is_pathway,expected_module_match,gene_set_version,score_version
ENSG00000229807,,ENSG00000229807,34,grey60,-0.0162,-0.1933,-0.1969,0.1969,False,,Mitoxy-80_v1.0,NA
ENSG00000129824,,ENSG00000129824,0,grey,,,,,False,Not classified,Mitoxy-80_v1.0,NA
ENSG00000165949,,ENSG00000165949,0,grey,,,,,False,Not classified,Mitoxy-80_v1.0,NA
ENSG00000211896,,ENSG00000211896,277,grey60,0.9121,0.0862,0.0462,-0.0462,False,,Mitoxy-80_v1.0,NA
ENSG00000204936,,ENSG00000204936,34,grey60,-0.2767,0.1653,0.4672,-0.4672,False,,Mitoxy-80_v1.0,NA
ENSG00000067048,,ENSG00000067048,0,grey,,,,,False,Not classified,Mitoxy-80_v1.0,NA
ENSG00000012817,,ENSG00000012817,0,grey,,,,,False,Not classified,Mitoxy-80_v1.0,NA
ENSG00000137959,,ENSG00000137959,461,blue,0.9539,-0.1993,0.1086,-0.1086,False,Iron metabolism,Mitoxy-80_v1.0,NA
ENSG00000134321,,ENSG00000134321,461,blue,0.9500,-0.1696,0.1106,-0.1106,False,Iron metabolism,Mitoxy-80_v1.0,NA
ENSG00000118113,,ENSG00000118113,0,grey,,,,,False,Not classified,Mitoxy-80_v1.0,NA
ENSG00000211677,,ENSG00000211677,277,grey60,0.9011,0.0383,0.0156,-0.0156,False,,Mitoxy-80_v1.0,NA
ENSG00000198692,,ENSG00000198692,0,grey,,,,,False,Not classified,Mitoxy-80_v1.0,NA
ENSG00000099725,,ENSG00000099725,0,grey,,,,,False,Not classified,Mitoxy-80_v1.0,NA
ENSG00000185745,,ENSG00000185745,461,blue,0.9120,-0.1723,0.0567,-0.0567,False,Iron metabolism,Mitoxy-80_v1.0,NA
ENSG00000088827,,ENSG00000088827,0,grey,,,,,False,Not classified,Mitoxy-80_v1.0,NA
ENSG00000211895,,ENSG00000211895,277,grey60,0.7938,0.1601,0.0089,-0.0089,False,,Mitoxy-80_v1.0,NA
ENSG00000133742,,ENSG00000133742,245,blue,-0.1061,0.0745,0.1990,-0.1990,False,Iron metabolism,Mitoxy-80_v1.0,NA
ENSG00000239839,,ENSG00000239839,0,grey,,,,,False,Not classified,Mitoxy-80_v1.0,NA
ENSG00000102837,,ENSG00000102837,0,grey,,,,,False,Not classified,Mitoxy-80_v1.0,NA
ENSG00000211897,,ENSG00000211897,277,grey60,0.8746,0.0918,0.0010,-0.0010,False,,Mitoxy-80_v1.0,NA
ENSG00000149131,,ENSG00000149131,461,blue,0.8976,-0.2954,0.2045,-0.2045,False,Iron metabolism,Mitoxy-80_v1.0,NA
ENSG00000132465,,ENSG00000132465,277,grey60,0.8826,0.0645,-0.0042,0.0042,False,,Mitoxy-80_v1.0,NA
ENSG00000183878,,ENSG00000183878,0,grey,,,,,False,Not classified,Mitoxy-80_v1.0,NA
ENSG00000211679,,ENSG00000211679,277,grey60,0.8770,0.0774,0.0114,-0.0114,False,,Mitoxy-80_v1.0,NA
ENSG00000211592,,ENSG00000211592,277,grey60,0.8726,-0.0505,-0.0081,0.0081,False,,Mitoxy-80_v1.0,NA
ENSG00000076864,,ENSG00000076864,245,blue,-0.1395,0.1800,0.2107,-0.2107,False,Iron metabolism,Mitoxy-80_v1.0,NA
ENSG00000131002,,ENSG00000131002,0,grey,,,,,False,Not classified,Mitoxy-80_v1.0,NA
ENSG00000204632,,ENSG00000204632,0,grey,,,,,False,Not classified,Mitoxy-80_v1.0,NA
ENSG00000211893,,ENSG00000211893,277,grey60,0.7623,0.0952,-0.0954,0.0954,False,,Mitoxy-80_v1.0,NA
ENSG00000187608,,ENSG00000187608,0,grey,,,,,False,Not classified,Mitoxy-80_v1.0,NA
ENSG00000253755,,ENSG00000253755,277,grey60,0.7709,0.0448,0.0854,-0.0854,False,,Mitoxy-80_v1.0,NA
ENSG00000111331,,ENSG00000111331,461,blue,0.9656,-0.1812,0.0519,-0.0519,False,Iron metabolism,Mitoxy-80_v1.0,NA
ENSG00000114374,,ENSG00000114374,0,grey,,,,,False,Not classified,Mitoxy-80_v1.0,NA
ENSG00000211666,,ENSG00000211666,277,grey60,0.9102,0.0368,0.0123,-0.0123,False,,Mitoxy-80_v1.0,NA
ENSG00000160932,,ENSG00000160932,0,grey,,,,,False,Not classified,Mitoxy-80_v1.0,NA
ENSG00000211890,,ENSG00000211890,277,grey60,0.6764,0.1434,0.0500,-0.0500,False,,Mitoxy-80_v1.0,NA
ENSG00000115155,,ENSG00000115155,0,grey,,,,,False,Not classified,Mitoxy-80_v1.0,NA
ENSG00000204622,,ENSG00000204622,0,grey,,,,,False,Not classified,Mitoxy-80_v1.0,NA
ENSG00000137965,,ENSG00000137965,461,blue,0.9257,-0.0968,0.1311,-0.1311,False,Iron metabolism,Mitoxy-80_v1.0,NA
ENSG00000158578,,ENSG00000158578,245,blue,-0.0427,-0.0756,0.1115,-0.1115,False,Iron metabolism,Mitoxy-80_v1.0,NA
ENSG00000211662,,ENSG00000211662,277,grey60,0.8632,0.0328,0.0237,-0.0237,False,,Mitoxy-80_v1.0,NA
ENSG00000143416,,ENSG00000143416,245,blue,-0.1141,-0.1197,0.0338,-0.0338,False,Iron metabolism,Mitoxy-80_v1.0,NA
ENSG00000012223,,ENSG00000012223,0,grey,,,,,False,Not classified,Mitoxy-80_v1.0,NA
ENSG00000126709,,ENSG00000126709,461,blue,0.8748,-0.2367,0.2014,-0.2014,False,Iron metabolism,Mitoxy-80_v1.0,NA
ENSG00000163958,,ENSG00000163958,34,grey60,-0.2107,0.3219,0.3649,-0.3649,False,,Mitoxy-80_v1.0,NA
ENSG00000167768,,ENSG00000167768,245,blue,-0.0616,-0.1155,0.0070,-0.0070,False,Iron metabolism,Mitoxy-80_v1.0,NA
ENSG00000239951,,ENSG00000239951,277,grey60,0.8682,0.1309,0.0124,-0.0124,False,,Mitoxy-80_v1.0,NA
ENSG00000124102,,ENSG00000124102,0,grey,,,,,False,Not classified,Mitoxy-80_v1.0,NA
ENSG00000211949,,ENSG00000211949,277,grey60,0.8851,0.0055,-0.0555,0.0555,False,,Mitoxy-80_v1.0,NA
ENSG00000257017,,ENSG00000257017,34,grey60,-0.2092,0.0753,0.5109,-0.5109,False,,Mitoxy-80_v1.0,NA
ENSG00000148346,,ENSG00000148346,0,grey,,,,,False,Not classified,Mitoxy-80_v1.0,NA
ENSG00000170476,,ENSG00000170476,277,grey60,0.9429,0.0280,0.0478,-0.0478,False,,Mitoxy-80_v1.0,NA
ENSG00000119917,,ENSG00000119917,461,blue,0.9584,-0.2231,0.1299,-0.1299,False,Iron metabolism,Mitoxy-80_v1.0,NA
ENSG00000004939,,ENSG00000004939,245,blue,-0.0952,-0.0926,0.0062,-0.0062,False,Iron metabolism,Mitoxy-80_v1.0,NA
ENSG00000010030,,ENSG00000010030,461,blue,0.8713,-0.2632,0.2022,-0.2022,False,Iron metabolism,Mitoxy-80_v1.0,NA
ENSG00000211598,,ENSG00000211598,277,grey60,0.8824,-0.0094,-0.0242,0.0242,False,,Mitoxy-80_v1.0,NA
ENSG00000204010,,ENSG00000204010,245,blue,0.0032,-0.0432,0.0514,-0.0514,False,Iron metabolism,Mitoxy-80_v1.0,NA
ENSG00000168903,,ENSG00000168903,0,grey,,,,,False,Not classified,Mitoxy-80_v1.0,NA
ENSG00000157601,,ENSG00000157601,461,blue,0.9056,-0.2480,0.0309,-0.0309,False,Iron metabolism,Mitoxy-80_v1.0,NA
ENSG00000211660,,ENSG00000211660,277,grey60,0.8943,0.0214,0.0263,-0.0263,False,,Mitoxy-80_v1.0,NA
ENSG00000211644,,ENSG00000211644,277,grey60,0.8916,-0.0372,0.0147,-0.0147,False,,Mitoxy-80_v1.0,NA
ENSG00000181126,,ENSG00000181126,0,grey,,,,,False,Not classified,Mitoxy-80_v1.0,NA
ENSG00000131203,,ENSG00000131203,0,grey,,,,,False,Not classified,Mitoxy-80_v1.0,NA
ENSG00000211892,,ENSG00000211892,277,grey60,0.8141,-0.0894,-0.0733,0.0733,False,,Mitoxy-80_v1.0,NA
ENSG00000168062,,ENSG00000168062,461,blue,0.8366,-0.2214,0.2723,-0.2723,False,Iron metabolism,Mitoxy-80_v1.0,NA
ENSG00000211653,,ENSG00000211653,277,grey60,0.9060,-0.0131,0.0242,-0.0242,False,,Mitoxy-80_v1.0,NA
ENSG00000118520,,ENSG00000118520,0,grey,,,,,False,Not classified,Mitoxy-80_v1.0,NA
ENSG00000237541,,ENSG00000237541,34,grey60,0.2168,-0.3443,-0.1295,0.1295,False,,Mitoxy-80_v1.0,NA
ENSG00000134326,,ENSG00000134326,461,blue,0.9237,-0.1028,0.0961,-0.0961,False,Iron metabolism,Mitoxy-80_v1.0,NA
ENSG00000146122,,ENSG00000146122,0,grey,,,,,False,Not classified,Mitoxy-80_v1.0,NA
ENSG00000229391,,ENSG00000229391,0,grey,,,,,False,Not classified,Mitoxy-80_v1.0,NA
ENSG00000138646,,ENSG00000138646,461,blue,0.9524,-0.2213,0.0500,-0.0500,False,Iron metabolism,Mitoxy-80_v1.0,NA
ENSG00000241351,,ENSG00000241351,277,grey60,0.9016,0.0539,-0.0057,0.0057,False,,Mitoxy-80_v1.0,NA
ENSG00000183019,,ENSG00000183019,34,grey60,-0.3486,0.1833,0.5520,-0.5520,False,,Mitoxy-80_v1.0,NA
ENSG00000211659,,ENSG00000211659,277,grey60,0.8576,0.1205,0.0630,-0.0630,False,,Mitoxy-80_v1.0,NA
ENSG00000152463,,ENSG00000152463,34,grey60,-0.2561,0.4212,0.3132,-0.3132,False,,Mitoxy-80_v1.0,NA
ENSG00000211899,,ENSG00000211899,277,grey60,0.7169,0.0135,-0.1734,0.1734,False,,Mitoxy-80_v1.0,NA
ENSG00000225492,,ENSG00000225492,461,blue,0.8381,-0.2125,0.2320,-0.2320,False,Iron metabolism,Mitoxy-80_v1.0,NA
ENSG00000211673,,ENSG00000211673,277,grey60,0.8836,0.0435,0.0650,-0.0650,False,,Mitoxy-80_v1.0,NA
ENSG00000211945,,ENSG00000211945,277,grey60,0.9253,-0.0341,-0.0096,0.0096,False,,Mitoxy-80_v1.0,NA
ENSG00000211651,,ENSG00000211651,277,grey60,0.8829,0.0948,-0.0037,0.0037,False,,Mitoxy-80_v1.0,NA
ENSG00000106565,,ENSG00000106565,0,grey,,,,,False,Not classified,Mitoxy-80_v1.0,NA
ENSG00000211668,,ENSG00000211668,277,grey60,0.9033,-0.0089,0.0191,-0.0191,False,,Mitoxy-80_v1.0,NA
ENSG00000133106,,ENSG00000133106,461,blue,0.9579,-0.2597,0.1504,-0.1504,False,Iron metabolism,Mitoxy-80_v1.0,NA
ENSG00000270550,,ENSG00000270550,277,grey60,0.8633,0.1272,-0.0013,0.0013,False,,Mitoxy-80_v1.0,NA
ENSG00000174944,,ENSG00000174944,0,grey,,,,,False,Not classified,Mitoxy-80_v1.0,NA
ENSG00000169877,,ENSG00000169877,245,blue,-0.0434,-0.1051,0.2071,-0.2071,False,Iron metabolism,Mitoxy-80_v1.0,NA
ENSG00000124469,,ENSG00000124469,0,grey,,,,,False,Not classified,Mitoxy-80_v1.0,NA
ENSG00000211648,,ENSG00000211648,277,grey60,0.9123,0.0372,0.0063,-0.0063,False,,Mitoxy-80_v1.0,NA
ENSG00000211959,,ENSG00000211959,277,grey60,0.8985,0.0445,-0.0326,0.0326,False,,Mitoxy-80_v1.0,NA
ENSG00000244437,,ENSG00000244437,277,grey60,0.8896,0.0298,0.0351,-0.0351,False,,Mitoxy-80_v1.0,NA
ENSG00000243466,,ENSG00000243466,277,grey60,0.8953,-0.0305,-0.0270,0.0270,False,,Mitoxy-80_v1.0,NA
ENSG00000115590,,ENSG00000115590,34,grey60,-0.3826,0.2977,0.3131,-0.3131,False,,Mitoxy-80_v1.0,NA
ENSG00000152766,,ENSG00000152766,0,grey,,,,,False,Not classified,Mitoxy-80_v1.0,NA
ENSG00000211663,,ENSG00000211663,277,grey60,0.8615,0.0379,0.0335,-0.0335,False,,Mitoxy-80_v1.0,NA
ENSG00000225630,,ENSG00000225630,34,grey60,-0.1040,-0.6474,-0.2011,0.2011,False,,Mitoxy-80_v1.0,NA
ENSG00000100985,,ENSG00000100985,34,grey60,-0.1551,0.3744,0.3839,-0.3839,False,,Mitoxy-80_v1.0,NA
ENSG00000139572,,ENSG00000139572,34,grey60,-0.2246,0.1057,0.4591,-0.4591,False,,Mitoxy-80_v1.0,NA
ENSG00000163221,,ENSG00000163221,34,grey60,-0.2805,0.1417,0.5429,-0.5429,False,,Mitoxy-80_v1.0,NA
ENSG00000145335,,ENSG00000145335,245,blue,-0.0603,-0.0921,-0.0037,0.0037,False,Iron metabolism,Mitoxy-80_v1.0,NA
ENSG00000164821,,ENSG00000164821,0,grey,,,,,False,Not classified,Mitoxy-80_v1.0,NA
ENSG00000184979,,ENSG00000184979,0,grey,,,,,False,Not classified,Mitoxy-80_v1.0,NA
ENSG00000166947,,ENSG00000166947,245,blue,-0.1144,-0.1112,-0.0311,0.0311,False,Iron metabolism,Mitoxy-80_v1.0,NA
ENSG00000173369,,ENSG00000173369,0,grey,,,,,False,Not classified,Mitoxy-80_v1.0,NA
ENSG00000111335,,ENSG00000111335,461,blue,0.9192,-0.2368,0.0041,-0.0041,False,Iron metabolism,Mitoxy-80_v1.0,NA
ENSG00000156738,,ENSG00000156738,464,green,0.7183,-0.0814,-0.3903,0.3903,False,,Mitoxy-80_v1.0,NA
ENSG00000089169,,ENSG00000089169,0,grey,,,,,False,Not classified,Mitoxy-80_v1.0,NA
ENSG00000220267,,ENSG00000220267,0,grey,,,,,False,Not classified,Mitoxy-80_v1.0,NA
ENSG00000211947,,ENSG00000211947,277,grey60,0.9220,0.0494,-0.0360,0.0360,False,,Mitoxy-80_v1.0,NA
ENSG00000249790,,ENSG00000249790,245,blue,0.0100,-0.1091,-0.0556,0.0556,False,Iron metabolism,Mitoxy-80_v1.0,NA
ENSG00000243753,,ENSG00000243753,0,grey,,,,,False,Not classified,Mitoxy-80_v1.0,NA
ENSG00000096006,,ENSG00000096006,0,grey,,,,,False,Not classified,Mitoxy-80_v1.0,NA
ENSG00000211934,,ENSG00000211934,277,grey60,0.8437,0.0441,0.0109,-0.0109,False,,Mitoxy-80_v1.0,NA
ENSG00000002933,,ENSG00000002933,0,grey,,,,,False,Not classified,Mitoxy-80_v1.0,NA
ENSG00000238243,,ENSG00000238243,245,blue,-0.1518,-0.0702,-0.0216,0.0216,False,Iron metabolism,Mitoxy-80_v1.0,NA
ENSG00000117228,,ENSG00000117228,461,blue,0.8927,-0.2649,0.1105,-0.1105,False,Iron metabolism,Mitoxy-80_v1.0,NA
ENSG00000086548,,ENSG00000086548,0,grey,,,,,False,Not classified,Mitoxy-80_v1.0,NA
ENSG00000154451,,ENSG00000154451,461,blue,0.8298,-0.2506,0.0405,-0.0405,False,Iron metabolism,Mitoxy-80_v1.0,NA
ENSG00000197561,,ENSG00000197561,0,grey,,,,,False,Not classified,Mitoxy-80_v1.0,NA
ENSG00000078081,,ENSG00000078081,461,blue,0.8829,-0.2398,0.0340,-0.0340,False,Iron metabolism,Mitoxy-80_v1.0,NA
ENSG00000119922,,ENSG00000119922,461,blue,0.8729,-0.0598,-0.0104,0.0104,False,Iron metabolism,Mitoxy-80_v1.0,NA
ENSG00000211938,,ENSG00000211938,277,grey60,0.8719,0.0556,-0.0540,0.0540,False,,Mitoxy-80_v1.0,NA
ENSG00000187653,,ENSG00000187653,0,grey,,,,,False,Not classified,Mitoxy-80_v1.0,NA
ENSG00000211966,,ENSG00000211966,277,grey60,0.8845,0.0779,-0.0091,0.0091,False,,Mitoxy-80_v1.0,NA
ENSG00000211955,,ENSG00000211955,277,grey60,0.8800,0.0364,-0.0282,0.0282,False,,Mitoxy-80_v1.0,NA
ENSG00000280411,,ENSG00000280411,277,grey60,0.7754,-0.0154,0.0116,-0.0116,False,,Mitoxy-80_v1.0,NA
ENSG00000254415,,ENSG00000254415,0,grey,,,,,False,Not classified,Mitoxy-80_v1.0,NA
ENSG00000132530,,ENSG00000132530,461,blue,0.9546,-0.3096,0.0632,-0.0632,False,Iron metabolism,Mitoxy-80_v1.0,NA
ENSG00000104918,,ENSG00000104918,0,grey,,,,,False,Not classified,Mitoxy-80_v1.0,NA
ENSG00000229314,,ENSG00000229314,0,grey,,,,,False,Not classified,Mitoxy-80_v1.0,NA
ENSG00000100450,,ENSG00000100450,34,grey60,0.4054,-0.3563,-0.0840,0.0840,False,,Mitoxy-80_v1.0,NA
ENSG00000123836,,ENSG00000123836,113,green,-0.1762,0.3474,0.1975,-0.1975,False,,Mitoxy-80_v1.0,NA
ENSG00000108387,,ENSG00000108387,461,blue,0.8324,-0.1868,0.2653,-0.2653,False,Iron metabolism,Mitoxy-80_v1.0,NA
ENSG00000184792,,ENSG00000184792,245,blue,-0.1444,0.0277,0.0254,-0.0254,False,Iron metabolism,Mitoxy-80_v1.0,NA
ENSG00000162654,,ENSG00000162654,461,blue,0.8646,-0.3538,-0.0606,0.0606,False,Iron metabolism,Mitoxy-80_v1.0,NA
ENSG00000162722,,ENSG00000162722,245,blue,-0.1128,0.0099,-0.0034,0.0034,False,Iron metabolism,Mitoxy-80_v1.0,NA
ENSG00000070182,,ENSG00000070182,245,blue,-0.1723,0.1494,0.0912,-0.0912,False,Iron metabolism,Mitoxy-80_v1.0,NA
ENSG00000137267,,ENSG00000137267,245,blue,-0.1036,-0.0182,-0.0206,0.0206,False,Iron metabolism,Mitoxy-80_v1.0,NA
ENSG00000133048,,ENSG00000133048,0,grey,,,,,False,Not classified,Mitoxy-80_v1.0,NA
ENSG00000211640,,ENSG00000211640,277,grey60,0.8428,0.1003,0.0786,-0.0786,False,,Mitoxy-80_v1.0,NA
ENSG00000089127,,ENSG00000089127,461,blue,0.9086,-0.1934,0.1820,-0.1820,False,Iron metabolism,Mitoxy-80_v1.0,NA
ENSG00000079308,,ENSG00000079308,245,blue,-0.1253,0.0155,-0.0479,0.0479,False,Iron metabolism,Mitoxy-80_v1.0,NA
ENSG00000278196,,ENSG00000278196,277,grey60,0.8698,-0.0301,0.0207,-0.0207,False,,Mitoxy-80_v1.0,NA
ENSG00000133687,,ENSG00000133687,0,grey,,,,,False,Not classified,Mitoxy-80_v1.0,NA
ENSG00000250361,,ENSG00000250361,245,blue,-0.0159,-0.0770,0.1426,-0.1426,False,Iron metabolism,Mitoxy-80_v1.0,NA
ENSG00000136929,,ENSG00000136929,245,blue,-0.0464,-0.0141,0.0209,-0.0209,False,Iron metabolism,Mitoxy-80_v1.0,NA
ENSG00000101057,,ENSG00000101057,277,grey60,0.8925,0.0242,0.1633,-0.1633,False,,Mitoxy-80_v1.0,NA
ENSG00000211943,,ENSG00000211943,277,grey60,0.8665,-0.0271,-0.0741,0.0741,False,,Mitoxy-80_v1.0,NA
ENSG00000112299,,ENSG00000112299,113,green,-0.2044,0.3188,0.3385,-0.3385,False,,Mitoxy-80_v1.0,NA
ENSG00000125148,,ENSG00000125148,0,grey,,,,,False,Not classified,Mitoxy-80_v1.0,NA
ENSG00000133069,,ENSG00000133069,245,blue,-0.0984,0.1701,0.1627,-0.1627,False,Iron metabolism,Mitoxy-80_v1.0,NA
ENSG00000135114,,ENSG00000135114,461,blue,0.8666,-0.2075,0.1618,-0.1618,False,Iron metabolism,Mitoxy-80_v1.0,NA
ENSG00000171848,,ENSG00000171848,277,grey60,0.8558,-0.0333,0.1914,-0.1914,False,,Mitoxy-80_v1.0,NA
ENSG00000211956,,ENSG00000211956,277,grey60,0.8393,0.1101,-0.0616,0.0616,False,,Mitoxy-80_v1.0,NA
ENSG00000161905,,ENSG00000161905,34,grey60,0.2163,-0.1430,-0.3949,0.3949,False,,Mitoxy-80_v1.0,NA
ENSG00000005381,,ENSG00000005381,0,grey,,,,,False,Not classified,Mitoxy-80_v1.0,NA
ENSG00000159189,,ENSG00000159189,0,grey,,,,,False,Not classified,Mitoxy-80_v1.0,NA
ENSG00000087116,,ENSG00000087116,0,grey,,,,,False,Not classified,Mitoxy-80_v1.0,NA
ENSG00000233913,,ENSG00000233913,34,grey60,0.2513,0.0761,-0.1185,0.1185,False,,Mitoxy-80_v1.0,NA
ENSG00000172331,,ENSG00000172331,245,blue,-0.0352,-0.0146,0.1679,-0.1679,False,Iron metabolism,Mitoxy-80_v1.0,NA
ENSG00000173801,,ENSG00000173801,0,grey,,,,,False,Not classified,Mitoxy-80_v1.0,NA
ENSG00000206177,,ENSG00000206177,245,blue,-0.0190,0.0325,0.1800,-0.1800,False,Iron metabolism,Mitoxy-80_v1.0,NA
ENSG00000136842,,ENSG00000136842,245,blue,-0.0657,-0.0982,-0.0202,0.0202,False,Iron metabolism,Mitoxy-80_v1.0,NA
ENSG00000138772,,ENSG00000138772,34,grey60,-0.4186,0.1998,0.5088,-0.5088,False,,Mitoxy-80_v1.0,NA
ENSG00000231412,,ENSG00000231412,34,grey60,-0.2411,0.0588,0.2408,-0.2408,False,,Mitoxy-80_v1.0,NA
ENSG00000110777,,ENSG00000110777,277,grey60,0.8365,-0.0230,-0.1669,0.1669,False,,Mitoxy-80_v1.0,NA
ENSG00000036448,,ENSG00000036448,34,grey60,0.2283,-0.1371,-0.1813,0.1813,False,,Mitoxy-80_v1.0,NA
ENSG00000142089,,ENSG00000142089,0,grey,,,,,False,Not classified,Mitoxy-80_v1.0,NA
ENSG00000211649,,ENSG00000211649,277,grey60,0.8175,-0.0391,0.0265,-0.0265,False,,Mitoxy-80_v1.0,NA
ENSG00000196141,,ENSG00000196141,461,blue,0.8744,-0.2405,0.1510,-0.1510,False,Iron metabolism,Mitoxy-80_v1.0,NA
ENSG00000211962,,ENSG00000211962,277,grey60,0.8908,0.0095,0.0138,-0.0138,False,,Mitoxy-80_v1.0,NA
ENSG00000143546,,ENSG00000143546,34,grey60,-0.1743,0.2964,0.5568,-0.5568,False,,Mitoxy-80_v1.0,NA
ENSG00000067646,,ENSG00000067646,34,grey60,0.0840,0.1561,0.0172,-0.0172,False,,Mitoxy-80_v1.0,NA
ENSG00000211964,,ENSG00000211964,277,grey60,0.8712,-0.0149,-0.0508,0.0508,False,,Mitoxy-80_v1.0,NA
ENSG00000173372,,ENSG00000173372,0,grey,,,,,False,Not classified,Mitoxy-80_v1.0,NA
ENSG00000188056,,ENSG00000188056,0,grey,,,,,False,Not classified,Mitoxy-80_v1.0,NA
ENSG00000162551,,ENSG00000162551,34,grey60,-0.4235,0.2820,0.2453,-0.2453,False,,Mitoxy-80_v1.0,NA
ENSG00000163993,,ENSG00000163993,34,grey60,-0.2418,0.2755,0.3487,-0.3487,False,,Mitoxy-80_v1.0,NA
ENSG00000224373,,ENSG00000224373,277,grey60,0.8670,0.1452,-0.0519,0.0519,False,,Mitoxy-80_v1.0,NA
ENSG00000164120,,ENSG00000164120,0,grey,,,,,False,Not classified,Mitoxy-80_v1.0,NA
ENSG00000211898,,ENSG00000211898,34,grey60,0.4481,-0.0763,-0.3575,0.3575,False,,Mitoxy-80_v1.0,NA
ENSG00000196415,,ENSG00000196415,0,grey,,,,,False,Not classified,Mitoxy-80_v1.0,NA
ENSG00000108309,,ENSG00000108309,245,blue,-0.1444,-0.0195,0.0214,-0.0214,False,Iron metabolism,Mitoxy-80_v1.0,NA
ENSG00000115523,,ENSG00000115523,34,grey60,0.3917,-0.3031,-0.2472,0.2472,False,,Mitoxy-80_v1.0,NA
ENSG00000169245,,ENSG00000169245,0,grey,,,,,False,Not classified,Mitoxy-80_v1.0,NA
ENSG00000197766,,ENSG00000197766,0,grey,,,,,False,Not classified,Mitoxy-80_v1.0,NA
ENSG00000101425,,ENSG00000101425,0,grey,,,,,False,Not classified,Mitoxy-80_v1.0,NA
ENSG00000105610,,ENSG00000105610,245,blue,-0.1281,-0.0011,0.0692,-0.0692,False,Iron metabolism,Mitoxy-80_v1.0,NA
ENSG00000172232,,ENSG00000172232,0,grey,,,,,False,Not classified,Mitoxy-80_v1.0,NA
ENSG00000137441,,ENSG00000137441,34,grey60,0.3536,-0.3031,-0.2032,0.2032,False,,Mitoxy-80_v1.0,NA
ENSG00000106714,,ENSG00000106714,0,grey,,,,,False,Not classified,Mitoxy-80_v1.0,NA
ENSG00000163959,,ENSG00000163959,34,grey60,-0.2381,0.3254,0.3555,-0.3555,False,,Mitoxy-80_v1.0,NA
ENSG00000211941,,ENSG00000211941,277,grey60,0.8850,0.0851,-0.0389,0.0389,False,,Mitoxy-80_v1.0,NA
ENSG00000137628,,ENSG00000137628,461,blue,0.8769,-0.0829,-0.0379,0.0379,False,Iron metabolism,Mitoxy-80_v1.0,NA
ENSG00000135916,,ENSG00000135916,277,grey60,0.8987,-0.0759,-0.1019,0.1019,False,,Mitoxy-80_v1.0,NA
ENSG00000082146,,ENSG00000082146,245,blue,-0.0883,-0.1784,-0.0888,0.0888,False,Iron metabolism,Mitoxy-80_v1.0,NA
ENSG00000048462,,ENSG00000048462,277,grey60,0.9184,-0.0201,0.0579,-0.0579,False,,Mitoxy-80_v1.0,NA
ENSG00000120217,,ENSG00000120217,0,grey,,,,,False,Not classified,Mitoxy-80_v1.0,NA
ENSG00000108950,,ENSG00000108950,0,grey,,,,,False,Not classified,Mitoxy-80_v1.0,NA
ENSG00000227081,,ENSG00000227081,34,grey60,0.3253,0.5221,-0.1512,0.1512,False,,Mitoxy-80_v1.0,NA
ENSG00000169429,,ENSG00000169429,464,green,0.5141,0.3034,-0.2358,0.2358,False,,Mitoxy-80_v1.0,NA
ENSG00000166527,,ENSG00000166527,113,green,-0.2234,0.3186,0.4190,-0.4190,False,,Mitoxy-80_v1.0,NA
ENSG00000100448,,ENSG00000100448,0,grey,,,,,False,Not classified,Mitoxy-80_v1.0,NA
ENSG00000149516,,ENSG00000149516,0,grey,,,,,False,Not classified,Mitoxy-80_v1.0,NA
ENSG00000241755,,ENSG00000241755,277,grey60,0.8704,0.0125,0.0185,-0.0185,False,,Mitoxy-80_v1.0,NA
ENSG00000250138,,ENSG00000250138,34,grey60,-0.2399,0.5323,0.3131,-0.3131,False,,Mitoxy-80_v1.0,NA
ENSG00000079215,,ENSG00000079215,34,grey60,-0.3438,0.1325,0.3920,-0.3920,False,,Mitoxy-80_v1.0,NA
ENSG00000110203,,ENSG00000110203,34,grey60,-0.1861,0.1995,0.3634,-0.3634,False,,Mitoxy-80_v1.0,NA
ENSG00000170439,,ENSG00000170439,0,grey,,,,,False,Not classified,Mitoxy-80_v1.0,NA
ENSG00000066926,,ENSG00000066926,245,blue,-0.1227,-0.0104,0.0125,-0.0125,False,Iron metabolism,Mitoxy-80_v1.0,NA
ENSG00000002726,,ENSG00000002726,0,grey,,,,,False,Not classified,Mitoxy-80_v1.0,NA
ENSG00000105369,,ENSG00000105369,34,grey60,0.5407,-0.1579,-0.2883,0.2883,False,,Mitoxy-80_v1.0,NA
ENSG00000123838,,ENSG00000123838,0,grey,,,,,False,Not classified,Mitoxy-80_v1.0,NA
ENSG00000008438,,ENSG00000008438,34,grey60,-0.1532,0.1301,0.3434,-0.3434,False,,Mitoxy-80_v1.0,NA
ENSG00000153563,,ENSG00000153563,34,grey60,0.4090,-0.3803,-0.2938,0.2938,False,,Mitoxy-80_v1.0,NA
ENSG00000134184,,ENSG00000134184,0,grey,,,,,False,Not classified,Mitoxy-80_v1.0,NA
ENSG00000274173,,ENSG00000274173,34,grey60,-0.3347,0.2938,0.3907,-0.3907,False,,Mitoxy-80_v1.0,NA
ENSG00000013306,,ENSG00000013306,245,blue,-0.1434,-0.0943,-0.0236,0.0236,False,Iron metabolism,Mitoxy-80_v1.0,NA
ENSG00000130821,,ENSG00000130821,245,blue,-0.1506,-0.0104,-0.0171,0.0171,False,Iron metabolism,Mitoxy-80_v1.0,NA
ENSG00000101335,,ENSG00000101335,0,grey,,,,,False,Not classified,Mitoxy-80_v1.0,NA
ENSG00000029534,,ENSG00000029534,245,blue,-0.1269,0.1064,-0.0097,0.0097,False,Iron metabolism,Mitoxy-80_v1.0,NA
ENSG00000198502,,ENSG00000198502,0,grey,,,,,False,Not classified,Mitoxy-80_v1.0,NA
ENSG00000136514,,ENSG00000136514,461,blue,0.9537,-0.2411,0.1543,-0.1543,False,Iron metabolism,Mitoxy-80_v1.0,NA
ENSG00000225698,,ENSG00000225698,277,grey60,0.7861,-0.0879,-0.0046,0.0046,False,,Mitoxy-80_v1.0,NA
ENSG00000141469,,ENSG00000141469,245,blue,-0.0834,-0.1086,-0.0160,0.0160,False,Iron metabolism,Mitoxy-80_v1.0,NA
ENSG00000268903,,ENSG00000268903,34,grey60,-0.1917,0.4278,0.2212,-0.2212,False,,Mitoxy-80_v1.0,NA
ENSG00000103723,,ENSG00000103723,34,grey60,-0.2073,0.1718,0.3058,-0.3058,False,,Mitoxy-80_v1.0,NA
ENSG00000183508,,ENSG00000183508,245,blue,-0.0029,-0.0752,0.0926,-0.0926,False,Iron metabolism,Mitoxy-80_v1.0,NA
ENSG00000105205,,ENSG00000105205,34,grey60,0.2751,-0.1586,-0.0739,0.0739,False,,Mitoxy-80_v1.0,NA
ENSG00000211638,,ENSG00000211638,277,grey60,0.7508,-0.0091,0.0360,-0.0360,False,,Mitoxy-80_v1.0,NA
ENSG00000179750,,ENSG00000179750,0,grey,,,,,False,Not classified,Mitoxy-80_v1.0,NA
ENSG00000100336,,ENSG00000100336,0,grey,,,,,False,Not classified,Mitoxy-80_v1.0,NA
ENSG00000145649,,ENSG00000145649,34,grey60,0.4889,-0.3254,-0.0925,0.0925,False,,Mitoxy-80_v1.0,NA
ENSG00000211637,,ENSG00000211637,277,grey60,0.8477,0.0309,0.0419,-0.0419,False,,Mitoxy-80_v1.0,NA
ENSG00000143297,,ENSG00000143297,34,grey60,0.6253,0.0095,-0.2270,0.2270,False,,Mitoxy-80_v1.0,NA
ENSG00000148773,,ENSG00000148773,277,grey60,0.7783,0.0911,0.1117,-0.1117,False,,Mitoxy-80_v1.0,NA
ENSG00000047597,,ENSG00000047597,245,blue,-0.0106,0.0560,0.1403,-0.1403,False,Iron metabolism,Mitoxy-80_v1.0,NA
ENSG00000100453,,ENSG00000100453,34,grey60,0.4666,-0.4051,-0.0711,0.0711,False,,Mitoxy-80_v1.0,NA
ENSG00000173114,,ENSG00000173114,464,green,0.6306,-0.1631,-0.5880,0.5880,False,,Mitoxy-80_v1.0,NA
ENSG00000115604,,ENSG00000115604,113,green,-0.1502,0.3013,0.2650,-0.2650,False,,Mitoxy-80_v1.0,NA
ENSG00000124107,,ENSG00000124107,0,grey,,,,,False,Not classified,Mitoxy-80_v1.0,NA
ENSG00000176890,,ENSG00000176890,277,grey60,0.8157,-0.0247,0.1753,-0.1753,False,,Mitoxy-80_v1.0,NA
ENSG00000211967,,ENSG00000211967,277,grey60,0.8566,0.0264,-0.0016,0.0016,False,,Mitoxy-80_v1.0,NA
ENSG00000228253,,ENSG00000228253,34,grey60,-0.0243,-0.3945,-0.3444,0.3444,False,,Mitoxy-80_v1.0,NA
ENSG00000184613,,ENSG00000184613,34,grey60,0.2516,-0.2045,-0.5806,0.5806,False,,Mitoxy-80_v1.0,NA
ENSG00000100079,,ENSG00000100079,0,grey,,,,,False,Not classified,Mitoxy-80_v1.0,NA
ENSG00000113088,,ENSG00000113088,34,grey60,0.4665,-0.3631,-0.2478,0.2478,False,,Mitoxy-80_v1.0,NA
ENSG00000100721,,ENSG00000100721,34,grey60,0.3566,-0.0916,-0.3483,0.3483,False,,Mitoxy-80_v1.0,NA
ENSG00000185697,,ENSG00000185697,464,green,0.8839,-0.1840,-0.4599,0.4599,False,,Mitoxy-80_v1.0,NA
ENSG00000124098,,ENSG00000124098,245,blue,-0.1415,-0.1074,0.0077,-0.0077,False,Iron metabolism,Mitoxy-80_v1.0,NA
ENSG00000230202,,ENSG00000230202,34,grey60,0.2332,0.3491,-0.1093,0.1093,False,,Mitoxy-80_v1.0,NA
ENSG00000069667,,ENSG00000069667,464,green,0.8885,-0.2278,-0.4645,0.4645,False,,Mitoxy-80_v1.0,NA
ENSG00000162366,,ENSG00000162366,245,blue,-0.0867,-0.1736,-0.0599,0.0599,False,Iron metabolism,Mitoxy-80_v1.0,NA
ENSG00000137198,,ENSG00000137198,245,blue,-0.0194,-0.0783,0.0773,-0.0773,False,Iron metabolism,Mitoxy-80_v1.0,NA
ENSG00000196092,,ENSG00000196092,464,green,0.6425,-0.0003,-0.4431,0.4431,False,,Mitoxy-80_v1.0,NA
ENSG00000120306,,ENSG00000120306,34,grey60,-0.4433,0.1392,0.4574,-0.4574,False,,Mitoxy-80_v1.0,NA
ENSG00000170180,,ENSG00000170180,245,blue,-0.0959,0.0547,0.1852,-0.1852,False,Iron metabolism,Mitoxy-80_v1.0,NA
ENSG00000164047,,ENSG00000164047,0,grey,,,,,False,Not classified,Mitoxy-80_v1.0,NA
ENSG00000243238,,ENSG00000243238,277,grey60,0.8463,0.0852,0.0132,-0.0132,False,,Mitoxy-80_v1.0,NA
ENSG00000176083,,ENSG00000176083,34,grey60,0.3234,-0.2994,-0.2299,0.2299,False,,Mitoxy-80_v1.0,NA
ENSG00000012124,,ENSG00000012124,34,grey60,0.3892,-0.0865,-0.3816,0.3816,False,,Mitoxy-80_v1.0,NA
ENSG00000227191,,ENSG00000227191,34,grey60,0.3603,-0.3841,-0.2866,0.2866,False,,Mitoxy-80_v1.0,NA
ENSG00000152495,,ENSG00000152495,464,green,0.8721,-0.1735,-0.5073,0.5073,False,,Mitoxy-80_v1.0,NA
ENSG00000247982,,ENSG00000247982,464,green,0.6137,-0.0111,-0.4608,0.4608,False,,Mitoxy-80_v1.0,NA
ENSG00000211829,,ENSG00000211829,34,grey60,0.3395,-0.3641,-0.2960,0.2960,False,,Mitoxy-80_v1.0,NA
ENSG00000139193,,ENSG00000139193,372,white,0.7671,-0.2230,-0.2629,0.2629,False,,Mitoxy-80_v1.0,NA
ENSG00000089692,,ENSG00000089692,372,white,0.7103,-0.1905,-0.0070,0.0070,False,,Mitoxy-80_v1.0,NA
ENSG00000241294,,ENSG00000241294,277,grey60,0.8126,0.0136,0.0464,-0.0464,False,,Mitoxy-80_v1.0,NA
ENSG00000211937,,ENSG00000211937,277,grey60,0.8589,0.0721,-0.0380,0.0380,False,,Mitoxy-80_v1.0,NA
ENSG00000196549,,ENSG00000196549,0,grey,,,,,False,Not classified,Mitoxy-80_v1.0,NA
ENSG00000123610,,ENSG00000123610,0,grey,,,,,False,Not classified,Mitoxy-80_v1.0,NA
ENSG00000069702,,ENSG00000069702,34,grey60,0.3735,-0.2389,-0.4182,0.4182,False,,Mitoxy-80_v1.0,NA
ENSG00000140379,,ENSG00000140379,113,green,-0.2848,0.3246,0.4326,-0.4326,False,,Mitoxy-80_v1.0,NA
ENSG00000224650,,ENSG00000224650,277,grey60,0.8070,-0.0050,-0.0035,0.0035,False,,Mitoxy-80_v1.0,NA
ENSG00000150337,,ENSG00000150337,0,grey,,,,,False,Not classified,Mitoxy-80_v1.0,NA
ENSG00000167680,,ENSG00000167680,34,grey60,-0.3463,0.2278,0.3463,-0.3463,False,,Mitoxy-80_v1.0,NA
ENSG00000179639,,ENSG00000179639,34,grey60,-0.0115,-0.2119,-0.3304,0.3304,False,,Mitoxy-80_v1.0,NA
ENSG00000185507,,ENSG00000185507,0,grey,,,,,False,Not classified,Mitoxy-80_v1.0,NA
ENSG00000116299,,ENSG00000116299,0,grey,,,,,False,Not classified,Mitoxy-80_v1.0,NA
ENSG00000205336,,ENSG00000205336,34,grey60,0.3105,-0.1731,-0.2703,0.2703,False,,Mitoxy-80_v1.0,NA
ENSG00000030419,,ENSG00000030419,464,green,0.9046,-0.1520,-0.4856,0.4856,False,,Mitoxy-80_v1.0,NA
ENSG00000172116,,ENSG00000172116,34,grey60,0.4819,-0.2819,-0.2388,0.2388,False,,Mitoxy-80_v1.0,NA
ENSG00000168685,,ENSG00000168685,464,green,0.8427,-0.1415,-0.5127,0.5127,False,,Mitoxy-80_v1.0,NA
ENSG00000147138,,ENSG00000147138,464,green,0.9142,-0.1399,-0.4379,0.4379,False,,Mitoxy-80_v1.0,NA
ENSG00000005961,,ENSG00000005961,0,grey,,,,,False,Not classified,Mitoxy-80_v1.0,NA
ENSG00000086506,,ENSG00000086506,245,blue,-0.0958,0.0393,0.2017,-0.2017,False,Iron metabolism,Mitoxy-80_v1.0,NA
ENSG00000134809,,ENSG00000134809,461,blue,0.8459,-0.1580,0.2370,-0.2370,False,Iron metabolism,Mitoxy-80_v1.0,NA
ENSG00000160654,,ENSG00000160654,34,grey60,0.3971,-0.3346,-0.4335,0.4335,False,,Mitoxy-80_v1.0,NA
ENSG00000211935,,ENSG00000211935,277,grey60,0.7393,-0.0410,-0.0106,0.0106,False,,Mitoxy-80_v1.0,NA
ENSG00000118922,,ENSG00000118922,464,green,0.9427,-0.0805,-0.5000,0.5000,False,,Mitoxy-80_v1.0,NA
ENSG00000108679,,ENSG00000108679,0,grey,,,,,False,Not classified,Mitoxy-80_v1.0,NA
ENSG00000243064,,ENSG00000243064,245,blue,-0.1278,0.0222,0.0966,-0.0966,False,Iron metabolism,Mitoxy-80_v1.0,NA
ENSG00000189223,,ENSG00000189223,0,grey,,,,,False,Not classified,Mitoxy-80_v1.0,NA
ENSG00000211933,,ENSG00000211933,277,grey60,0.8995,0.0258,0.0615,-0.0615,False,,Mitoxy-80_v1.0,NA
ENSG00000079385,,ENSG00000079385,34,grey60,-0.3184,0.0445,0.3566,-0.3566,False,,Mitoxy-80_v1.0,NA
ENSG00000173868,,ENSG00000173868,245,blue,-0.1706,-0.0333,-0.0898,0.0898,False,Iron metabolism,Mitoxy-80_v1.0,NA
ENSG00000211669,,ENSG00000211669,277,grey60,0.7982,0.0978,0.0786,-0.0786,False,,Mitoxy-80_v1.0,NA
ENSG00000275063,,ENSG00000275063,277,grey60,0.8118,-0.0393,0.0375,-0.0375,False,,Mitoxy-80_v1.0,NA
ENSG00000158856,,ENSG00000158856,245,blue,-0.1278,0.0140,-0.0251,0.0251,False,Iron metabolism,Mitoxy-80_v1.0,NA
ENSG00000181036,,ENSG00000181036,34,grey60,0.2470,-0.2433,-0.3457,0.3457,False,,Mitoxy-80_v1.0,NA
ENSG00000257743,,ENSG00000257743,113,green,-0.0142,0.3671,0.2091,-0.2091,False,,Mitoxy-80_v1.0,NA
ENSG00000173391,,ENSG00000173391,0,grey,,,,,False,Not classified,Mitoxy-80_v1.0,NA
ENSG00000182512,,ENSG00000182512,245,blue,-0.0837,-0.1170,0.0830,-0.0830,False,Iron metabolism,Mitoxy-80_v1.0,NA
ENSG00000155659,,ENSG00000155659,0,grey,,,,,False,Not classified,Mitoxy-80_v1.0,NA
ENSG00000104892,,ENSG00000104892,245,blue,-0.0806,-0.0905,0.0441,-0.0441,False,Iron metabolism,Mitoxy-80_v1.0,NA
ENSG00000180537,,ENSG00000180537,245,blue,-0.1685,0.0925,0.0276,-0.0276,False,Iron metabolism,Mitoxy-80_v1.0,NA
ENSG00000172673,,ENSG00000172673,464,green,0.8906,-0.2215,-0.4345,0.4345,False,,Mitoxy-80_v1.0,NA
ENSG00000164849,,ENSG00000164849,245,blue,-0.1186,-0.0977,0.0093,-0.0093,False,Iron metabolism,Mitoxy-80_v1.0,NA
ENSG00000198336,,ENSG00000198336,245,blue,-0.0100,-0.1178,0.0133,-0.0133,False,Iron metabolism,Mitoxy-80_v1.0,NA
ENSG00000060138,,ENSG00000060138,245,blue,-0.0862,-0.1042,-0.0185,0.0185,False,Iron metabolism,Mitoxy-80_v1.0,NA
ENSG00000158089,,ENSG00000158089,34,grey60,-0.1104,0.2802,0.3807,-0.3807,False,,Mitoxy-80_v1.0,NA
ENSG00000135424,,ENSG00000135424,0,grey,,,,,False,Not classified,Mitoxy-80_v1.0,NA
ENSG00000184557,,ENSG00000184557,34,grey60,-0.4270,0.1832,0.3903,-0.3903,False,,Mitoxy-80_v1.0,NA
ENSG00000112139,,ENSG00000112139,34,grey60,0.1847,-0.0034,-0.1140,0.1140,False,,Mitoxy-80_v1.0,NA
ENSG00000169679,,ENSG00000169679,277,grey60,0.8784,0.0087,0.1346,-0.1346,False,,Mitoxy-80_v1.0,NA
ENSG00000106772,,ENSG00000106772,0,grey,,,,,False,Not classified,Mitoxy-80_v1.0,NA
ENSG00000081059,,ENSG00000081059,34,grey60,0.3174,-0.1759,-0.5129,0.5129,False,,Mitoxy-80_v1.0,NA
ENSG00000277734,,ENSG00000277734,34,grey60,0.4173,-0.4353,-0.3949,0.3949,False,,Mitoxy-80_v1.0,NA
ENSG00000156113,,ENSG00000156113,0,grey,,,,,False,Not classified,Mitoxy-80_v1.0,NA
ENSG00000099958,,ENSG00000099958,277,grey60,0.8904,0.0543,-0.0461,0.0461,False,,Mitoxy-80_v1.0,NA
ENSG00000178814,,ENSG00000178814,34,grey60,-0.1321,0.4894,0.3661,-0.3661,False,,Mitoxy-80_v1.0,NA
ENSG00000103355,,ENSG00000103355,34,grey60,0.2346,-0.1120,-0.2844,0.2844,False,,Mitoxy-80_v1.0,NA
ENSG00000049247,,ENSG00000049247,34,grey60,0.2006,-0.0621,-0.1202,0.1202,False,,Mitoxy-80_v1.0,NA
ENSG00000123119,,ENSG00000123119,34,grey60,-0.2005,0.2475,0.2826,-0.2826,False,,Mitoxy-80_v1.0,NA
ENSG00000091181,,ENSG00000091181,34,grey60,0.1491,-0.1348,-0.3929,0.3929,False,,Mitoxy-80_v1.0,NA
ENSG00000225873,,ENSG00000225873,34,grey60,-0.4369,0.0291,0.3448,-0.3448,False,,Mitoxy-80_v1.0,NA
ENSG00000008441,,ENSG00000008441,245,blue,-0.0497,-0.0835,0.0182,-0.0182,False,Iron metabolism,Mitoxy-80_v1.0,NA
ENSG00000109452,,ENSG00000109452,464,green,0.9082,-0.1108,-0.5140,0.5140,False,,Mitoxy-80_v1.0,NA
ENSG00000172215,,ENSG00000172215,34,grey60,0.5620,-0.3136,-0.1851,0.1851,False,,Mitoxy-80_v1.0,NA
ENSG00000211965,,ENSG00000211965,277,grey60,0.8063,-0.0151,-0.0228,0.0228,False,,Mitoxy-80_v1.0,NA
ENSG00000215252,,ENSG00000215252,464,green,0.8992,0.0357,-0.4666,0.4666,False,,Mitoxy-80_v1.0,NA
ENSG00000156414,,ENSG00000156414,113,green,-0.2122,0.4320,0.3232,-0.3232,False,,Mitoxy-80_v1.0,NA
ENSG00000130202,,ENSG00000130202,0,grey,,,,,False,Not classified,Mitoxy-80_v1.0,NA
ENSG00000272398,,ENSG00000272398,0,grey,,,,,False,Not classified,Mitoxy-80_v1.0,NA
ENSG00000171552,,ENSG00000171552,245,blue,-0.1255,-0.0387,0.0065,-0.0065,False,Iron metabolism,Mitoxy-80_v1.0,NA
ENSG00000138795,,ENSG00000138795,34,grey60,0.2958,-0.1828,-0.5142,0.5142,False,,Mitoxy-80_v1.0,NA
ENSG00000229644,,ENSG00000229644,0,grey,,,,,False,Not classified,Mitoxy-80_v1.0,NA
ENSG00000131747,,ENSG00000131747,277,grey60,0.7525,0.1020,0.1489,-0.1489,False,,Mitoxy-80_v1.0,NA
ENSG00000273149,,ENSG00000273149,464,green,0.4865,0.0891,-0.0573,0.0573,False,,Mitoxy-80_v1.0,NA
ENSG00000179869,,ENSG00000179869,0,grey,,,,,False,Not classified,Mitoxy-80_v1.0,NA
ENSG00000073861,,ENSG00000073861,34,grey60,0.4224,-0.3010,-0.2763,0.2763,False,,Mitoxy-80_v1.0,NA
ENSG00000127152,,ENSG00000127152,464,green,0.7988,-0.2373,-0.5265,0.5265,False,,Mitoxy-80_v1.0,NA
ENSG00000119950,,ENSG00000119950,245,blue,-0.1630,0.0326,0.0063,-0.0063,False,Iron metabolism,Mitoxy-80_v1.0,NA
ENSG00000117399,,ENSG00000117399,277,grey60,0.8404,0.0264,0.2151,-0.2151,False,,Mitoxy-80_v1.0,NA
ENSG00000189221,,ENSG00000189221,0,grey,,,,,False,Not classified,Mitoxy-80_v1.0,NA
ENSG00000073792,,ENSG00000073792,245,blue,-0.0653,0.0065,-0.0493,0.0493,False,Iron metabolism,Mitoxy-80_v1.0,NA
ENSG00000282651,,ENSG00000282651,277,grey60,0.6151,-0.0209,-0.0083,0.0083,False,,Mitoxy-80_v1.0,NA
ENSG00000175265,,ENSG00000175265,464,green,0.8852,0.0404,-0.4526,0.4526,False,,Mitoxy-80_v1.0,NA
ENSG00000211946,,ENSG00000211946,277,grey60,0.7728,-0.0424,-0.0053,0.0053,False,,Mitoxy-80_v1.0,NA
ENSG00000100558,,ENSG00000100558,245,blue,-0.0957,-0.0982,0.0532,-0.0532,False,Iron metabolism,Mitoxy-80_v1.0,NA
ENSG00000235169,,ENSG00000235169,245,blue,-0.0569,0.1489,0.1740,-0.1740,False,Iron metabolism,Mitoxy-80_v1.0,NA
ENSG00000183762,,ENSG00000183762,34,grey60,-0.4743,0.2722,0.3193,-0.3193,False,,Mitoxy-80_v1.0,NA
ENSG00000206341,,ENSG00000206341,0,grey,,,,,False,Not classified,Mitoxy-80_v1.0,NA
ENSG00000197540,,ENSG00000197540,372,white,0.9066,-0.1478,-0.1132,0.1132,False,,Mitoxy-80_v1.0,NA
ENSG00000183918,,ENSG00000183918,34,grey60,0.4142,-0.2242,-0.3419,0.3419,False,,Mitoxy-80_v1.0,NA
ENSG00000165929,,ENSG00000165929,464,green,0.9154,-0.1486,-0.4674,0.4674,False,,Mitoxy-80_v1.0,NA
ENSG00000089685,,ENSG00000089685,277,grey60,0.8145,-0.0116,0.2202,-0.2202,False,,Mitoxy-80_v1.0,NA
ENSG00000180739,,ENSG00000180739,34,grey60,0.2919,-0.3585,-0.3291,0.3291,False,,Mitoxy-80_v1.0,NA
ENSG00000180644,,ENSG00000180644,34,grey60,0.4109,-0.2799,-0.2614,0.2614,False,,Mitoxy-80_v1.0,NA
ENSG00000183347,,ENSG00000183347,461,blue,0.7272,-0.1073,0.1404,-0.1404,False,Iron metabolism,Mitoxy-80_v1.0,NA
ENSG00000168916,,ENSG00000168916,0,grey,,,,,False,Not classified,Mitoxy-80_v1.0,NA
ENSG00000255221,,ENSG00000255221,461,blue,0.7693,-0.0576,0.2985,-0.2985,False,Iron metabolism,Mitoxy-80_v1.0,NA
ENSG00000233355,,ENSG00000233355,464,green,0.7355,-0.1079,-0.4706,0.4706,False,,Mitoxy-80_v1.0,NA
ENSG00000183625,,ENSG00000183625,34,grey60,0.0561,-0.2339,-0.3600,0.3600,False,,Mitoxy-80_v1.0,NA
ENSG00000244575,,ENSG00000244575,277,grey60,0.8483,0.0427,-0.0015,0.0015,False,,Mitoxy-80_v1.0,NA
ENSG00000126787,,ENSG00000126787,277,grey60,0.7677,0.0146,0.2295,-0.2295,False,,Mitoxy-80_v1.0,NA
ENSG00000167434,,ENSG00000167434,34,grey60,-0.2637,0.3158,0.3476,-0.3476,False,,Mitoxy-80_v1.0,NA
ENSG00000112182,,ENSG00000112182,464,green,0.8023,-0.1288,-0.5278,0.5278,False,,Mitoxy-80_v1.0,NA
ENSG00000137757,,ENSG00000137757,0,grey,,,,,False,Not classified,Mitoxy-80_v1.0,NA
ENSG00000234389,,ENSG00000234389,113,green,-0.2569,0.2395,0.2395,-0.2395,False,,Mitoxy-80_v1.0,NA
ENSG00000088325,,ENSG00000088325,277,grey60,0.7678,-0.0393,0.1423,-0.1423,False,,Mitoxy-80_v1.0,NA
ENSG00000159958,,ENSG00000159958,34,grey60,0.3843,-0.0231,-0.4221,0.4221,False,,Mitoxy-80_v1.0,NA
ENSG00000033867,,ENSG00000033867,464,green,0.9569,-0.0866,-0.4326,0.4326,False,,Mitoxy-80_v1.0,NA
ENSG00000054793,,ENSG00000054793,34,grey60,-0.2519,0.2516,0.2552,-0.2552,False,,Mitoxy-80_v1.0,NA
ENSG00000150687,,ENSG00000150687,34,grey60,0.2732,-0.2392,-0.3998,0.3998,False,,Mitoxy-80_v1.0,NA
ENSG00000109805,,ENSG00000109805,277,grey60,0.7865,0.0028,0.2049,-0.2049,False,,Mitoxy-80_v1.0,NA
ENSG00000226777,,ENSG00000226777,34,grey60,0.7337,-0.0065,-0.2827,0.2827,False,,Mitoxy-80_v1.0,NA
ENSG00000170525,PACS2,ENSG00000170525,34,grey60,-0.4580,0.3283,0.3318,-0.3318,True,,Mitoxy-80_v1.0,NA
ENSG00000159674,,ENSG00000159674,372,white,0.7638,-0.1450,-0.1720,0.1720,False,,Mitoxy-80_v1.0,NA
ENSG00000137265,,ENSG00000137265,277,grey60,0.8005,-0.0057,-0.2850,0.2850,False,,Mitoxy-80_v1.0,NA
ENSG00000186854,,ENSG00000186854,34,grey60,0.3246,-0.1445,-0.5184,0.5184,False,,Mitoxy-80_v1.0,NA
ENSG00000133063,,ENSG00000133063,0,grey,,,,,False,Not classified,Mitoxy-80_v1.0,NA
ENSG00000105967,,ENSG00000105967,464,green,0.5739,-0.0117,0.0089,-0.0089,False,,Mitoxy-80_v1.0,NA
ENSG00000109475,,ENSG00000109475,34,grey60,0.3106,0.1810,0.0495,-0.0495,False,,Mitoxy-80_v1.0,NA
ENSG00000163554,,ENSG00000163554,245,blue,-0.0809,0.1716,0.1056,-0.1056,False,Iron metabolism,Mitoxy-80_v1.0,NA
ENSG00000163564,,ENSG00000163564,34,grey60,0.3945,-0.3763,-0.3261,0.3261,False,,Mitoxy-80_v1.0,NA
ENSG00000211751,,ENSG00000211751,34,grey60,0.4279,-0.3709,-0.3366,0.3366,False,,Mitoxy-80_v1.0,NA
ENSG00000256660,,ENSG00000256660,34,grey60,0.0921,0.2118,-0.0316,0.0316,False,,Mitoxy-80_v1.0,NA
ENSG00000162772,,ENSG00000162772,461,blue,0.8375,-0.2561,0.1809,-0.1809,False,Iron metabolism,Mitoxy-80_v1.0,NA
ENSG00000169397,,ENSG00000169397,0,grey,,,,,False,Not classified,Mitoxy-80_v1.0,NA
ENSG00000204613,,ENSG00000204613,245,blue,-0.0533,-0.0393,0.0322,-0.0322,False,Iron metabolism,Mitoxy-80_v1.0,NA
ENSG00000138642,,ENSG00000138642,461,blue,0.8175,-0.2357,-0.0956,0.0956,False,Iron metabolism,Mitoxy-80_v1.0,NA
ENSG00000196247,,ENSG00000196247,464,green,0.7043,0.1575,-0.2564,0.2564,False,,Mitoxy-80_v1.0,NA
ENSG00000211772,,ENSG00000211772,34,grey60,0.4581,-0.3742,-0.3037,0.3037,False,,Mitoxy-80_v1.0,NA
ENSG00000115884,,ENSG00000115884,277,grey60,0.8991,0.0603,0.1372,-0.1372,False,,Mitoxy-80_v1.0,NA
ENSG00000160856,,ENSG00000160856,34,grey60,0.3229,-0.2459,-0.4314,0.4314,False,,Mitoxy-80_v1.0,NA
ENSG00000011028,,ENSG00000011028,245,blue,-0.1361,-0.1736,-0.1573,0.1573,False,Iron metabolism,Mitoxy-80_v1.0,NA
ENSG00000245164,,ENSG00000245164,34,grey60,0.2997,-0.3090,-0.4758,0.4758,False,,Mitoxy-80_v1.0,NA
ENSG00000242550,,ENSG00000242550,0,grey,,,,,False,Not classified,Mitoxy-80_v1.0,NA
ENSG00000064270,,ENSG00000064270,0,grey,,,,,False,Not classified,Mitoxy-80_v1.0,NA
ENSG00000117632,,ENSG00000117632,277,grey60,0.8008,-0.2266,-0.1071,0.1071,False,,Mitoxy-80_v1.0,NA
ENSG00000163421,,ENSG00000163421,34,grey60,-0.5053,0.2333,0.1726,-0.1726,False,,Mitoxy-80_v1.0,NA
ENSG00000197256,,ENSG00000197256,245,blue,-0.1452,0.0453,0.0651,-0.0651,False,Iron metabolism,Mitoxy-80_v1.0,NA
ENSG00000117281,,ENSG00000117281,34,grey60,0.2809,-0.2970,-0.3170,0.3170,False,,Mitoxy-80_v1.0,NA
ENSG00000134539,,ENSG00000134539,34,grey60,0.3157,-0.2974,-0.3288,0.3288,False,,Mitoxy-80_v1.0,NA
ENSG00000179344,,ENSG00000179344,34,grey60,0.1380,-0.2335,-0.1721,0.1721,False,,Mitoxy-80_v1.0,NA
ENSG00000102010,,ENSG00000102010,34,grey60,-0.4002,0.2390,0.3811,-0.3811,False,,Mitoxy-80_v1.0,NA
ENSG00000178562,,ENSG00000178562,464,green,0.8216,-0.1822,-0.4673,0.4673,False,,Mitoxy-80_v1.0,NA
ENSG00000187244,,ENSG00000187244,245,blue,-0.1630,-0.0187,0.1026,-0.1026,False,Iron metabolism,Mitoxy-80_v1.0,NA
ENSG00000268758,,ENSG00000268758,464,green,0.6111,0.0271,-0.4255,0.4255,False,,Mitoxy-80_v1.0,NA
ENSG00000275895,,ENSG00000275895,0,grey,,,,,False,Not classified,Mitoxy-80_v1.0,NA
ENSG00000100300,,ENSG00000100300,34,grey60,-0.1830,0.2352,0.3714,-0.3714,False,,Mitoxy-80_v1.0,NA
ENSG00000132185,,ENSG00000132185,34,grey60,0.3037,-0.1546,-0.3699,0.3699,False,,Mitoxy-80_v1.0,NA
ENSG00000115267,,ENSG00000115267,461,blue,0.9076,-0.1800,0.0137,-0.0137,False,Iron metabolism,Mitoxy-80_v1.0,NA
ENSG00000126353,,ENSG00000126353,34,grey60,0.3471,-0.2201,-0.4117,0.4117,False,,Mitoxy-80_v1.0,NA
ENSG00000169902,,ENSG00000169902,0,grey,,,,,False,Not classified,Mitoxy-80_v1.0,NA
ENSG00000240864,,ENSG00000240864,277,grey60,0.8586,0.0192,-0.0061,0.0061,False,,Mitoxy-80_v1.0,NA
ENSG00000134827,,ENSG00000134827,0,grey,,,,,False,Not classified,Mitoxy-80_v1.0,NA
ENSG00000152926,,ENSG00000152926,464,green,0.6071,0.2282,-0.1686,0.1686,False,,Mitoxy-80_v1.0,NA
ENSG00000265531,,ENSG00000265531,0,grey,,,,,False,Not classified,Mitoxy-80_v1.0,NA
ENSG00000134755,,ENSG00000134755,113,green,0.1026,0.2809,0.0558,-0.0558,False,,Mitoxy-80_v1.0,NA
ENSG00000142875,,ENSG00000142875,464,green,0.9369,-0.1688,-0.4160,0.4160,False,,Mitoxy-80_v1.0,NA
ENSG00000283646,,ENSG00000283646,0,grey,,,,,False,Not classified,Mitoxy-80_v1.0,NA
ENSG00000105609,,ENSG00000105609,0,grey,,,,,False,Not classified,Mitoxy-80_v1.0,NA
ENSG00000138061,,ENSG00000138061,113,green,0.1136,0.3589,0.1585,-0.1585,False,,Mitoxy-80_v1.0,NA
ENSG00000111206,,ENSG00000111206,277,grey60,0.8140,0.0171,0.2149,-0.2149,False,,Mitoxy-80_v1.0,NA
ENSG00000139187,,ENSG00000139187,34,grey60,0.2948,-0.3141,-0.3700,0.3700,False,,Mitoxy-80_v1.0,NA
ENSG00000223361,,ENSG00000223361,0,grey,,,,,False,Not classified,Mitoxy-80_v1.0,NA
ENSG00000065618,,ENSG00000065618,0,grey,,,,,False,Not classified,Mitoxy-80_v1.0,NA
ENSG00000156381,,ENSG00000156381,245,blue,-0.1228,0.2209,0.2642,-0.2642,False,Iron metabolism,Mitoxy-80_v1.0,NA
ENSG00000137869,,ENSG00000137869,0,grey,,,,,False,Not classified,Mitoxy-80_v1.0,NA
ENSG00000136111,,ENSG00000136111,464,green,0.8824,-0.1612,-0.5067,0.5067,False,,Mitoxy-80_v1.0,NA
ENSG00000254789,,ENSG00000254789,0,grey,,,,,False,Not classified,Mitoxy-80_v1.0,NA
ENSG00000147689,,ENSG00000147689,245,blue,-0.2351,0.2191,0.1629,-0.1629,False,Iron metabolism,Mitoxy-80_v1.0,NA
ENSG00000177455,,ENSG00000177455,34,grey60,0.5674,-0.0526,-0.2673,0.2673,False,,Mitoxy-80_v1.0,NA
ENSG00000170456,,ENSG00000170456,277,grey60,0.7876,-0.0038,-0.2676,0.2676,False,,Mitoxy-80_v1.0,NA
ENSG00000073756,,ENSG00000073756,34,grey60,-0.2278,0.2014,-0.2782,0.2782,False,,Mitoxy-80_v1.0,NA
ENSG00000249992,,ENSG00000249992,245,blue,0.0205,0.0056,0.1193,-0.1193,False,Iron metabolism,Mitoxy-80_v1.0,NA
ENSG00000144218,,ENSG00000144218,464,green,0.7360,-0.0481,-0.5051,0.5051,False,,Mitoxy-80_v1.0,NA
ENSG00000167483,,ENSG00000167483,34,grey60,0.2925,-0.0752,-0.4378,0.4378,False,,Mitoxy-80_v1.0,NA
ENSG00000163710,,ENSG00000163710,0,grey,,,,,False,Not classified,Mitoxy-80_v1.0,NA
ENSG00000135929,,ENSG00000135929,0,grey,,,,,False,Not classified,Mitoxy-80_v1.0,NA
ENSG00000178075,,ENSG00000178075,464,green,0.6331,0.1616,-0.4845,0.4845,False,,Mitoxy-80_v1.0,NA
ENSG00000197705,,ENSG00000197705,34,grey60,0.6901,-0.0270,-0.3144,0.3144,False,,Mitoxy-80_v1.0,NA
ENSG00000198851,,ENSG00000198851,34,grey60,0.3926,-0.4313,-0.4106,0.4106,False,,Mitoxy-80_v1.0,NA
ENSG00000211689,,ENSG00000211689,34,grey60,0.3466,-0.3483,-0.3930,0.3930,False,,Mitoxy-80_v1.0,NA
ENSG00000211652,,ENSG00000211652,277,grey60,0.8332,-0.0004,-0.0030,0.0030,False,,Mitoxy-80_v1.0,NA
ENSG00000150045,,ENSG00000150045,464,green,0.7155,-0.1229,-0.3370,0.3370,False,,Mitoxy-80_v1.0,NA
ENSG00000111371,,ENSG00000111371,464,green,0.9432,-0.0464,-0.4610,0.4610,False,,Mitoxy-80_v1.0,NA
ENSG00000161405,,ENSG00000161405,34,grey60,0.5034,-0.2637,-0.3967,0.3967,False,,Mitoxy-80_v1.0,NA
ENSG00000004468,,ENSG00000004468,277,grey60,0.7456,-0.1752,-0.0793,0.0793,False,,Mitoxy-80_v1.0,NA
ENSG00000159496,,ENSG00000159496,34,grey60,-0.2342,0.3047,0.3899,-0.3899,False,,Mitoxy-80_v1.0,NA
ENSG00000136732,,ENSG00000136732,245,blue,-0.1278,-0.1316,0.0047,-0.0047,False,Iron metabolism,Mitoxy-80_v1.0,NA
ENSG00000152778,,ENSG00000152778,461,blue,0.8923,-0.1486,0.0075,-0.0075,False,Iron metabolism,Mitoxy-80_v1.0,NA
ENSG00000163508,,ENSG00000163508,34,grey60,0.3318,-0.3194,-0.4048,0.4048,False,,Mitoxy-80_v1.0,NA
ENSG00000211685,,ENSG00000211685,277,grey60,0.7548,-0.0096,-0.0037,0.0037,False,,Mitoxy-80_v1.0,NA
ENSG00000230076,,ENSG00000230076,0,grey,,,,,False,Not classified,Mitoxy-80_v1.0,NA
ENSG00000066279,,ENSG00000066279,277,grey60,0.7398,0.1204,0.1177,-0.1177,False,,Mitoxy-80_v1.0,NA
ENSG00000173200,,ENSG00000173200,464,green,0.8784,-0.1014,-0.4722,0.4722,False,,Mitoxy-80_v1.0,NA
ENSG00000188897,,ENSG00000188897,0,grey,,,,,False,Not classified,Mitoxy-80_v1.0,NA
ENSG00000167992,,ENSG00000167992,245,blue,-0.1616,-0.1412,-0.0964,0.0964,False,Iron metabolism,Mitoxy-80_v1.0,NA
ENSG00000119636,,ENSG00000119636,245,blue,-0.1034,-0.1332,-0.0764,0.0764,False,Iron metabolism,Mitoxy-80_v1.0,NA
ENSG00000168785,,ENSG00000168785,245,blue,-0.1384,-0.1486,-0.0649,0.0649,False,Iron metabolism,Mitoxy-80_v1.0,NA
ENSG00000282639,,ENSG00000282639,277,grey60,0.6564,-0.0848,0.0048,-0.0048,False,,Mitoxy-80_v1.0,NA
ENSG00000173208,,ENSG00000173208,464,green,0.9177,-0.1348,-0.4625,0.4625,False,,Mitoxy-80_v1.0,NA
ENSG00000103056,,ENSG00000103056,34,grey60,0.2822,-0.1141,-0.3088,0.3088,False,,Mitoxy-80_v1.0,NA
ENSG00000274422,,ENSG00000274422,464,green,0.5756,0.0708,-0.1304,0.1304,False,,Mitoxy-80_v1.0,NA
ENSG00000172575,,ENSG00000172575,464,green,0.8933,-0.1813,-0.5000,0.5000,False,,Mitoxy-80_v1.0,NA
ENSG00000120694,,ENSG00000120694,34,grey60,0.1142,-0.2736,-0.1415,0.1415,False,,Mitoxy-80_v1.0,NA
ENSG00000133321,,ENSG00000133321,0,grey,,,,,False,Not classified,Mitoxy-80_v1.0,NA
ENSG00000113263,,ENSG00000113263,464,green,0.8558,-0.1505,-0.4727,0.4727,False,,Mitoxy-80_v1.0,NA
ENSG00000269981,,ENSG00000269981,34,grey60,-0.2343,0.5085,0.1942,-0.1942,False,,Mitoxy-80_v1.0,NA
ENSG00000140287,,ENSG00000140287,34,grey60,0.0484,-0.1357,-0.2360,0.2360,False,,Mitoxy-80_v1.0,NA
ENSG00000108771,,ENSG00000108771,461,blue,0.8480,-0.1408,0.0440,-0.0440,False,Iron metabolism,Mitoxy-80_v1.0,NA
ENSG00000157456,,ENSG00000157456,277,grey60,0.8057,-0.0391,0.2116,-0.2116,False,,Mitoxy-80_v1.0,NA
ENSG00000169385,,ENSG00000169385,0,grey,,,,,False,Not classified,Mitoxy-80_v1.0,NA
ENSG00000117226,,ENSG00000117226,0,grey,,,,,False,Not classified,Mitoxy-80_v1.0,NA
ENSG00000177989,,ENSG00000177989,0,grey,,,,,False,Not classified,Mitoxy-80_v1.0,NA
ENSG00000157168,,ENSG00000157168,0,grey,,,,,False,Not classified,Mitoxy-80_v1.0,NA
ENSG00000178752,,ENSG00000178752,245,blue,-0.1597,0.2370,0.2203,-0.2203,False,Iron metabolism,Mitoxy-80_v1.0,NA
ENSG00000198848,,ENSG00000198848,0,grey,,,,,False,Not classified,Mitoxy-80_v1.0,NA
ENSG00000197520,,ENSG00000197520,0,grey,,,,,False,Not classified,Mitoxy-80_v1.0,NA
ENSG00000172543,,ENSG00000172543,34,grey60,0.4038,-0.2868,-0.2534,0.2534,False,,Mitoxy-80_v1.0,NA
ENSG00000257335,,ENSG00000257335,113,green,-0.1250,0.4896,0.1137,-0.1137,False,,Mitoxy-80_v1.0,NA
ENSG00000038945,,ENSG00000038945,34,grey60,-0.0256,-0.1116,0.0987,-0.0987,False,,Mitoxy-80_v1.0,NA
ENSG00000265401,,ENSG00000265401,0,grey,,,,,False,Not classified,Mitoxy-80_v1.0,NA
ENSG00000232629,,ENSG00000232629,34,grey60,0.2134,-0.3808,-0.1265,0.1265,False,,Mitoxy-80_v1.0,NA
ENSG00000136840,,ENSG00000136840,245,blue,-0.0927,-0.1831,0.0782,-0.0782,False,Iron metabolism,Mitoxy-80_v1.0,NA
ENSG00000115232,,ENSG00000115232,464,green,0.9165,-0.0104,-0.3767,0.3767,False,,Mitoxy-80_v1.0,NA
ENSG00000259834,,ENSG00000259834,464,green,0.8662,-0.2339,-0.4184,0.4184,False,,Mitoxy-80_v1.0,NA
ENSG00000106070,,ENSG00000106070,34,grey60,-0.3599,0.4899,0.3319,-0.3319,False,,Mitoxy-80_v1.0,NA
ENSG00000260943,,ENSG00000260943,461,blue,0.7406,-0.1797,0.2438,-0.2438,False,Iron metabolism,Mitoxy-80_v1.0,NA
ENSG00000137502,,ENSG00000137502,464,green,0.8014,-0.1330,-0.4174,0.4174,False,,Mitoxy-80_v1.0,NA
ENSG00000129757,,ENSG00000129757,0,grey,,,,,False,Not classified,Mitoxy-80_v1.0,NA
ENSG00000231475,,ENSG00000231475,277,grey60,0.8454,0.0980,0.0372,-0.0372,False,,Mitoxy-80_v1.0,NA
ENSG00000186810,,ENSG00000186810,372,white,0.8144,-0.2139,-0.2480,0.2480,False,,Mitoxy-80_v1.0,NA
ENSG00000138160,,ENSG00000138160,277,grey60,0.8048,0.0252,0.0529,-0.0529,False,,Mitoxy-80_v1.0,NA
ENSG00000197646,,ENSG00000197646,461,blue,0.7058,-0.2058,0.2743,-0.2743,False,Iron metabolism,Mitoxy-80_v1.0,NA
ENSG00000002549,,ENSG00000002549,461,blue,0.8338,-0.2955,0.1993,-0.1993,False,Iron metabolism,Mitoxy-80_v1.0,NA
ENSG00000076554,,ENSG00000076554,464,green,0.7902,-0.1814,-0.3416,0.3416,False,,Mitoxy-80_v1.0,NA
ENSG00000106211,,ENSG00000106211,0,grey,,,,,False,Not classified,Mitoxy-80_v1.0,NA
ENSG00000078114,,ENSG00000078114,0,grey,,,,,False,Not classified,Mitoxy-80_v1.0,NA
ENSG00000181847,,ENSG00000181847,34,grey60,0.4224,-0.2845,-0.3697,0.3697,False,,Mitoxy-80_v1.0,NA
ENSG00000215559,,ENSG00000215559,34,grey60,0.2151,-0.0882,-0.1839,0.1839,False,,Mitoxy-80_v1.0,NA
ENSG00000196083,,ENSG00000196083,113,green,0.1563,0.2008,-0.1291,0.1291,False,,Mitoxy-80_v1.0,NA
ENSG00000145425,,ENSG00000145425,34,grey60,0.3402,0.2424,-0.0677,0.0677,False,,Mitoxy-80_v1.0,NA
ENSG00000013725,,ENSG00000013725,34,grey60,0.4463,-0.2212,-0.3766,0.3766,False,,Mitoxy-80_v1.0,NA
ENSG00000176597,,ENSG00000176597,113,green,0.1674,0.3631,0.0406,-0.0406,False,,Mitoxy-80_v1.0,NA
ENSG00000004799,,ENSG00000004799,464,green,0.5367,0.1459,-0.1444,0.1444,False,,Mitoxy-80_v1.0,NA
ENSG00000236438,,ENSG00000236438,34,grey60,-0.4331,0.3913,0.1801,-0.1801,False,,Mitoxy-80_v1.0,NA
ENSG00000164483,,ENSG00000164483,34,grey60,0.3607,-0.3156,-0.3776,0.3776,False,,Mitoxy-80_v1.0,NA
ENSG00000168899,,ENSG00000168899,0,grey,,,,,False,Not classified,Mitoxy-80_v1.0,NA
ENSG00000105366,,ENSG00000105366,34,grey60,0.2033,-0.1229,-0.3925,0.3925,False,,Mitoxy-80_v1.0,NA
ENSG00000167286,,ENSG00000167286,34,grey60,0.4842,-0.3405,-0.1995,0.1995,False,,Mitoxy-80_v1.0,NA
ENSG00000130300,,ENSG00000130300,245,blue,0.1285,-0.1226,-0.1950,0.1950,False,Iron metabolism,Mitoxy-80_v1.0,NA
ENSG00000009694,,ENSG00000009694,113,green,0.1651,0.3137,0.0315,-0.0315,False,,Mitoxy-80_v1.0,NA
ENSG00000250696,,ENSG00000250696,464,green,0.6381,-0.0962,-0.4208,0.4208,False,,Mitoxy-80_v1.0,NA
ENSG00000137504,,ENSG00000137504,464,green,0.9433,0.1427,-0.3492,0.3492,False,,Mitoxy-80_v1.0,NA
ENSG00000163736,,ENSG00000163736,0,grey,,,,,False,Not classified,Mitoxy-80_v1.0,NA
ENSG00000177575,,ENSG00000177575,0,grey,,,,,False,Not classified,Mitoxy-80_v1.0,NA
ENSG00000155307,,ENSG00000155307,113,green,-0.1991,0.2106,0.3591,-0.3591,False,,Mitoxy-80_v1.0,NA
ENSG00000026751,,ENSG00000026751,34,grey60,0.4345,-0.3396,-0.0422,0.0422,False,,Mitoxy-80_v1.0,NA
ENSG00000154146,,ENSG00000154146,0,grey,,,,,False,Not classified,Mitoxy-80_v1.0,NA
ENSG00000104921,,ENSG00000104921,34,grey60,0.2880,-0.1219,-0.3707,0.3707,False,,Mitoxy-80_v1.0,NA
ENSG00000123689,,ENSG00000123689,0,grey,,,,,False,Not classified,Mitoxy-80_v1.0,NA
ENSG00000151151,,ENSG00000151151,113,green,0.5975,0.2488,-0.1906,0.1906,False,,Mitoxy-80_v1.0,NA
ENSG00000163519,,ENSG00000163519,464,green,0.8492,-0.1660,-0.3687,0.3687,False,,Mitoxy-80_v1.0,NA
ENSG00000189127,,ENSG00000189127,0,grey,,,,,False,Not classified,Mitoxy-80_v1.0,NA
ENSG00000171236,,ENSG00000171236,34,grey60,-0.4176,0.1781,0.3390,-0.3390,False,,Mitoxy-80_v1.0,NA
ENSG00000225964,,ENSG00000225964,0,grey,,,,,False,Not classified,Mitoxy-80_v1.0,NA
ENSG00000125534,,ENSG00000125534,366,darkgreen,0.7876,0.0270,0.1039,-0.1039,False,,Mitoxy-80_v1.0,NA
ENSG00000167900,,ENSG00000167900,277,grey60,0.7569,-0.0475,0.2531,-0.2531,False,,Mitoxy-80_v1.0,NA
ENSG00000196735,,ENSG00000196735,34,grey60,0.2421,-0.4086,-0.3154,0.3154,False,,Mitoxy-80_v1.0,NA
ENSG00000115607,,ENSG00000115607,34,grey60,-0.3939,0.3074,0.3307,-0.3307,False,,Mitoxy-80_v1.0,NA
ENSG00000151135,,ENSG00000151135,464,green,0.9204,-0.1305,-0.4118,0.4118,False,,Mitoxy-80_v1.0,NA
ENSG00000007264,,ENSG00000007264,34,grey60,0.3284,-0.2639,-0.2454,0.2454,False,,Mitoxy-80_v1.0,NA
ENSG00000136999,,ENSG00000136999,34,grey60,-0.0926,-0.0638,-0.4965,0.4965,False,,Mitoxy-80_v1.0,NA
ENSG00000144645,,ENSG00000144645,464,green,0.6521,-0.0919,-0.4169,0.4169,False,,Mitoxy-80_v1.0,NA
ENSG00000170312,,ENSG00000170312,277,grey60,0.7724,0.0765,0.1939,-0.1939,False,,Mitoxy-80_v1.0,NA
ENSG00000211950,,ENSG00000211950,277,grey60,0.7916,0.1319,0.0099,-0.0099,False,,Mitoxy-80_v1.0,NA
ENSG00000249173,,ENSG00000249173,0,grey,,,,,False,Not classified,Mitoxy-80_v1.0,NA
ENSG00000074660,,ENSG00000074660,0,grey,,,,,False,Not classified,Mitoxy-80_v1.0,NA
ENSG00000100385,,ENSG00000100385,34,grey60,0.4144,-0.2007,-0.3748,0.3748,False,,Mitoxy-80_v1.0,NA
ENSG00000185338,,ENSG00000185338,0,grey,,,,,False,Not classified,Mitoxy-80_v1.0,NA
ENSG00000165272,,ENSG00000165272,34,grey60,0.6961,-0.1195,-0.3435,0.3435,False,,Mitoxy-80_v1.0,NA
ENSG00000237550,,ENSG00000237550,34,grey60,0.4074,0.0730,-0.0560,0.0560,False,,Mitoxy-80_v1.0,NA
ENSG00000198932,,ENSG00000198932,464,green,0.8112,-0.0028,-0.5683,0.5683,False,,Mitoxy-80_v1.0,NA
ENSG00000271503,,ENSG00000271503,34,grey60,0.4091,-0.3778,-0.1574,0.1574,False,,Mitoxy-80_v1.0,NA
ENSG00000131401,,ENSG00000131401,0,grey,,,,,False,Not classified,Mitoxy-80_v1.0,NA
ENSG00000116824,,ENSG00000116824,34,grey60,0.4104,-0.4675,-0.3309,0.3309,False,,Mitoxy-80_v1.0,NA
ENSG00000008517,,ENSG00000008517,34,grey60,0.4811,-0.4066,-0.2290,0.2290,False,,Mitoxy-80_v1.0,NA
ENSG00000210100,,ENSG00000210100,0,grey,,,,,False,Not classified,Mitoxy-80_v1.0,NA
ENSG00000187017,,ENSG00000187017,0,grey,,,,,False,Not classified,Mitoxy-80_v1.0,NA
ENSG00000174705,,ENSG00000174705,0,grey,,,,,False,Not classified,Mitoxy-80_v1.0,NA
ENSG00000197993,,ENSG00000197993,245,blue,-0.1220,-0.0534,0.0597,-0.0597,False,Iron metabolism,Mitoxy-80_v1.0,NA
ENSG00000110079,,ENSG00000110079,0,grey,,,,,False,Not classified,Mitoxy-80_v1.0,NA
ENSG00000117602,,ENSG00000117602,464,green,0.8672,-0.1244,-0.5736,0.5736,False,,Mitoxy-80_v1.0,NA
ENSG00000197635,,ENSG00000197635,34,grey60,0.3358,-0.2904,-0.4860,0.4860,False,,Mitoxy-80_v1.0,NA
ENSG00000176928,,ENSG00000176928,464,green,0.8796,-0.1021,-0.5698,0.5698,False,,Mitoxy-80_v1.0,NA
ENSG00000071575,,ENSG00000071575,464,green,0.8173,-0.1492,-0.4512,0.4512,False,,Mitoxy-80_v1.0,NA
ENSG00000076770,,ENSG00000076770,245,blue,-0.1069,-0.0769,-0.1056,0.1056,False,Iron metabolism,Mitoxy-80_v1.0,NA
ENSG00000127334,,ENSG00000127334,464,green,0.9408,-0.1219,-0.5083,0.5083,False,,Mitoxy-80_v1.0,NA
ENSG00000105374,,ENSG00000105374,372,white,0.7625,-0.2563,-0.0396,0.0396,False,,Mitoxy-80_v1.0,NA
ENSG00000211970,,ENSG00000211970,277,grey60,0.8692,0.1194,0.0142,-0.0142,False,,Mitoxy-80_v1.0,NA
ENSG00000101096,,ENSG00000101096,34,grey60,0.3624,-0.2064,-0.4847,0.4847,False,,Mitoxy-80_v1.0,NA
ENSG00000071082,,ENSG00000071082,34,grey60,0.3435,0.1241,0.0386,-0.0386,False,,Mitoxy-80_v1.0,NA
ENSG00000105701,,ENSG00000105701,245,blue,-0.1448,0.0129,0.0774,-0.0774,False,Iron metabolism,Mitoxy-80_v1.0,NA
ENSG00000172469,,ENSG00000172469,464,green,0.8920,-0.0561,-0.2755,0.2755,False,,Mitoxy-80_v1.0,NA
ENSG00000180509,,ENSG00000180509,34,grey60,-0.3345,0.2189,0.4328,-0.4328,False,,Mitoxy-80_v1.0,NA
ENSG00000007516,,ENSG00000007516,0,grey,,,,,False,Not classified,Mitoxy-80_v1.0,NA
ENSG00000095932,,ENSG00000095932,245,blue,0.0520,-0.2378,-0.0179,0.0179,False,Iron metabolism,Mitoxy-80_v1.0,NA
ENSG00000179299,,ENSG00000179299,113,green,-0.1655,0.4420,0.1310,-0.1310,False,,Mitoxy-80_v1.0,NA
ENSG00000170315,,ENSG00000170315,245,blue,-0.0025,-0.2345,0.0493,-0.0493,False,Iron metabolism,Mitoxy-80_v1.0,NA
ENSG00000115085,,ENSG00000115085,34,grey60,0.4673,-0.1407,-0.3218,0.3218,False,,Mitoxy-80_v1.0,NA
ENSG00000116717,,ENSG00000116717,34,grey60,-0.3059,0.4033,0.3864,-0.3864,False,,Mitoxy-80_v1.0,NA
ENSG00000164308,,ENSG00000164308,34,grey60,0.1509,-0.2441,-0.1359,0.1359,False,,Mitoxy-80_v1.0,NA
ENSG00000182866,,ENSG00000182866,34,grey60,0.4762,-0.3000,-0.3194,0.3194,False,,Mitoxy-80_v1.0,NA
ENSG00000204252,,ENSG00000204252,34,grey60,0.3356,-0.2360,-0.4417,0.4417,False,,Mitoxy-80_v1.0,NA
ENSG00000068079,,ENSG00000068079,0,grey,,,,,False,Not classified,Mitoxy-80_v1.0,NA
ENSG00000255398,,ENSG00000255398,0,grey,,,,,False,Not classified,Mitoxy-80_v1.0,NA
ENSG00000095585,,ENSG00000095585,34,grey60,0.6543,-0.1694,-0.2875,0.2875,False,,Mitoxy-80_v1.0,NA
ENSG00000242299,,ENSG00000242299,34,grey60,0.4110,0.3152,-0.1989,0.1989,False,,Mitoxy-80_v1.0,NA
ENSG00000160683,,ENSG00000160683,34,grey60,0.3703,-0.1427,-0.4151,0.4151,False,,Mitoxy-80_v1.0,NA
ENSG00000137801,,ENSG00000137801,0,grey,,,,,False,Not classified,Mitoxy-80_v1.0,NA
ENSG00000137501,,ENSG00000137501,464,green,0.8094,-0.2013,-0.4787,0.4787,False,,Mitoxy-80_v1.0,NA
ENSG00000144290,,ENSG00000144290,464,green,0.6750,-0.2067,-0.5120,0.5120,False,,Mitoxy-80_v1.0,NA
ENSG00000236304,,ENSG00000236304,0,grey,,,,,False,Not classified,Mitoxy-80_v1.0,NA
ENSG00000090013,,ENSG00000090013,245,blue,-0.1238,-0.0241,0.1313,-0.1313,False,Iron metabolism,Mitoxy-80_v1.0,NA
ENSG00000074695,,ENSG00000074695,464,green,0.8009,-0.1157,-0.2623,0.2623,False,,Mitoxy-80_v1.0,NA
ENSG00000156587,,ENSG00000156587,461,blue,0.8755,-0.3891,0.1575,-0.1575,False,Iron metabolism,Mitoxy-80_v1.0,NA
ENSG00000177409,,ENSG00000177409,461,blue,0.8945,-0.1490,0.1111,-0.1111,False,Iron metabolism,Mitoxy-80_v1.0,NA
ENSG00000103148,,ENSG00000103148,245,blue,-0.0640,-0.0165,0.0146,-0.0146,False,Iron metabolism,Mitoxy-80_v1.0,NA
ENSG00000160791,,ENSG00000160791,34,grey60,0.4288,-0.3704,-0.2146,0.2146,False,,Mitoxy-80_v1.0,NA
ENSG00000001561,,ENSG00000001561,464,green,0.8358,0.1317,-0.2925,0.2925,False,,Mitoxy-80_v1.0,NA
ENSG00000153064,,ENSG00000153064,464,green,0.7577,-0.1571,-0.4314,0.4314,False,,Mitoxy-80_v1.0,NA
ENSG00000125910,,ENSG00000125910,366,darkgreen,0.9027,0.2100,0.2024,-0.2024,False,,Mitoxy-80_v1.0,NA
ENSG00000198959,,ENSG00000198959,245,blue,0.1921,-0.0884,0.1945,-0.1945,False,Iron metabolism,Mitoxy-80_v1.0,NA
ENSG00000161970,,ENSG00000161970,34,grey60,0.1578,-0.4836,0.0808,-0.0808,False,,Mitoxy-80_v1.0,NA
ENSG00000122188,,ENSG00000122188,34,grey60,0.6351,-0.1606,-0.3709,0.3709,False,,Mitoxy-80_v1.0,NA
ENSG00000112077,,ENSG00000112077,245,blue,-0.1283,0.1345,0.2204,-0.2204,False,Iron metabolism,Mitoxy-80_v1.0,NA
ENSG00000173193,,ENSG00000173193,461,blue,0.9380,-0.2359,-0.0234,0.0234,False,Iron metabolism,Mitoxy-80_v1.0,NA
ENSG00000143476,,ENSG00000143476,277,grey60,0.8216,-0.0136,0.1555,-0.1555,False,,Mitoxy-80_v1.0,NA
ENSG00000142583,,ENSG00000142583,277,grey60,0.6855,0.0388,0.0072,-0.0072,False,,Mitoxy-80_v1.0,NA
ENSG00000136573,,ENSG00000136573,34,grey60,0.4237,-0.0585,-0.3546,0.3546,False,,Mitoxy-80_v1.0,NA
ENSG00000174738,,ENSG00000174738,464,green,0.9372,-0.0825,-0.5010,0.5010,False,,Mitoxy-80_v1.0,NA
ENSG00000163534,,ENSG00000163534,464,green,0.4878,0.2020,-0.3387,0.3387,False,,Mitoxy-80_v1.0,NA
ENSG00000078596,,ENSG00000078596,34,grey60,0.5236,-0.2833,-0.2932,0.2932,False,,Mitoxy-80_v1.0,NA
ENSG00000007312,,ENSG00000007312,34,grey60,0.5706,-0.1762,-0.2582,0.2582,False,,Mitoxy-80_v1.0,NA
ENSG00000082438,,ENSG00000082438,464,green,0.7358,-0.0319,-0.4088,0.4088,False,,Mitoxy-80_v1.0,NA
ENSG00000257093,,ENSG00000257093,464,green,0.9227,-0.0118,-0.5243,0.5243,False,,Mitoxy-80_v1.0,NA
ENSG00000258227,,ENSG00000258227,0,grey,,,,,False,Not classified,Mitoxy-80_v1.0,NA
ENSG00000198216,,ENSG00000198216,34,grey60,-0.4167,0.2340,0.3774,-0.3774,False,,Mitoxy-80_v1.0,NA
ENSG00000198876,,ENSG00000198876,245,blue,-0.0981,-0.0413,0.0002,-0.0002,False,Iron metabolism,Mitoxy-80_v1.0,NA
ENSG00000078589,,ENSG00000078589,464,green,0.8585,-0.1350,-0.5210,0.5210,False,,Mitoxy-80_v1.0,NA
ENSG00000237649,,ENSG00000237649,277,grey60,0.8332,0.0138,0.1627,-0.1627,False,,Mitoxy-80_v1.0,NA
ENSG00000162747,,ENSG00000162747,0,grey,,,,,False,Not classified,Mitoxy-80_v1.0,NA
ENSG00000270972,,ENSG00000270972,0,grey,,,,,False,Not classified,Mitoxy-80_v1.0,NA
ENSG00000167994,,ENSG00000167994,245,blue,-0.2473,0.0240,0.1185,-0.1185,False,Iron metabolism,Mitoxy-80_v1.0,NA
ENSG00000178445,,ENSG00000178445,277,grey60,0.9187,0.0354,0.0417,-0.0417,False,,Mitoxy-80_v1.0,NA
ENSG00000135318,,ENSG00000135318,464,green,0.7340,-0.1879,-0.5311,0.5311,False,,Mitoxy-80_v1.0,NA
ENSG00000162512,,ENSG00000162512,0,grey,,,,,False,Not classified,Mitoxy-80_v1.0,NA
ENSG00000134954,,ENSG00000134954,464,green,0.8885,-0.0936,-0.5336,0.5336,False,,Mitoxy-80_v1.0,NA
ENSG00000102145,,ENSG00000102145,245,blue,-0.1170,-0.0350,0.0253,-0.0253,False,Iron metabolism,Mitoxy-80_v1.0,NA
ENSG00000089012,,ENSG00000089012,34,grey60,0.5025,-0.3625,-0.3523,0.3523,False,,Mitoxy-80_v1.0,NA
ENSG00000280832,,ENSG00000280832,34,grey60,-0.3972,0.1727,0.4111,-0.4111,False,,Mitoxy-80_v1.0,NA
ENSG00000151835,,ENSG00000151835,464,green,0.9537,-0.0078,-0.4319,0.4319,False,,Mitoxy-80_v1.0,NA
ENSG00000182782,,ENSG00000182782,0,grey,,,,,False,Not classified,Mitoxy-80_v1.0,NA
ENSG00000019169,,ENSG00000019169,0,grey,,,,,False,Not classified,Mitoxy-80_v1.0,NA
ENSG00000168497,,ENSG00000168497,34,grey60,-0.0657,0.1583,-0.2517,0.2517,False,,Mitoxy-80_v1.0,NA
ENSG00000172322,,ENSG00000172322,0,grey,,,,,False,Not classified,Mitoxy-80_v1.0,NA
ENSG00000104738,,ENSG00000104738,277,grey60,0.8368,-0.0709,-0.0603,0.0603,False,,Mitoxy-80_v1.0,NA
ENSG00000103342,,ENSG00000103342,245,blue,-0.0732,-0.1385,-0.1104,0.1104,False,Iron metabolism,Mitoxy-80_v1.0,NA
ENSG00000020577,,ENSG00000020577,34,grey60,0.0962,-0.2663,-0.0620,0.0620,False,,Mitoxy-80_v1.0,NA
ENSG00000188322,,ENSG00000188322,34,grey60,0.3953,-0.2136,-0.3957,0.3957,False,,Mitoxy-80_v1.0,NA
ENSG00000164237,,ENSG00000164237,245,blue,-0.0842,0.1097,0.0958,-0.0958,False,Iron metabolism,Mitoxy-80_v1.0,NA
ENSG00000224114,,ENSG00000224114,34,grey60,0.0056,-0.2072,-0.1377,0.1377,False,,Mitoxy-80_v1.0,NA
ENSG00000171791,,ENSG00000171791,464,green,0.8863,-0.0722,-0.4746,0.4746,False,,Mitoxy-80_v1.0,NA
ENSG00000169704,,ENSG00000169704,0,grey,,,,,False,Not classified,Mitoxy-80_v1.0,NA
ENSG00000170271,,ENSG00000170271,245,blue,-0.0781,-0.0133,-0.0636,0.0636,False,Iron metabolism,Mitoxy-80_v1.0,NA
ENSG00000153283,,ENSG00000153283,34,grey60,0.3777,-0.3024,-0.4784,0.4784,False,,Mitoxy-80_v1.0,NA
ENSG00000138738,,ENSG00000138738,113,green,0.1412,0.3117,0.0210,-0.0210,False,,Mitoxy-80_v1.0,NA
ENSG00000169442,,ENSG00000169442,372,white,0.7886,-0.1379,-0.0206,0.0206,False,,Mitoxy-80_v1.0,NA
ENSG00000198087,,ENSG00000198087,464,green,0.7914,-0.1040,-0.2253,0.2253,False,,Mitoxy-80_v1.0,NA
ENSG00000134057,,ENSG00000134057,277,grey60,0.8262,-0.0773,0.0884,-0.0884,False,,Mitoxy-80_v1.0,NA
ENSG00000184226,,ENSG00000184226,464,green,0.6778,-0.0548,-0.3929,0.3929,False,,Mitoxy-80_v1.0,NA
ENSG00000130487,,ENSG00000130487,0,grey,,,,,False,Not classified,Mitoxy-80_v1.0,NA
ENSG00000008516,,ENSG00000008516,34,grey60,-0.3455,0.3931,0.1904,-0.1904,False,,Mitoxy-80_v1.0,NA
ENSG00000161911,,ENSG00000161911,0,grey,,,,,False,Not classified,Mitoxy-80_v1.0,NA
ENSG00000167106,,ENSG00000167106,34,grey60,0.3600,-0.1501,-0.5061,0.5061,False,,Mitoxy-80_v1.0,NA
ENSG00000077984,,ENSG00000077984,34,grey60,-0.1648,0.1430,0.4606,-0.4606,False,,Mitoxy-80_v1.0,NA
ENSG00000107679,,ENSG00000107679,464,green,0.9027,-0.1700,-0.5263,0.5263,False,,Mitoxy-80_v1.0,NA
ENSG00000185339,,ENSG00000185339,0,grey,,,,,False,Not classified,Mitoxy-80_v1.0,NA
ENSG00000132819,,ENSG00000132819,245,blue,-0.2378,0.0971,0.0548,-0.0548,False,Iron metabolism,Mitoxy-80_v1.0,NA
ENSG00000150681,,ENSG00000150681,113,green,0.4763,0.4912,-0.0625,0.0625,False,,Mitoxy-80_v1.0,NA
ENSG00000159618,,ENSG00000159618,34,grey60,0.5368,-0.2132,-0.2855,0.2855,False,,Mitoxy-80_v1.0,NA
ENSG00000162894,,ENSG00000162894,34,grey60,0.4364,-0.1846,-0.4496,0.4496,False,,Mitoxy-80_v1.0,NA
ENSG00000110448,,ENSG00000110448,34,grey60,0.4115,-0.2444,-0.4395,0.4395,False,,Mitoxy-80_v1.0,NA
ENSG00000145386,,ENSG00000145386,277,grey60,0.7560,-0.0186,0.1067,-0.1067,False,,Mitoxy-80_v1.0,NA
ENSG00000139679,,ENSG00000139679,464,green,0.7729,-0.0324,-0.1244,0.1244,False,,Mitoxy-80_v1.0,NA
ENSG00000164398,,ENSG00000164398,464,green,0.6673,-0.1465,-0.3707,0.3707,False,,Mitoxy-80_v1.0,NA
ENSG00000109466,,ENSG00000109466,113,green,0.1501,0.4716,0.1050,-0.1050,False,,Mitoxy-80_v1.0,NA
ENSG00000167100,,ENSG00000167100,0,grey,,,,,False,Not classified,Mitoxy-80_v1.0,NA
ENSG00000166750,,ENSG00000166750,464,green,0.7543,-0.1611,-0.3763,0.3763,False,,Mitoxy-80_v1.0,NA
ENSG00000143891,,ENSG00000143891,461,blue,0.7898,-0.1812,0.0694,-0.0694,False,Iron metabolism,Mitoxy-80_v1.0,NA
ENSG00000183134,,ENSG00000183134,34,grey60,0.1604,-0.1858,-0.3806,0.3806,False,,Mitoxy-80_v1.0,NA
ENSG00000174885,,ENSG00000174885,34,grey60,-0.2788,0.3004,0.0857,-0.0857,False,,Mitoxy-80_v1.0,NA
ENSG00000163220,,ENSG00000163220,34,grey60,-0.2074,0.1768,0.5838,-0.5838,False,,Mitoxy-80_v1.0,NA
ENSG00000169508,,ENSG00000169508,34,grey60,0.3792,-0.2407,-0.4370,0.4370,False,,Mitoxy-80_v1.0,NA
ENSG00000158714,,ENSG00000158714,0,grey,,,,,False,Not classified,Mitoxy-80_v1.0,NA
ENSG00000140105,,ENSG00000140105,461,blue,0.7435,-0.3809,0.1059,-0.1059,False,Iron metabolism,Mitoxy-80_v1.0,NA
ENSG00000163754,,ENSG00000163754,34,grey60,-0.3025,0.1410,0.4804,-0.4804,False,,Mitoxy-80_v1.0,NA
ENSG00000129682,,ENSG00000129682,113,green,-0.2153,0.2748,0.2617,-0.2617,False,,Mitoxy-80_v1.0,NA
ENSG00000125780,,ENSG00000125780,0,grey,,,,,False,Not classified,Mitoxy-80_v1.0,NA
ENSG00000231389,,ENSG00000231389,34,grey60,0.1780,-0.5098,-0.1771,0.1771,False,,Mitoxy-80_v1.0,NA
ENSG00000072571,,ENSG00000072571,277,grey60,0.7274,0.0559,0.2295,-0.2295,False,,Mitoxy-80_v1.0,NA
ENSG00000230006,,ENSG00000230006,34,grey60,0.7155,-0.0140,-0.2310,0.2310,False,,Mitoxy-80_v1.0,NA
ENSG00000135272,,ENSG00000135272,464,green,0.9503,-0.1290,-0.4062,0.4062,False,,Mitoxy-80_v1.0,NA
ENSG00000109956,,ENSG00000109956,34,grey60,0.2003,-0.1820,-0.2332,0.2332,False,,Mitoxy-80_v1.0,NA
ENSG00000188042,,ENSG00000188042,34,grey60,0.4215,-0.3223,-0.4055,0.4055,False,,Mitoxy-80_v1.0,NA
ENSG00000099204,,ENSG00000099204,464,green,0.7899,-0.1923,-0.5709,0.5709,False,,Mitoxy-80_v1.0,NA
ENSG00000146757,,ENSG00000146757,464,green,0.9292,0.0463,-0.3210,0.3210,False,,Mitoxy-80_v1.0,NA
ENSG00000171863,,ENSG00000171863,34,grey60,0.4352,0.2212,0.0151,-0.0151,False,,Mitoxy-80_v1.0,NA
ENSG00000023516,,ENSG00000023516,464,green,0.9738,-0.0036,-0.4263,0.4263,False,,Mitoxy-80_v1.0,NA
ENSG00000155363,,ENSG00000155363,461,blue,0.9050,-0.2123,0.0305,-0.0305,False,Iron metabolism,Mitoxy-80_v1.0,NA
ENSG00000167094,,ENSG00000167094,34,grey60,0.3588,-0.2140,-0.2887,0.2887,False,,Mitoxy-80_v1.0,NA
ENSG00000132704,,ENSG00000132704,464,green,0.6477,0.0494,-0.3978,0.3978,False,,Mitoxy-80_v1.0,NA
ENSG00000258819,,ENSG00000258819,0,grey,,,,,False,Not classified,Mitoxy-80_v1.0,NA
ENSG00000124203,,ENSG00000124203,464,green,0.8271,-0.1579,-0.5110,0.5110,False,,Mitoxy-80_v1.0,NA
ENSG00000165092,,ENSG00000165092,34,grey60,0.0141,-0.4079,-0.2893,0.2893,False,,Mitoxy-80_v1.0,NA
ENSG00000166091,,ENSG00000166091,0,grey,,,,,False,Not classified,Mitoxy-80_v1.0,NA
ENSG00000123485,,ENSG00000123485,277,grey60,0.8099,0.0478,0.2015,-0.2015,False,,Mitoxy-80_v1.0,NA
ENSG00000167676,,ENSG00000167676,34,grey60,-0.2931,0.4690,0.1883,-0.1883,False,,Mitoxy-80_v1.0,NA
ENSG00000142173,,ENSG00000142173,34,grey60,0.2968,-0.1008,-0.3999,0.3999,False,,Mitoxy-80_v1.0,NA
ENSG00000159713,,ENSG00000159713,0,grey,,,,,False,Not classified,Mitoxy-80_v1.0,NA
ENSG00000228863,,ENSG00000228863,0,grey,,,,,False,Not classified,Mitoxy-80_v1.0,NA
ENSG00000142945,,ENSG00000142945,277,grey60,0.8274,0.0400,0.1652,-0.1652,False,,Mitoxy-80_v1.0,NA
ENSG00000100225,,ENSG00000100225,245,blue,-0.1225,-0.0881,-0.1337,0.1337,False,Iron metabolism,Mitoxy-80_v1.0,NA
ENSG00000185920,,ENSG00000185920,464,green,0.8059,-0.0395,-0.5402,0.5402,False,,Mitoxy-80_v1.0,NA
ENSG00000233864,,ENSG00000233864,0,grey,,,,,False,Not classified,Mitoxy-80_v1.0,NA
ENSG00000035720,,ENSG00000035720,34,grey60,0.4524,-0.1641,-0.2297,0.2297,False,,Mitoxy-80_v1.0,NA
ENSG00000131355,,ENSG00000131355,0,grey,,,,,False,Not classified,Mitoxy-80_v1.0,NA
ENSG00000177888,,ENSG00000177888,464,green,0.9547,0.0441,-0.3679,0.3679,False,,Mitoxy-80_v1.0,NA
ENSG00000204933,,ENSG00000204933,0,grey,,,,,False,Not classified,Mitoxy-80_v1.0,NA
ENSG00000197077,,ENSG00000197077,34,grey60,0.3901,-0.2442,-0.4044,0.4044,False,,Mitoxy-80_v1.0,NA
ENSG00000137078,,ENSG00000137078,34,grey60,0.5161,-0.3445,-0.2051,0.2051,False,,Mitoxy-80_v1.0,NA
ENSG00000175928,,ENSG00000175928,113,green,-0.0170,0.4589,0.1878,-0.1878,False,,Mitoxy-80_v1.0,NA
ENSG00000048052,,ENSG00000048052,464,green,0.8899,-0.0455,-0.3894,0.3894,False,,Mitoxy-80_v1.0,NA
ENSG00000180549,,ENSG00000180549,34,grey60,-0.2108,0.1941,0.3437,-0.3437,False,,Mitoxy-80_v1.0,NA
ENSG00000198821,,ENSG00000198821,34,grey60,0.3679,-0.3349,-0.3982,0.3982,False,,Mitoxy-80_v1.0,NA
ENSG00000163682,,ENSG00000163682,464,green,0.6175,0.1251,-0.0826,0.0826,False,,Mitoxy-80_v1.0,NA
ENSG00000259865,,ENSG00000259865,464,green,0.8220,-0.0006,-0.2094,0.2094,False,,Mitoxy-80_v1.0,NA
ENSG00000223865,,ENSG00000223865,372,white,0.7226,-0.4708,-0.2129,0.2129,False,,Mitoxy-80_v1.0,NA
ENSG00000185736,,ENSG00000185736,0,grey,,,,,False,Not classified,Mitoxy-80_v1.0,NA
ENSG00000196411,,ENSG00000196411,0,grey,,,,,False,Not classified,Mitoxy-80_v1.0,NA
ENSG00000259207,,ENSG00000259207,0,grey,,,,,False,Not classified,Mitoxy-80_v1.0,NA
ENSG00000120708,,ENSG00000120708,34,grey60,-0.0985,-0.1436,-0.2273,0.2273,False,,Mitoxy-80_v1.0,NA
ENSG00000198574,,ENSG00000198574,464,green,0.6401,-0.1733,-0.3996,0.3996,False,,Mitoxy-80_v1.0,NA
ENSG00000151474,,ENSG00000151474,245,blue,-0.0660,-0.0702,-0.0142,0.0142,False,Iron metabolism,Mitoxy-80_v1.0,NA
ENSG00000204420,,ENSG00000204420,0,grey,,,,,False,Not classified,Mitoxy-80_v1.0,NA
ENSG00000027869,,ENSG00000027869,34,grey60,0.4589,-0.3113,-0.2305,0.2305,False,,Mitoxy-80_v1.0,NA
ENSG00000225972,,ENSG00000225972,0,grey,,,,,False,Not classified,Mitoxy-80_v1.0,NA
ENSG00000132514,,ENSG00000132514,0,grey,,,,,False,Not classified,Mitoxy-80_v1.0,NA
ENSG00000134463,,ENSG00000134463,34,grey60,-0.2868,0.2696,0.3061,-0.3061,False,,Mitoxy-80_v1.0,NA
ENSG00000275527,,ENSG00000275527,245,blue,-0.1441,-0.1004,-0.0182,0.0182,False,Iron metabolism,Mitoxy-80_v1.0,NA
ENSG00000221957,,ENSG00000221957,34,grey60,0.2571,-0.2073,-0.1910,0.1910,False,,Mitoxy-80_v1.0,NA
ENSG00000179914,,ENSG00000179914,245,blue,-0.0704,-0.1211,0.0278,-0.0278,False,Iron metabolism,Mitoxy-80_v1.0,NA
ENSG00000162069,,ENSG00000162069,0,grey,,,,,False,Not classified,Mitoxy-80_v1.0,NA
ENSG00000153823,,ENSG00000153823,34,grey60,-0.1019,-0.2362,-0.4323,0.4323,False,,Mitoxy-80_v1.0,NA
ENSG00000102245,,ENSG00000102245,34,grey60,0.2739,-0.3253,-0.5230,0.5230,False,,Mitoxy-80_v1.0,NA
ENSG00000170074,,ENSG00000170074,464,green,0.6930,-0.0587,-0.5436,0.5436,False,,Mitoxy-80_v1.0,NA
ENSG00000260711,,ENSG00000260711,34,grey60,0.3285,-0.2462,-0.4903,0.4903,False,,Mitoxy-80_v1.0,NA
ENSG00000268027,,ENSG00000268027,464,green,0.8578,-0.0756,-0.4395,0.4395,False,,Mitoxy-80_v1.0,NA
ENSG00000282122,,ENSG00000282122,0,grey,,,,,False,Not classified,Mitoxy-80_v1.0,NA
ENSG00000160883,,ENSG00000160883,34,grey60,-0.2265,0.3885,0.4931,-0.4931,False,,Mitoxy-80_v1.0,NA
ENSG00000163600,,ENSG00000163600,464,green,0.7960,-0.1836,-0.3757,0.3757,False,,Mitoxy-80_v1.0,NA
ENSG00000160201,,ENSG00000160201,0,grey,,,,,False,Not classified,Mitoxy-80_v1.0,NA
ENSG00000215788,,ENSG00000215788,34,grey60,0.4042,-0.1403,-0.4592,0.4592,False,,Mitoxy-80_v1.0,NA
ENSG00000122025,,ENSG00000122025,0,grey,,,,,False,Not classified,Mitoxy-80_v1.0,NA
ENSG00000136908,,ENSG00000136908,245,blue,-0.0871,-0.2001,0.0430,-0.0430,False,Iron metabolism,Mitoxy-80_v1.0,NA
ENSG00000141574,,ENSG00000141574,34,grey60,-0.2725,-0.0450,0.3030,-0.3030,False,,Mitoxy-80_v1.0,NA
ENSG00000138166,,ENSG00000138166,34,grey60,0.6042,-0.3163,-0.0607,0.0607,False,,Mitoxy-80_v1.0,NA
ENSG00000175643,,ENSG00000175643,0,grey,,,,,False,Not classified,Mitoxy-80_v1.0,NA
ENSG00000138180,,ENSG00000138180,277,grey60,0.7156,0.0194,0.2022,-0.2022,False,,Mitoxy-80_v1.0,NA
ENSG00000167815,,ENSG00000167815,245,blue,-0.0997,-0.2134,-0.0004,0.0004,False,Iron metabolism,Mitoxy-80_v1.0,NA
ENSG00000129538,,ENSG00000129538,0,grey,,,,,False,Not classified,Mitoxy-80_v1.0,NA
ENSG00000211972,,ENSG00000211972,277,grey60,0.8648,0.0680,0.0039,-0.0039,False,,Mitoxy-80_v1.0,NA
ENSG00000141293,,ENSG00000141293,34,grey60,0.3812,-0.4062,-0.3777,0.3777,False,,Mitoxy-80_v1.0,NA
ENSG00000182885,,ENSG00000182885,34,grey60,-0.4141,0.2504,0.3091,-0.3091,False,,Mitoxy-80_v1.0,NA
ENSG00000214485,,ENSG00000214485,464,green,0.5144,0.0585,-0.1767,0.1767,False,,Mitoxy-80_v1.0,NA
ENSG00000135083,,ENSG00000135083,34,grey60,-0.5187,0.2219,-0.0253,0.0253,False,,Mitoxy-80_v1.0,NA
ENSG00000196839,,ENSG00000196839,34,grey60,0.6177,-0.3642,-0.1371,0.1371,False,,Mitoxy-80_v1.0,NA
ENSG00000124406,,ENSG00000124406,464,green,0.9072,0.1614,-0.3290,0.3290,False,,Mitoxy-80_v1.0,NA
ENSG00000139793,,ENSG00000139793,464,green,0.8994,-0.0258,-0.3731,0.3731,False,,Mitoxy-80_v1.0,NA
ENSG00000249437,,ENSG00000249437,113,green,-0.2497,0.4813,0.3148,-0.3148,False,,Mitoxy-80_v1.0,NA
ENSG00000232216,,ENSG00000232216,277,grey60,0.7754,0.0918,-0.0152,0.0152,False,,Mitoxy-80_v1.0,NA
ENSG00000176624,,ENSG00000176624,464,green,0.9559,0.0656,-0.4162,0.4162,False,,Mitoxy-80_v1.0,NA
ENSG00000167984,,ENSG00000167984,34,grey60,0.3659,-0.1672,-0.4736,0.4736,False,,Mitoxy-80_v1.0,NA
ENSG00000240382,,ENSG00000240382,277,grey60,0.7385,-0.0197,0.0458,-0.0458,False,,Mitoxy-80_v1.0,NA
ENSG00000148154,,ENSG00000148154,113,green,0.0180,0.2424,0.2130,-0.2130,False,,Mitoxy-80_v1.0,NA
ENSG00000124256,,ENSG00000124256,461,blue,0.8684,-0.1962,0.1631,-0.1631,False,Iron metabolism,Mitoxy-80_v1.0,NA
ENSG00000165029,,ENSG00000165029,113,green,0.3653,0.2644,0.0388,-0.0388,False,,Mitoxy-80_v1.0,NA
ENSG00000213626,,ENSG00000213626,34,grey60,0.3755,-0.2861,-0.4781,0.4781,False,,Mitoxy-80_v1.0,NA
ENSG00000242498,,ENSG00000242498,34,grey60,-0.1209,-0.1010,-0.3226,0.3226,False,,Mitoxy-80_v1.0,NA
ENSG00000225178,,ENSG00000225178,34,grey60,0.4883,0.2202,-0.1805,0.1805,False,,Mitoxy-80_v1.0,NA
ENSG00000111796,,ENSG00000111796,34,grey60,0.2423,-0.2705,-0.3539,0.3539,False,,Mitoxy-80_v1.0,NA
ENSG00000196407,,ENSG00000196407,245,blue,-0.0377,-0.1113,0.0794,-0.0794,False,Iron metabolism,Mitoxy-80_v1.0,NA
ENSG00000101412,,ENSG00000101412,277,grey60,0.6116,0.1451,0.2581,-0.2581,False,,Mitoxy-80_v1.0,NA
ENSG00000181409,,ENSG00000181409,34,grey60,-0.2441,0.4933,0.0768,-0.0768,False,,Mitoxy-80_v1.0,NA
ENSG00000211942,,ENSG00000211942,277,grey60,0.8405,0.0337,-0.0032,0.0032,False,,Mitoxy-80_v1.0,NA
ENSG00000224177,,ENSG00000224177,245,blue,-0.0994,-0.1278,0.1122,-0.1122,False,Iron metabolism,Mitoxy-80_v1.0,NA
ENSG00000119326,,ENSG00000119326,245,blue,-0.0476,0.1186,0.1965,-0.1965,False,Iron metabolism,Mitoxy-80_v1.0,NA
ENSG00000107485,,ENSG00000107485,34,grey60,0.3663,-0.2966,-0.5110,0.5110,False,,Mitoxy-80_v1.0,NA
ENSG00000137449,,ENSG00000137449,464,green,0.6971,0.2842,-0.1983,0.1983,False,,Mitoxy-80_v1.0,NA
ENSG00000244617,,ENSG00000244617,0,grey,,,,,False,Not classified,Mitoxy-80_v1.0,NA
ENSG00000042980,,ENSG00000042980,464,green,0.8004,-0.0549,-0.4696,0.4696,False,,Mitoxy-80_v1.0,NA
ENSG00000038210,,ENSG00000038210,464,green,0.8003,-0.0707,-0.1733,0.1733,False,,Mitoxy-80_v1.0,NA
ENSG00000117724,,ENSG00000117724,277,grey60,0.7441,0.0815,0.0075,-0.0075,False,,Mitoxy-80_v1.0,NA
ENSG00000110848,,ENSG00000110848,464,green,0.8066,0.0515,-0.1903,0.1903,False,,Mitoxy-80_v1.0,NA
ENSG00000146670,,ENSG00000146670,277,grey60,0.8361,0.0121,0.2008,-0.2008,False,,Mitoxy-80_v1.0,NA
ENSG00000163803,,ENSG00000163803,34,grey60,-0.4461,0.2066,0.2118,-0.2118,False,,Mitoxy-80_v1.0,NA
ENSG00000251230,,ENSG00000251230,34,grey60,-0.3191,0.0818,0.3974,-0.3974,False,,Mitoxy-80_v1.0,NA
ENSG00000164323,,ENSG00000164323,464,green,0.9598,-0.0800,-0.4424,0.4424,False,,Mitoxy-80_v1.0,NA
ENSG00000138035,,ENSG00000138035,34,grey60,0.3573,-0.1095,-0.1859,0.1859,False,,Mitoxy-80_v1.0,NA
ENSG00000175602,,ENSG00000175602,372,white,0.8444,0.0259,0.0838,-0.0838,False,,Mitoxy-80_v1.0,NA
ENSG00000250616,,ENSG00000250616,0,grey,,,,,False,Not classified,Mitoxy-80_v1.0,NA
ENSG00000188157,,ENSG00000188157,0,grey,,,,,False,Not classified,Mitoxy-80_v1.0,NA
ENSG00000167671,,ENSG00000167671,245,blue,-0.2035,0.0146,0.0490,-0.0490,False,Iron metabolism,Mitoxy-80_v1.0,NA
ENSG00000157107,,ENSG00000157107,113,green,0.5427,0.2678,-0.1752,0.1752,False,,Mitoxy-80_v1.0,NA
ENSG00000204116,,ENSG00000204116,464,green,0.9116,-0.1703,-0.4741,0.4741,False,,Mitoxy-80_v1.0,NA
ENSG00000173825,,ENSG00000173825,0,grey,,,,,False,Not classified,Mitoxy-80_v1.0,NA
ENSG00000168283,,ENSG00000168283,464,green,0.9593,-0.0964,-0.3984,0.3984,False,,Mitoxy-80_v1.0,NA
ENSG00000177034,,ENSG00000177034,464,green,0.9525,-0.0803,-0.4476,0.4476,False,,Mitoxy-80_v1.0,NA
ENSG00000122952,,ENSG00000122952,277,grey60,0.8584,-0.0441,0.1172,-0.1172,False,,Mitoxy-80_v1.0,NA
ENSG00000175455,,ENSG00000175455,464,green,0.9597,-0.0474,-0.4010,0.4010,False,,Mitoxy-80_v1.0,NA
ENSG00000148019,,ENSG00000148019,34,grey60,0.4579,-0.2399,-0.4086,0.4086,False,,Mitoxy-80_v1.0,NA
ENSG00000119969,,ENSG00000119969,277,grey60,0.7265,-0.1195,-0.2314,0.2314,False,,Mitoxy-80_v1.0,NA
ENSG00000211670,,ENSG00000211670,277,grey60,0.7676,-0.0576,0.0118,-0.0118,False,,Mitoxy-80_v1.0,NA
ENSG00000260592,,ENSG00000260592,245,blue,0.0380,-0.1276,0.0492,-0.0492,False,Iron metabolism,Mitoxy-80_v1.0,NA
ENSG00000152558,,ENSG00000152558,464,green,0.7096,-0.0144,-0.1966,0.1966,False,,Mitoxy-80_v1.0,NA
ENSG00000134489,,ENSG00000134489,34,grey60,-0.0359,-0.0108,-0.2872,0.2872,False,,Mitoxy-80_v1.0,NA
ENSG00000104267,,ENSG00000104267,245,blue,-0.0537,0.1735,-0.0063,0.0063,False,Iron metabolism,Mitoxy-80_v1.0,NA
ENSG00000145349,,ENSG00000145349,464,green,0.8906,-0.2066,-0.4006,0.4006,False,,Mitoxy-80_v1.0,NA
ENSG00000170448,,ENSG00000170448,464,green,0.5802,0.1397,-0.2393,0.2393,False,,Mitoxy-80_v1.0,NA
ENSG00000179921,,ENSG00000179921,372,white,0.6677,-0.2246,0.0499,-0.0499,False,,Mitoxy-80_v1.0,NA
ENSG00000198695,MT-ATP6,ENSG00000198695,34,grey60,0.0333,-0.2384,-0.2775,0.2775,True,,Mitoxy-80_v1.0,NA
ENSG00000166289,,ENSG00000166289,34,grey60,0.4225,-0.2574,-0.1784,0.1784,False,,Mitoxy-80_v1.0,NA
ENSG00000237945,,ENSG00000237945,34,grey60,0.3435,-0.2416,-0.4487,0.4487,False,,Mitoxy-80_v1.0,NA
ENSG00000152465,,ENSG00000152465,34,grey60,0.3662,-0.2645,-0.5009,0.5009,False,,Mitoxy-80_v1.0,NA
ENSG00000180667,,ENSG00000180667,0,grey,,,,,False,Not classified,Mitoxy-80_v1.0,NA
ENSG00000168329,,ENSG00000168329,34,grey60,0.1958,-0.3338,-0.2692,0.2692,False,,Mitoxy-80_v1.0,NA
ENSG00000178896,,ENSG00000178896,34,grey60,0.0610,0.1236,0.3450,-0.3450,False,,Mitoxy-80_v1.0,NA
ENSG00000136689,,ENSG00000136689,0,grey,,,,,False,Not classified,Mitoxy-80_v1.0,NA
ENSG00000090376,,ENSG00000090376,113,green,-0.1043,0.3718,0.2441,-0.2441,False,,Mitoxy-80_v1.0,NA
ENSG00000123700,,ENSG00000123700,113,green,0.0569,0.1992,0.0869,-0.0869,False,,Mitoxy-80_v1.0,NA
ENSG00000198363,,ENSG00000198363,113,green,0.0564,0.5094,0.1650,-0.1650,False,,Mitoxy-80_v1.0,NA
ENSG00000138119,,ENSG00000138119,0,grey,,,,,False,Not classified,Mitoxy-80_v1.0,NA
ENSG00000164611,,ENSG00000164611,277,grey60,0.7723,-0.1550,0.1493,-0.1493,False,,Mitoxy-80_v1.0,NA
ENSG00000256269,,ENSG00000256269,245,blue,-0.0865,-0.0399,0.1238,-0.1238,False,Iron metabolism,Mitoxy-80_v1.0,NA
ENSG00000149534,,ENSG00000149534,34,grey60,0.0985,-0.1872,-0.3184,0.3184,False,,Mitoxy-80_v1.0,NA
ENSG00000177191,,ENSG00000177191,34,grey60,-0.0939,0.2770,0.2518,-0.2518,False,,Mitoxy-80_v1.0,NA
ENSG00000249138,,ENSG00000249138,34,grey60,-0.1406,0.0151,0.2971,-0.2971,False,,Mitoxy-80_v1.0,NA
ENSG00000154511,,ENSG00000154511,464,green,0.7866,-0.1857,-0.3477,0.3477,False,,Mitoxy-80_v1.0,NA
ENSG00000211753,,ENSG00000211753,34,grey60,0.3352,-0.3200,-0.3393,0.3393,False,,Mitoxy-80_v1.0,NA
ENSG00000107742,,ENSG00000107742,34,grey60,0.3769,-0.1987,-0.4749,0.4749,False,,Mitoxy-80_v1.0,NA
ENSG00000108244,,ENSG00000108244,0,grey,,,,,False,Not classified,Mitoxy-80_v1.0,NA
ENSG00000067840,,ENSG00000067840,34,grey60,0.1688,-0.1120,-0.3364,0.3364,False,,Mitoxy-80_v1.0,NA
ENSG00000203710,,ENSG00000203710,113,green,-0.1470,0.4419,0.2333,-0.2333,False,,Mitoxy-80_v1.0,NA
ENSG00000152078,,ENSG00000152078,245,blue,-0.1645,0.0324,0.1135,-0.1135,False,Iron metabolism,Mitoxy-80_v1.0,NA
ENSG00000188647,,ENSG00000188647,464,green,0.7913,0.2377,-0.2101,0.2101,False,,Mitoxy-80_v1.0,NA
ENSG00000151414,,ENSG00000151414,464,green,0.7722,0.2478,-0.2678,0.2678,False,,Mitoxy-80_v1.0,NA
ENSG00000179348,,ENSG00000179348,34,grey60,-0.0594,-0.0078,-0.3317,0.3317,False,,Mitoxy-80_v1.0,NA
ENSG00000198918,,ENSG00000198918,34,grey60,0.3700,0.3563,0.0319,-0.0319,False,,Mitoxy-80_v1.0,NA
ENSG00000143774,,ENSG00000143774,245,blue,-0.1413,-0.0220,0.1043,-0.1043,False,Iron metabolism,Mitoxy-80_v1.0,NA
ENSG00000173762,,ENSG00000173762,372,white,0.8620,-0.2422,-0.2358,0.2358,False,,Mitoxy-80_v1.0,NA
ENSG00000281162,,ENSG00000281162,34,grey60,-0.4578,0.3036,0.1720,-0.1720,False,,Mitoxy-80_v1.0,NA
ENSG00000099985,,ENSG00000099985,34,grey60,-0.3221,0.3823,0.3907,-0.3907,False,,Mitoxy-80_v1.0,NA
ENSG00000103154,,ENSG00000103154,0,grey,,,,,False,Not classified,Mitoxy-80_v1.0,NA
ENSG00000167034,,ENSG00000167034,34,grey60,0.0195,-0.0543,-0.3595,0.3595,False,,Mitoxy-80_v1.0,NA
ENSG00000023445,,ENSG00000023445,464,green,0.8251,-0.1580,-0.3946,0.3946,False,,Mitoxy-80_v1.0,NA
ENSG00000135426,,ENSG00000135426,34,grey60,0.3307,-0.3012,-0.4983,0.4983,False,,Mitoxy-80_v1.0,NA
ENSG00000196517,,ENSG00000196517,245,blue,-0.1352,0.0682,0.1127,-0.1127,False,Iron metabolism,Mitoxy-80_v1.0,NA
ENSG00000198743,,ENSG00000198743,464,green,0.8957,-0.0071,-0.3584,0.3584,False,,Mitoxy-80_v1.0,NA
ENSG00000248527,,ENSG00000248527,34,grey60,0.0237,-0.3383,-0.3597,0.3597,False,,Mitoxy-80_v1.0,NA
ENSG00000112294,,ENSG00000112294,34,grey60,0.0566,-0.0963,-0.2698,0.2698,False,,Mitoxy-80_v1.0,NA
ENSG00000100342,,ENSG00000100342,461,blue,0.8720,-0.3501,0.1409,-0.1409,False,Iron metabolism,Mitoxy-80_v1.0,NA
ENSG00000107201,,ENSG00000107201,461,blue,0.8906,-0.1714,0.0240,-0.0240,False,Iron metabolism,Mitoxy-80_v1.0,NA
ENSG00000153898,,ENSG00000153898,34,grey60,0.4137,-0.2119,-0.2791,0.2791,False,,Mitoxy-80_v1.0,NA
ENSG00000151726,,ENSG00000151726,34,grey60,-0.5200,0.2971,0.2877,-0.2877,False,,Mitoxy-80_v1.0,NA
ENSG00000138468,,ENSG00000138468,464,green,0.8508,0.1718,-0.2838,0.2838,False,,Mitoxy-80_v1.0,NA
ENSG00000198018,,ENSG00000198018,0,grey,,,,,False,Not classified,Mitoxy-80_v1.0,NA
ENSG00000163737,,ENSG00000163737,0,grey,,,,,False,Not classified,Mitoxy-80_v1.0,NA
ENSG00000276775,,ENSG00000276775,277,grey60,0.6789,0.0163,-0.0546,0.0546,False,,Mitoxy-80_v1.0,NA
ENSG00000105835,,ENSG00000105835,113,green,-0.0975,0.3158,0.1262,-0.1262,False,,Mitoxy-80_v1.0,NA
ENSG00000205639,,ENSG00000205639,245,blue,-0.1603,0.0893,0.0809,-0.0809,False,Iron metabolism,Mitoxy-80_v1.0,NA
ENSG00000228314,,ENSG00000228314,34,grey60,0.2023,0.0213,-0.2015,0.2015,False,,Mitoxy-80_v1.0,NA
ENSG00000059378,,ENSG00000059378,461,blue,0.9200,-0.1887,-0.0345,0.0345,False,Iron metabolism,Mitoxy-80_v1.0,NA
ENSG00000240342,,ENSG00000240342,0,grey,,,,,False,Not classified,Mitoxy-80_v1.0,NA
ENSG00000229754,,ENSG00000229754,0,grey,,,,,False,Not classified,Mitoxy-80_v1.0,NA
ENSG00000254859,,ENSG00000254859,0,grey,,,,,False,Not classified,Mitoxy-80_v1.0,NA
ENSG00000155304,,ENSG00000155304,464,green,0.8624,0.0975,-0.2284,0.2284,False,,Mitoxy-80_v1.0,NA
ENSG00000019991,,ENSG00000019991,113,green,0.0536,0.2406,0.1669,-0.1669,False,,Mitoxy-80_v1.0,NA
ENSG00000224078,,ENSG00000224078,464,green,0.8286,-0.1513,-0.4502,0.4502,False,,Mitoxy-80_v1.0,NA
ENSG00000117560,,ENSG00000117560,34,grey60,0.4223,-0.2546,-0.2974,0.2974,False,,Mitoxy-80_v1.0,NA
ENSG00000227671,,ENSG00000227671,464,green,0.8317,0.1573,-0.2481,0.2481,False,,Mitoxy-80_v1.0,NA
ENSG00000187116,,ENSG00000187116,34,grey60,-0.2702,0.1089,0.5151,-0.5151,False,,Mitoxy-80_v1.0,NA
ENSG00000158869,,ENSG00000158869,34,grey60,-0.3260,-0.1808,0.4743,-0.4743,False,,Mitoxy-80_v1.0,NA
ENSG00000082512,,ENSG00000082512,464,green,0.8709,-0.1863,-0.4957,0.4957,False,,Mitoxy-80_v1.0,NA
ENSG00000104490,,ENSG00000104490,34,grey60,0.3486,-0.3189,-0.4476,0.4476,False,,Mitoxy-80_v1.0,NA
ENSG00000124181,,ENSG00000124181,34,grey60,0.4161,-0.1696,-0.4694,0.4694,False,,Mitoxy-80_v1.0,NA
ENSG00000164125,,ENSG00000164125,34,grey60,-0.1504,0.1499,0.0217,-0.0217,False,,Mitoxy-80_v1.0,NA
ENSG00000232346,,ENSG00000232346,34,grey60,0.1476,-0.2283,-0.0111,0.0111,False,,Mitoxy-80_v1.0,NA
ENSG00000113916,,ENSG00000113916,34,grey60,-0.4941,0.4110,0.2329,-0.2329,False,,Mitoxy-80_v1.0,NA
ENSG00000163568,,ENSG00000163568,0,grey,,,,,False,Not classified,Mitoxy-80_v1.0,NA
ENSG00000118777,,ENSG00000118777,245,blue,-0.0113,-0.0479,0.0974,-0.0974,False,Iron metabolism,Mitoxy-80_v1.0,NA
ENSG00000185477,,ENSG00000185477,464,green,0.9292,-0.0468,-0.3570,0.3570,False,,Mitoxy-80_v1.0,NA
ENSG00000214688,,ENSG00000214688,0,grey,,,,,False,Not classified,Mitoxy-80_v1.0,NA
ENSG00000136819,,ENSG00000136819,245,blue,-0.0983,-0.1583,-0.0016,0.0016,False,Iron metabolism,Mitoxy-80_v1.0,NA
ENSG00000088387,,ENSG00000088387,464,green,0.8740,-0.0169,-0.5545,0.5545,False,,Mitoxy-80_v1.0,NA
ENSG00000164951,,ENSG00000164951,464,green,0.9264,0.0434,-0.3251,0.3251,False,,Mitoxy-80_v1.0,NA
ENSG00000203999,,ENSG00000203999,0,grey,,,,,False,Not classified,Mitoxy-80_v1.0,NA
ENSG00000163644,,ENSG00000163644,464,green,0.6628,-0.2763,-0.3305,0.3305,False,,Mitoxy-80_v1.0,NA
ENSG00000006576,,ENSG00000006576,464,green,0.9515,0.1008,-0.3119,0.3119,False,,Mitoxy-80_v1.0,NA
ENSG00000137812,,ENSG00000137812,277,grey60,0.7337,0.1163,0.0514,-0.0514,False,,Mitoxy-80_v1.0,NA
ENSG00000133740,,ENSG00000133740,464,green,0.6762,-0.1993,-0.2942,0.2942,False,,Mitoxy-80_v1.0,NA
ENSG00000139626,,ENSG00000139626,34,grey60,0.5676,-0.2601,-0.2486,0.2486,False,,Mitoxy-80_v1.0,NA
ENSG00000143515,,ENSG00000143515,34,grey60,0.5131,-0.0634,-0.4622,0.4622,False,,Mitoxy-80_v1.0,NA
ENSG00000182578,,ENSG00000182578,0,grey,,,,,False,Not classified,Mitoxy-80_v1.0,NA
ENSG00000126821,,ENSG00000126821,464,green,0.8970,-0.0819,-0.3244,0.3244,False,,Mitoxy-80_v1.0,NA
ENSG00000105866,,ENSG00000105866,464,green,0.9436,-0.0208,-0.4190,0.4190,False,,Mitoxy-80_v1.0,NA
ENSG00000196911,,ENSG00000196911,464,green,0.8994,-0.2094,-0.4042,0.4042,False,,Mitoxy-80_v1.0,NA
ENSG00000240505,,ENSG00000240505,277,grey60,0.8593,-0.0869,-0.0646,0.0646,False,,Mitoxy-80_v1.0,NA
ENSG00000113319,,ENSG00000113319,464,green,0.7569,-0.1449,-0.5642,0.5642,False,,Mitoxy-80_v1.0,NA
ENSG00000140932,,ENSG00000140932,34,grey60,-0.3267,0.1483,0.2050,-0.2050,False,,Mitoxy-80_v1.0,NA
ENSG00000255328,,ENSG00000255328,0,grey,,,,,False,Not classified,Mitoxy-80_v1.0,NA
ENSG00000173597,,ENSG00000173597,113,green,0.0431,0.4160,0.0877,-0.0877,False,,Mitoxy-80_v1.0,NA
ENSG00000116991,,ENSG00000116991,34,grey60,-0.4910,0.3149,0.2559,-0.2559,False,,Mitoxy-80_v1.0,NA
ENSG00000182010,,ENSG00000182010,464,green,0.8388,-0.0993,-0.4916,0.4916,False,,Mitoxy-80_v1.0,NA
ENSG00000074966,,ENSG00000074966,464,green,0.8398,-0.0679,-0.5088,0.5088,False,,Mitoxy-80_v1.0,NA
ENSG00000116729,,ENSG00000116729,0,grey,,,,,False,Not classified,Mitoxy-80_v1.0,NA
ENSG00000171476,,ENSG00000171476,34,grey60,0.3300,-0.1330,-0.2224,0.2224,False,,Mitoxy-80_v1.0,NA
ENSG00000071794,,ENSG00000071794,464,green,0.9503,-0.0457,-0.4104,0.4104,False,,Mitoxy-80_v1.0,NA
ENSG00000017483,,ENSG00000017483,245,blue,0.0757,-0.1551,0.0585,-0.0585,False,Iron metabolism,Mitoxy-80_v1.0,NA
ENSG00000132849,,ENSG00000132849,464,green,0.8069,-0.0859,-0.5370,0.5370,False,,Mitoxy-80_v1.0,NA
ENSG00000205269,,ENSG00000205269,464,green,0.6663,0.3064,-0.1078,0.1078,False,,Mitoxy-80_v1.0,NA
ENSG00000213058,,ENSG00000213058,0,grey,,,,,False,Not classified,Mitoxy-80_v1.0,NA
ENSG00000229119,,ENSG00000229119,34,grey60,0.4536,0.3012,-0.2739,0.2739,False,,Mitoxy-80_v1.0,NA
ENSG00000256039,,ENSG00000256039,464,green,0.6151,-0.2870,-0.2728,0.2728,False,,Mitoxy-80_v1.0,NA
ENSG00000135519,,ENSG00000135519,0,grey,,,,,False,Not classified,Mitoxy-80_v1.0,NA
ENSG00000010327,,ENSG00000010327,0,grey,,,,,False,Not classified,Mitoxy-80_v1.0,NA
ENSG00000224067,,ENSG00000224067,34,grey60,-0.2638,0.0941,0.3584,-0.3584,False,,Mitoxy-80_v1.0,NA
ENSG00000118596,,ENSG00000118596,464,green,0.8831,0.0050,-0.3262,0.3262,False,,Mitoxy-80_v1.0,NA
ENSG00000133101,,ENSG00000133101,0,grey,,,,,False,Not classified,Mitoxy-80_v1.0,NA
ENSG00000115594,,ENSG00000115594,113,green,-0.1155,0.4631,0.1006,-0.1006,False,,Mitoxy-80_v1.0,NA
ENSG00000120278,,ENSG00000120278,34,grey60,0.0964,0.0365,-0.2846,0.2846,False,,Mitoxy-80_v1.0,NA
ENSG00000211973,,ENSG00000211973,277,grey60,0.7811,-0.0062,0.0257,-0.0257,False,,Mitoxy-80_v1.0,NA
ENSG00000169116,,ENSG00000169116,277,grey60,0.8108,-0.0586,-0.2721,0.2721,False,,Mitoxy-80_v1.0,NA
ENSG00000128228,,ENSG00000128228,372,white,0.7489,-0.1030,0.1619,-0.1619,False,,Mitoxy-80_v1.0,NA
ENSG00000185201,,ENSG00000185201,34,grey60,-0.3306,0.0409,0.3174,-0.3174,False,,Mitoxy-80_v1.0,NA
ENSG00000160185,,ENSG00000160185,34,grey60,0.4328,-0.2979,-0.4249,0.4249,False,,Mitoxy-80_v1.0,NA
ENSG00000203880,,ENSG00000203880,464,green,0.9187,0.1521,-0.4087,0.4087,False,,Mitoxy-80_v1.0,NA
ENSG00000087589,,ENSG00000087589,34,grey60,-0.2885,0.1488,-0.4805,0.4805,False,,Mitoxy-80_v1.0,NA
ENSG00000214456,,ENSG00000214456,34,grey60,-0.3788,0.3633,0.1927,-0.1927,False,,Mitoxy-80_v1.0,NA
ENSG00000162688,,ENSG00000162688,464,green,0.8753,0.1710,-0.3459,0.3459,False,,Mitoxy-80_v1.0,NA
ENSG00000111860,,ENSG00000111860,464,green,0.8916,0.1755,-0.4092,0.4092,False,,Mitoxy-80_v1.0,NA
ENSG00000189233,,ENSG00000189233,277,grey60,0.7600,-0.1187,-0.2061,0.2061,False,,Mitoxy-80_v1.0,NA
ENSG00000015171,,ENSG00000015171,464,green,0.9629,-0.0836,-0.4672,0.4672,False,,Mitoxy-80_v1.0,NA
ENSG00000163751,,ENSG00000163751,34,grey60,0.0868,-0.1972,-0.2005,0.2005,False,,Mitoxy-80_v1.0,NA
ENSG00000196937,,ENSG00000196937,464,green,0.8402,0.0319,-0.3239,0.3239,False,,Mitoxy-80_v1.0,NA
ENSG00000139116,,ENSG00000139116,464,green,0.7983,-0.2204,-0.4351,0.4351,False,,Mitoxy-80_v1.0,NA
ENSG00000183779,,ENSG00000183779,0,grey,,,,,False,Not classified,Mitoxy-80_v1.0,NA
ENSG00000111837,,ENSG00000111837,113,green,-0.0604,0.3060,-0.0779,0.0779,False,,Mitoxy-80_v1.0,NA
ENSG00000171596,,ENSG00000171596,34,grey60,0.2878,-0.1863,-0.3344,0.3344,False,,Mitoxy-80_v1.0,NA
ENSG00000168824,,ENSG00000168824,34,grey60,0.3270,-0.2155,-0.4770,0.4770,False,,Mitoxy-80_v1.0,NA
ENSG00000101188,,ENSG00000101188,0,grey,,,,,False,Not classified,Mitoxy-80_v1.0,NA
ENSG00000268170,,ENSG00000268170,113,green,0.0027,0.3839,0.1393,-0.1393,False,,Mitoxy-80_v1.0,NA
ENSG00000177311,,ENSG00000177311,464,green,0.9359,0.0666,-0.3869,0.3869,False,,Mitoxy-80_v1.0,NA
ENSG00000242574,,ENSG00000242574,34,grey60,0.1706,-0.3823,-0.2905,0.2905,False,,Mitoxy-80_v1.0,NA
ENSG00000162591,,ENSG00000162591,0,grey,,,,,False,Not classified,Mitoxy-80_v1.0,NA
ENSG00000138821,,ENSG00000138821,34,grey60,0.1028,0.0446,-0.0024,0.0024,False,,Mitoxy-80_v1.0,NA
ENSG00000073737,,ENSG00000073737,0,grey,,,,,False,Not classified,Mitoxy-80_v1.0,NA
ENSG00000101224,,ENSG00000101224,34,grey60,0.5636,-0.2530,-0.3686,0.3686,False,,Mitoxy-80_v1.0,NA
ENSG00000281103,,ENSG00000281103,464,green,0.8215,-0.1348,-0.4147,0.4147,False,,Mitoxy-80_v1.0,NA
ENSG00000167513,,ENSG00000167513,277,grey60,0.7877,-0.0040,0.1658,-0.1658,False,,Mitoxy-80_v1.0,NA
ENSG00000189337,,ENSG00000189337,0,grey,,,,,False,Not classified,Mitoxy-80_v1.0,NA
ENSG00000073111,,ENSG00000073111,277,grey60,0.8193,0.0190,-0.0920,0.0920,False,,Mitoxy-80_v1.0,NA
ENSG00000170486,,ENSG00000170486,34,grey60,0.1963,0.0429,-0.4300,0.4300,False,,Mitoxy-80_v1.0,NA
ENSG00000233614,,ENSG00000233614,0,grey,,,,,False,Not classified,Mitoxy-80_v1.0,NA
ENSG00000171241,,ENSG00000171241,277,grey60,0.8312,0.0963,0.1710,-0.1710,False,,Mitoxy-80_v1.0,NA
ENSG00000196664,,ENSG00000196664,34,grey60,0.2348,-0.2479,-0.1563,0.1563,False,,Mitoxy-80_v1.0,NA
ENSG00000125691,,ENSG00000125691,34,grey60,0.3241,0.0417,0.0159,-0.0159,False,,Mitoxy-80_v1.0,NA
ENSG00000273837,,ENSG00000273837,0,grey,,,,,False,Not classified,Mitoxy-80_v1.0,NA
ENSG00000055118,,ENSG00000055118,245,blue,-0.1998,0.0437,0.0082,-0.0082,False,Iron metabolism,Mitoxy-80_v1.0,NA
ENSG00000187010,,ENSG00000187010,245,blue,-0.0379,0.0719,0.1409,-0.1409,False,Iron metabolism,Mitoxy-80_v1.0,NA
ENSG00000204323,,ENSG00000204323,245,blue,-0.0239,-0.0163,0.1316,-0.1316,False,Iron metabolism,Mitoxy-80_v1.0,NA
ENSG00000178719,,ENSG00000178719,34,grey60,-0.3564,0.1689,0.3946,-0.3946,False,,Mitoxy-80_v1.0,NA
ENSG00000204397,,ENSG00000204397,0,grey,,,,,False,Not classified,Mitoxy-80_v1.0,NA
ENSG00000094804,,ENSG00000094804,277,grey60,0.8667,0.0071,0.2278,-0.2278,False,,Mitoxy-80_v1.0,NA
ENSG00000198780,,ENSG00000198780,464,green,0.9028,-0.0956,-0.5366,0.5366,False,,Mitoxy-80_v1.0,NA
ENSG00000185101,,ENSG00000185101,34,grey60,0.4174,-0.0600,-0.3931,0.3931,False,,Mitoxy-80_v1.0,NA
ENSG00000104093,,ENSG00000104093,464,green,0.5910,0.2377,-0.1423,0.1423,False,,Mitoxy-80_v1.0,NA
ENSG00000177954,,ENSG00000177954,34,grey60,0.3528,-0.0130,-0.0266,0.0266,False,,Mitoxy-80_v1.0,NA
ENSG00000280027,,ENSG00000280027,464,green,0.5716,-0.1040,-0.3940,0.3940,False,,Mitoxy-80_v1.0,NA
ENSG00000284690,,ENSG00000284690,0,grey,,,,,False,Not classified,Mitoxy-80_v1.0,NA
ENSG00000154330,,ENSG00000154330,0,grey,,,,,False,Not classified,Mitoxy-80_v1.0,NA
ENSG00000063854,,ENSG00000063854,245,blue,-0.2047,-0.0507,0.0025,-0.0025,False,Iron metabolism,Mitoxy-80_v1.0,NA
ENSG00000233276,,ENSG00000233276,245,blue,-0.1158,0.0236,0.2010,-0.2010,False,Iron metabolism,Mitoxy-80_v1.0,NA
ENSG00000165406,,ENSG00000165406,245,blue,-0.0795,0.0082,-0.0562,0.0562,False,Iron metabolism,Mitoxy-80_v1.0,NA
ENSG00000188822,,ENSG00000188822,34,grey60,0.2691,-0.2026,-0.4191,0.4191,False,,Mitoxy-80_v1.0,NA
ENSG00000155545,,ENSG00000155545,464,green,0.9317,0.0579,-0.2765,0.2765,False,,Mitoxy-80_v1.0,NA
ENSG00000204287,,ENSG00000204287,34,grey60,0.1553,-0.5155,-0.1077,0.1077,False,,Mitoxy-80_v1.0,NA
ENSG00000145390,,ENSG00000145390,464,green,0.8740,0.0353,-0.4715,0.4715,False,,Mitoxy-80_v1.0,NA
ENSG00000186265,,ENSG00000186265,464,green,0.8249,-0.1120,-0.3826,0.3826,False,,Mitoxy-80_v1.0,NA
ENSG00000180096,,ENSG00000180096,34,grey60,0.5164,-0.3041,-0.3123,0.3123,False,,Mitoxy-80_v1.0,NA
ENSG00000137876,,ENSG00000137876,464,green,0.6434,0.2072,-0.0067,0.0067,False,,Mitoxy-80_v1.0,NA
ENSG00000089775,,ENSG00000089775,464,green,0.9111,-0.1443,-0.5130,0.5130,False,,Mitoxy-80_v1.0,NA
ENSG00000258476,,ENSG00000258476,0,grey,,,,,False,Not classified,Mitoxy-80_v1.0,NA
ENSG00000166428,,ENSG00000166428,34,grey60,0.2820,-0.2011,-0.4186,0.4186,False,,Mitoxy-80_v1.0,NA
ENSG00000276644,,ENSG00000276644,113,green,-0.0584,0.3445,0.2082,-0.2082,False,,Mitoxy-80_v1.0,NA
ENSG00000130303,,ENSG00000130303,0,grey,,,,,False,Not classified,Mitoxy-80_v1.0,NA
ENSG00000198019,,ENSG00000198019,0,grey,,,,,False,Not classified,Mitoxy-80_v1.0,NA
ENSG00000196126,,ENSG00000196126,372,white,0.7202,-0.4137,-0.1528,0.1528,False,,Mitoxy-80_v1.0,NA
ENSG00000172005,,ENSG00000172005,34,grey60,0.2550,-0.2178,-0.3605,0.3605,False,,Mitoxy-80_v1.0,NA
ENSG00000182871,,ENSG00000182871,0,grey,,,,,False,Not classified,Mitoxy-80_v1.0,NA
ENSG00000065675,,ENSG00000065675,34,grey60,0.4315,-0.3088,-0.4577,0.4577,False,,Mitoxy-80_v1.0,NA
ENSG00000159445,,ENSG00000159445,34,grey60,0.3649,-0.2094,-0.5178,0.5178,False,,Mitoxy-80_v1.0,NA
ENSG00000113140,,ENSG00000113140,0,grey,,,,,False,Not classified,Mitoxy-80_v1.0,NA
ENSG00000134545,,ENSG00000134545,34,grey60,0.4048,-0.1544,-0.2399,0.2399,False,,Mitoxy-80_v1.0,NA
ENSG00000197969,,ENSG00000197969,464,green,0.9538,-0.0100,-0.4402,0.4402,False,,Mitoxy-80_v1.0,NA
ENSG00000221963,,ENSG00000221963,461,blue,0.9012,-0.2759,0.0396,-0.0396,False,Iron metabolism,Mitoxy-80_v1.0,NA
ENSG00000106066,,ENSG00000106066,34,grey60,-0.0230,-0.3114,-0.1169,0.1169,False,,Mitoxy-80_v1.0,NA
ENSG00000166793,,ENSG00000166793,245,blue,-0.0535,0.0695,0.0858,-0.0858,False,Iron metabolism,Mitoxy-80_v1.0,NA
ENSG00000088826,,ENSG00000088826,245,blue,-0.1043,0.0808,0.0992,-0.0992,False,Iron metabolism,Mitoxy-80_v1.0,NA
ENSG00000163735,,ENSG00000163735,0,grey,,,,,False,Not classified,Mitoxy-80_v1.0,NA
ENSG00000168229,,ENSG00000168229,464,green,0.7393,-0.1511,-0.4406,0.4406,False,,Mitoxy-80_v1.0,NA
ENSG00000011426,,ENSG00000011426,277,grey60,0.6571,0.1781,0.1962,-0.1962,False,,Mitoxy-80_v1.0,NA
ENSG00000188906,,ENSG00000188906,113,green,0.4298,0.2582,-0.0814,0.0814,False,,Mitoxy-80_v1.0,NA
ENSG00000138722,,ENSG00000138722,0,grey,,,,,False,Not classified,Mitoxy-80_v1.0,NA
ENSG00000065328,,ENSG00000065328,277,grey60,0.8330,0.0307,0.1861,-0.1861,False,,Mitoxy-80_v1.0,NA
ENSG00000129968,,ENSG00000129968,372,white,0.8132,0.2262,-0.0402,0.0402,False,,Mitoxy-80_v1.0,NA
ENSG00000115687,,ENSG00000115687,34,grey60,0.4363,-0.1345,-0.5006,0.5006,False,,Mitoxy-80_v1.0,NA
ENSG00000154358,,ENSG00000154358,34,grey60,0.3487,0.0200,-0.4749,0.4749,False,,Mitoxy-80_v1.0,NA
ENSG00000073350,,ENSG00000073350,34,grey60,0.3667,-0.1439,-0.2319,0.2319,False,,Mitoxy-80_v1.0,NA
ENSG00000174358,,ENSG00000174358,245,blue,-0.1142,0.1059,0.1145,-0.1145,False,Iron metabolism,Mitoxy-80_v1.0,NA
ENSG00000196562,,ENSG00000196562,34,grey60,-0.0423,-0.0105,-0.2882,0.2882,False,,Mitoxy-80_v1.0,NA
ENSG00000083720,,ENSG00000083720,464,green,0.8285,-0.2050,-0.3380,0.3380,False,,Mitoxy-80_v1.0,NA
ENSG00000107281,,ENSG00000107281,372,white,0.8058,-0.0352,0.0113,-0.0113,False,,Mitoxy-80_v1.0,NA
ENSG00000161642,,ENSG00000161642,372,white,0.6797,-0.1255,-0.0604,0.0604,False,,Mitoxy-80_v1.0,NA
ENSG00000131634,,ENSG00000131634,34,grey60,0.3947,-0.1589,-0.3733,0.3733,False,,Mitoxy-80_v1.0,NA
ENSG00000156802,,ENSG00000156802,464,green,0.8238,0.0273,-0.1956,0.1956,False,,Mitoxy-80_v1.0,NA
ENSG00000116663,,ENSG00000116663,0,grey,,,,,False,Not classified,Mitoxy-80_v1.0,NA
ENSG00000181827,,ENSG00000181827,464,green,0.9627,-0.0371,-0.4370,0.4370,False,,Mitoxy-80_v1.0,NA
ENSG00000152689,,ENSG00000152689,34,grey60,0.4727,-0.2259,-0.2468,0.2468,False,,Mitoxy-80_v1.0,NA
ENSG00000169583,,ENSG00000169583,372,white,0.7989,-0.2143,-0.0831,0.0831,False,,Mitoxy-80_v1.0,NA
ENSG00000010610,,ENSG00000010610,34,grey60,0.1477,-0.3149,-0.3779,0.3779,False,,Mitoxy-80_v1.0,NA
ENSG00000119900,,ENSG00000119900,464,green,0.7337,0.1630,-0.3679,0.3679,False,,Mitoxy-80_v1.0,NA
ENSG00000161381,,ENSG00000161381,34,grey60,0.2441,-0.1730,-0.5862,0.5862,False,,Mitoxy-80_v1.0,NA
ENSG00000116984,,ENSG00000116984,464,green,0.9408,-0.0359,-0.4990,0.4990,False,,Mitoxy-80_v1.0,NA
ENSG00000204839,,ENSG00000204839,34,grey60,-0.1101,0.3657,0.3453,-0.3453,False,,Mitoxy-80_v1.0,NA
ENSG00000106460,,ENSG00000106460,464,green,0.9419,-0.0162,-0.3976,0.3976,False,,Mitoxy-80_v1.0,NA
ENSG00000187554,,ENSG00000187554,34,grey60,-0.4879,0.2471,0.4316,-0.4316,False,,Mitoxy-80_v1.0,NA
ENSG00000131153,,ENSG00000131153,277,grey60,0.8413,-0.1149,0.1801,-0.1801,False,,Mitoxy-80_v1.0,NA
ENSG00000110455,,ENSG00000110455,34,grey60,0.2615,-0.0297,-0.3385,0.3385,False,,Mitoxy-80_v1.0,NA
ENSG00000189057,,ENSG00000189057,277,grey60,0.7635,-0.0995,-0.0693,0.0693,False,,Mitoxy-80_v1.0,NA
ENSG00000162601,,ENSG00000162601,464,green,0.8847,0.1886,-0.3382,0.3382,False,,Mitoxy-80_v1.0,NA
ENSG00000168268,,ENSG00000168268,372,white,0.5813,0.0917,0.1882,-0.1882,False,,Mitoxy-80_v1.0,NA
ENSG00000114423,,ENSG00000114423,464,green,0.8343,-0.2340,-0.4382,0.4382,False,,Mitoxy-80_v1.0,NA
ENSG00000123091,,ENSG00000123091,0,grey,,,,,False,Not classified,Mitoxy-80_v1.0,NA
ENSG00000179044,,ENSG00000179044,0,grey,,,,,False,Not classified,Mitoxy-80_v1.0,NA
ENSG00000211976,,ENSG00000211976,277,grey60,0.7791,0.0176,-0.0191,0.0191,False,,Mitoxy-80_v1.0,NA
ENSG00000152601,,ENSG00000152601,464,green,0.9054,0.1997,-0.3458,0.3458,False,,Mitoxy-80_v1.0,NA
ENSG00000116406,,ENSG00000116406,464,green,0.7952,0.2724,-0.1972,0.1972,False,,Mitoxy-80_v1.0,NA
ENSG00000102575,,ENSG00000102575,372,white,0.7127,-0.1473,0.0696,-0.0696,False,,Mitoxy-80_v1.0,NA
ENSG00000133216,,ENSG00000133216,0,grey,,,,,False,Not classified,Mitoxy-80_v1.0,NA
ENSG00000188282,,ENSG00000188282,0,grey,,,,,False,Not classified,Mitoxy-80_v1.0,NA
ENSG00000128512,,ENSG00000128512,0,grey,,,,,False,Not classified,Mitoxy-80_v1.0,NA
ENSG00000162739,,ENSG00000162739,34,grey60,0.4856,-0.3594,-0.3619,0.3619,False,,Mitoxy-80_v1.0,NA
ENSG00000138778,,ENSG00000138778,277,grey60,0.6153,0.2443,0.0872,-0.0872,False,,Mitoxy-80_v1.0,NA
ENSG00000213373,,ENSG00000213373,34,grey60,-0.1123,0.3915,0.3511,-0.3511,False,,Mitoxy-80_v1.0,NA
ENSG00000149212,,ENSG00000149212,34,grey60,-0.1595,0.0750,-0.2935,0.2935,False,,Mitoxy-80_v1.0,NA
ENSG00000110693,,ENSG00000110693,245,blue,-0.1400,0.0707,0.1153,-0.1153,False,Iron metabolism,Mitoxy-80_v1.0,NA
ENSG00000102780,,ENSG00000102780,464,green,0.7744,0.1647,-0.2821,0.2821,False,,Mitoxy-80_v1.0,NA
ENSG00000154928,,ENSG00000154928,0,grey,,,,,False,Not classified,Mitoxy-80_v1.0,NA
ENSG00000188158,,ENSG00000188158,464,green,0.6205,0.1725,-0.4403,0.4403,False,,Mitoxy-80_v1.0,NA
ENSG00000101752,,ENSG00000101752,464,green,0.8759,0.2263,-0.3279,0.3279,False,,Mitoxy-80_v1.0,NA
ENSG00000127995,,ENSG00000127995,464,green,0.9638,-0.0723,-0.4253,0.4253,False,,Mitoxy-80_v1.0,NA
ENSG00000237781,,ENSG00000237781,0,grey,,,,,False,Not classified,Mitoxy-80_v1.0,NA
ENSG00000139163,,ENSG00000139163,464,green,0.9034,0.0123,-0.2716,0.2716,False,,Mitoxy-80_v1.0,NA
ENSG00000091409,,ENSG00000091409,464,green,0.8355,-0.0134,-0.5006,0.5006,False,,Mitoxy-80_v1.0,NA
ENSG00000047634,,ENSG00000047634,464,green,0.8146,-0.0626,-0.3980,0.3980,False,,Mitoxy-80_v1.0,NA
ENSG00000140479,,ENSG00000140479,0,grey,,,,,False,Not classified,Mitoxy-80_v1.0,NA
ENSG00000000971,,ENSG00000000971,464,green,0.5261,-0.1006,-0.2358,0.2358,False,,Mitoxy-80_v1.0,NA
ENSG00000137804,,ENSG00000137804,277,grey60,0.7934,-0.0508,0.1228,-0.1228,False,,Mitoxy-80_v1.0,NA
ENSG00000186431,,ENSG00000186431,34,grey60,-0.3923,0.3709,0.3749,-0.3749,False,,Mitoxy-80_v1.0,NA
ENSG00000213809,,ENSG00000213809,34,grey60,0.2682,-0.2458,-0.4547,0.4547,False,,Mitoxy-80_v1.0,NA
ENSG00000153208,,ENSG00000153208,0,grey,,,,,False,Not classified,Mitoxy-80_v1.0,NA
ENSG00000035115,,ENSG00000035115,464,green,0.8750,-0.1263,-0.4930,0.4930,False,,Mitoxy-80_v1.0,NA
ENSG00000163104,,ENSG00000163104,464,green,0.9589,-0.0775,-0.3703,0.3703,False,,Mitoxy-80_v1.0,NA
ENSG00000262714,,ENSG00000262714,34,grey60,-0.1707,-0.0774,-0.4261,0.4261,False,,Mitoxy-80_v1.0,NA
ENSG00000187621,,ENSG00000187621,34,grey60,0.2943,-0.1144,-0.3509,0.3509,False,,Mitoxy-80_v1.0,NA
ENSG00000187912,,ENSG00000187912,34,grey60,0.3354,-0.0125,-0.4304,0.4304,False,,Mitoxy-80_v1.0,NA
ENSG00000179909,,ENSG00000179909,464,green,0.7990,-0.0700,-0.4617,0.4617,False,,Mitoxy-80_v1.0,NA
ENSG00000105048,,ENSG00000105048,0,grey,,,,,False,Not classified,Mitoxy-80_v1.0,NA
ENSG00000062282,,ENSG00000062282,34,grey60,-0.4297,0.3102,0.1307,-0.1307,False,,Mitoxy-80_v1.0,NA
ENSG00000122482,,ENSG00000122482,464,green,0.9442,0.1033,-0.3259,0.3259,False,,Mitoxy-80_v1.0,NA
ENSG00000171860,,ENSG00000171860,0,grey,,,,,False,Not classified,Mitoxy-80_v1.0,NA
ENSG00000131797,,ENSG00000131797,34,grey60,0.4401,-0.1010,-0.3934,0.3934,False,,Mitoxy-80_v1.0,NA
ENSG00000205045,,ENSG00000205045,34,grey60,0.3620,-0.2052,-0.3836,0.3836,False,,Mitoxy-80_v1.0,NA
ENSG00000198286,,ENSG00000198286,34,grey60,0.4749,-0.1832,-0.4207,0.4207,False,,Mitoxy-80_v1.0,NA
ENSG00000172594,,ENSG00000172594,0,grey,,,,,False,Not classified,Mitoxy-80_v1.0,NA
ENSG00000151150,,ENSG00000151150,464,green,0.7578,-0.0646,-0.4902,0.4902,False,,Mitoxy-80_v1.0,NA
ENSG00000122224,,ENSG00000122224,34,grey60,0.4260,-0.2875,-0.4384,0.4384,False,,Mitoxy-80_v1.0,NA
ENSG00000011590,,ENSG00000011590,277,grey60,0.8280,0.0035,0.0482,-0.0482,False,,Mitoxy-80_v1.0,NA
ENSG00000158711,,ENSG00000158711,464,green,0.9687,-0.0779,-0.4410,0.4410,False,,Mitoxy-80_v1.0,NA
ENSG00000186583,,ENSG00000186583,34,grey60,-0.1580,0.1832,0.3735,-0.3735,False,,Mitoxy-80_v1.0,NA
ENSG00000095564,,ENSG00000095564,464,green,0.9281,0.1838,-0.3690,0.3690,False,,Mitoxy-80_v1.0,NA
ENSG00000275302,,ENSG00000275302,34,grey60,0.3128,-0.3299,-0.1107,0.1107,False,,Mitoxy-80_v1.0,NA
ENSG00000165801,,ENSG00000165801,0,grey,,,,,False,Not classified,Mitoxy-80_v1.0,NA
ENSG00000124942,,ENSG00000124942,464,green,0.7635,-0.0130,-0.4820,0.4820,False,,Mitoxy-80_v1.0,NA
ENSG00000140464,,ENSG00000140464,461,blue,0.8474,-0.1643,0.1795,-0.1795,False,Iron metabolism,Mitoxy-80_v1.0,NA
ENSG00000257878,,ENSG00000257878,0,grey,,,,,False,Not classified,Mitoxy-80_v1.0,NA
ENSG00000085563,,ENSG00000085563,464,green,0.8315,-0.1362,-0.5104,0.5104,False,,Mitoxy-80_v1.0,NA
ENSG00000236901,,ENSG00000236901,464,green,0.6834,-0.0173,-0.5145,0.5145,False,,Mitoxy-80_v1.0,NA
ENSG00000162367,,ENSG00000162367,245,blue,-0.0953,0.0865,0.0201,-0.0201,False,Iron metabolism,Mitoxy-80_v1.0,NA
ENSG00000197057,,ENSG00000197057,464,green,0.7311,-0.1704,-0.4283,0.4283,False,,Mitoxy-80_v1.0,NA
ENSG00000100852,,ENSG00000100852,464,green,0.9515,-0.0380,-0.4378,0.4378,False,,Mitoxy-80_v1.0,NA
ENSG00000113303,,ENSG00000113303,0,grey,,,,,False,Not classified,Mitoxy-80_v1.0,NA
ENSG00000138378,,ENSG00000138378,34,grey60,0.3926,-0.3492,-0.4058,0.4058,False,,Mitoxy-80_v1.0,NA
ENSG00000149554,,ENSG00000149554,277,grey60,0.8409,-0.0467,0.0748,-0.0748,False,,Mitoxy-80_v1.0,NA
ENSG00000159753,,ENSG00000159753,34,grey60,0.5075,-0.0377,-0.3935,0.3935,False,,Mitoxy-80_v1.0,NA
ENSG00000186174,,ENSG00000186174,34,grey60,0.3052,-0.0618,-0.5046,0.5046,False,,Mitoxy-80_v1.0,NA
ENSG00000181754,,ENSG00000181754,34,grey60,0.2553,-0.1518,-0.5887,0.5887,False,,Mitoxy-80_v1.0,NA
ENSG00000114120,,ENSG00000114120,464,green,0.9632,-0.0267,-0.3916,0.3916,False,,Mitoxy-80_v1.0,NA
ENSG00000059758,,ENSG00000059758,464,green,0.8657,0.1410,-0.2904,0.2904,False,,Mitoxy-80_v1.0,NA
ENSG00000173930,,ENSG00000173930,113,green,0.4261,0.3670,-0.0576,0.0576,False,,Mitoxy-80_v1.0,NA
ENSG00000091039,,ENSG00000091039,113,green,0.6457,0.2762,-0.2123,0.2123,False,,Mitoxy-80_v1.0,NA
ENSG00000147604,,ENSG00000147604,34,grey60,0.3208,0.1185,-0.0099,0.0099,False,,Mitoxy-80_v1.0,NA
ENSG00000117322,,ENSG00000117322,464,green,0.7241,-0.0409,-0.5340,0.5340,False,,Mitoxy-80_v1.0,NA
ENSG00000185630,,ENSG00000185630,245,blue,-0.1180,0.0145,-0.0169,0.0169,False,Iron metabolism,Mitoxy-80_v1.0,NA
ENSG00000185909,,ENSG00000185909,0,grey,,,,,False,Not classified,Mitoxy-80_v1.0,NA
ENSG00000166405,,ENSG00000166405,34,grey60,0.3844,-0.1372,-0.4501,0.4501,False,,Mitoxy-80_v1.0,NA
ENSG00000152207,,ENSG00000152207,464,green,0.6736,-0.2224,-0.4677,0.4677,False,,Mitoxy-80_v1.0,NA
ENSG00000137310,,ENSG00000137310,277,grey60,0.8239,-0.0496,-0.1619,0.1619,False,,Mitoxy-80_v1.0,NA
ENSG00000173262,,ENSG00000173262,0,grey,,,,,False,Not classified,Mitoxy-80_v1.0,NA
ENSG00000036549,,ENSG00000036549,464,green,0.9711,0.0020,-0.4343,0.4343,False,,Mitoxy-80_v1.0,NA
ENSG00000230724,,ENSG00000230724,0,grey,,,,,False,Not classified,Mitoxy-80_v1.0,NA
ENSG00000059588,,ENSG00000059588,464,green,0.8805,-0.0463,-0.4679,0.4679,False,,Mitoxy-80_v1.0,NA
ENSG00000211746,,ENSG00000211746,34,grey60,0.3525,-0.3351,-0.4435,0.4435,False,,Mitoxy-80_v1.0,NA
ENSG00000248905,,ENSG00000248905,0,grey,,,,,False,Not classified,Mitoxy-80_v1.0,NA
ENSG00000154839,,ENSG00000154839,277,grey60,0.8405,-0.0191,0.1333,-0.1333,False,,Mitoxy-80_v1.0,NA
ENSG00000136213,,ENSG00000136213,34,grey60,0.5577,-0.2762,-0.2034,0.2034,False,,Mitoxy-80_v1.0,NA
ENSG00000188313,,ENSG00000188313,0,grey,,,,,False,Not classified,Mitoxy-80_v1.0,NA
ENSG00000166562,,ENSG00000166562,277,grey60,0.8176,-0.1093,-0.0059,0.0059,False,,Mitoxy-80_v1.0,NA
ENSG00000164211,,ENSG00000164211,464,green,0.8572,0.1078,-0.2169,0.2169,False,,Mitoxy-80_v1.0,NA
ENSG00000235162,,ENSG00000235162,34,grey60,0.6603,-0.1432,-0.1732,0.1732,False,,Mitoxy-80_v1.0,NA
ENSG00000282572,,ENSG00000282572,34,grey60,-0.3192,0.6147,0.1562,-0.1562,False,,Mitoxy-80_v1.0,NA
ENSG00000188486,,ENSG00000188486,372,white,0.8227,-0.0093,0.1469,-0.1469,False,,Mitoxy-80_v1.0,NA
ENSG00000182463,,ENSG00000182463,34,grey60,0.2734,-0.0726,-0.4986,0.4986,False,,Mitoxy-80_v1.0,NA
ENSG00000165209,,ENSG00000165209,464,green,0.7769,-0.1736,-0.4175,0.4175,False,,Mitoxy-80_v1.0,NA
ENSG00000152409,,ENSG00000152409,464,green,0.9436,-0.0543,-0.4749,0.4749,False,,Mitoxy-80_v1.0,NA
ENSG00000184500,,ENSG00000184500,0,grey,,,,,False,Not classified,Mitoxy-80_v1.0,NA
ENSG00000088992,,ENSG00000088992,245,blue,-0.2475,-0.0880,-0.0129,0.0129,False,Iron metabolism,Mitoxy-80_v1.0,NA
ENSG00000100325,,ENSG00000100325,245,blue,-0.0778,-0.2244,-0.1286,0.1286,False,Iron metabolism,Mitoxy-80_v1.0,NA
ENSG00000163599,,ENSG00000163599,34,grey60,0.6309,-0.1301,-0.2474,0.2474,False,,Mitoxy-80_v1.0,NA
ENSG00000123219,,ENSG00000123219,464,green,0.8172,-0.0504,-0.2654,0.2654,False,,Mitoxy-80_v1.0,NA
ENSG00000156162,,ENSG00000156162,464,green,0.9448,-0.0452,-0.4033,0.4033,False,,Mitoxy-80_v1.0,NA
ENSG00000075218,,ENSG00000075218,277,grey60,0.8251,0.1132,0.1722,-0.1722,False,,Mitoxy-80_v1.0,NA
ENSG00000131016,,ENSG00000131016,34,grey60,-0.0865,-0.0663,-0.3407,0.3407,False,,Mitoxy-80_v1.0,NA
ENSG00000185436,,ENSG00000185436,34,grey60,0.6402,-0.0716,-0.2494,0.2494,False,,Mitoxy-80_v1.0,NA
ENSG00000096696,,ENSG00000096696,34,grey60,0.0857,-0.1005,-0.3145,0.3145,False,,Mitoxy-80_v1.0,NA
ENSG00000115365,,ENSG00000115365,464,green,0.9298,-0.1345,-0.4226,0.4226,False,,Mitoxy-80_v1.0,NA
ENSG00000133818,,ENSG00000133818,464,green,0.8451,-0.1726,-0.3905,0.3905,False,,Mitoxy-80_v1.0,NA
ENSG00000179222,,ENSG00000179222,34,grey60,0.7167,-0.0983,-0.3581,0.3581,False,,Mitoxy-80_v1.0,NA
ENSG00000185340,,ENSG00000185340,0,grey,,,,,False,Not classified,Mitoxy-80_v1.0,NA
ENSG00000112053,,ENSG00000112053,34,grey60,-0.2674,0.2364,0.5177,-0.5177,False,,Mitoxy-80_v1.0,NA
ENSG00000104814,,ENSG00000104814,34,grey60,0.5674,-0.2405,-0.3151,0.3151,False,,Mitoxy-80_v1.0,NA
ENSG00000067064,,ENSG00000067064,113,green,0.0611,0.3266,0.2263,-0.2263,False,,Mitoxy-80_v1.0,NA
ENSG00000184489,,ENSG00000184489,0,grey,,,,,False,Not classified,Mitoxy-80_v1.0,NA
ENSG00000104765,,ENSG00000104765,245,blue,-0.1541,0.0167,0.0130,-0.0130,False,Iron metabolism,Mitoxy-80_v1.0,NA
ENSG00000175893,,ENSG00000175893,464,green,0.9067,-0.1183,-0.3316,0.3316,False,,Mitoxy-80_v1.0,NA
ENSG00000152082,,ENSG00000152082,372,white,0.8291,-0.0039,0.0688,-0.0688,False,,Mitoxy-80_v1.0,NA
ENSG00000182173,,ENSG00000182173,34,grey60,0.4629,-0.2189,-0.2831,0.2831,False,,Mitoxy-80_v1.0,NA
ENSG00000234851,,ENSG00000234851,34,grey60,0.3441,0.1005,-0.4365,0.4365,False,,Mitoxy-80_v1.0,NA
ENSG00000123989,,ENSG00000123989,277,grey60,0.8373,0.0163,0.0249,-0.0249,False,,Mitoxy-80_v1.0,NA
ENSG00000166881,,ENSG00000166881,464,green,0.9287,-0.0296,-0.4375,0.4375,False,,Mitoxy-80_v1.0,NA
ENSG00000154027,,ENSG00000154027,34,grey60,0.1635,-0.2010,-0.6063,0.6063,False,,Mitoxy-80_v1.0,NA
ENSG00000116667,,ENSG00000116667,34,grey60,0.2622,-0.3235,-0.3337,0.3337,False,,Mitoxy-80_v1.0,NA
ENSG00000147408,,ENSG00000147408,113,green,0.3053,0.3996,-0.1296,0.1296,False,,Mitoxy-80_v1.0,NA
ENSG00000178573,,ENSG00000178573,464,green,0.8629,-0.2295,-0.4097,0.4097,False,,Mitoxy-80_v1.0,NA
ENSG00000188820,,ENSG00000188820,0,grey,,,,,False,Not classified,Mitoxy-80_v1.0,NA
ENSG00000165832,,ENSG00000165832,464,green,0.9501,-0.0792,-0.3717,0.3717,False,,Mitoxy-80_v1.0,NA
ENSG00000021300,,ENSG00000021300,34,grey60,0.3293,-0.2288,-0.4873,0.4873,False,,Mitoxy-80_v1.0,NA
ENSG00000129003,,ENSG00000129003,464,green,0.9312,-0.0258,-0.3757,0.3757,False,,Mitoxy-80_v1.0,NA
ENSG00000151623,,ENSG00000151623,464,green,0.8155,-0.0858,-0.6194,0.6194,False,,Mitoxy-80_v1.0,NA
ENSG00000174405,,ENSG00000174405,464,green,0.7031,0.2921,-0.1476,0.1476,False,,Mitoxy-80_v1.0,NA
ENSG00000101842,,ENSG00000101842,34,grey60,0.2412,-0.2393,-0.5383,0.5383,False,,Mitoxy-80_v1.0,NA
ENSG00000115419,,ENSG00000115419,464,green,0.9496,-0.0102,-0.3747,0.3747,False,,Mitoxy-80_v1.0,NA
ENSG00000138448,,ENSG00000138448,464,green,0.8788,0.1418,-0.2484,0.2484,False,,Mitoxy-80_v1.0,NA
ENSG00000080573,,ENSG00000080573,34,grey60,0.4100,-0.1551,-0.3101,0.3101,False,,Mitoxy-80_v1.0,NA
ENSG00000138182,,ENSG00000138182,464,green,0.7282,0.1068,-0.2215,0.2215,False,,Mitoxy-80_v1.0,NA
ENSG00000108106,,ENSG00000108106,372,white,0.6572,0.0872,0.2505,-0.2505,False,,Mitoxy-80_v1.0,NA
ENSG00000038427,,ENSG00000038427,0,grey,,,,,False,Not classified,Mitoxy-80_v1.0,NA
ENSG00000180767,,ENSG00000180767,0,grey,,,,,False,Not classified,Mitoxy-80_v1.0,NA
ENSG00000182534,,ENSG00000182534,0,grey,,,,,False,Not classified,Mitoxy-80_v1.0,NA
ENSG00000204020,,ENSG00000204020,0,grey,,,,,False,Not classified,Mitoxy-80_v1.0,NA
ENSG00000130787,,ENSG00000130787,34,grey60,0.5611,-0.0469,-0.4047,0.4047,False,,Mitoxy-80_v1.0,NA
ENSG00000165304,,ENSG00000165304,277,grey60,0.8202,0.0110,0.1612,-0.1612,False,,Mitoxy-80_v1.0,NA
ENSG00000049089,,ENSG00000049089,0,grey,,,,,False,Not classified,Mitoxy-80_v1.0,NA
ENSG00000088179,,ENSG00000088179,464,green,0.8451,-0.2082,-0.4326,0.4326,False,,Mitoxy-80_v1.0,NA
ENSG00000065243,,ENSG00000065243,464,green,0.7758,0.1660,-0.2879,0.2879,False,,Mitoxy-80_v1.0,NA
ENSG00000240891,,ENSG00000240891,464,green,0.8882,-0.1644,-0.4180,0.4180,False,,Mitoxy-80_v1.0,NA
ENSG00000005249,,ENSG00000005249,0,grey,,,,,False,Not classified,Mitoxy-80_v1.0,NA
ENSG00000152484,,ENSG00000152484,34,grey60,-0.0586,0.0152,-0.1447,0.1447,False,,Mitoxy-80_v1.0,NA
ENSG00000014123,,ENSG00000014123,464,green,0.9472,0.0231,-0.3085,0.3085,False,,Mitoxy-80_v1.0,NA
ENSG00000232931,,ENSG00000232931,34,grey60,0.3880,-0.1442,-0.4853,0.4853,False,,Mitoxy-80_v1.0,NA
ENSG00000141664,,ENSG00000141664,461,blue,0.8668,-0.0532,-0.0812,0.0812,False,Iron metabolism,Mitoxy-80_v1.0,NA
ENSG00000156970,,ENSG00000156970,277,grey60,0.8132,0.0555,0.1199,-0.1199,False,,Mitoxy-80_v1.0,NA
ENSG00000156017,,ENSG00000156017,464,green,0.9486,-0.1035,-0.3794,0.3794,False,,Mitoxy-80_v1.0,NA
ENSG00000101596,,ENSG00000101596,464,green,0.6589,0.2114,-0.2221,0.2221,False,,Mitoxy-80_v1.0,NA
ENSG00000066422,,ENSG00000066422,464,green,0.9123,0.1166,-0.3364,0.3364,False,,Mitoxy-80_v1.0,NA
ENSG00000159346,,ENSG00000159346,245,blue,-0.1739,-0.0136,0.0338,-0.0338,False,Iron metabolism,Mitoxy-80_v1.0,NA
ENSG00000152229,,ENSG00000152229,113,green,-0.2151,0.1356,0.3424,-0.3424,False,,Mitoxy-80_v1.0,NA
ENSG00000092758,,ENSG00000092758,0,grey,,,,,False,Not classified,Mitoxy-80_v1.0,NA
ENSG00000166432,,ENSG00000166432,464,green,0.8179,0.0832,-0.3704,0.3704,False,,Mitoxy-80_v1.0,NA
ENSG00000268555,,ENSG00000268555,245,blue,-0.1166,0.2017,-0.0046,0.0046,False,Iron metabolism,Mitoxy-80_v1.0,NA
ENSG00000176788,,ENSG00000176788,34,grey60,-0.5115,0.1091,0.1895,-0.1895,False,,Mitoxy-80_v1.0,NA
ENSG00000196950,,ENSG00000196950,464,green,0.9555,-0.0914,-0.4201,0.4201,False,,Mitoxy-80_v1.0,NA
ENSG00000116191,,ENSG00000116191,464,green,0.7969,0.1260,-0.3526,0.3526,False,,Mitoxy-80_v1.0,NA
ENSG00000135127,,ENSG00000135127,34,grey60,0.4717,-0.2274,-0.4212,0.4212,False,,Mitoxy-80_v1.0,NA
ENSG00000225217,,ENSG00000225217,0,grey,,,,,False,Not classified,Mitoxy-80_v1.0,NA
ENSG00000124785,,ENSG00000124785,0,grey,,,,,False,Not classified,Mitoxy-80_v1.0,NA
ENSG00000205413,,ENSG00000205413,34,grey60,0.0077,0.0129,0.0002,-0.0002,False,,Mitoxy-80_v1.0,NA
ENSG00000145555,,ENSG00000145555,34,grey60,-0.2952,0.3590,0.3495,-0.3495,False,,Mitoxy-80_v1.0,NA
ENSG00000164109,,ENSG00000164109,277,grey60,0.7638,-0.0018,-0.0569,0.0569,False,,Mitoxy-80_v1.0,NA
ENSG00000237973,,ENSG00000237973,34,grey60,0.2173,0.2421,-0.3495,0.3495,False,,Mitoxy-80_v1.0,NA
ENSG00000104177,,ENSG00000104177,464,green,0.8015,-0.0568,-0.4136,0.4136,False,,Mitoxy-80_v1.0,NA
ENSG00000235532,,ENSG00000235532,34,grey60,0.2585,-0.1222,-0.5729,0.5729,False,,Mitoxy-80_v1.0,NA
ENSG00000138326,,ENSG00000138326,464,green,0.6068,0.1289,-0.0809,0.0809,False,,Mitoxy-80_v1.0,NA
ENSG00000215580,,ENSG00000215580,34,grey60,0.1445,0.0384,-0.1066,0.1066,False,,Mitoxy-80_v1.0,NA
ENSG00000153130,,ENSG00000153130,464,green,0.8513,0.1376,-0.1764,0.1764,False,,Mitoxy-80_v1.0,NA
ENSG00000140403,,ENSG00000140403,245,blue,0.0467,-0.2166,-0.0122,0.0122,False,Iron metabolism,Mitoxy-80_v1.0,NA
ENSG00000282508,,ENSG00000282508,34,grey60,-0.4230,0.5397,0.1318,-0.1318,False,,Mitoxy-80_v1.0,NA
ENSG00000269404,,ENSG00000269404,34,grey60,0.3866,-0.1854,-0.3835,0.3835,False,,Mitoxy-80_v1.0,NA
ENSG00000198862,,ENSG00000198862,464,green,0.8751,0.1961,-0.2689,0.2689,False,,Mitoxy-80_v1.0,NA
ENSG00000243273,,ENSG00000243273,34,grey60,-0.2919,0.2570,0.3597,-0.3597,False,,Mitoxy-80_v1.0,NA
ENSG00000179094,,ENSG00000179094,0,grey,,,,,False,Not classified,Mitoxy-80_v1.0,NA
ENSG00000115271,,ENSG00000115271,113,green,-0.1206,0.1981,0.1907,-0.1907,False,,Mitoxy-80_v1.0,NA
ENSG00000198478,,ENSG00000198478,0,grey,,,,,False,Not classified,Mitoxy-80_v1.0,NA
ENSG00000221869,,ENSG00000221869,34,grey60,-0.3927,0.2701,0.3223,-0.3223,False,,Mitoxy-80_v1.0,NA
ENSG00000103257,,ENSG00000103257,0,grey,,,,,False,Not classified,Mitoxy-80_v1.0,NA
ENSG00000100024,,ENSG00000100024,0,grey,,,,,False,Not classified,Mitoxy-80_v1.0,NA
ENSG00000267731,,ENSG00000267731,464,green,0.8071,-0.1722,-0.4327,0.4327,False,,Mitoxy-80_v1.0,NA
ENSG00000092200,,ENSG00000092200,34,grey60,-0.0379,0.0039,-0.4461,0.4461,False,,Mitoxy-80_v1.0,NA
ENSG00000266338,,ENSG00000266338,34,grey60,0.3173,0.1032,-0.5147,0.5147,False,,Mitoxy-80_v1.0,NA
ENSG00000073150,,ENSG00000073150,0,grey,,,,,False,Not classified,Mitoxy-80_v1.0,NA
ENSG00000254709,,ENSG00000254709,277,grey60,0.8549,-0.0417,-0.0552,0.0552,False,,Mitoxy-80_v1.0,NA
ENSG00000256667,,ENSG00000256667,464,green,0.7994,-0.2044,-0.3603,0.3603,False,,Mitoxy-80_v1.0,NA
ENSG00000145431,,ENSG00000145431,113,green,0.1597,0.3728,-0.0315,0.0315,False,,Mitoxy-80_v1.0,NA
ENSG00000154589,,ENSG00000154589,0,grey,,,,,False,Not classified,Mitoxy-80_v1.0,NA
ENSG00000196405,,ENSG00000196405,34,grey60,0.4236,-0.2730,-0.4031,0.4031,False,,Mitoxy-80_v1.0,NA
ENSG00000112237,,ENSG00000112237,464,green,0.8814,0.0764,-0.2379,0.2379,False,,Mitoxy-80_v1.0,NA
ENSG00000135905,,ENSG00000135905,464,green,0.9000,-0.1293,-0.4605,0.4605,False,,Mitoxy-80_v1.0,NA
ENSG00000189190,,ENSG00000189190,464,green,0.8265,-0.0989,-0.4628,0.4628,False,,Mitoxy-80_v1.0,NA
ENSG00000060982,,ENSG00000060982,0,grey,,,,,False,Not classified,Mitoxy-80_v1.0,NA
ENSG00000245954,,ENSG00000245954,34,grey60,0.2929,-0.2218,-0.3350,0.3350,False,,Mitoxy-80_v1.0,NA
ENSG00000100100,,ENSG00000100100,34,grey60,0.3630,-0.0555,-0.4643,0.4643,False,,Mitoxy-80_v1.0,NA
ENSG00000158321,,ENSG00000158321,34,grey60,0.2812,-0.1426,-0.5288,0.5288,False,,Mitoxy-80_v1.0,NA
ENSG00000106546,,ENSG00000106546,464,green,0.7380,-0.0864,-0.2996,0.2996,False,,Mitoxy-80_v1.0,NA
ENSG00000138031,,ENSG00000138031,0,grey,,,,,False,Not classified,Mitoxy-80_v1.0,NA
ENSG00000236525,,ENSG00000236525,113,green,-0.1152,0.3106,0.1779,-0.1779,False,,Mitoxy-80_v1.0,NA
ENSG00000185947,,ENSG00000185947,113,green,0.5060,0.2942,-0.0095,0.0095,False,,Mitoxy-80_v1.0,NA
ENSG00000144354,,ENSG00000144354,277,grey60,0.6546,-0.1362,-0.0875,0.0875,False,,Mitoxy-80_v1.0,NA
ENSG00000164163,,ENSG00000164163,464,green,0.9258,-0.0991,-0.3417,0.3417,False,,Mitoxy-80_v1.0,NA
ENSG00000154016,,ENSG00000154016,34,grey60,0.4688,-0.1892,-0.2920,0.2920,False,,Mitoxy-80_v1.0,NA
ENSG00000122435,,ENSG00000122435,464,green,0.9587,-0.1198,-0.3881,0.3881,False,,Mitoxy-80_v1.0,NA
ENSG00000136824,,ENSG00000136824,464,green,0.7683,-0.0006,-0.2542,0.2542,False,,Mitoxy-80_v1.0,NA
ENSG00000163606,,ENSG00000163606,464,green,0.8501,-0.1377,-0.4257,0.4257,False,,Mitoxy-80_v1.0,NA
ENSG00000135862,,ENSG00000135862,34,grey60,0.5745,0.2375,-0.0771,0.0771,False,,Mitoxy-80_v1.0,NA
ENSG00000271581,,ENSG00000271581,0,grey,,,,,False,Not classified,Mitoxy-80_v1.0,NA
ENSG00000166927,,ENSG00000166927,34,grey60,-0.1145,-0.2798,-0.1494,0.1494,False,,Mitoxy-80_v1.0,NA
ENSG00000227766,,ENSG00000227766,0,grey,,,,,False,Not classified,Mitoxy-80_v1.0,NA
ENSG00000167766,,ENSG00000167766,464,green,0.8777,0.0701,-0.4486,0.4486,False,,Mitoxy-80_v1.0,NA
ENSG00000121895,,ENSG00000121895,34,grey60,0.6499,-0.2413,-0.3045,0.3045,False,,Mitoxy-80_v1.0,NA
ENSG00000135636,,ENSG00000135636,34,grey60,-0.4715,0.3413,0.3312,-0.3312,False,,Mitoxy-80_v1.0,NA
ENSG00000260528,,ENSG00000260528,34,grey60,-0.3813,0.4796,0.1602,-0.1602,False,,Mitoxy-80_v1.0,NA
ENSG00000203668,,ENSG00000203668,464,green,0.9187,0.0972,-0.3845,0.3845,False,,Mitoxy-80_v1.0,NA
ENSG00000237943,,ENSG00000237943,34,grey60,0.3995,-0.1876,-0.4617,0.4617,False,,Mitoxy-80_v1.0,NA
ENSG00000166313,,ENSG00000166313,34,grey60,0.3790,-0.1732,-0.4857,0.4857,False,,Mitoxy-80_v1.0,NA
ENSG00000115415,,ENSG00000115415,461,blue,0.8917,-0.1794,-0.0032,0.0032,False,Iron metabolism,Mitoxy-80_v1.0,NA
ENSG00000166928,,ENSG00000166928,34,grey60,-0.1804,-0.2865,-0.2002,0.2002,False,,Mitoxy-80_v1.0,NA
ENSG00000111716,,ENSG00000111716,34,grey60,0.5267,-0.3456,-0.2897,0.2897,False,,Mitoxy-80_v1.0,NA
ENSG00000174500,,ENSG00000174500,34,grey60,0.2674,-0.2316,-0.5000,0.5000,False,,Mitoxy-80_v1.0,NA
ENSG00000124772,,ENSG00000124772,0,grey,,,,,False,Not classified,Mitoxy-80_v1.0,NA
ENSG00000112742,,ENSG00000112742,277,grey60,0.7572,0.0150,0.1794,-0.1794,False,,Mitoxy-80_v1.0,NA
ENSG00000134709,,ENSG00000134709,464,green,0.8587,0.0163,-0.5107,0.5107,False,,Mitoxy-80_v1.0,NA
ENSG00000188389,,ENSG00000188389,372,white,0.7643,-0.1616,-0.0083,0.0083,False,,Mitoxy-80_v1.0,NA
ENSG00000275395,,ENSG00000275395,34,grey60,0.2302,-0.0786,-0.5376,0.5376,False,,Mitoxy-80_v1.0,NA
ENSG00000184661,,ENSG00000184661,277,grey60,0.8069,-0.0059,0.1552,-0.1552,False,,Mitoxy-80_v1.0,NA
ENSG00000096433,,ENSG00000096433,34,grey60,0.4930,-0.0537,-0.4369,0.4369,False,,Mitoxy-80_v1.0,NA
ENSG00000233695,,ENSG00000233695,34,grey60,0.3100,0.0570,-0.2740,0.2740,False,,Mitoxy-80_v1.0,NA
ENSG00000090889,,ENSG00000090889,277,grey60,0.7745,0.0543,0.2178,-0.2178,False,,Mitoxy-80_v1.0,NA
ENSG00000154265,,ENSG00000154265,464,green,0.8373,0.1606,-0.3836,0.3836,False,,Mitoxy-80_v1.0,NA
ENSG00000013573,,ENSG00000013573,34,grey60,0.5185,0.0232,-0.2569,0.2569,False,,Mitoxy-80_v1.0,NA
ENSG00000120885,,ENSG00000120885,0,grey,,,,,False,Not classified,Mitoxy-80_v1.0,NA
ENSG00000092067,,ENSG00000092067,0,grey,,,,,False,Not classified,Mitoxy-80_v1.0,NA
ENSG00000013441,,ENSG00000013441,464,green,0.7745,0.2194,-0.2438,0.2438,False,,Mitoxy-80_v1.0,NA
ENSG00000174106,,ENSG00000174106,464,green,0.8148,0.2399,-0.2697,0.2697,False,,Mitoxy-80_v1.0,NA
ENSG00000156475,,ENSG00000156475,34,grey60,0.2780,-0.3098,-0.3613,0.3613,False,,Mitoxy-80_v1.0,NA
ENSG00000087085,,ENSG00000087085,245,blue,-0.1551,0.1417,0.1966,-0.1966,False,Iron metabolism,Mitoxy-80_v1.0,NA
ENSG00000183813,,ENSG00000183813,464,green,0.7107,-0.1380,-0.5123,0.5123,False,,Mitoxy-80_v1.0,NA
ENSG00000105974,,ENSG00000105974,277,grey60,0.8440,-0.0501,0.1008,-0.1008,False,,Mitoxy-80_v1.0,NA
ENSG00000135749,,ENSG00000135749,34,grey60,0.3384,-0.2046,-0.4832,0.4832,False,,Mitoxy-80_v1.0,NA
ENSG00000203666,,ENSG00000203666,0,grey,,,,,False,Not classified,Mitoxy-80_v1.0,NA
ENSG00000118971,,ENSG00000118971,34,grey60,0.5400,-0.2290,-0.4199,0.4199,False,,Mitoxy-80_v1.0,NA
ENSG00000121310,,ENSG00000121310,34,grey60,0.4113,-0.1685,-0.4113,0.4113,False,,Mitoxy-80_v1.0,NA
ENSG00000189283,,ENSG00000189283,34,grey60,0.1709,-0.2256,-0.5178,0.5178,False,,Mitoxy-80_v1.0,NA
ENSG00000135776,,ENSG00000135776,464,green,0.8273,0.1482,-0.2144,0.2144,False,,Mitoxy-80_v1.0,NA
ENSG00000205056,,ENSG00000205056,464,green,0.6011,-0.0911,-0.3788,0.3788,False,,Mitoxy-80_v1.0,NA
ENSG00000117143,,ENSG00000117143,277,grey60,0.8226,-0.0223,-0.1846,0.1846,False,,Mitoxy-80_v1.0,NA
ENSG00000172007,,ENSG00000172007,113,green,0.5276,0.1827,-0.0402,0.0402,False,,Mitoxy-80_v1.0,NA
ENSG00000211951,,ENSG00000211951,277,grey60,0.7741,0.0699,0.0023,-0.0023,False,,Mitoxy-80_v1.0,NA
ENSG00000185246,,ENSG00000185246,464,green,0.9596,-0.0099,-0.3679,0.3679,False,,Mitoxy-80_v1.0,NA
ENSG00000072858,,ENSG00000072858,34,grey60,0.5061,-0.2391,-0.4432,0.4432,False,,Mitoxy-80_v1.0,NA
ENSG00000150637,,ENSG00000150637,464,green,0.8327,-0.1067,-0.3779,0.3779,False,,Mitoxy-80_v1.0,NA
ENSG00000166479,,ENSG00000166479,464,green,0.8778,0.0644,-0.2130,0.2130,False,,Mitoxy-80_v1.0,NA
ENSG00000137101,,ENSG00000137101,34,grey60,0.4002,-0.1982,-0.2961,0.2961,False,,Mitoxy-80_v1.0,NA
ENSG00000128283,,ENSG00000128283,0,grey,,,,,False,Not classified,Mitoxy-80_v1.0,NA
ENSG00000111863,,ENSG00000111863,464,green,0.6287,-0.0207,-0.3130,0.3130,False,,Mitoxy-80_v1.0,NA
ENSG00000181788,,ENSG00000181788,245,blue,-0.0533,0.0186,0.2386,-0.2386,False,Iron metabolism,Mitoxy-80_v1.0,NA
ENSG00000139044,,ENSG00000139044,0,grey,,,,,False,Not classified,Mitoxy-80_v1.0,NA
ENSG00000100346,,ENSG00000100346,34,grey60,0.3178,0.1117,-0.4253,0.4253,False,,Mitoxy-80_v1.0,NA
ENSG00000077458,,ENSG00000077458,464,green,0.8741,0.1317,-0.2641,0.2641,False,,Mitoxy-80_v1.0,NA
ENSG00000168026,,ENSG00000168026,34,grey60,0.2676,-0.0579,-0.1992,0.1992,False,,Mitoxy-80_v1.0,NA
ENSG00000273136,,ENSG00000273136,0,grey,,,,,False,Not classified,Mitoxy-80_v1.0,NA
ENSG00000130511,,ENSG00000130511,372,white,0.9614,-0.0718,-0.0562,0.0562,False,,Mitoxy-80_v1.0,NA
ENSG00000089220,,ENSG00000089220,34,grey60,0.6431,-0.2161,-0.3565,0.3565,False,,Mitoxy-80_v1.0,NA
ENSG00000281649,,ENSG00000281649,464,green,0.9447,0.1502,-0.4166,0.4166,False,,Mitoxy-80_v1.0,NA
ENSG00000267074,,ENSG00000267074,34,grey60,0.2892,-0.2446,-0.4191,0.4191,False,,Mitoxy-80_v1.0,NA
ENSG00000182141,,ENSG00000182141,464,green,0.9146,0.1039,-0.3839,0.3839,False,,Mitoxy-80_v1.0,NA
ENSG00000162881,,ENSG00000162881,34,grey60,-0.1168,0.1828,0.1972,-0.1972,False,,Mitoxy-80_v1.0,NA
ENSG00000179583,,ENSG00000179583,34,grey60,0.1101,-0.2680,-0.3233,0.3233,False,,Mitoxy-80_v1.0,NA
ENSG00000198785,,ENSG00000198785,461,blue,0.7709,-0.2420,0.1696,-0.1696,False,Iron metabolism,Mitoxy-80_v1.0,NA
ENSG00000166523,,ENSG00000166523,34,grey60,-0.3428,0.2100,0.3445,-0.3445,False,,Mitoxy-80_v1.0,NA
ENSG00000106537,,ENSG00000106537,464,green,0.7267,-0.1344,-0.4143,0.4143,False,,Mitoxy-80_v1.0,NA
ENSG00000196188,,ENSG00000196188,245,blue,-0.0523,-0.1583,-0.0173,0.0173,False,Iron metabolism,Mitoxy-80_v1.0,NA
ENSG00000160307,,ENSG00000160307,34,grey60,0.2361,-0.1023,-0.1879,0.1879,False,,Mitoxy-80_v1.0,NA
ENSG00000082258,,ENSG00000082258,464,green,0.8641,0.1484,-0.2768,0.2768,False,,Mitoxy-80_v1.0,NA
ENSG00000146070,,ENSG00000146070,34,grey60,-0.2006,-0.2669,-0.1101,0.1101,False,,Mitoxy-80_v1.0,NA
ENSG00000167705,,ENSG00000167705,245,blue,0.0214,-0.1197,0.0923,-0.0923,False,Iron metabolism,Mitoxy-80_v1.0,NA
ENSG00000008283,,ENSG00000008283,34,grey60,0.2510,-0.3136,-0.2890,0.2890,False,,Mitoxy-80_v1.0,NA
ENSG00000198707,,ENSG00000198707,464,green,0.8922,0.0491,-0.4068,0.4068,False,,Mitoxy-80_v1.0,NA
ENSG00000179978,,ENSG00000179978,113,green,-0.0702,0.5127,0.2216,-0.2216,False,,Mitoxy-80_v1.0,NA
ENSG00000004478,,ENSG00000004478,0,grey,,,,,False,Not classified,Mitoxy-80_v1.0,NA
ENSG00000111678,,ENSG00000111678,372,white,0.8515,-0.1267,-0.1844,0.1844,False,,Mitoxy-80_v1.0,NA
ENSG00000204389,,ENSG00000204389,34,grey60,-0.4285,0.0707,0.1470,-0.1470,False,,Mitoxy-80_v1.0,NA
ENSG00000168300,,ENSG00000168300,113,green,0.7180,0.2902,-0.2243,0.2243,False,,Mitoxy-80_v1.0,NA
ENSG00000171659,,ENSG00000171659,464,green,0.4699,-0.0321,-0.1603,0.1603,False,,Mitoxy-80_v1.0,NA
ENSG00000109762,,ENSG00000109762,464,green,0.8461,-0.0395,-0.3732,0.3732,False,,Mitoxy-80_v1.0,NA
ENSG00000167635,,ENSG00000167635,464,green,0.9626,-0.0606,-0.4172,0.4172,False,,Mitoxy-80_v1.0,NA
ENSG00000125249,,ENSG00000125249,464,green,0.9086,0.0162,-0.3208,0.3208,False,,Mitoxy-80_v1.0,NA
ENSG00000116983,,ENSG00000116983,34,grey60,0.3485,-0.1803,-0.5307,0.5307,False,,Mitoxy-80_v1.0,NA
ENSG00000126804,,ENSG00000126804,464,green,0.9421,0.0645,-0.3705,0.3705,False,,Mitoxy-80_v1.0,NA
ENSG00000117984,,ENSG00000117984,366,darkgreen,0.9072,0.2130,0.3597,-0.3597,False,,Mitoxy-80_v1.0,NA
ENSG00000072274,TFRC,ENSG00000072274,34,grey60,0.4113,0.1700,-0.1102,0.1102,True,,Mitoxy-80_v1.0,NA
ENSG00000173210,,ENSG00000173210,0,grey,,,,,False,Not classified,Mitoxy-80_v1.0,NA
ENSG00000125648,,ENSG00000125648,34,grey60,0.6717,-0.1829,-0.3691,0.3691,False,,Mitoxy-80_v1.0,NA
ENSG00000168496,,ENSG00000168496,277,grey60,0.8726,-0.1015,-0.0415,0.0415,False,,Mitoxy-80_v1.0,NA
ENSG00000268734,,ENSG00000268734,34,grey60,-0.3880,0.1080,0.4172,-0.4172,False,,Mitoxy-80_v1.0,NA
ENSG00000127951,,ENSG00000127951,34,grey60,-0.0976,-0.2387,-0.1998,0.1998,False,,Mitoxy-80_v1.0,NA
ENSG00000140525,,ENSG00000140525,277,grey60,0.7711,-0.0536,-0.1213,0.1213,False,,Mitoxy-80_v1.0,NA
ENSG00000196914,,ENSG00000196914,245,blue,-0.0978,0.1354,-0.1441,0.1441,False,Iron metabolism,Mitoxy-80_v1.0,NA
ENSG00000107262,,ENSG00000107262,245,blue,-0.1491,-0.1542,-0.1670,0.1670,False,Iron metabolism,Mitoxy-80_v1.0,NA
ENSG00000154727,,ENSG00000154727,464,green,0.9013,0.0914,-0.3042,0.3042,False,,Mitoxy-80_v1.0,NA
ENSG00000196329,,ENSG00000196329,464,green,0.7883,-0.2793,-0.4480,0.4480,False,,Mitoxy-80_v1.0,NA
ENSG00000093009,,ENSG00000093009,277,grey60,0.8455,-0.0063,0.2142,-0.2142,False,,Mitoxy-80_v1.0,NA
ENSG00000164251,,ENSG00000164251,113,green,0.3238,0.3384,-0.1612,0.1612,False,,Mitoxy-80_v1.0,NA
ENSG00000121152,,ENSG00000121152,277,grey60,0.8438,0.0128,0.0808,-0.0808,False,,Mitoxy-80_v1.0,NA
ENSG00000078177,,ENSG00000078177,464,green,0.9326,0.0756,-0.3541,0.3541,False,,Mitoxy-80_v1.0,NA
ENSG00000271856,,ENSG00000271856,464,green,0.8540,-0.0537,-0.4912,0.4912,False,,Mitoxy-80_v1.0,NA
ENSG00000104903,,ENSG00000104903,245,blue,-0.1114,0.0670,0.1261,-0.1261,False,Iron metabolism,Mitoxy-80_v1.0,NA
ENSG00000135047,,ENSG00000135047,0,grey,,,,,False,Not classified,Mitoxy-80_v1.0,NA
ENSG00000149311,,ENSG00000149311,464,green,0.9283,0.0655,-0.4820,0.4820,False,,Mitoxy-80_v1.0,NA
ENSG00000162676,,ENSG00000162676,34,grey60,0.5378,-0.0096,-0.2916,0.2916,False,,Mitoxy-80_v1.0,NA
ENSG00000174837,,ENSG00000174837,0,grey,,,,,False,Not classified,Mitoxy-80_v1.0,NA
ENSG00000223648,,ENSG00000223648,277,grey60,0.7022,-0.0618,0.0327,-0.0327,False,,Mitoxy-80_v1.0,NA
ENSG00000168813,,ENSG00000168813,464,green,0.9366,0.1000,-0.4420,0.4420,False,,Mitoxy-80_v1.0,NA
ENSG00000177853,,ENSG00000177853,464,green,0.8423,0.2070,-0.2779,0.2779,False,,Mitoxy-80_v1.0,NA
ENSG00000185897,,ENSG00000185897,34,grey60,-0.1096,0.2747,0.3137,-0.3137,False,,Mitoxy-80_v1.0,NA
ENSG00000163808,,ENSG00000163808,277,grey60,0.7634,0.0694,0.1173,-0.1173,False,,Mitoxy-80_v1.0,NA
ENSG00000105281,,ENSG00000105281,245,blue,-0.0821,-0.0418,0.1077,-0.1077,False,Iron metabolism,Mitoxy-80_v1.0,NA
ENSG00000126262,,ENSG00000126262,34,grey60,-0.3034,0.0723,0.2776,-0.2776,False,,Mitoxy-80_v1.0,NA
ENSG00000215030,,ENSG00000215030,34,grey60,0.3524,0.1012,-0.3533,0.3533,False,,Mitoxy-80_v1.0,NA
ENSG00000166483,,ENSG00000166483,464,green,0.7593,-0.1221,-0.2751,0.2751,False,,Mitoxy-80_v1.0,NA
ENSG00000140511,,ENSG00000140511,34,grey60,0.3172,-0.2677,-0.3170,0.3170,False,,Mitoxy-80_v1.0,NA
ENSG00000134824,,ENSG00000134824,0,grey,,,,,False,Not classified,Mitoxy-80_v1.0,NA
ENSG00000215458,,ENSG00000215458,0,grey,,,,,False,Not classified,Mitoxy-80_v1.0,NA
ENSG00000158481,,ENSG00000158481,34,grey60,0.1312,-0.2294,-0.4325,0.4325,False,,Mitoxy-80_v1.0,NA
ENSG00000181751,,ENSG00000181751,34,grey60,0.2355,0.3803,0.0038,-0.0038,False,,Mitoxy-80_v1.0,NA
ENSG00000138439,,ENSG00000138439,464,green,0.8289,-0.1934,-0.4996,0.4996,False,,Mitoxy-80_v1.0,NA
ENSG00000163625,,ENSG00000163625,113,green,-0.0016,0.3867,0.0804,-0.0804,False,,Mitoxy-80_v1.0,NA
ENSG00000131979,,ENSG00000131979,0,grey,,,,,False,Not classified,Mitoxy-80_v1.0,NA
ENSG00000180871,,ENSG00000180871,0,grey,,,,,False,Not classified,Mitoxy-80_v1.0,NA
ENSG00000082458,,ENSG00000082458,34,grey60,0.4783,-0.2727,-0.3599,0.3599,False,,Mitoxy-80_v1.0,NA
ENSG00000127954,,ENSG00000127954,113,green,0.1194,0.2569,-0.0138,0.0138,False,,Mitoxy-80_v1.0,NA
ENSG00000176978,,ENSG00000176978,372,white,0.9671,-0.0770,-0.0687,0.0687,False,,Mitoxy-80_v1.0,NA
ENSG00000169826,,ENSG00000169826,113,green,0.3662,0.4489,0.0299,-0.0299,False,,Mitoxy-80_v1.0,NA
ENSG00000204644,,ENSG00000204644,34,grey60,0.2140,-0.1158,-0.0426,0.0426,False,,Mitoxy-80_v1.0,NA
ENSG00000185187,,ENSG00000185187,372,white,0.9323,-0.0916,-0.2108,0.2108,False,,Mitoxy-80_v1.0,NA
ENSG00000172159,,ENSG00000172159,0,grey,,,,,False,Not classified,Mitoxy-80_v1.0,NA
ENSG00000110080,,ENSG00000110080,34,grey60,-0.3561,0.1850,0.3837,-0.3837,False,,Mitoxy-80_v1.0,NA
ENSG00000023171,,ENSG00000023171,461,blue,0.8686,-0.2213,0.0515,-0.0515,False,Iron metabolism,Mitoxy-80_v1.0,NA
ENSG00000128284,,ENSG00000128284,34,grey60,0.2801,-0.4919,-0.1798,0.1798,False,,Mitoxy-80_v1.0,NA
ENSG00000179593,,ENSG00000179593,0,grey,,,,,False,Not classified,Mitoxy-80_v1.0,NA
ENSG00000239559,,ENSG00000239559,34,grey60,0.3296,0.3455,-0.2326,0.2326,False,,Mitoxy-80_v1.0,NA
ENSG00000257151,,ENSG00000257151,464,green,0.9022,-0.0839,-0.4676,0.4676,False,,Mitoxy-80_v1.0,NA
ENSG00000188290,,ENSG00000188290,0,grey,,,,,False,Not classified,Mitoxy-80_v1.0,NA
ENSG00000204257,,ENSG00000204257,372,white,0.7309,-0.4482,-0.1486,0.1486,False,,Mitoxy-80_v1.0,NA
ENSG00000100376,,ENSG00000100376,34,grey60,0.1811,-0.2162,-0.1915,0.1915,False,,Mitoxy-80_v1.0,NA
ENSG00000126860,,ENSG00000126860,34,grey60,0.0156,0.2010,0.0799,-0.0799,False,,Mitoxy-80_v1.0,NA
ENSG00000147813,,ENSG00000147813,366,darkgreen,0.9120,0.1898,0.1874,-0.1874,False,,Mitoxy-80_v1.0,NA
ENSG00000264204,,ENSG00000264204,34,grey60,-0.0366,0.0759,-0.4675,0.4675,False,,Mitoxy-80_v1.0,NA
ENSG00000213088,,ENSG00000213088,245,blue,-0.0109,-0.1545,0.0941,-0.0941,False,Iron metabolism,Mitoxy-80_v1.0,NA
ENSG00000156531,,ENSG00000156531,464,green,0.9473,0.0297,-0.3324,0.3324,False,,Mitoxy-80_v1.0,NA
ENSG00000141576,,ENSG00000141576,34,grey60,0.4406,-0.1564,-0.3852,0.3852,False,,Mitoxy-80_v1.0,NA
ENSG00000109436,,ENSG00000109436,464,green,0.7793,-0.0788,-0.4065,0.4065,False,,Mitoxy-80_v1.0,NA
ENSG00000104522,,ENSG00000104522,245,blue,-0.1691,-0.0145,0.1774,-0.1774,False,Iron metabolism,Mitoxy-80_v1.0,NA
ENSG00000173542,,ENSG00000173542,464,green,0.8332,0.0890,-0.2446,0.2446,False,,Mitoxy-80_v1.0,NA
ENSG00000211789,,ENSG00000211789,34,grey60,0.3349,-0.3883,-0.4422,0.4422,False,,Mitoxy-80_v1.0,NA
ENSG00000137460,,ENSG00000137460,0,grey,,,,,False,Not classified,Mitoxy-80_v1.0,NA
ENSG00000086300,,ENSG00000086300,113,green,0.4612,0.1443,-0.0857,0.0857,False,,Mitoxy-80_v1.0,NA
ENSG00000220842,,ENSG00000220842,0,grey,,,,,False,Not classified,Mitoxy-80_v1.0,NA
ENSG00000183087,,ENSG00000183087,0,grey,,,,,False,Not classified,Mitoxy-80_v1.0,NA
ENSG00000110422,,ENSG00000110422,113,green,0.6220,0.3072,-0.2117,0.2117,False,,Mitoxy-80_v1.0,NA
ENSG00000153933,,ENSG00000153933,464,green,0.8604,-0.1745,-0.4716,0.4716,False,,Mitoxy-80_v1.0,NA
ENSG00000155657,,ENSG00000155657,34,grey60,0.2238,-0.1201,-0.4962,0.4962,False,,Mitoxy-80_v1.0,NA
ENSG00000178685,,ENSG00000178685,0,grey,,,,,False,Not classified,Mitoxy-80_v1.0,NA
ENSG00000250687,,ENSG00000250687,34,grey60,-0.2751,0.1988,0.4592,-0.4592,False,,Mitoxy-80_v1.0,NA
ENSG00000168028,,ENSG00000168028,372,white,0.7527,0.0632,-0.1810,0.1810,False,,Mitoxy-80_v1.0,NA
ENSG00000163376,,ENSG00000163376,464,green,0.8746,-0.0117,-0.2626,0.2626,False,,Mitoxy-80_v1.0,NA
ENSG00000251369,,ENSG00000251369,464,green,0.9211,-0.0656,-0.4746,0.4746,False,,Mitoxy-80_v1.0,NA
ENSG00000164031,,ENSG00000164031,464,green,0.8542,0.1286,-0.2461,0.2461,False,,Mitoxy-80_v1.0,NA
ENSG00000168528,,ENSG00000168528,0,grey,,,,,False,Not classified,Mitoxy-80_v1.0,NA
ENSG00000117906,,ENSG00000117906,464,green,0.9432,-0.0098,-0.3039,0.3039,False,,Mitoxy-80_v1.0,NA
ENSG00000196177,,ENSG00000196177,464,green,0.9362,0.0781,-0.4694,0.4694,False,,Mitoxy-80_v1.0,NA
ENSG00000255529,,ENSG00000255529,464,green,0.9099,-0.1975,-0.3706,0.3706,False,,Mitoxy-80_v1.0,NA
ENSG00000007350,,ENSG00000007350,34,grey60,0.2484,-0.2483,-0.3279,0.3279,False,,Mitoxy-80_v1.0,NA
ENSG00000152518,,ENSG00000152518,464,green,0.7967,0.1430,-0.4680,0.4680,False,,Mitoxy-80_v1.0,NA
ENSG00000178726,,ENSG00000178726,0,grey,,,,,False,Not classified,Mitoxy-80_v1.0,NA
ENSG00000120896,,ENSG00000120896,34,grey60,0.2897,-0.1494,-0.3894,0.3894,False,,Mitoxy-80_v1.0,NA
ENSG00000079263,,ENSG00000079263,461,blue,0.8553,-0.3934,-0.0536,0.0536,False,Iron metabolism,Mitoxy-80_v1.0,NA
ENSG00000138764,,ENSG00000138764,464,green,0.6565,0.4004,-0.2923,0.2923,False,,Mitoxy-80_v1.0,NA
ENSG00000155962,,ENSG00000155962,245,blue,-0.0555,0.1333,0.1458,-0.1458,False,Iron metabolism,Mitoxy-80_v1.0,NA
ENSG00000171817,,ENSG00000171817,464,green,0.8678,-0.1078,-0.5124,0.5124,False,,Mitoxy-80_v1.0,NA
ENSG00000167775,,ENSG00000167775,372,white,0.8797,-0.1571,-0.1032,0.1032,False,,Mitoxy-80_v1.0,NA
ENSG00000138660,,ENSG00000138660,464,green,0.8874,-0.0447,-0.3240,0.3240,False,,Mitoxy-80_v1.0,NA
ENSG00000100911,,ENSG00000100911,0,grey,,,,,False,Not classified,Mitoxy-80_v1.0,NA
ENSG00000132953,,ENSG00000132953,464,green,0.9419,-0.1048,-0.4402,0.4402,False,,Mitoxy-80_v1.0,NA
ENSG00000211664,,ENSG00000211664,277,grey60,0.7790,-0.0804,-0.0127,0.0127,False,,Mitoxy-80_v1.0,NA
ENSG00000182700,,ENSG00000182700,464,green,0.9355,-0.0533,-0.4524,0.4524,False,,Mitoxy-80_v1.0,NA
ENSG00000120915,,ENSG00000120915,34,grey60,0.3383,-0.2120,-0.5521,0.5521,False,,Mitoxy-80_v1.0,NA
ENSG00000070882,,ENSG00000070882,464,green,0.8529,-0.2184,-0.4223,0.4223,False,,Mitoxy-80_v1.0,NA
ENSG00000234975,,ENSG00000234975,0,grey,,,,,False,Not classified,Mitoxy-80_v1.0,NA
ENSG00000226752,,ENSG00000226752,464,green,0.5637,0.1522,-0.3113,0.3113,False,,Mitoxy-80_v1.0,NA
ENSG00000117335,,ENSG00000117335,464,green,0.6168,0.2033,-0.2130,0.2130,False,,Mitoxy-80_v1.0,NA
ENSG00000183578,,ENSG00000183578,34,grey60,-0.1967,0.1582,0.2971,-0.2971,False,,Mitoxy-80_v1.0,NA
ENSG00000102760,,ENSG00000102760,245,blue,-0.0555,-0.1945,-0.1475,0.1475,False,Iron metabolism,Mitoxy-80_v1.0,NA
ENSG00000186407,,ENSG00000186407,0,grey,,,,,False,Not classified,Mitoxy-80_v1.0,NA
ENSG00000092621,,ENSG00000092621,277,grey60,0.8547,-0.0050,-0.0046,0.0046,False,,Mitoxy-80_v1.0,NA
ENSG00000125538,,ENSG00000125538,0,grey,,,,,False,Not classified,Mitoxy-80_v1.0,NA
ENSG00000184205,,ENSG00000184205,34,grey60,0.4249,-0.1984,-0.4519,0.4519,False,,Mitoxy-80_v1.0,NA
ENSG00000107560,,ENSG00000107560,464,green,0.8648,0.1854,-0.3035,0.3035,False,,Mitoxy-80_v1.0,NA
ENSG00000188672,,ENSG00000188672,245,blue,-0.1039,0.0706,0.1649,-0.1649,False,Iron metabolism,Mitoxy-80_v1.0,NA
ENSG00000138380,,ENSG00000138380,464,green,0.9395,0.0063,-0.4453,0.4453,False,,Mitoxy-80_v1.0,NA
ENSG00000274012,,ENSG00000274012,0,grey,,,,,False,Not classified,Mitoxy-80_v1.0,NA
ENSG00000228956,,ENSG00000228956,464,green,0.7968,-0.1570,-0.5664,0.5664,False,,Mitoxy-80_v1.0,NA
ENSG00000231500,,ENSG00000231500,34,grey60,0.5118,-0.0359,-0.1562,0.1562,False,,Mitoxy-80_v1.0,NA
ENSG00000174946,,ENSG00000174946,34,grey60,0.4044,-0.3676,-0.2643,0.2643,False,,Mitoxy-80_v1.0,NA
ENSG00000113749,,ENSG00000113749,34,grey60,-0.4703,0.2189,0.2898,-0.2898,False,,Mitoxy-80_v1.0,NA
ENSG00000213937,,ENSG00000213937,34,grey60,-0.0997,0.2001,0.2273,-0.2273,False,,Mitoxy-80_v1.0,NA
ENSG00000189343,,ENSG00000189343,0,grey,,,,,False,Not classified,Mitoxy-80_v1.0,NA
ENSG00000146021,,ENSG00000146021,464,green,0.8035,-0.0788,-0.6156,0.6156,False,,Mitoxy-80_v1.0,NA
ENSG00000164919,,ENSG00000164919,34,grey60,0.5108,0.1027,0.1305,-0.1305,False,,Mitoxy-80_v1.0,NA
ENSG00000034053,,ENSG00000034053,34,grey60,0.3328,-0.0657,-0.4566,0.4566,False,,Mitoxy-80_v1.0,NA
ENSG00000133657,,ENSG00000133657,464,green,0.6610,0.2439,-0.1434,0.1434,False,,Mitoxy-80_v1.0,NA
ENSG00000105963,,ENSG00000105963,366,darkgreen,0.9317,0.1117,0.1972,-0.1972,False,,Mitoxy-80_v1.0,NA
ENSG00000069493,,ENSG00000069493,464,green,0.8837,-0.1564,-0.4417,0.4417,False,,Mitoxy-80_v1.0,NA
ENSG00000102554,,ENSG00000102554,113,green,0.1678,0.2583,0.0687,-0.0687,False,,Mitoxy-80_v1.0,NA
ENSG00000141096,,ENSG00000141096,0,grey,,,,,False,Not classified,Mitoxy-80_v1.0,NA
ENSG00000151612,,ENSG00000151612,34,grey60,0.4122,-0.1681,-0.5165,0.5165,False,,Mitoxy-80_v1.0,NA
ENSG00000198892,,ENSG00000198892,0,grey,,,,,False,Not classified,Mitoxy-80_v1.0,NA
ENSG00000137040,,ENSG00000137040,464,green,0.9082,0.1358,-0.3042,0.3042,False,,Mitoxy-80_v1.0,NA
ENSG00000277856,,ENSG00000277856,277,grey60,0.7393,0.0419,0.0215,-0.0215,False,,Mitoxy-80_v1.0,NA
ENSG00000124243,,ENSG00000124243,34,grey60,0.3895,-0.2004,-0.4497,0.4497,False,,Mitoxy-80_v1.0,NA
ENSG00000116106,,ENSG00000116106,464,green,0.7925,-0.0462,-0.5964,0.5964,False,,Mitoxy-80_v1.0,NA
ENSG00000100784,,ENSG00000100784,464,green,0.6350,-0.1184,-0.4920,0.4920,False,,Mitoxy-80_v1.0,NA
ENSG00000115827,,ENSG00000115827,464,green,0.9453,-0.1371,-0.4569,0.4569,False,,Mitoxy-80_v1.0,NA
ENSG00000166278,,ENSG00000166278,0,grey,,,,,False,Not classified,Mitoxy-80_v1.0,NA
ENSG00000168769,,ENSG00000168769,113,green,0.5049,0.3584,-0.1492,0.1492,False,,Mitoxy-80_v1.0,NA
ENSG00000211747,,ENSG00000211747,34,grey60,0.4185,-0.2850,-0.4400,0.4400,False,,Mitoxy-80_v1.0,NA
ENSG00000069399,,ENSG00000069399,34,grey60,-0.2575,0.2590,0.2768,-0.2768,False,,Mitoxy-80_v1.0,NA
ENSG00000283633,,ENSG00000283633,0,grey,,,,,False,Not classified,Mitoxy-80_v1.0,NA
ENSG00000117394,,ENSG00000117394,245,blue,-0.2060,0.1594,0.0367,-0.0367,False,Iron metabolism,Mitoxy-80_v1.0,NA
ENSG00000230615,,ENSG00000230615,245,blue,-0.1006,0.0548,0.0332,-0.0332,False,Iron metabolism,Mitoxy-80_v1.0,NA
ENSG00000166851,,ENSG00000166851,277,grey60,0.8195,0.0076,0.1360,-0.1360,False,,Mitoxy-80_v1.0,NA
ENSG00000132199,,ENSG00000132199,34,grey60,0.4185,-0.1494,-0.4672,0.4672,False,,Mitoxy-80_v1.0,NA
ENSG00000099795,,ENSG00000099795,372,white,0.8367,-0.0636,0.1708,-0.1708,False,,Mitoxy-80_v1.0,NA
ENSG00000161944,,ENSG00000161944,0,grey,,,,,False,Not classified,Mitoxy-80_v1.0,NA
ENSG00000170581,,ENSG00000170581,461,blue,0.9479,-0.1757,0.0121,-0.0121,False,Iron metabolism,Mitoxy-80_v1.0,NA
ENSG00000175548,,ENSG00000175548,464,green,0.9316,-0.0150,-0.3492,0.3492,False,,Mitoxy-80_v1.0,NA
ENSG00000125245,,ENSG00000125245,34,grey60,0.3884,-0.4327,-0.2918,0.2918,False,,Mitoxy-80_v1.0,NA
ENSG00000099804,,ENSG00000099804,245,blue,-0.2144,-0.0253,0.1060,-0.1060,False,Iron metabolism,Mitoxy-80_v1.0,NA
ENSG00000149527,,ENSG00000149527,34,grey60,0.3951,0.0088,-0.3905,0.3905,False,,Mitoxy-80_v1.0,NA
ENSG00000213722,,ENSG00000213722,34,grey60,-0.0700,0.2848,0.4562,-0.4562,False,,Mitoxy-80_v1.0,NA
ENSG00000096060,,ENSG00000096060,113,green,-0.2830,0.2702,0.2953,-0.2953,False,,Mitoxy-80_v1.0,NA
ENSG00000146842,,ENSG00000146842,464,green,0.9518,-0.0407,-0.4056,0.4056,False,,Mitoxy-80_v1.0,NA
ENSG00000186020,,ENSG00000186020,464,green,0.9495,-0.0825,-0.4950,0.4950,False,,Mitoxy-80_v1.0,NA
ENSG00000198178,,ENSG00000198178,34,grey60,-0.0371,-0.0222,-0.2142,0.2142,False,,Mitoxy-80_v1.0,NA
ENSG00000132274,,ENSG00000132274,461,blue,0.8250,-0.0710,0.1871,-0.1871,False,Iron metabolism,Mitoxy-80_v1.0,NA
ENSG00000234663,,ENSG00000234663,34,grey60,0.3710,-0.2949,-0.4723,0.4723,False,,Mitoxy-80_v1.0,NA
ENSG00000162980,,ENSG00000162980,464,green,0.9183,-0.1061,-0.3234,0.3234,False,,Mitoxy-80_v1.0,NA
ENSG00000006282,,ENSG00000006282,34,grey60,0.4213,-0.0994,-0.1923,0.1923,False,,Mitoxy-80_v1.0,NA
ENSG00000124491,,ENSG00000124491,0,grey,,,,,False,Not classified,Mitoxy-80_v1.0,NA
ENSG00000158825,,ENSG00000158825,34,grey60,-0.2170,0.0621,0.2633,-0.2633,False,,Mitoxy-80_v1.0,NA
ENSG00000051825,,ENSG00000051825,464,green,0.8913,-0.1298,-0.4152,0.4152,False,,Mitoxy-80_v1.0,NA
ENSG00000276566,,ENSG00000276566,277,grey60,0.6750,0.0129,0.0260,-0.0260,False,,Mitoxy-80_v1.0,NA
ENSG00000135362,,ENSG00000135362,34,grey60,0.2263,-0.3674,-0.3037,0.3037,False,,Mitoxy-80_v1.0,NA
ENSG00000139832,,ENSG00000139832,34,grey60,-0.2449,0.0042,0.4293,-0.4293,False,,Mitoxy-80_v1.0,NA
ENSG00000173110,,ENSG00000173110,34,grey60,-0.2646,0.1887,0.3385,-0.3385,False,,Mitoxy-80_v1.0,NA
ENSG00000186654,,ENSG00000186654,372,white,0.7712,-0.1839,-0.1011,0.1011,False,,Mitoxy-80_v1.0,NA
ENSG00000164850,,ENSG00000164850,0,grey,,,,,False,Not classified,Mitoxy-80_v1.0,NA
ENSG00000108960,,ENSG00000108960,464,green,0.5985,0.2340,-0.2351,0.2351,False,,Mitoxy-80_v1.0,NA
ENSG00000085788,,ENSG00000085788,464,green,0.8923,-0.0472,-0.4974,0.4974,False,,Mitoxy-80_v1.0,NA
ENSG00000198734,,ENSG00000198734,113,green,-0.2225,0.3350,0.2180,-0.2180,False,,Mitoxy-80_v1.0,NA
ENSG00000185885,,ENSG00000185885,0,grey,,,,,False,Not classified,Mitoxy-80_v1.0,NA
ENSG00000064651,,ENSG00000064651,464,green,0.9036,-0.0679,-0.3969,0.3969,False,,Mitoxy-80_v1.0,NA
ENSG00000145365,,ENSG00000145365,0,grey,,,,,False,Not classified,Mitoxy-80_v1.0,NA
ENSG00000080824,,ENSG00000080824,0,grey,,,,,False,Not classified,Mitoxy-80_v1.0,NA
ENSG00000211655,,ENSG00000211655,277,grey60,0.8331,-0.0146,0.0371,-0.0371,False,,Mitoxy-80_v1.0,NA
ENSG00000145354,,ENSG00000145354,245,blue,-0.0527,0.0332,0.1408,-0.1408,False,Iron metabolism,Mitoxy-80_v1.0,NA
ENSG00000163464,,ENSG00000163464,34,grey60,-0.4431,0.1081,0.1301,-0.1301,False,,Mitoxy-80_v1.0,NA
ENSG00000233392,,ENSG00000233392,34,grey60,-0.0780,-0.2186,-0.4287,0.4287,False,,Mitoxy-80_v1.0,NA
ENSG00000115525,,ENSG00000115525,34,grey60,0.3605,-0.2584,-0.3049,0.3049,False,,Mitoxy-80_v1.0,NA
ENSG00000018280,,ENSG00000018280,34,grey60,-0.3461,0.4104,0.2617,-0.2617,False,,Mitoxy-80_v1.0,NA
ENSG00000019582,,ENSG00000019582,372,white,0.6905,-0.4616,-0.1837,0.1837,False,,Mitoxy-80_v1.0,NA
ENSG00000188305,,ENSG00000188305,34,grey60,-0.3755,0.2456,0.2683,-0.2683,False,,Mitoxy-80_v1.0,NA
ENSG00000168672,,ENSG00000168672,464,green,0.8674,-0.1012,-0.5139,0.5139,False,,Mitoxy-80_v1.0,NA
ENSG00000141736,,ENSG00000141736,34,grey60,0.4030,-0.1082,-0.3312,0.3312,False,,Mitoxy-80_v1.0,NA
ENSG00000187164,,ENSG00000187164,464,green,0.5679,0.0415,-0.1465,0.1465,False,,Mitoxy-80_v1.0,NA
ENSG00000116649,,ENSG00000116649,372,white,0.8534,-0.2087,-0.0992,0.0992,False,,Mitoxy-80_v1.0,NA
ENSG00000101445,,ENSG00000101445,34,grey60,0.4715,-0.1612,-0.4022,0.4022,False,,Mitoxy-80_v1.0,NA
ENSG00000196586,,ENSG00000196586,34,grey60,0.2326,-0.2193,-0.4100,0.4100,False,,Mitoxy-80_v1.0,NA
ENSG00000101439,,ENSG00000101439,372,white,0.6645,-0.2611,0.0453,-0.0453,False,,Mitoxy-80_v1.0,NA
ENSG00000205309,,ENSG00000205309,0,grey,,,,,False,Not classified,Mitoxy-80_v1.0,NA
ENSG00000198814,,ENSG00000198814,113,green,-0.0425,0.2050,0.1451,-0.1451,False,,Mitoxy-80_v1.0,NA
ENSG00000212907,,ENSG00000212907,34,grey60,-0.0260,-0.3065,-0.4547,0.4547,False,,Mitoxy-80_v1.0,NA
ENSG00000110987,,ENSG00000110987,34,grey60,0.5703,-0.1009,-0.4116,0.4116,False,,Mitoxy-80_v1.0,NA
ENSG00000134602,,ENSG00000134602,464,green,0.8878,0.1252,-0.3524,0.3524,False,,Mitoxy-80_v1.0,NA
ENSG00000162873,,ENSG00000162873,245,blue,-0.0691,0.0001,0.1285,-0.1285,False,Iron metabolism,Mitoxy-80_v1.0,NA
ENSG00000180061,,ENSG00000180061,0,grey,,,,,False,Not classified,Mitoxy-80_v1.0,NA
ENSG00000074842,,ENSG00000074842,372,white,0.7704,-0.0766,0.1651,-0.1651,False,,Mitoxy-80_v1.0,NA
ENSG00000156299,,ENSG00000156299,464,green,0.6871,-0.1926,-0.4578,0.4578,False,,Mitoxy-80_v1.0,NA
ENSG00000154122,,ENSG00000154122,245,blue,-0.1044,-0.1693,-0.2215,0.2215,False,Iron metabolism,Mitoxy-80_v1.0,NA
ENSG00000180530,,ENSG00000180530,464,green,0.8557,0.0992,-0.2949,0.2949,False,,Mitoxy-80_v1.0,NA
ENSG00000179715,,ENSG00000179715,34,grey60,0.5141,-0.2260,-0.3764,0.3764,False,,Mitoxy-80_v1.0,NA
ENSG00000118473,,ENSG00000118473,245,blue,-0.0510,-0.0537,0.1506,-0.1506,False,Iron metabolism,Mitoxy-80_v1.0,NA
ENSG00000020633,,ENSG00000020633,34,grey60,0.3726,-0.3043,-0.3597,0.3597,False,,Mitoxy-80_v1.0,NA
ENSG00000163584,,ENSG00000163584,34,grey60,0.6021,0.1209,0.0975,-0.0975,False,,Mitoxy-80_v1.0,NA
ENSG00000155189,,ENSG00000155189,464,green,0.8955,-0.1507,-0.3655,0.3655,False,,Mitoxy-80_v1.0,NA
ENSG00000170113,,ENSG00000170113,464,green,0.8979,-0.0393,-0.4147,0.4147,False,,Mitoxy-80_v1.0,NA
ENSG00000278030,,ENSG00000278030,34,grey60,0.4159,-0.3338,-0.3622,0.3622,False,,Mitoxy-80_v1.0,NA
ENSG00000112303,,ENSG00000112303,113,green,-0.2533,0.2232,0.2152,-0.2152,False,,Mitoxy-80_v1.0,NA
ENSG00000118193,,ENSG00000118193,277,grey60,0.7153,0.1460,0.1605,-0.1605,False,,Mitoxy-80_v1.0,NA
ENSG00000265992,,ENSG00000265992,245,blue,-0.1398,0.0725,0.0514,-0.0514,False,Iron metabolism,Mitoxy-80_v1.0,NA
ENSG00000184106,,ENSG00000184106,0,grey,,,,,False,Not classified,Mitoxy-80_v1.0,NA
ENSG00000166598,,ENSG00000166598,34,grey60,0.7317,-0.1474,-0.0849,0.0849,False,,Mitoxy-80_v1.0,NA
ENSG00000117090,,ENSG00000117090,34,grey60,0.5324,-0.2994,-0.4114,0.4114,False,,Mitoxy-80_v1.0,NA
ENSG00000188175,,ENSG00000188175,245,blue,-0.0306,0.0379,0.1731,-0.1731,False,Iron metabolism,Mitoxy-80_v1.0,NA
ENSG00000186260,,ENSG00000186260,464,green,0.9171,-0.0024,-0.5042,0.5042,False,,Mitoxy-80_v1.0,NA
ENSG00000175931,,ENSG00000175931,245,blue,-0.0580,0.0288,-0.1219,0.1219,False,Iron metabolism,Mitoxy-80_v1.0,NA
ENSG00000101162,,ENSG00000101162,0,grey,,,,,False,Not classified,Mitoxy-80_v1.0,NA
ENSG00000164187,,ENSG00000164187,464,green,0.9006,0.1093,-0.2739,0.2739,False,,Mitoxy-80_v1.0,NA
ENSG00000091972,,ENSG00000091972,464,green,0.6624,-0.0548,-0.4097,0.4097,False,,Mitoxy-80_v1.0,NA
ENSG00000171858,,ENSG00000171858,34,grey60,0.4900,0.0124,-0.0909,0.0909,False,,Mitoxy-80_v1.0,NA
ENSG00000186529,,ENSG00000186529,0,grey,,,,,False,Not classified,Mitoxy-80_v1.0,NA
ENSG00000142303,,ENSG00000142303,34,grey60,0.2577,-0.0637,-0.4507,0.4507,False,,Mitoxy-80_v1.0,NA
ENSG00000137563,,ENSG00000137563,277,grey60,0.7310,0.1336,0.2553,-0.2553,False,,Mitoxy-80_v1.0,NA
ENSG00000092470,,ENSG00000092470,277,grey60,0.7086,-0.1179,-0.2397,0.2397,False,,Mitoxy-80_v1.0,NA
ENSG00000198589,,ENSG00000198589,464,green,0.8835,0.0095,-0.4975,0.4975,False,,Mitoxy-80_v1.0,NA
ENSG00000136153,,ENSG00000136153,464,green,0.8260,-0.1061,-0.5622,0.5622,False,,Mitoxy-80_v1.0,NA
ENSG00000213442,,ENSG00000213442,0,grey,,,,,False,Not classified,Mitoxy-80_v1.0,NA
ENSG00000122644,,ENSG00000122644,0,grey,,,,,False,Not classified,Mitoxy-80_v1.0,NA
ENSG00000066336,,ENSG00000066336,34,grey60,-0.2788,0.1955,0.3033,-0.3033,False,,Mitoxy-80_v1.0,NA
ENSG00000175414,,ENSG00000175414,34,grey60,0.3086,-0.1380,-0.4739,0.4739,False,,Mitoxy-80_v1.0,NA
ENSG00000164045,,ENSG00000164045,277,grey60,0.8565,0.0258,0.1795,-0.1795,False,,Mitoxy-80_v1.0,NA
ENSG00000176018,,ENSG00000176018,464,green,0.8446,0.1809,-0.2440,0.2440,False,,Mitoxy-80_v1.0,NA
ENSG00000137760,,ENSG00000137760,464,green,0.9502,-0.0623,-0.4540,0.4540,False,,Mitoxy-80_v1.0,NA
ENSG00000240671,,ENSG00000240671,277,grey60,0.8209,-0.0968,-0.0098,0.0098,False,,Mitoxy-80_v1.0,NA
ENSG00000206190,,ENSG00000206190,34,grey60,0.3923,-0.1464,-0.3440,0.3440,False,,Mitoxy-80_v1.0,NA
ENSG00000178202,,ENSG00000178202,464,green,0.8660,-0.1159,-0.3813,0.3813,False,,Mitoxy-80_v1.0,NA
ENSG00000108798,,ENSG00000108798,372,white,0.8221,-0.3307,-0.0712,0.0712,False,,Mitoxy-80_v1.0,NA
ENSG00000171033,,ENSG00000171033,464,green,0.8321,-0.1263,-0.4884,0.4884,False,,Mitoxy-80_v1.0,NA
ENSG00000173535,,ENSG00000173535,34,grey60,-0.5263,0.1403,0.0137,-0.0137,False,,Mitoxy-80_v1.0,NA
ENSG00000135451,,ENSG00000135451,277,grey60,0.7304,0.0637,0.2264,-0.2264,False,,Mitoxy-80_v1.0,NA
ENSG00000168056,,ENSG00000168056,34,grey60,0.3117,-0.0233,-0.4529,0.4529,False,,Mitoxy-80_v1.0,NA
ENSG00000133816,,ENSG00000133816,245,blue,-0.3048,0.1475,-0.1497,0.1497,False,Iron metabolism,Mitoxy-80_v1.0,NA
ENSG00000150093,,ENSG00000150093,464,green,0.8864,0.1261,-0.3224,0.3224,False,,Mitoxy-80_v1.0,NA
ENSG00000213047,,ENSG00000213047,464,green,0.8446,0.1063,-0.1955,0.1955,False,,Mitoxy-80_v1.0,NA
ENSG00000081189,,ENSG00000081189,464,green,0.8562,-0.0837,-0.3632,0.3632,False,,Mitoxy-80_v1.0,NA
ENSG00000093072,,ENSG00000093072,34,grey60,0.2728,-0.2655,-0.2363,0.2363,False,,Mitoxy-80_v1.0,NA
ENSG00000204815,,ENSG00000204815,245,blue,-0.0002,-0.2144,-0.0571,0.0571,False,Iron metabolism,Mitoxy-80_v1.0,NA
ENSG00000145476,,ENSG00000145476,464,green,0.8639,-0.1928,-0.4084,0.4084,False,,Mitoxy-80_v1.0,NA
ENSG00000105926,,ENSG00000105926,464,green,0.8605,-0.1297,-0.4215,0.4215,False,,Mitoxy-80_v1.0,NA
ENSG00000165115,,ENSG00000165115,0,grey,,,,,False,Not classified,Mitoxy-80_v1.0,NA
ENSG00000119333,,ENSG00000119333,372,white,0.7634,-0.0450,0.0659,-0.0659,False,,Mitoxy-80_v1.0,NA
ENSG00000165322,,ENSG00000165322,464,green,0.9117,0.1436,-0.3758,0.3758,False,,Mitoxy-80_v1.0,NA
ENSG00000140450,,ENSG00000140450,34,grey60,-0.2364,0.2171,-0.1648,0.1648,False,,Mitoxy-80_v1.0,NA
ENSG00000115457,,ENSG00000115457,0,grey,,,,,False,Not classified,Mitoxy-80_v1.0,NA
ENSG00000145287,,ENSG00000145287,0,grey,,,,,False,Not classified,Mitoxy-80_v1.0,NA
ENSG00000163359,,ENSG00000163359,34,grey60,0.0570,-0.1339,-0.1633,0.1633,False,,Mitoxy-80_v1.0,NA
ENSG00000238105,,ENSG00000238105,34,grey60,0.3760,-0.0922,-0.4406,0.4406,False,,Mitoxy-80_v1.0,NA
ENSG00000161888,,ENSG00000161888,277,grey60,0.8112,-0.0587,0.1465,-0.1465,False,,Mitoxy-80_v1.0,NA
ENSG00000110852,,ENSG00000110852,113,green,0.4009,0.2499,0.1042,-0.1042,False,,Mitoxy-80_v1.0,NA
ENSG00000090006,,ENSG00000090006,372,white,0.8711,-0.0163,-0.2752,0.2752,False,,Mitoxy-80_v1.0,NA
ENSG00000161010,,ENSG00000161010,34,grey60,0.4095,-0.0650,-0.4712,0.4712,False,,Mitoxy-80_v1.0,NA
ENSG00000109906,,ENSG00000109906,0,grey,,,,,False,Not classified,Mitoxy-80_v1.0,NA
ENSG00000197471,,ENSG00000197471,34,grey60,0.4217,-0.1548,-0.4190,0.4190,False,,Mitoxy-80_v1.0,NA
ENSG00000047346,,ENSG00000047346,464,green,0.9332,0.1076,-0.4011,0.4011,False,,Mitoxy-80_v1.0,NA
ENSG00000240583,,ENSG00000240583,245,blue,-0.1276,-0.0576,0.1174,-0.1174,False,Iron metabolism,Mitoxy-80_v1.0,NA
ENSG00000225783,,ENSG00000225783,34,grey60,0.2163,0.1298,-0.1606,0.1606,False,,Mitoxy-80_v1.0,NA
ENSG00000102109,,ENSG00000102109,245,blue,-0.1732,0.0412,0.0418,-0.0418,False,Iron metabolism,Mitoxy-80_v1.0,NA
ENSG00000138018,,ENSG00000138018,464,green,0.8943,0.0524,-0.3104,0.3104,False,,Mitoxy-80_v1.0,NA
ENSG00000164830,,ENSG00000164830,464,green,0.8639,0.2473,-0.2438,0.2438,False,,Mitoxy-80_v1.0,NA
ENSG00000123240,,ENSG00000123240,245,blue,0.0461,-0.2171,-0.1553,0.1553,False,Iron metabolism,Mitoxy-80_v1.0,NA
ENSG00000176055,,ENSG00000176055,464,green,0.9433,-0.0865,-0.4846,0.4846,False,,Mitoxy-80_v1.0,NA
ENSG00000130489,,ENSG00000130489,0,grey,,,,,False,Not classified,Mitoxy-80_v1.0,NA
ENSG00000100298,,ENSG00000100298,34,grey60,0.5495,-0.3237,-0.0244,0.0244,False,,Mitoxy-80_v1.0,NA
ENSG00000274576,,ENSG00000274576,277,grey60,0.7663,0.1457,0.0204,-0.0204,False,,Mitoxy-80_v1.0,NA
ENSG00000198146,,ENSG00000198146,464,green,0.8748,0.1844,-0.3111,0.3111,False,,Mitoxy-80_v1.0,NA
ENSG00000185950,,ENSG00000185950,0,grey,,,,,False,Not classified,Mitoxy-80_v1.0,NA
ENSG00000189007,,ENSG00000189007,464,green,0.8985,-0.0781,-0.4756,0.4756,False,,Mitoxy-80_v1.0,NA
ENSG00000198846,,ENSG00000198846,34,grey60,0.3531,-0.2214,-0.4521,0.4521,False,,Mitoxy-80_v1.0,NA
ENSG00000182903,,ENSG00000182903,464,green,0.9190,0.1920,-0.3621,0.3621,False,,Mitoxy-80_v1.0,NA
ENSG00000143595,,ENSG00000143595,0,grey,,,,,False,Not classified,Mitoxy-80_v1.0,NA
ENSG00000243264,,ENSG00000243264,277,grey60,0.7350,0.0359,0.0567,-0.0567,False,,Mitoxy-80_v1.0,NA
ENSG00000101695,,ENSG00000101695,464,green,0.8219,-0.2323,-0.4736,0.4736,False,,Mitoxy-80_v1.0,NA
ENSG00000005700,,ENSG00000005700,464,green,0.9347,0.0226,-0.2998,0.2998,False,,Mitoxy-80_v1.0,NA
ENSG00000167325,,ENSG00000167325,277,grey60,0.6753,-0.1455,-0.2677,0.2677,False,,Mitoxy-80_v1.0,NA
ENSG00000132470,,ENSG00000132470,0,grey,,,,,False,Not classified,Mitoxy-80_v1.0,NA
ENSG00000111052,,ENSG00000111052,113,green,0.0961,0.3576,0.0920,-0.0920,False,,Mitoxy-80_v1.0,NA
ENSG00000198040,,ENSG00000198040,464,green,0.9258,-0.1005,-0.4403,0.4403,False,,Mitoxy-80_v1.0,NA
ENSG00000173715,,ENSG00000173715,34,grey60,0.6411,-0.1933,-0.3342,0.3342,False,,Mitoxy-80_v1.0,NA
ENSG00000137770,,ENSG00000137770,464,green,0.9736,-0.0113,-0.4090,0.4090,False,,Mitoxy-80_v1.0,NA
ENSG00000178999,,ENSG00000178999,277,grey60,0.8128,0.0547,0.1984,-0.1984,False,,Mitoxy-80_v1.0,NA
ENSG00000168944,,ENSG00000168944,464,green,0.9369,0.1350,-0.3786,0.3786,False,,Mitoxy-80_v1.0,NA
ENSG00000180776,,ENSG00000180776,113,green,0.4836,0.3128,0.0146,-0.0146,False,,Mitoxy-80_v1.0,NA
ENSG00000062524,,ENSG00000062524,34,grey60,0.5466,-0.1091,-0.3909,0.3909,False,,Mitoxy-80_v1.0,NA
ENSG00000157551,,ENSG00000157551,0,grey,,,,,False,Not classified,Mitoxy-80_v1.0,NA
ENSG00000145423,,ENSG00000145423,245,blue,-0.0606,-0.2329,-0.0704,0.0704,False,Iron metabolism,Mitoxy-80_v1.0,NA
ENSG00000130396,,ENSG00000130396,464,green,0.5578,0.2693,-0.3331,0.3331,False,,Mitoxy-80_v1.0,NA
ENSG00000133056,,ENSG00000133056,34,grey60,0.4218,-0.1090,-0.5377,0.5377,False,,Mitoxy-80_v1.0,NA
ENSG00000141384,,ENSG00000141384,464,green,0.8113,-0.0294,-0.3999,0.3999,False,,Mitoxy-80_v1.0,NA
ENSG00000102218,,ENSG00000102218,113,green,0.4871,0.3693,-0.0551,0.0551,False,,Mitoxy-80_v1.0,NA
ENSG00000114942,,ENSG00000114942,34,grey60,0.4316,0.0070,-0.0841,0.0841,False,,Mitoxy-80_v1.0,NA
ENSG00000196684,,ENSG00000196684,0,grey,,,,,False,Not classified,Mitoxy-80_v1.0,NA
ENSG00000079616,,ENSG00000079616,372,white,0.7890,-0.1752,-0.2550,0.2550,False,,Mitoxy-80_v1.0,NA
ENSG00000146587,,ENSG00000146587,464,green,0.9470,0.0638,-0.3710,0.3710,False,,Mitoxy-80_v1.0,NA
ENSG00000136541,,ENSG00000136541,464,green,0.6972,0.1031,-0.3024,0.3024,False,,Mitoxy-80_v1.0,NA
ENSG00000155158,,ENSG00000155158,464,green,0.8313,-0.2231,-0.4732,0.4732,False,,Mitoxy-80_v1.0,NA
ENSG00000211658,,ENSG00000211658,277,grey60,0.7338,0.0979,0.0821,-0.0821,False,,Mitoxy-80_v1.0,NA
ENSG00000049759,,ENSG00000049759,245,blue,-0.1729,0.0239,0.0306,-0.0306,False,Iron metabolism,Mitoxy-80_v1.0,NA
ENSG00000156136,,ENSG00000156136,464,green,0.9059,-0.0102,-0.3223,0.3223,False,,Mitoxy-80_v1.0,NA
ENSG00000113504,,ENSG00000113504,34,grey60,0.1667,-0.0418,-0.1177,0.1177,False,,Mitoxy-80_v1.0,NA
ENSG00000141682,,ENSG00000141682,464,green,0.8050,0.1362,-0.2151,0.2151,False,,Mitoxy-80_v1.0,NA
ENSG00000116990,,ENSG00000116990,34,grey60,0.0272,-0.1323,-0.3140,0.3140,False,,Mitoxy-80_v1.0,NA
ENSG00000176658,,ENSG00000176658,277,grey60,0.7769,-0.0548,-0.2092,0.2092,False,,Mitoxy-80_v1.0,NA
ENSG00000147894,,ENSG00000147894,113,green,0.5662,0.3567,-0.0515,0.0515,False,,Mitoxy-80_v1.0,NA
ENSG00000128185,,ENSG00000128185,372,white,0.9301,-0.0645,-0.0214,0.0214,False,,Mitoxy-80_v1.0,NA
ENSG00000106327,,ENSG00000106327,245,blue,-0.1219,-0.0046,0.0209,-0.0209,False,Iron metabolism,Mitoxy-80_v1.0,NA
ENSG00000189068,,ENSG00000189068,0,grey,,,,,False,Not classified,Mitoxy-80_v1.0,NA
ENSG00000142731,,ENSG00000142731,277,grey60,0.7541,0.0350,-0.0518,0.0518,False,,Mitoxy-80_v1.0,NA
ENSG00000154917,,ENSG00000154917,245,blue,-0.2377,0.1846,0.0929,-0.0929,False,Iron metabolism,Mitoxy-80_v1.0,NA
ENSG00000247287,,ENSG00000247287,34,grey60,0.3518,-0.2068,-0.5142,0.5142,False,,Mitoxy-80_v1.0,NA
ENSG00000171988,,ENSG00000171988,464,green,0.6189,0.3325,-0.2935,0.2935,False,,Mitoxy-80_v1.0,NA
ENSG00000006025,,ENSG00000006025,34,grey60,0.4834,-0.1513,-0.2929,0.2929,False,,Mitoxy-80_v1.0,NA
ENSG00000115020,,ENSG00000115020,464,green,0.8346,0.2896,-0.3012,0.3012,False,,Mitoxy-80_v1.0,NA
ENSG00000181904,,ENSG00000181904,464,green,0.9297,0.0620,-0.3193,0.3193,False,,Mitoxy-80_v1.0,NA
ENSG00000135144,,ENSG00000135144,34,grey60,0.4572,-0.0931,-0.3561,0.3561,False,,Mitoxy-80_v1.0,NA
ENSG00000196436,,ENSG00000196436,34,grey60,0.3615,0.0107,-0.1829,0.1829,False,,Mitoxy-80_v1.0,NA
ENSG00000170962,,ENSG00000170962,464,green,0.7106,-0.2163,-0.4330,0.4330,False,,Mitoxy-80_v1.0,NA
ENSG00000197601,,ENSG00000197601,113,green,0.6191,0.2684,-0.0536,0.0536,False,,Mitoxy-80_v1.0,NA
ENSG00000170802,,ENSG00000170802,464,green,0.7068,0.1800,-0.1448,0.1448,False,,Mitoxy-80_v1.0,NA
ENSG00000277443,,ENSG00000277443,113,green,-0.0186,0.2537,0.0584,-0.0584,False,,Mitoxy-80_v1.0,NA
ENSG00000177697,,ENSG00000177697,372,white,0.6058,0.0417,0.2327,-0.2327,False,,Mitoxy-80_v1.0,NA
ENSG00000112212,,ENSG00000112212,245,blue,-0.0827,0.0039,0.1928,-0.1928,False,Iron metabolism,Mitoxy-80_v1.0,NA
ENSG00000110651,,ENSG00000110651,372,white,0.9173,-0.2518,-0.2067,0.2067,False,,Mitoxy-80_v1.0,NA
ENSG00000141526,,ENSG00000141526,34,grey60,-0.2530,0.2985,0.3425,-0.3425,False,,Mitoxy-80_v1.0,NA
ENSG00000134256,,ENSG00000134256,34,grey60,0.2507,-0.1992,-0.2569,0.2569,False,,Mitoxy-80_v1.0,NA
ENSG00000123352,,ENSG00000123352,277,grey60,0.8354,-0.0657,-0.1656,0.1656,False,,Mitoxy-80_v1.0,NA
ENSG00000146918,,ENSG00000146918,277,grey60,0.6538,-0.0130,-0.1886,0.1886,False,,Mitoxy-80_v1.0,NA
ENSG00000183160,,ENSG00000183160,0,grey,,,,,False,Not classified,Mitoxy-80_v1.0,NA
ENSG00000149294,,ENSG00000149294,464,green,0.6227,-0.1805,-0.4233,0.4233,False,,Mitoxy-80_v1.0,NA
ENSG00000188785,,ENSG00000188785,464,green,0.9129,-0.1137,-0.5151,0.5151,False,,Mitoxy-80_v1.0,NA
ENSG00000248323,,ENSG00000248323,0,grey,,,,,False,Not classified,Mitoxy-80_v1.0,NA
ENSG00000273272,,ENSG00000273272,461,blue,0.7683,-0.0729,0.2554,-0.2554,False,Iron metabolism,Mitoxy-80_v1.0,NA
ENSG00000125520,,ENSG00000125520,372,white,0.9311,-0.0379,-0.1975,0.1975,False,,Mitoxy-80_v1.0,NA
ENSG00000170385,,ENSG00000170385,464,green,0.7707,0.1860,-0.1380,0.1380,False,,Mitoxy-80_v1.0,NA
ENSG00000204388,,ENSG00000204388,0,grey,,,,,False,Not classified,Mitoxy-80_v1.0,NA
ENSG00000112096,SOD2,ENSG00000112096,113,green,-0.0547,0.1025,-0.0443,0.0443,True,,Mitoxy-80_v1.0,NA
ENSG00000204791,,ENSG00000204791,34,grey60,-0.1336,0.2118,0.3371,-0.3371,False,,Mitoxy-80_v1.0,NA
ENSG00000145685,,ENSG00000145685,0,grey,,,,,False,Not classified,Mitoxy-80_v1.0,NA
ENSG00000112029,,ENSG00000112029,464,green,0.7517,-0.0407,-0.1664,0.1664,False,,Mitoxy-80_v1.0,NA
ENSG00000184005,,ENSG00000184005,113,green,-0.0785,0.3324,0.1796,-0.1796,False,,Mitoxy-80_v1.0,NA
ENSG00000112149,,ENSG00000112149,34,grey60,0.2508,-0.2031,-0.3225,0.3225,False,,Mitoxy-80_v1.0,NA
ENSG00000132669,,ENSG00000132669,34,grey60,-0.0890,0.0672,-0.0763,0.0763,False,,Mitoxy-80_v1.0,NA
ENSG00000095002,,ENSG00000095002,464,green,0.8688,-0.1692,-0.3319,0.3319,False,,Mitoxy-80_v1.0,NA
ENSG00000274602,,ENSG00000274602,34,grey60,0.2073,0.0625,-0.2723,0.2723,False,,Mitoxy-80_v1.0,NA
ENSG00000139641,,ENSG00000139641,34,grey60,0.4510,-0.1817,-0.4540,0.4540,False,,Mitoxy-80_v1.0,NA
ENSG00000181444,,ENSG00000181444,34,grey60,-0.4024,0.3211,0.1977,-0.1977,False,,Mitoxy-80_v1.0,NA
ENSG00000106415,,ENSG00000106415,464,green,0.7923,0.1128,-0.3355,0.3355,False,,Mitoxy-80_v1.0,NA
ENSG00000143228,,ENSG00000143228,277,grey60,0.7395,0.0649,0.1050,-0.1050,False,,Mitoxy-80_v1.0,NA
ENSG00000146433,,ENSG00000146433,464,green,0.9601,0.0182,-0.4113,0.4113,False,,Mitoxy-80_v1.0,NA
ENSG00000237927,,ENSG00000237927,0,grey,,,,,False,Not classified,Mitoxy-80_v1.0,NA
ENSG00000101782,,ENSG00000101782,245,blue,-0.0947,0.0942,0.0827,-0.0827,False,Iron metabolism,Mitoxy-80_v1.0,NA
ENSG00000157693,,ENSG00000157693,34,grey60,0.1620,-0.3218,-0.1833,0.1833,False,,Mitoxy-80_v1.0,NA
ENSG00000170017,,ENSG00000170017,464,green,0.6088,0.1980,-0.1578,0.1578,False,,Mitoxy-80_v1.0,NA
ENSG00000239855,,ENSG00000239855,277,grey60,0.8032,-0.0346,-0.0032,0.0032,False,,Mitoxy-80_v1.0,NA
ENSG00000108479,,ENSG00000108479,366,darkgreen,0.9111,0.1278,0.2639,-0.2639,False,,Mitoxy-80_v1.0,NA
ENSG00000119457,,ENSG00000119457,0,grey,,,,,False,Not classified,Mitoxy-80_v1.0,NA
ENSG00000229117,,ENSG00000229117,34,grey60,0.3252,0.1861,-0.0393,0.0393,False,,Mitoxy-80_v1.0,NA
ENSG00000241106,,ENSG00000241106,34,grey60,0.3922,-0.1666,-0.3239,0.3239,False,,Mitoxy-80_v1.0,NA
ENSG00000131981,,ENSG00000131981,245,blue,-0.1441,-0.2358,0.1221,-0.1221,False,Iron metabolism,Mitoxy-80_v1.0,NA
ENSG00000122026,,ENSG00000122026,34,grey60,0.1703,0.2205,-0.0048,0.0048,False,,Mitoxy-80_v1.0,NA
ENSG00000076003,,ENSG00000076003,277,grey60,0.7784,-0.1323,-0.1257,0.1257,False,,Mitoxy-80_v1.0,NA
ENSG00000115896,,ENSG00000115896,464,green,0.5910,0.2769,-0.3921,0.3921,False,,Mitoxy-80_v1.0,NA
ENSG00000096384,,ENSG00000096384,34,grey60,0.1648,-0.3946,-0.1948,0.1948,False,,Mitoxy-80_v1.0,NA
ENSG00000232573,,ENSG00000232573,34,grey60,0.4155,-0.1096,-0.3817,0.3817,False,,Mitoxy-80_v1.0,NA
ENSG00000112759,,ENSG00000112759,34,grey60,0.3946,-0.1348,-0.1399,0.1399,False,,Mitoxy-80_v1.0,NA
ENSG00000211968,,ENSG00000211968,277,grey60,0.7982,-0.0072,0.0263,-0.0263,False,,Mitoxy-80_v1.0,NA
ENSG00000149798,,ENSG00000149798,34,grey60,-0.3897,-0.0290,0.0456,-0.0456,False,,Mitoxy-80_v1.0,NA
ENSG00000139890,,ENSG00000139890,0,grey,,,,,False,Not classified,Mitoxy-80_v1.0,NA
ENSG00000123384,,ENSG00000123384,0,grey,,,,,False,Not classified,Mitoxy-80_v1.0,NA
ENSG00000076382,,ENSG00000076382,277,grey60,0.8401,0.0075,0.0354,-0.0354,False,,Mitoxy-80_v1.0,NA
ENSG00000178498,,ENSG00000178498,34,grey60,0.4667,-0.1298,-0.3557,0.3557,False,,Mitoxy-80_v1.0,NA
ENSG00000244682,,ENSG00000244682,34,grey60,-0.1191,-0.0251,-0.1519,0.1519,False,,Mitoxy-80_v1.0,NA
ENSG00000198786,,ENSG00000198786,34,grey60,0.1247,-0.2113,-0.4486,0.4486,False,,Mitoxy-80_v1.0,NA
ENSG00000130589,,ENSG00000130589,0,grey,,,,,False,Not classified,Mitoxy-80_v1.0,NA
ENSG00000143971,,ENSG00000143971,464,green,0.9334,-0.0298,-0.3417,0.3417,False,,Mitoxy-80_v1.0,NA
ENSG00000198736,,ENSG00000198736,34,grey60,-0.2659,0.1893,0.3704,-0.3704,False,,Mitoxy-80_v1.0,NA
ENSG00000116675,,ENSG00000116675,245,blue,-0.1397,0.1232,-0.0258,0.0258,False,Iron metabolism,Mitoxy-80_v1.0,NA
ENSG00000112984,,ENSG00000112984,277,grey60,0.7447,0.0431,0.2012,-0.2012,False,,Mitoxy-80_v1.0,NA
ENSG00000087903,,ENSG00000087903,34,grey60,-0.4664,0.3068,0.0133,-0.0133,False,,Mitoxy-80_v1.0,NA
ENSG00000113595,,ENSG00000113595,464,green,0.7328,0.2974,-0.2143,0.2143,False,,Mitoxy-80_v1.0,NA
ENSG00000080986,,ENSG00000080986,277,grey60,0.6937,-0.0732,0.0373,-0.0373,False,,Mitoxy-80_v1.0,NA
ENSG00000213366,,ENSG00000213366,34,grey60,0.3059,0.0579,-0.3898,0.3898,False,,Mitoxy-80_v1.0,NA
ENSG00000095015,,ENSG00000095015,464,green,0.7731,0.2969,-0.2890,0.2890,False,,Mitoxy-80_v1.0,NA
ENSG00000048028,,ENSG00000048028,34,grey60,0.4219,-0.2260,-0.4188,0.4188,False,,Mitoxy-80_v1.0,NA
ENSG00000183691,,ENSG00000183691,34,grey60,0.2144,-0.1682,-0.6624,0.6624,False,,Mitoxy-80_v1.0,NA
ENSG00000196074,,ENSG00000196074,113,green,0.3202,0.3851,0.0071,-0.0071,False,,Mitoxy-80_v1.0,NA
ENSG00000173145,,ENSG00000173145,464,green,0.9059,-0.0683,-0.3142,0.3142,False,,Mitoxy-80_v1.0,NA
ENSG00000085840,,ENSG00000085840,277,grey60,0.8320,0.0117,0.0673,-0.0673,False,,Mitoxy-80_v1.0,NA
ENSG00000136717,,ENSG00000136717,34,grey60,0.4572,-0.2743,-0.3329,0.3329,False,,Mitoxy-80_v1.0,NA
ENSG00000118785,,ENSG00000118785,0,grey,,,,,False,Not classified,Mitoxy-80_v1.0,NA
ENSG00000178297,,ENSG00000178297,0,grey,,,,,False,Not classified,Mitoxy-80_v1.0,NA
ENSG00000152749,,ENSG00000152749,464,green,0.8842,-0.0687,-0.3286,0.3286,False,,Mitoxy-80_v1.0,NA
ENSG00000050405,,ENSG00000050405,464,green,0.8534,-0.1792,-0.3895,0.3895,False,,Mitoxy-80_v1.0,NA
ENSG00000149308,,ENSG00000149308,464,green,0.9588,-0.0920,-0.4961,0.4961,False,,Mitoxy-80_v1.0,NA
ENSG00000105699,,ENSG00000105699,34,grey60,0.5673,-0.0466,-0.3719,0.3719,False,,Mitoxy-80_v1.0,NA
ENSG00000198315,,ENSG00000198315,464,green,0.9175,-0.1335,-0.4752,0.4752,False,,Mitoxy-80_v1.0,NA
ENSG00000136051,,ENSG00000136051,113,green,0.7213,0.2241,-0.1514,0.1514,False,,Mitoxy-80_v1.0,NA
ENSG00000133067,,ENSG00000133067,34,grey60,0.2658,-0.1611,-0.3372,0.3372,False,,Mitoxy-80_v1.0,NA
ENSG00000261596,,ENSG00000261596,113,green,-0.2238,0.1257,0.3169,-0.3169,False,,Mitoxy-80_v1.0,NA
ENSG00000253998,,ENSG00000253998,277,grey60,0.6334,0.0322,0.0165,-0.0165,False,,Mitoxy-80_v1.0,NA
ENSG00000172071,,ENSG00000172071,464,green,0.8752,-0.0483,-0.4078,0.4078,False,,Mitoxy-80_v1.0,NA
ENSG00000214425,,ENSG00000214425,34,grey60,0.3260,0.0223,-0.3594,0.3594,False,,Mitoxy-80_v1.0,NA
ENSG00000162614,,ENSG00000162614,0,grey,,,,,False,Not classified,Mitoxy-80_v1.0,NA
ENSG00000174469,,ENSG00000174469,464,green,0.5655,-0.1763,-0.4824,0.4824,False,,Mitoxy-80_v1.0,NA
ENSG00000087253,,ENSG00000087253,113,green,0.1123,0.1236,0.0900,-0.0900,False,,Mitoxy-80_v1.0,NA
ENSG00000082781,,ENSG00000082781,0,grey,,,,,False,Not classified,Mitoxy-80_v1.0,NA
ENSG00000117174,,ENSG00000117174,464,green,0.8540,-0.2674,-0.4589,0.4589,False,,Mitoxy-80_v1.0,NA
ENSG00000108474,,ENSG00000108474,34,grey60,0.3503,-0.0531,-0.5270,0.5270,False,,Mitoxy-80_v1.0,NA
ENSG00000274963,,ENSG00000274963,0,grey,,,,,False,Not classified,Mitoxy-80_v1.0,NA
ENSG00000117115,,ENSG00000117115,34,grey60,-0.4522,0.1714,0.1682,-0.1682,False,,Mitoxy-80_v1.0,NA
ENSG00000075223,,ENSG00000075223,464,green,0.6462,0.1404,-0.2726,0.2726,False,,Mitoxy-80_v1.0,NA
ENSG00000173706,,ENSG00000173706,464,green,0.7534,-0.1313,-0.4054,0.4054,False,,Mitoxy-80_v1.0,NA
ENSG00000132965,,ENSG00000132965,34,grey60,-0.3282,0.0006,0.3552,-0.3552,False,,Mitoxy-80_v1.0,NA
ENSG00000060749,,ENSG00000060749,464,green,0.9091,0.0032,-0.3612,0.3612,False,,Mitoxy-80_v1.0,NA
ENSG00000074964,,ENSG00000074964,0,grey,,,,,False,Not classified,Mitoxy-80_v1.0,NA
ENSG00000197121,,ENSG00000197121,464,green,0.7477,-0.0710,-0.2623,0.2623,False,,Mitoxy-80_v1.0,NA
ENSG00000134294,,ENSG00000134294,113,green,0.6889,0.2938,-0.1410,0.1410,False,,Mitoxy-80_v1.0,NA
ENSG00000089351,,ENSG00000089351,34,grey60,-0.2894,0.1895,0.3362,-0.3362,False,,Mitoxy-80_v1.0,NA
ENSG00000166669,,ENSG00000166669,34,grey60,0.4457,-0.2701,-0.4396,0.4396,False,,Mitoxy-80_v1.0,NA
ENSG00000145088,,ENSG00000145088,277,grey60,0.6485,0.1476,0.1899,-0.1899,False,,Mitoxy-80_v1.0,NA
ENSG00000162063,,ENSG00000162063,277,grey60,0.8176,-0.0861,-0.0298,0.0298,False,,Mitoxy-80_v1.0,NA
ENSG00000175087,,ENSG00000175087,464,green,0.9367,-0.0160,-0.3738,0.3738,False,,Mitoxy-80_v1.0,NA
ENSG00000071539,,ENSG00000071539,277,grey60,0.8719,0.0037,0.1026,-0.1026,False,,Mitoxy-80_v1.0,NA
ENSG00000196358,,ENSG00000196358,0,grey,,,,,False,Not classified,Mitoxy-80_v1.0,NA
ENSG00000163430,,ENSG00000163430,0,grey,,,,,False,Not classified,Mitoxy-80_v1.0,NA
ENSG00000198618,,ENSG00000198618,34,grey60,0.3916,0.5466,-0.0740,0.0740,False,,Mitoxy-80_v1.0,NA
ENSG00000167747,,ENSG00000167747,372,white,0.8429,-0.0861,-0.0744,0.0744,False,,Mitoxy-80_v1.0,NA
ENSG00000253982,,ENSG00000253982,245,blue,-0.1046,-0.0910,0.0125,-0.0125,False,Iron metabolism,Mitoxy-80_v1.0,NA
ENSG00000107872,,ENSG00000107872,366,darkgreen,0.8983,0.0933,0.1520,-0.1520,False,,Mitoxy-80_v1.0,NA
ENSG00000211639,,ENSG00000211639,277,grey60,0.7281,-0.0289,0.0304,-0.0304,False,,Mitoxy-80_v1.0,NA
ENSG00000225889,,ENSG00000225889,0,grey,,,,,False,Not classified,Mitoxy-80_v1.0,NA
ENSG00000163235,,ENSG00000163235,113,green,-0.1241,0.2873,0.1361,-0.1361,False,,Mitoxy-80_v1.0,NA
ENSG00000145725,,ENSG00000145725,464,green,0.8320,0.2216,-0.2592,0.2592,False,,Mitoxy-80_v1.0,NA
ENSG00000213096,,ENSG00000213096,464,green,0.6031,0.2936,-0.1260,0.1260,False,,Mitoxy-80_v1.0,NA
ENSG00000001084,,ENSG00000001084,464,green,0.6832,-0.0384,-0.2116,0.2116,False,,Mitoxy-80_v1.0,NA
ENSG00000211642,,ENSG00000211642,277,grey60,0.6333,-0.0164,0.0195,-0.0195,False,,Mitoxy-80_v1.0,NA
ENSG00000144749,,ENSG00000144749,464,green,0.8274,0.0176,-0.5233,0.5233,False,,Mitoxy-80_v1.0,NA
ENSG00000204475,,ENSG00000204475,34,grey60,0.3269,-0.2882,-0.3239,0.3239,False,,Mitoxy-80_v1.0,NA
ENSG00000162368,,ENSG00000162368,464,green,0.9487,-0.0249,-0.3809,0.3809,False,,Mitoxy-80_v1.0,NA
ENSG00000172869,,ENSG00000172869,464,green,0.9194,0.2018,-0.3486,0.3486,False,,Mitoxy-80_v1.0,NA
ENSG00000254838,,ENSG00000254838,464,green,0.7935,-0.1386,-0.3895,0.3895,False,,Mitoxy-80_v1.0,NA
ENSG00000165886,,ENSG00000165886,34,grey60,-0.1760,0.2380,0.2686,-0.2686,False,,Mitoxy-80_v1.0,NA
ENSG00000129116,,ENSG00000129116,464,green,0.6701,-0.1183,-0.3970,0.3970,False,,Mitoxy-80_v1.0,NA
ENSG00000128059,,ENSG00000128059,464,green,0.8997,-0.1083,-0.3803,0.3803,False,,Mitoxy-80_v1.0,NA
ENSG00000106133,,ENSG00000106133,34,grey60,0.5285,0.0809,-0.3198,0.3198,False,,Mitoxy-80_v1.0,NA
ENSG00000164104,,ENSG00000164104,0,grey,,,,,False,Not classified,Mitoxy-80_v1.0,NA
ENSG00000241772,,ENSG00000241772,0,grey,,,,,False,Not classified,Mitoxy-80_v1.0,NA
ENSG00000100097,,ENSG00000100097,372,white,0.6228,-0.0436,0.3784,-0.3784,False,,Mitoxy-80_v1.0,NA
ENSG00000081307,,ENSG00000081307,464,green,0.8802,-0.1155,-0.3305,0.3305,False,,Mitoxy-80_v1.0,NA
ENSG00000103569,,ENSG00000103569,34,grey60,-0.5693,0.2257,0.2079,-0.2079,False,,Mitoxy-80_v1.0,NA
ENSG00000142185,,ENSG00000142185,34,grey60,-0.2165,0.3112,0.4137,-0.4137,False,,Mitoxy-80_v1.0,NA
ENSG00000276043,,ENSG00000276043,277,grey60,0.7571,0.1806,0.1071,-0.1071,False,,Mitoxy-80_v1.0,NA
ENSG00000064932,,ENSG00000064932,34,grey60,-0.3008,0.3392,0.2972,-0.2972,False,,Mitoxy-80_v1.0,NA
ENSG00000243290,,ENSG00000243290,277,grey60,0.7778,0.0733,0.0500,-0.0500,False,,Mitoxy-80_v1.0,NA
ENSG00000089157,,ENSG00000089157,372,white,0.7953,0.0009,-0.1015,0.1015,False,,Mitoxy-80_v1.0,NA
ENSG00000160781,,ENSG00000160781,0,grey,,,,,False,Not classified,Mitoxy-80_v1.0,NA
ENSG00000172508,,ENSG00000172508,34,grey60,0.3423,-0.0979,-0.4549,0.4549,False,,Mitoxy-80_v1.0,NA
ENSG00000213658,,ENSG00000213658,34,grey60,0.4585,-0.1503,-0.3732,0.3732,False,,Mitoxy-80_v1.0,NA
ENSG00000182670,,ENSG00000182670,464,green,0.8683,-0.1134,-0.5215,0.5215,False,,Mitoxy-80_v1.0,NA
ENSG00000115295,,ENSG00000115295,464,green,0.8700,-0.0925,-0.3510,0.3510,False,,Mitoxy-80_v1.0,NA
ENSG00000181381,,ENSG00000181381,113,green,0.1856,0.1534,0.1495,-0.1495,False,,Mitoxy-80_v1.0,NA
ENSG00000065923,,ENSG00000065923,464,green,0.7706,-0.1175,-0.4510,0.4510,False,,Mitoxy-80_v1.0,NA
ENSG00000135069,,ENSG00000135069,277,grey60,0.7679,-0.0719,-0.0815,0.0815,False,,Mitoxy-80_v1.0,NA
ENSG00000196526,,ENSG00000196526,34,grey60,-0.1031,0.0239,-0.3817,0.3817,False,,Mitoxy-80_v1.0,NA
ENSG00000157800,,ENSG00000157800,113,green,0.0723,0.3679,0.1821,-0.1821,False,,Mitoxy-80_v1.0,NA
ENSG00000177674,,ENSG00000177674,34,grey60,-0.0995,0.1414,0.4051,-0.4051,False,,Mitoxy-80_v1.0,NA
ENSG00000164114,,ENSG00000164114,464,green,0.8579,-0.1365,-0.4773,0.4773,False,,Mitoxy-80_v1.0,NA
ENSG00000151239,,ENSG00000151239,464,green,0.7218,0.2862,-0.1005,0.1005,False,,Mitoxy-80_v1.0,NA
ENSG00000271361,,ENSG00000271361,0,grey,,,,,False,Not classified,Mitoxy-80_v1.0,NA
ENSG00000184292,,ENSG00000184292,0,grey,,,,,False,Not classified,Mitoxy-80_v1.0,NA
ENSG00000171159,,ENSG00000171159,366,darkgreen,0.8621,0.0792,0.1324,-0.1324,False,,Mitoxy-80_v1.0,NA
ENSG00000198826,,ENSG00000198826,277,grey60,0.6847,0.0750,-0.1005,0.1005,False,,Mitoxy-80_v1.0,NA
ENSG00000105810,,ENSG00000105810,464,green,0.8934,-0.0483,-0.3764,0.3764,False,,Mitoxy-80_v1.0,NA
ENSG00000078053,,ENSG00000078053,0,grey,,,,,False,Not classified,Mitoxy-80_v1.0,NA
ENSG00000104231,,ENSG00000104231,464,green,0.9257,0.0150,-0.3105,0.3105,False,,Mitoxy-80_v1.0,NA
ENSG00000148926,,ENSG00000148926,34,grey60,-0.3492,0.2173,0.4300,-0.4300,False,,Mitoxy-80_v1.0,NA
ENSG00000227615,,ENSG00000227615,34,grey60,0.1317,0.1169,-0.2766,0.2766,False,,Mitoxy-80_v1.0,NA
ENSG00000186185,,ENSG00000186185,277,grey60,0.7934,0.0897,0.2058,-0.2058,False,,Mitoxy-80_v1.0,NA
ENSG00000282939,,ENSG00000282939,34,grey60,0.3481,-0.3202,-0.3563,0.3563,False,,Mitoxy-80_v1.0,NA
ENSG00000248810,,ENSG00000248810,34,grey60,-0.1691,-0.1155,-0.1756,0.1756,False,,Mitoxy-80_v1.0,NA
ENSG00000234444,,ENSG00000234444,464,green,0.9276,0.0066,-0.4316,0.4316,False,,Mitoxy-80_v1.0,NA
ENSG00000114013,,ENSG00000114013,34,grey60,0.1051,-0.3733,-0.1043,0.1043,False,,Mitoxy-80_v1.0,NA
ENSG00000058804,,ENSG00000058804,464,green,0.8542,-0.0574,-0.3689,0.3689,False,,Mitoxy-80_v1.0,NA
ENSG00000123975,,ENSG00000123975,277,grey60,0.6861,0.0211,0.2081,-0.2081,False,,Mitoxy-80_v1.0,NA
ENSG00000092853,,ENSG00000092853,277,grey60,0.7645,0.0043,0.1525,-0.1525,False,,Mitoxy-80_v1.0,NA
ENSG00000042062,,ENSG00000042062,245,blue,-0.1144,0.2367,0.0686,-0.0686,False,Iron metabolism,Mitoxy-80_v1.0,NA
ENSG00000244879,,ENSG00000244879,34,grey60,0.2694,-0.0137,-0.3167,0.3167,False,,Mitoxy-80_v1.0,NA
ENSG00000174718,,ENSG00000174718,34,grey60,-0.2302,0.2569,-0.2292,0.2292,False,,Mitoxy-80_v1.0,NA
ENSG00000142694,,ENSG00000142694,372,white,0.6956,0.0693,0.1633,-0.1633,False,,Mitoxy-80_v1.0,NA
ENSG00000140443,,ENSG00000140443,113,green,0.1363,0.4136,-0.2122,0.2122,False,,Mitoxy-80_v1.0,NA
ENSG00000205189,,ENSG00000205189,464,green,0.9182,-0.0845,-0.5007,0.5007,False,,Mitoxy-80_v1.0,NA
ENSG00000169607,,ENSG00000169607,277,grey60,0.7139,0.0878,0.1247,-0.1247,False,,Mitoxy-80_v1.0,NA
ENSG00000047932,,ENSG00000047932,464,green,0.9611,0.0100,-0.3537,0.3537,False,,Mitoxy-80_v1.0,NA
ENSG00000136942,,ENSG00000136942,34,grey60,0.5382,-0.1632,0.0126,-0.0126,False,,Mitoxy-80_v1.0,NA
ENSG00000140006,,ENSG00000140006,464,green,0.9169,-0.1221,-0.3841,0.3841,False,,Mitoxy-80_v1.0,NA
ENSG00000197457,,ENSG00000197457,34,grey60,0.3192,-0.0586,-0.3795,0.3795,False,,Mitoxy-80_v1.0,NA
ENSG00000072071,,ENSG00000072071,34,grey60,0.3877,-0.0501,-0.4272,0.4272,False,,Mitoxy-80_v1.0,NA
ENSG00000094975,,ENSG00000094975,464,green,0.9162,0.1170,-0.3111,0.3111,False,,Mitoxy-80_v1.0,NA
ENSG00000125652,,ENSG00000125652,372,white,0.8830,0.0199,0.0127,-0.0127,False,,Mitoxy-80_v1.0,NA
ENSG00000140988,,ENSG00000140988,372,white,0.9110,0.0264,-0.1136,0.1136,False,,Mitoxy-80_v1.0,NA
ENSG00000155265,,ENSG00000155265,34,grey60,0.3018,-0.2527,-0.4168,0.4168,False,,Mitoxy-80_v1.0,NA
ENSG00000143479,,ENSG00000143479,245,blue,-0.0442,0.0810,0.1573,-0.1573,False,Iron metabolism,Mitoxy-80_v1.0,NA
ENSG00000119138,,ENSG00000119138,464,green,0.6330,0.2811,-0.2693,0.2693,False,,Mitoxy-80_v1.0,NA
ENSG00000121552,,ENSG00000121552,0,grey,,,,,False,Not classified,Mitoxy-80_v1.0,NA
ENSG00000170989,,ENSG00000170989,464,green,0.5846,-0.0150,-0.4443,0.4443,False,,Mitoxy-80_v1.0,NA
ENSG00000170873,,ENSG00000170873,464,green,0.7404,-0.1232,-0.3935,0.3935,False,,Mitoxy-80_v1.0,NA
ENSG00000111801,,ENSG00000111801,34,grey60,0.3152,-0.3049,-0.2793,0.2793,False,,Mitoxy-80_v1.0,NA
ENSG00000165702,,ENSG00000165702,0,grey,,,,,False,Not classified,Mitoxy-80_v1.0,NA
ENSG00000164506,,ENSG00000164506,113,green,0.5584,0.4471,-0.2217,0.2217,False,,Mitoxy-80_v1.0,NA
ENSG00000085491,,ENSG00000085491,464,green,0.6280,0.2097,-0.0914,0.0914,False,,Mitoxy-80_v1.0,NA
ENSG00000187325,,ENSG00000187325,464,green,0.8813,-0.1255,-0.3546,0.3546,False,,Mitoxy-80_v1.0,NA
ENSG00000198133,,ENSG00000198133,0,grey,,,,,False,Not classified,Mitoxy-80_v1.0,NA
ENSG00000203326,,ENSG00000203326,464,green,0.9225,-0.0616,-0.4417,0.4417,False,,Mitoxy-80_v1.0,NA
ENSG00000197020,,ENSG00000197020,464,green,0.8443,0.1754,-0.2639,0.2639,False,,Mitoxy-80_v1.0,NA
ENSG00000135476,,ENSG00000135476,277,grey60,0.8078,0.1260,0.1592,-0.1592,False,,Mitoxy-80_v1.0,NA
ENSG00000121807,,ENSG00000121807,34,grey60,0.1467,0.0278,0.0294,-0.0294,False,,Mitoxy-80_v1.0,NA
ENSG00000156804,,ENSG00000156804,34,grey60,0.2851,-0.1671,-0.4871,0.4871,False,,Mitoxy-80_v1.0,NA
ENSG00000133641,,ENSG00000133641,464,green,0.8620,-0.1169,-0.3100,0.3100,False,,Mitoxy-80_v1.0,NA
ENSG00000126458,,ENSG00000126458,372,white,0.6723,-0.2790,0.1808,-0.1808,False,,Mitoxy-80_v1.0,NA
ENSG00000114127,,ENSG00000114127,34,grey60,-0.0103,0.0359,-0.0647,0.0647,False,,Mitoxy-80_v1.0,NA
ENSG00000276758,,ENSG00000276758,0,grey,,,,,False,Not classified,Mitoxy-80_v1.0,NA
ENSG00000177272,,ENSG00000177272,34,grey60,0.5944,-0.0247,-0.4079,0.4079,False,,Mitoxy-80_v1.0,NA
ENSG00000102531,,ENSG00000102531,464,green,0.7362,0.2124,-0.1743,0.1743,False,,Mitoxy-80_v1.0,NA
ENSG00000025708,,ENSG00000025708,366,darkgreen,0.8094,0.0805,0.3439,-0.3439,False,,Mitoxy-80_v1.0,NA
ENSG00000184384,,ENSG00000184384,464,green,0.7783,0.0532,-0.4370,0.4370,False,,Mitoxy-80_v1.0,NA
ENSG00000165997,,ENSG00000165997,464,green,0.8054,0.0559,-0.2010,0.2010,False,,Mitoxy-80_v1.0,NA
ENSG00000055332,,ENSG00000055332,461,blue,0.8196,-0.1281,0.1484,-0.1484,False,Iron metabolism,Mitoxy-80_v1.0,NA
ENSG00000166068,,ENSG00000166068,464,green,0.7468,-0.1068,-0.3905,0.3905,False,,Mitoxy-80_v1.0,NA
ENSG00000117020,,ENSG00000117020,464,green,0.8923,-0.0828,-0.5276,0.5276,False,,Mitoxy-80_v1.0,NA
ENSG00000251301,,ENSG00000251301,34,grey60,0.5098,-0.2244,-0.1191,0.1191,False,,Mitoxy-80_v1.0,NA
ENSG00000144824,,ENSG00000144824,464,green,0.8353,-0.1284,-0.5317,0.5317,False,,Mitoxy-80_v1.0,NA
ENSG00000228327,,ENSG00000228327,0,grey,,,,,False,Not classified,Mitoxy-80_v1.0,NA
ENSG00000129173,,ENSG00000129173,277,grey60,0.8113,0.0982,0.1629,-0.1629,False,,Mitoxy-80_v1.0,NA
ENSG00000172845,,ENSG00000172845,464,green,0.7711,0.3263,-0.2204,0.2204,False,,Mitoxy-80_v1.0,NA
ENSG00000166435,,ENSG00000166435,34,grey60,0.3985,-0.1470,-0.2321,0.2321,False,,Mitoxy-80_v1.0,NA
ENSG00000248124,,ENSG00000248124,464,green,0.8421,-0.0514,-0.4830,0.4830,False,,Mitoxy-80_v1.0,NA
ENSG00000160318,,ENSG00000160318,34,grey60,0.4065,-0.2043,-0.1225,0.1225,False,,Mitoxy-80_v1.0,NA
ENSG00000122641,,ENSG00000122641,0,grey,,,,,False,Not classified,Mitoxy-80_v1.0,NA
ENSG00000117318,,ENSG00000117318,34,grey60,0.3225,-0.1200,-0.3668,0.3668,False,,Mitoxy-80_v1.0,NA
ENSG00000161791,,ENSG00000161791,34,grey60,0.2377,-0.2855,-0.4893,0.4893,False,,Mitoxy-80_v1.0,NA
ENSG00000156273,,ENSG00000156273,113,green,0.5454,0.2654,-0.1551,0.1551,False,,Mitoxy-80_v1.0,NA
ENSG00000284691,,ENSG00000284691,34,grey60,0.4651,-0.3445,-0.3453,0.3453,False,,Mitoxy-80_v1.0,NA
ENSG00000152270,,ENSG00000152270,464,green,0.7815,0.1308,-0.4452,0.4452,False,,Mitoxy-80_v1.0,NA
ENSG00000186908,,ENSG00000186908,113,green,0.6692,0.2671,-0.1358,0.1358,False,,Mitoxy-80_v1.0,NA
ENSG00000138688,,ENSG00000138688,464,green,0.6957,0.2796,-0.2052,0.2052,False,,Mitoxy-80_v1.0,NA
ENSG00000114739,,ENSG00000114739,464,green,0.8602,-0.0661,-0.5530,0.5530,False,,Mitoxy-80_v1.0,NA
ENSG00000171611,,ENSG00000171611,0,grey,,,,,False,Not classified,Mitoxy-80_v1.0,NA
ENSG00000111261,,ENSG00000111261,34,grey60,-0.4168,0.3521,0.1383,-0.1383,False,,Mitoxy-80_v1.0,NA
ENSG00000134884,,ENSG00000134884,464,green,0.8623,0.1980,-0.2576,0.2576,False,,Mitoxy-80_v1.0,NA
ENSG00000181035,,ENSG00000181035,34,grey60,0.5865,-0.0699,-0.2868,0.2868,False,,Mitoxy-80_v1.0,NA
ENSG00000184221,,ENSG00000184221,0,grey,,,,,False,Not classified,Mitoxy-80_v1.0,NA
ENSG00000112893,,ENSG00000112893,464,green,0.9339,-0.0204,-0.3340,0.3340,False,,Mitoxy-80_v1.0,NA
ENSG00000073849,,ENSG00000073849,34,grey60,0.4951,-0.1738,-0.4772,0.4772,False,,Mitoxy-80_v1.0,NA
ENSG00000156467,,ENSG00000156467,34,grey60,0.0980,0.0753,0.1350,-0.1350,False,,Mitoxy-80_v1.0,NA
ENSG00000185641,,ENSG00000185641,34,grey60,0.3338,0.2686,-0.2425,0.2425,False,,Mitoxy-80_v1.0,NA
ENSG00000123131,,ENSG00000123131,277,grey60,0.7728,-0.2023,0.1091,-0.1091,False,,Mitoxy-80_v1.0,NA
ENSG00000196693,,ENSG00000196693,464,green,0.9263,-0.1082,-0.4981,0.4981,False,,Mitoxy-80_v1.0,NA
ENSG00000115902,,ENSG00000115902,277,grey60,0.8288,-0.1334,-0.0493,0.0493,False,,Mitoxy-80_v1.0,NA
ENSG00000140367,,ENSG00000140367,464,green,0.9427,-0.1073,-0.3975,0.3975,False,,Mitoxy-80_v1.0,NA
ENSG00000166803,,ENSG00000166803,277,grey60,0.8016,-0.1002,0.1690,-0.1690,False,,Mitoxy-80_v1.0,NA
ENSG00000109184,,ENSG00000109184,464,green,0.9559,-0.0269,-0.4048,0.4048,False,,Mitoxy-80_v1.0,NA
ENSG00000198829,,ENSG00000198829,0,grey,,,,,False,Not classified,Mitoxy-80_v1.0,NA
ENSG00000139970,,ENSG00000139970,34,grey60,-0.2064,-0.0108,-0.3692,0.3692,False,,Mitoxy-80_v1.0,NA
ENSG00000112159,,ENSG00000112159,464,green,0.8736,0.0058,-0.5160,0.5160,False,,Mitoxy-80_v1.0,NA
ENSG00000157554,,ENSG00000157554,0,grey,,,,,False,Not classified,Mitoxy-80_v1.0,NA
ENSG00000149231,,ENSG00000149231,464,green,0.8237,0.1407,-0.1942,0.1942,False,,Mitoxy-80_v1.0,NA
ENSG00000097046,,ENSG00000097046,464,green,0.7707,-0.0361,-0.2145,0.2145,False,,Mitoxy-80_v1.0,NA
ENSG00000164180,,ENSG00000164180,464,green,0.9496,-0.0084,-0.3909,0.3909,False,,Mitoxy-80_v1.0,NA
ENSG00000110628,,ENSG00000110628,366,darkgreen,0.8232,0.2343,0.1826,-0.1826,False,,Mitoxy-80_v1.0,NA
ENSG00000081985,,ENSG00000081985,34,grey60,0.4103,-0.2764,-0.2712,0.2712,False,,Mitoxy-80_v1.0,NA
ENSG00000232869,,ENSG00000232869,34,grey60,0.3387,-0.3330,-0.3699,0.3699,False,,Mitoxy-80_v1.0,NA
ENSG00000176049,,ENSG00000176049,34,grey60,0.2078,-0.2703,-0.4342,0.4342,False,,Mitoxy-80_v1.0,NA
ENSG00000137871,,ENSG00000137871,464,green,0.8662,0.0936,-0.2769,0.2769,False,,Mitoxy-80_v1.0,NA
ENSG00000124198,,ENSG00000124198,464,green,0.9535,0.0825,-0.3829,0.3829,False,,Mitoxy-80_v1.0,NA
ENSG00000090104,,ENSG00000090104,34,grey60,0.3457,-0.1467,0.0287,-0.0287,False,,Mitoxy-80_v1.0,NA
ENSG00000085662,,ENSG00000085662,34,grey60,0.6133,-0.3077,-0.2775,0.2775,False,,Mitoxy-80_v1.0,NA
ENSG00000246223,,ENSG00000246223,34,grey60,0.3730,-0.2461,-0.4794,0.4794,False,,Mitoxy-80_v1.0,NA
ENSG00000137261,,ENSG00000137261,0,grey,,,,,False,Not classified,Mitoxy-80_v1.0,NA
ENSG00000198885,,ENSG00000198885,34,grey60,0.4998,-0.2280,-0.3092,0.3092,False,,Mitoxy-80_v1.0,NA
ENSG00000143742,,ENSG00000143742,464,green,0.8277,0.1344,-0.1457,0.1457,False,,Mitoxy-80_v1.0,NA
ENSG00000083454,,ENSG00000083454,34,grey60,0.5953,-0.1575,-0.2780,0.2780,False,,Mitoxy-80_v1.0,NA
ENSG00000255026,,ENSG00000255026,0,grey,,,,,False,Not classified,Mitoxy-80_v1.0,NA
ENSG00000123159,,ENSG00000123159,34,grey60,0.4868,-0.2203,-0.2754,0.2754,False,,Mitoxy-80_v1.0,NA
ENSG00000144228,,ENSG00000144228,113,green,0.6435,0.3121,-0.1660,0.1660,False,,Mitoxy-80_v1.0,NA
ENSG00000159339,,ENSG00000159339,34,grey60,-0.2336,0.2348,0.2911,-0.2911,False,,Mitoxy-80_v1.0,NA
ENSG00000115306,,ENSG00000115306,464,green,0.7557,0.0808,-0.4981,0.4981,False,,Mitoxy-80_v1.0,NA
ENSG00000007402,,ENSG00000007402,34,grey60,0.2055,-0.1400,-0.5083,0.5083,False,,Mitoxy-80_v1.0,NA
ENSG00000112118,,ENSG00000112118,34,grey60,0.6823,-0.2349,-0.3123,0.3123,False,,Mitoxy-80_v1.0,NA
ENSG00000024526,,ENSG00000024526,277,grey60,0.6849,0.0956,0.1822,-0.1822,False,,Mitoxy-80_v1.0,NA
ENSG00000134987,,ENSG00000134987,464,green,0.9420,-0.1163,-0.3751,0.3751,False,,Mitoxy-80_v1.0,NA
ENSG00000125505,,ENSG00000125505,34,grey60,-0.4027,0.1945,0.1672,-0.1672,False,,Mitoxy-80_v1.0,NA
ENSG00000139324,,ENSG00000139324,464,green,0.9308,-0.0069,-0.3762,0.3762,False,,Mitoxy-80_v1.0,NA
ENSG00000171222,,ENSG00000171222,366,darkgreen,0.9160,0.0145,0.2059,-0.2059,False,,Mitoxy-80_v1.0,NA
ENSG00000064886,,ENSG00000064886,34,grey60,0.4906,-0.3025,-0.1590,0.1590,False,,Mitoxy-80_v1.0,NA
ENSG00000188243,,ENSG00000188243,34,grey60,0.2670,0.1416,0.0738,-0.0738,False,,Mitoxy-80_v1.0,NA
ENSG00000173611,,ENSG00000173611,464,green,0.8018,-0.0214,-0.4667,0.4667,False,,Mitoxy-80_v1.0,NA
ENSG00000048392,,ENSG00000048392,113,green,0.6950,0.2290,-0.2254,0.2254,False,,Mitoxy-80_v1.0,NA
ENSG00000124507,,ENSG00000124507,34,grey60,0.6038,-0.2230,-0.2186,0.2186,False,,Mitoxy-80_v1.0,NA
ENSG00000139618,,ENSG00000139618,34,grey60,0.5310,0.0109,-0.0189,0.0189,False,,Mitoxy-80_v1.0,NA
ENSG00000164649,,ENSG00000164649,34,grey60,0.5714,0.0401,-0.2972,0.2972,False,,Mitoxy-80_v1.0,NA
ENSG00000196923,,ENSG00000196923,34,grey60,-0.0778,0.3613,0.1784,-0.1784,False,,Mitoxy-80_v1.0,NA
ENSG00000167543,,ENSG00000167543,372,white,0.8897,-0.0013,-0.1831,0.1831,False,,Mitoxy-80_v1.0,NA
ENSG00000226360,,ENSG00000226360,34,grey60,0.4142,0.1872,-0.3965,0.3965,False,,Mitoxy-80_v1.0,NA
ENSG00000155850,,ENSG00000155850,464,green,0.9404,0.1475,-0.3525,0.3525,False,,Mitoxy-80_v1.0,NA
ENSG00000138798,,ENSG00000138798,0,grey,,,,,False,Not classified,Mitoxy-80_v1.0,NA
ENSG00000005436,,ENSG00000005436,464,green,0.8699,-0.1727,-0.4022,0.4022,False,,Mitoxy-80_v1.0,NA
ENSG00000173674,,ENSG00000173674,464,green,0.8935,0.0159,-0.3814,0.3814,False,,Mitoxy-80_v1.0,NA
ENSG00000112394,,ENSG00000112394,464,green,0.6984,-0.0760,-0.6363,0.6363,False,,Mitoxy-80_v1.0,NA
ENSG00000257764,,ENSG00000257764,34,grey60,0.0398,0.0060,-0.0923,0.0923,False,,Mitoxy-80_v1.0,NA
ENSG00000118515,,ENSG00000118515,464,green,0.6076,0.0108,-0.4549,0.4549,False,,Mitoxy-80_v1.0,NA
ENSG00000113448,,ENSG00000113448,464,green,0.5261,0.0973,-0.2143,0.2143,False,,Mitoxy-80_v1.0,NA
ENSG00000175274,,ENSG00000175274,34,grey60,-0.3557,0.2676,0.2853,-0.2853,False,,Mitoxy-80_v1.0,NA
ENSG00000134686,,ENSG00000134686,34,grey60,-0.3821,0.2872,0.2564,-0.2564,False,,Mitoxy-80_v1.0,NA
ENSG00000012983,,ENSG00000012983,464,green,0.8030,0.0081,-0.2831,0.2831,False,,Mitoxy-80_v1.0,NA
ENSG00000130595,,ENSG00000130595,0,grey,,,,,False,Not classified,Mitoxy-80_v1.0,NA
ENSG00000241886,,ENSG00000241886,0,grey,,,,,False,Not classified,Mitoxy-80_v1.0,NA
ENSG00000175164,,ENSG00000175164,34,grey60,0.1227,-0.1469,-0.2151,0.2151,False,,Mitoxy-80_v1.0,NA
ENSG00000138363,,ENSG00000138363,34,grey60,0.5490,-0.3485,-0.3809,0.3809,False,,Mitoxy-80_v1.0,NA
ENSG00000171130,,ENSG00000171130,34,grey60,0.4390,-0.2570,-0.3729,0.3729,False,,Mitoxy-80_v1.0,NA
ENSG00000142408,,ENSG00000142408,34,grey60,0.1066,-0.0919,-0.2159,0.2159,False,,Mitoxy-80_v1.0,NA
ENSG00000072952,,ENSG00000072952,34,grey60,-0.5817,0.2262,0.0977,-0.0977,False,,Mitoxy-80_v1.0,NA
ENSG00000116741,,ENSG00000116741,0,grey,,,,,False,Not classified,Mitoxy-80_v1.0,NA
ENSG00000174600,,ENSG00000174600,34,grey60,0.0886,-0.2797,-0.2268,0.2268,False,,Mitoxy-80_v1.0,NA
ENSG00000211799,,ENSG00000211799,34,grey60,0.3314,-0.3590,-0.4370,0.4370,False,,Mitoxy-80_v1.0,NA
ENSG00000085721,,ENSG00000085721,464,green,0.9305,-0.0852,-0.4293,0.4293,False,,Mitoxy-80_v1.0,NA
ENSG00000021762,,ENSG00000021762,372,white,0.7597,-0.0263,-0.2111,0.2111,False,,Mitoxy-80_v1.0,NA
ENSG00000080839,,ENSG00000080839,464,green,0.8827,-0.1009,-0.3703,0.3703,False,,Mitoxy-80_v1.0,NA
ENSG00000106034,,ENSG00000106034,464,green,0.6178,-0.1974,-0.2464,0.2464,False,,Mitoxy-80_v1.0,NA
ENSG00000111674,,ENSG00000111674,34,grey60,0.3600,-0.0684,-0.4688,0.4688,False,,Mitoxy-80_v1.0,NA
ENSG00000131669,,ENSG00000131669,366,darkgreen,0.7808,0.1544,0.0941,-0.0941,False,,Mitoxy-80_v1.0,NA
ENSG00000267174,,ENSG00000267174,0,grey,,,,,False,Not classified,Mitoxy-80_v1.0,NA
ENSG00000103024,,ENSG00000103024,372,white,0.8841,0.0417,-0.0112,0.0112,False,,Mitoxy-80_v1.0,NA
ENSG00000211788,,ENSG00000211788,34,grey60,0.3394,-0.3383,-0.4776,0.4776,False,,Mitoxy-80_v1.0,NA
ENSG00000069869,,ENSG00000069869,113,green,0.2783,0.2709,0.0619,-0.0619,False,,Mitoxy-80_v1.0,NA
ENSG00000138411,,ENSG00000138411,113,green,0.2083,0.2635,-0.0080,0.0080,False,,Mitoxy-80_v1.0,NA
ENSG00000135378,,ENSG00000135378,0,grey,,,,,False,Not classified,Mitoxy-80_v1.0,NA
ENSG00000255801,,ENSG00000255801,0,grey,,,,,False,Not classified,Mitoxy-80_v1.0,NA
ENSG00000266412,,ENSG00000266412,0,grey,,,,,False,Not classified,Mitoxy-80_v1.0,NA
ENSG00000197728,,ENSG00000197728,0,grey,,,,,False,Not classified,Mitoxy-80_v1.0,NA
ENSG00000145491,,ENSG00000145491,34,grey60,-0.4036,0.1750,0.3174,-0.3174,False,,Mitoxy-80_v1.0,NA
ENSG00000120129,,ENSG00000120129,34,grey60,-0.5060,0.2335,0.1986,-0.1986,False,,Mitoxy-80_v1.0,NA
ENSG00000103490,,ENSG00000103490,366,darkgreen,0.9154,-0.0065,0.2983,-0.2983,False,,Mitoxy-80_v1.0,NA
ENSG00000223960,,ENSG00000223960,464,green,0.6804,-0.1348,-0.1939,0.1939,False,,Mitoxy-80_v1.0,NA
ENSG00000168646,,ENSG00000168646,464,green,0.7190,-0.0156,-0.5823,0.5823,False,,Mitoxy-80_v1.0,NA
ENSG00000196576,,ENSG00000196576,0,grey,,,,,False,Not classified,Mitoxy-80_v1.0,NA
ENSG00000047365,,ENSG00000047365,464,green,0.7805,0.1179,-0.2337,0.2337,False,,Mitoxy-80_v1.0,NA
ENSG00000161813,,ENSG00000161813,464,green,0.9289,-0.0157,-0.2972,0.2972,False,,Mitoxy-80_v1.0,NA
ENSG00000168615,,ENSG00000168615,113,green,0.2290,0.3958,0.2196,-0.2196,False,,Mitoxy-80_v1.0,NA
ENSG00000100523,,ENSG00000100523,464,green,0.9084,-0.1415,-0.3732,0.3732,False,,Mitoxy-80_v1.0,NA
ENSG00000182541,,ENSG00000182541,34,grey60,-0.4698,0.2257,0.2875,-0.2875,False,,Mitoxy-80_v1.0,NA
ENSG00000027075,,ENSG00000027075,34,grey60,0.3346,-0.3058,-0.4813,0.4813,False,,Mitoxy-80_v1.0,NA
ENSG00000167261,,ENSG00000167261,0,grey,,,,,False,Not classified,Mitoxy-80_v1.0,NA
ENSG00000100504,,ENSG00000100504,34,grey60,-0.5240,0.2669,0.2632,-0.2632,False,,Mitoxy-80_v1.0,NA
ENSG00000164327,,ENSG00000164327,464,green,0.6837,0.2140,-0.2739,0.2739,False,,Mitoxy-80_v1.0,NA
ENSG00000079335,,ENSG00000079335,464,green,0.9231,0.0830,-0.4712,0.4712,False,,Mitoxy-80_v1.0,NA
ENSG00000108582,,ENSG00000108582,113,green,0.2185,0.3771,-0.0214,0.0214,False,,Mitoxy-80_v1.0,NA
ENSG00000108839,,ENSG00000108839,0,grey,,,,,False,Not classified,Mitoxy-80_v1.0,NA
ENSG00000261222,,ENSG00000261222,0,grey,,,,,False,Not classified,Mitoxy-80_v1.0,NA
ENSG00000159086,,ENSG00000159086,464,green,0.9644,0.0250,-0.3654,0.3654,False,,Mitoxy-80_v1.0,NA
ENSG00000004399,,ENSG00000004399,0,grey,,,,,False,Not classified,Mitoxy-80_v1.0,NA
ENSG00000106351,,ENSG00000106351,34,grey60,0.4627,-0.2522,-0.3913,0.3913,False,,Mitoxy-80_v1.0,NA
ENSG00000168961,,ENSG00000168961,0,grey,,,,,False,Not classified,Mitoxy-80_v1.0,NA
ENSG00000182985,,ENSG00000182985,34,grey60,0.7019,-0.1127,-0.2090,0.2090,False,,Mitoxy-80_v1.0,NA
ENSG00000178695,,ENSG00000178695,464,green,0.6773,0.0545,-0.1167,0.1167,False,,Mitoxy-80_v1.0,NA
ENSG00000182809,,ENSG00000182809,372,white,0.6822,-0.1227,-0.3754,0.3754,False,,Mitoxy-80_v1.0,NA
ENSG00000083845,,ENSG00000083845,372,white,0.8449,-0.2192,-0.1631,0.1631,False,,Mitoxy-80_v1.0,NA
ENSG00000148175,,ENSG00000148175,0,grey,,,,,False,Not classified,Mitoxy-80_v1.0,NA
ENSG00000158050,,ENSG00000158050,372,white,0.7607,-0.0810,-0.1581,0.1581,False,,Mitoxy-80_v1.0,NA
ENSG00000116791,,ENSG00000116791,464,green,0.7934,-0.1769,-0.2746,0.2746,False,,Mitoxy-80_v1.0,NA
ENSG00000152217,,ENSG00000152217,464,green,0.7069,-0.0835,-0.3527,0.3527,False,,Mitoxy-80_v1.0,NA
ENSG00000160179,,ENSG00000160179,0,grey,,,,,False,Not classified,Mitoxy-80_v1.0,NA
ENSG00000092439,,ENSG00000092439,464,green,0.9780,0.0643,-0.3920,0.3920,False,,Mitoxy-80_v1.0,NA
ENSG00000198105,,ENSG00000198105,464,green,0.8942,-0.1089,-0.5109,0.5109,False,,Mitoxy-80_v1.0,NA
ENSG00000234741,,ENSG00000234741,464,green,0.7065,-0.0194,-0.2525,0.2525,False,,Mitoxy-80_v1.0,NA
ENSG00000065534,,ENSG00000065534,0,grey,,,,,False,Not classified,Mitoxy-80_v1.0,NA
ENSG00000115507,,ENSG00000115507,0,grey,,,,,False,Not classified,Mitoxy-80_v1.0,NA
ENSG00000109736,,ENSG00000109736,366,darkgreen,0.9172,0.1693,0.0890,-0.0890,False,,Mitoxy-80_v1.0,NA
ENSG00000197329,,ENSG00000197329,113,green,0.3959,0.3038,-0.1642,0.1642,False,,Mitoxy-80_v1.0,NA
ENSG00000133065,,ENSG00000133065,34,grey60,0.5189,-0.1760,-0.4342,0.4342,False,,Mitoxy-80_v1.0,NA
ENSG00000163535,,ENSG00000163535,34,grey60,0.6212,0.0791,-0.0117,0.0117,False,,Mitoxy-80_v1.0,NA
ENSG00000135842,,ENSG00000135842,113,green,-0.2275,0.2682,0.0130,-0.0130,False,,Mitoxy-80_v1.0,NA
ENSG00000169504,,ENSG00000169504,34,grey60,0.1462,0.0387,-0.0021,0.0021,False,,Mitoxy-80_v1.0,NA
ENSG00000068885,,ENSG00000068885,464,green,0.9244,-0.0891,-0.3793,0.3793,False,,Mitoxy-80_v1.0,NA
ENSG00000122376,,ENSG00000122376,464,green,0.8998,0.1511,-0.2944,0.2944,False,,Mitoxy-80_v1.0,NA
ENSG00000145214,,ENSG00000145214,372,white,0.7854,0.1638,-0.1260,0.1260,False,,Mitoxy-80_v1.0,NA
ENSG00000120137,,ENSG00000120137,464,green,0.8965,0.0944,-0.3056,0.3056,False,,Mitoxy-80_v1.0,NA
ENSG00000100629,,ENSG00000100629,277,grey60,0.7644,-0.0760,-0.2498,0.2498,False,,Mitoxy-80_v1.0,NA
ENSG00000077232,,ENSG00000077232,464,green,0.9350,-0.0688,-0.3551,0.3551,False,,Mitoxy-80_v1.0,NA
ENSG00000134779,,ENSG00000134779,245,blue,-0.1057,-0.1638,-0.0836,0.0836,False,Iron metabolism,Mitoxy-80_v1.0,NA
ENSG00000112851,,ENSG00000112851,464,green,0.7848,0.2796,-0.2715,0.2715,False,,Mitoxy-80_v1.0,NA
ENSG00000101194,,ENSG00000101194,372,white,0.7069,0.1550,-0.1382,0.1382,False,,Mitoxy-80_v1.0,NA
ENSG00000237094,,ENSG00000237094,113,green,-0.0963,0.5386,-0.0008,0.0008,False,,Mitoxy-80_v1.0,NA
ENSG00000165185,,ENSG00000165185,0,grey,,,,,False,Not classified,Mitoxy-80_v1.0,NA
ENSG00000120800,,ENSG00000120800,464,green,0.8826,-0.0403,-0.4932,0.4932,False,,Mitoxy-80_v1.0,NA
ENSG00000228278,,ENSG00000228278,0,grey,,,,,False,Not classified,Mitoxy-80_v1.0,NA
ENSG00000258831,,ENSG00000258831,0,grey,,,,,False,Not classified,Mitoxy-80_v1.0,NA
ENSG00000106624,,ENSG00000106624,34,grey60,0.4006,-0.0240,-0.4159,0.4159,False,,Mitoxy-80_v1.0,NA
ENSG00000181163,,ENSG00000181163,464,green,0.7237,-0.2197,-0.2582,0.2582,False,,Mitoxy-80_v1.0,NA
ENSG00000184588,,ENSG00000184588,464,green,0.5387,0.0005,-0.3028,0.3028,False,,Mitoxy-80_v1.0,NA
ENSG00000108021,,ENSG00000108021,464,green,0.9410,0.0233,-0.4386,0.4386,False,,Mitoxy-80_v1.0,NA
ENSG00000071655,,ENSG00000071655,372,white,0.9602,-0.0524,-0.0194,0.0194,False,,Mitoxy-80_v1.0,NA
ENSG00000123552,,ENSG00000123552,464,green,0.9241,-0.0786,-0.4431,0.4431,False,,Mitoxy-80_v1.0,NA
ENSG00000179454,,ENSG00000179454,464,green,0.8462,0.1647,-0.3291,0.3291,False,,Mitoxy-80_v1.0,NA
ENSG00000008710,,ENSG00000008710,372,white,0.7694,0.2061,-0.3235,0.3235,False,,Mitoxy-80_v1.0,NA
ENSG00000163811,,ENSG00000163811,464,green,0.9311,-0.0862,-0.3875,0.3875,False,,Mitoxy-80_v1.0,NA
ENSG00000085449,,ENSG00000085449,464,green,0.6806,-0.0851,-0.1467,0.1467,False,,Mitoxy-80_v1.0,NA
ENSG00000213186,,ENSG00000213186,464,green,0.8916,-0.1160,-0.3770,0.3770,False,,Mitoxy-80_v1.0,NA
ENSG00000051341,,ENSG00000051341,277,grey60,0.7597,0.1159,0.0890,-0.0890,False,,Mitoxy-80_v1.0,NA
ENSG00000138078,,ENSG00000138078,464,green,0.9537,-0.0890,-0.4179,0.4179,False,,Mitoxy-80_v1.0,NA
ENSG00000120159,,ENSG00000120159,464,green,0.9251,-0.1500,-0.3644,0.3644,False,,Mitoxy-80_v1.0,NA
ENSG00000081181,,ENSG00000081181,0,grey,,,,,False,Not classified,Mitoxy-80_v1.0,NA
ENSG00000171049,,ENSG00000171049,113,green,-0.1345,0.2977,0.1175,-0.1175,False,,Mitoxy-80_v1.0,NA
ENSG00000070961,,ENSG00000070961,464,green,0.8410,0.0892,-0.4486,0.4486,False,,Mitoxy-80_v1.0,NA
ENSG00000181104,,ENSG00000181104,464,green,0.7494,0.0104,-0.3652,0.3652,False,,Mitoxy-80_v1.0,NA
ENSG00000113658,,ENSG00000113658,464,green,0.9323,0.0581,-0.3563,0.3563,False,,Mitoxy-80_v1.0,NA
ENSG00000139737,,ENSG00000139737,464,green,0.8595,-0.1643,-0.4356,0.4356,False,,Mitoxy-80_v1.0,NA
ENSG00000197045,,ENSG00000197045,464,green,0.7736,0.2210,-0.1451,0.1451,False,,Mitoxy-80_v1.0,NA
ENSG00000134352,,ENSG00000134352,464,green,0.7808,0.1285,-0.2914,0.2914,False,,Mitoxy-80_v1.0,NA
ENSG00000282988,,ENSG00000282988,0,grey,,,,,False,Not classified,Mitoxy-80_v1.0,NA
ENSG00000113721,,ENSG00000113721,34,grey60,0.3048,-0.1124,-0.1202,0.1202,False,,Mitoxy-80_v1.0,NA
ENSG00000108691,,ENSG00000108691,0,grey,,,,,False,Not classified,Mitoxy-80_v1.0,NA
ENSG00000110172,,ENSG00000110172,464,green,0.6219,-0.1274,-0.1656,0.1656,False,,Mitoxy-80_v1.0,NA
ENSG00000197961,,ENSG00000197961,464,green,0.9324,-0.1295,-0.4331,0.4331,False,,Mitoxy-80_v1.0,NA
ENSG00000204650,,ENSG00000204650,34,grey60,0.4004,-0.1815,-0.4692,0.4692,False,,Mitoxy-80_v1.0,NA
ENSG00000011405,,ENSG00000011405,464,green,0.9443,0.0797,-0.3653,0.3653,False,,Mitoxy-80_v1.0,NA
ENSG00000238241,,ENSG00000238241,464,green,0.5465,-0.1624,-0.5849,0.5849,False,,Mitoxy-80_v1.0,NA
ENSG00000271533,,ENSG00000271533,464,green,0.6830,0.1351,-0.2249,0.2249,False,,Mitoxy-80_v1.0,NA
ENSG00000168234,,ENSG00000168234,34,grey60,0.3263,-0.2627,-0.4643,0.4643,False,,Mitoxy-80_v1.0,NA
ENSG00000177595,,ENSG00000177595,372,white,0.9159,0.0362,-0.1127,0.1127,False,,Mitoxy-80_v1.0,NA
ENSG00000139921,,ENSG00000139921,464,green,0.8100,-0.0032,-0.0691,0.0691,False,,Mitoxy-80_v1.0,NA
ENSG00000183386,,ENSG00000183386,0,grey,,,,,False,Not classified,Mitoxy-80_v1.0,NA
ENSG00000075303,,ENSG00000075303,464,green,0.5776,0.2204,-0.1166,0.1166,False,,Mitoxy-80_v1.0,NA
ENSG00000233030,,ENSG00000233030,0,grey,,,,,False,Not classified,Mitoxy-80_v1.0,NA
ENSG00000123124,,ENSG00000123124,464,green,0.9622,-0.0529,-0.4794,0.4794,False,,Mitoxy-80_v1.0,NA
ENSG00000011566,,ENSG00000011566,464,green,0.9162,-0.0329,-0.3417,0.3417,False,,Mitoxy-80_v1.0,NA
ENSG00000197372,,ENSG00000197372,464,green,0.9266,-0.0016,-0.3781,0.3781,False,,Mitoxy-80_v1.0,NA
ENSG00000050344,,ENSG00000050344,464,green,0.7489,-0.1620,-0.3003,0.3003,False,,Mitoxy-80_v1.0,NA
ENSG00000134758,,ENSG00000134758,464,green,0.8131,0.0228,-0.2041,0.2041,False,,Mitoxy-80_v1.0,NA
ENSG00000109943,,ENSG00000109943,34,grey60,0.3005,-0.2891,-0.3549,0.3549,False,,Mitoxy-80_v1.0,NA
ENSG00000213741,,ENSG00000213741,34,grey60,0.3970,-0.0286,-0.0935,0.0935,False,,Mitoxy-80_v1.0,NA
ENSG00000026950,,ENSG00000026950,34,grey60,0.2153,-0.2158,-0.2171,0.2171,False,,Mitoxy-80_v1.0,NA
ENSG00000269968,,ENSG00000269968,0,grey,,,,,False,Not classified,Mitoxy-80_v1.0,NA
ENSG00000117620,,ENSG00000117620,464,green,0.9405,-0.0858,-0.4179,0.4179,False,,Mitoxy-80_v1.0,NA
ENSG00000137070,,ENSG00000137070,34,grey60,0.3085,-0.0244,-0.4785,0.4785,False,,Mitoxy-80_v1.0,NA
ENSG00000180917,,ENSG00000180917,464,green,0.9326,-0.1113,-0.3423,0.3423,False,,Mitoxy-80_v1.0,NA
ENSG00000138095,,ENSG00000138095,464,green,0.9115,-0.1393,-0.4132,0.4132,False,,Mitoxy-80_v1.0,NA
ENSG00000167210,,ENSG00000167210,0,grey,,,,,False,Not classified,Mitoxy-80_v1.0,NA
ENSG00000164164,,ENSG00000164164,464,green,0.9462,0.0588,-0.4056,0.4056,False,,Mitoxy-80_v1.0,NA
ENSG00000107317,,ENSG00000107317,372,white,0.5670,-0.1355,-0.1740,0.1740,False,,Mitoxy-80_v1.0,NA
ENSG00000117569,,ENSG00000117569,464,green,0.8145,0.2185,-0.2448,0.2448,False,,Mitoxy-80_v1.0,NA
ENSG00000181826,,ENSG00000181826,464,green,0.5301,0.2542,-0.4384,0.4384,False,,Mitoxy-80_v1.0,NA
ENSG00000154814,,ENSG00000154814,464,green,0.8174,-0.1680,-0.4956,0.4956,False,,Mitoxy-80_v1.0,NA
ENSG00000152492,,ENSG00000152492,464,green,0.7817,-0.2870,-0.3160,0.3160,False,,Mitoxy-80_v1.0,NA
ENSG00000185245,,ENSG00000185245,0,grey,,,,,False,Not classified,Mitoxy-80_v1.0,NA
ENSG00000065268,,ENSG00000065268,372,white,0.9238,-0.0667,-0.0009,0.0009,False,,Mitoxy-80_v1.0,NA
ENSG00000154310,,ENSG00000154310,34,grey60,0.3150,-0.1364,-0.4744,0.4744,False,,Mitoxy-80_v1.0,NA
ENSG00000122223,,ENSG00000122223,34,grey60,0.1518,-0.2737,-0.2942,0.2942,False,,Mitoxy-80_v1.0,NA
ENSG00000161677,,ENSG00000161677,366,darkgreen,0.8990,-0.0239,0.2550,-0.2550,False,,Mitoxy-80_v1.0,NA
ENSG00000071246,,ENSG00000071246,34,grey60,0.0122,-0.1001,-0.2291,0.2291,False,,Mitoxy-80_v1.0,NA
ENSG00000275835,,ENSG00000275835,464,green,0.8274,-0.0857,-0.4456,0.4456,False,,Mitoxy-80_v1.0,NA
ENSG00000111300,,ENSG00000111300,464,green,0.9430,-0.0968,-0.4063,0.4063,False,,Mitoxy-80_v1.0,NA
ENSG00000170522,,ENSG00000170522,464,green,0.6434,-0.0964,-0.2523,0.2523,False,,Mitoxy-80_v1.0,NA
ENSG00000076248,,ENSG00000076248,34,grey60,0.6055,-0.2451,-0.3400,0.3400,False,,Mitoxy-80_v1.0,NA
ENSG00000118454,,ENSG00000118454,464,green,0.9432,0.0093,-0.3536,0.3536,False,,Mitoxy-80_v1.0,NA
ENSG00000157978,,ENSG00000157978,34,grey60,0.4059,-0.1760,-0.4645,0.4645,False,,Mitoxy-80_v1.0,NA
ENSG00000260197,,ENSG00000260197,34,grey60,0.1895,0.0521,-0.0383,0.0383,False,,Mitoxy-80_v1.0,NA
ENSG00000134900,,ENSG00000134900,464,green,0.9378,-0.0699,-0.4144,0.4144,False,,Mitoxy-80_v1.0,NA
ENSG00000137807,,ENSG00000137807,277,grey60,0.7235,-0.0220,0.1165,-0.1165,False,,Mitoxy-80_v1.0,NA
ENSG00000127920,,ENSG00000127920,0,grey,,,,,False,Not classified,Mitoxy-80_v1.0,NA
ENSG00000164209,,ENSG00000164209,464,green,0.9287,0.0042,-0.2892,0.2892,False,,Mitoxy-80_v1.0,NA
ENSG00000130956,,ENSG00000130956,34,grey60,0.3456,-0.2200,-0.4731,0.4731,False,,Mitoxy-80_v1.0,NA
ENSG00000163605,,ENSG00000163605,113,green,0.4770,0.3628,0.0088,-0.0088,False,,Mitoxy-80_v1.0,NA
ENSG00000101003,,ENSG00000101003,277,grey60,0.8493,-0.0433,0.0150,-0.0150,False,,Mitoxy-80_v1.0,NA
ENSG00000159335,,ENSG00000159335,245,blue,0.0046,-0.2728,0.0840,-0.0840,False,Iron metabolism,Mitoxy-80_v1.0,NA
ENSG00000118513,,ENSG00000118513,34,grey60,0.3969,0.0492,-0.1903,0.1903,False,,Mitoxy-80_v1.0,NA
ENSG00000165480,,ENSG00000165480,277,grey60,0.8012,-0.0194,0.1835,-0.1835,False,,Mitoxy-80_v1.0,NA
ENSG00000178199,,ENSG00000178199,34,grey60,0.3656,-0.2113,-0.4546,0.4546,False,,Mitoxy-80_v1.0,NA
ENSG00000211797,,ENSG00000211797,34,grey60,0.3173,-0.3454,-0.4746,0.4746,False,,Mitoxy-80_v1.0,NA
ENSG00000157557,,ENSG00000157557,113,green,-0.1965,0.4196,0.1138,-0.1138,False,,Mitoxy-80_v1.0,NA
ENSG00000166145,,ENSG00000166145,0,grey,,,,,False,Not classified,Mitoxy-80_v1.0,NA
ENSG00000146592,,ENSG00000146592,113,green,0.0286,0.2503,0.0723,-0.0723,False,,Mitoxy-80_v1.0,NA
ENSG00000167633,,ENSG00000167633,34,grey60,0.2107,-0.1986,-0.2740,0.2740,False,,Mitoxy-80_v1.0,NA
ENSG00000271736,,ENSG00000271736,245,blue,-0.0813,0.0444,-0.0084,0.0084,False,Iron metabolism,Mitoxy-80_v1.0,NA
ENSG00000165682,,ENSG00000165682,0,grey,,,,,False,Not classified,Mitoxy-80_v1.0,NA
ENSG00000120686,,ENSG00000120686,464,green,0.9566,0.0232,-0.3517,0.3517,False,,Mitoxy-80_v1.0,NA
ENSG00000116127,,ENSG00000116127,464,green,0.8574,-0.0946,-0.4981,0.4981,False,,Mitoxy-80_v1.0,NA
ENSG00000151136,,ENSG00000151136,34,grey60,0.2882,-0.2589,-0.5241,0.5241,False,,Mitoxy-80_v1.0,NA
ENSG00000148362,,ENSG00000148362,372,white,0.9394,-0.0937,-0.0753,0.0753,False,,Mitoxy-80_v1.0,NA
ENSG00000082269,,ENSG00000082269,464,green,0.8901,-0.0590,-0.4205,0.4205,False,,Mitoxy-80_v1.0,NA
ENSG00000100027,,ENSG00000100027,34,grey60,0.3012,-0.1152,-0.4433,0.4433,False,,Mitoxy-80_v1.0,NA
ENSG00000132436,,ENSG00000132436,464,green,0.8963,-0.0457,-0.3806,0.3806,False,,Mitoxy-80_v1.0,NA
ENSG00000177324,,ENSG00000177324,0,grey,,,,,False,Not classified,Mitoxy-80_v1.0,NA
ENSG00000123600,,ENSG00000123600,34,grey60,0.3848,-0.2040,-0.4159,0.4159,False,,Mitoxy-80_v1.0,NA
ENSG00000211752,,ENSG00000211752,34,grey60,0.4238,-0.3465,-0.3422,0.3422,False,,Mitoxy-80_v1.0,NA
ENSG00000080546,,ENSG00000080546,464,green,0.8603,0.0767,-0.4119,0.4119,False,,Mitoxy-80_v1.0,NA
ENSG00000198554,,ENSG00000198554,277,grey60,0.6751,-0.0378,-0.1941,0.1941,False,,Mitoxy-80_v1.0,NA
ENSG00000183837,,ENSG00000183837,34,grey60,0.3722,-0.1547,-0.3928,0.3928,False,,Mitoxy-80_v1.0,NA
ENSG00000100526,,ENSG00000100526,277,grey60,0.7609,0.0102,0.1894,-0.1894,False,,Mitoxy-80_v1.0,NA
ENSG00000174442,,ENSG00000174442,464,green,0.7823,-0.0129,-0.2223,0.2223,False,,Mitoxy-80_v1.0,NA
ENSG00000211632,,ENSG00000211632,277,grey60,0.7940,-0.0312,0.0665,-0.0665,False,,Mitoxy-80_v1.0,NA
ENSG00000167526,,ENSG00000167526,372,white,0.9054,-0.1004,-0.1963,0.1963,False,,Mitoxy-80_v1.0,NA
ENSG00000279320,,ENSG00000279320,0,grey,,,,,False,Not classified,Mitoxy-80_v1.0,NA
ENSG00000143365,,ENSG00000143365,34,grey60,0.2775,-0.2604,-0.4820,0.4820,False,,Mitoxy-80_v1.0,NA
ENSG00000228300,,ENSG00000228300,372,white,0.9061,-0.1383,0.1063,-0.1063,False,,Mitoxy-80_v1.0,NA
ENSG00000162496,,ENSG00000162496,34,grey60,0.2796,-0.2579,-0.4655,0.4655,False,,Mitoxy-80_v1.0,NA
ENSG00000029993,,ENSG00000029993,277,grey60,0.6904,0.0237,0.2164,-0.2164,False,,Mitoxy-80_v1.0,NA
ENSG00000263465,,ENSG00000263465,464,green,0.6758,-0.2351,-0.3667,0.3667,False,,Mitoxy-80_v1.0,NA
ENSG00000063241,,ENSG00000063241,372,white,0.8484,-0.1489,0.0863,-0.0863,False,,Mitoxy-80_v1.0,NA
ENSG00000134419,,ENSG00000134419,34,grey60,0.3728,-0.0966,0.0022,-0.0022,False,,Mitoxy-80_v1.0,NA
ENSG00000071967,,ENSG00000071967,0,grey,,,,,False,Not classified,Mitoxy-80_v1.0,NA
ENSG00000234290,,ENSG00000234290,0,grey,,,,,False,Not classified,Mitoxy-80_v1.0,NA
ENSG00000147669,,ENSG00000147669,464,green,0.5975,0.0728,0.0468,-0.0468,False,,Mitoxy-80_v1.0,NA
ENSG00000168081,,ENSG00000168081,277,grey60,0.6921,-0.1512,-0.1713,0.1713,False,,Mitoxy-80_v1.0,NA
ENSG00000155380,,ENSG00000155380,464,green,0.7171,-0.0818,-0.1884,0.1884,False,,Mitoxy-80_v1.0,NA
ENSG00000181404,,ENSG00000181404,372,white,0.5364,0.2289,0.0126,-0.0126,False,,Mitoxy-80_v1.0,NA
ENSG00000058063,,ENSG00000058063,113,green,0.3403,0.3834,0.0418,-0.0418,False,,Mitoxy-80_v1.0,NA
ENSG00000152969,,ENSG00000152969,34,grey60,0.4136,-0.3114,-0.2698,0.2698,False,,Mitoxy-80_v1.0,NA
ENSG00000175305,,ENSG00000175305,277,grey60,0.6613,0.0768,0.0895,-0.0895,False,,Mitoxy-80_v1.0,NA
ENSG00000187624,,ENSG00000187624,0,grey,,,,,False,Not classified,Mitoxy-80_v1.0,NA
ENSG00000177683,,ENSG00000177683,464,green,0.7726,0.2660,-0.2241,0.2241,False,,Mitoxy-80_v1.0,NA
ENSG00000168016,,ENSG00000168016,0,grey,,,,,False,Not classified,Mitoxy-80_v1.0,NA
ENSG00000121797,,ENSG00000121797,0,grey,,,,,False,Not classified,Mitoxy-80_v1.0,NA
ENSG00000100427,,ENSG00000100427,372,white,0.7135,-0.0909,-0.1377,0.1377,False,,Mitoxy-80_v1.0,NA
ENSG00000189043,,ENSG00000189043,0,grey,,,,,False,Not classified,Mitoxy-80_v1.0,NA
ENSG00000220749,,ENSG00000220749,0,grey,,,,,False,Not classified,Mitoxy-80_v1.0,NA
ENSG00000074696,,ENSG00000074696,464,green,0.8205,-0.1903,-0.3457,0.3457,False,,Mitoxy-80_v1.0,NA
ENSG00000174371,,ENSG00000174371,277,grey60,0.8290,-0.0229,0.1322,-0.1322,False,,Mitoxy-80_v1.0,NA
ENSG00000246526,,ENSG00000246526,34,grey60,0.3934,-0.2928,-0.3801,0.3801,False,,Mitoxy-80_v1.0,NA
ENSG00000155660,,ENSG00000155660,277,grey60,0.8005,-0.1723,-0.1275,0.1275,False,,Mitoxy-80_v1.0,NA
ENSG00000167536,,ENSG00000167536,34,grey60,-0.3682,0.1708,0.3181,-0.3181,False,,Mitoxy-80_v1.0,NA
ENSG00000119121,,ENSG00000119121,113,green,0.0312,0.2927,-0.0572,0.0572,False,,Mitoxy-80_v1.0,NA
ENSG00000173482,,ENSG00000173482,464,green,0.7389,-0.0791,-0.4220,0.4220,False,,Mitoxy-80_v1.0,NA
ENSG00000113649,,ENSG00000113649,464,green,0.9269,-0.1133,-0.4128,0.4128,False,,Mitoxy-80_v1.0,NA
ENSG00000164023,,ENSG00000164023,113,green,0.3921,0.1774,-0.0133,0.0133,False,,Mitoxy-80_v1.0,NA
ENSG00000274767,,ENSG00000274767,34,grey60,0.1843,0.0208,-0.2162,0.2162,False,,Mitoxy-80_v1.0,NA
ENSG00000162729,,ENSG00000162729,372,white,0.8903,-0.0585,-0.2414,0.2414,False,,Mitoxy-80_v1.0,NA
ENSG00000154760,,ENSG00000154760,464,green,0.7851,0.0113,-0.3767,0.3767,False,,Mitoxy-80_v1.0,NA
ENSG00000105373,,ENSG00000105373,34,grey60,0.3690,-0.2399,-0.3019,0.3019,False,,Mitoxy-80_v1.0,NA
ENSG00000280135,,ENSG00000280135,464,green,0.8325,-0.0244,-0.4968,0.4968,False,,Mitoxy-80_v1.0,NA
ENSG00000120910,,ENSG00000120910,34,grey60,0.5581,-0.3040,-0.3573,0.3573,False,,Mitoxy-80_v1.0,NA
ENSG00000164284,,ENSG00000164284,464,green,0.9435,-0.0399,-0.4500,0.4500,False,,Mitoxy-80_v1.0,NA
ENSG00000117643,,ENSG00000117643,34,grey60,0.2289,-0.1684,-0.5385,0.5385,False,,Mitoxy-80_v1.0,NA
ENSG00000240403,,ENSG00000240403,34,grey60,0.2717,-0.2125,-0.2218,0.2218,False,,Mitoxy-80_v1.0,NA
ENSG00000152672,,ENSG00000152672,34,grey60,0.0241,-0.1811,-0.2682,0.2682,False,,Mitoxy-80_v1.0,NA
ENSG00000159433,,ENSG00000159433,34,grey60,0.2496,-0.0594,-0.5133,0.5133,False,,Mitoxy-80_v1.0,NA
ENSG00000118412,,ENSG00000118412,464,green,0.9450,0.1232,-0.3958,0.3958,False,,Mitoxy-80_v1.0,NA
ENSG00000115541,,ENSG00000115541,34,grey60,0.4027,-0.3767,0.0740,-0.0740,False,,Mitoxy-80_v1.0,NA
ENSG00000135218,,ENSG00000135218,34,grey60,-0.0839,-0.1126,0.1021,-0.1021,False,,Mitoxy-80_v1.0,NA
ENSG00000196865,,ENSG00000196865,464,green,0.9525,-0.0199,-0.3851,0.3851,False,,Mitoxy-80_v1.0,NA
ENSG00000082397,,ENSG00000082397,34,grey60,-0.0839,-0.2527,-0.0664,0.0664,False,,Mitoxy-80_v1.0,NA
ENSG00000035499,,ENSG00000035499,277,grey60,0.7717,0.0812,0.1180,-0.1180,False,,Mitoxy-80_v1.0,NA
ENSG00000103326,,ENSG00000103326,372,white,0.9147,0.0418,-0.1082,0.1082,False,,Mitoxy-80_v1.0,NA
ENSG00000198931,,ENSG00000198931,372,white,0.9687,-0.1555,-0.1128,0.1128,False,,Mitoxy-80_v1.0,NA
ENSG00000223705,,ENSG00000223705,34,grey60,0.4784,0.0591,-0.3811,0.3811,False,,Mitoxy-80_v1.0,NA
ENSG00000183111,,ENSG00000183111,245,blue,-0.1214,0.0917,0.1121,-0.1121,False,Iron metabolism,Mitoxy-80_v1.0,NA
ENSG00000095574,,ENSG00000095574,464,green,0.9409,0.0632,-0.3926,0.3926,False,,Mitoxy-80_v1.0,NA
ENSG00000156265,,ENSG00000156265,34,grey60,-0.0312,-0.1256,-0.2308,0.2308,False,,Mitoxy-80_v1.0,NA
ENSG00000225663,,ENSG00000225663,372,white,0.8474,-0.0312,0.0877,-0.0877,False,,Mitoxy-80_v1.0,NA
ENSG00000094916,,ENSG00000094916,464,green,0.8059,-0.1261,-0.4010,0.4010,False,,Mitoxy-80_v1.0,NA
ENSG00000246263,,ENSG00000246263,113,green,0.4908,0.2477,-0.1295,0.1295,False,,Mitoxy-80_v1.0,NA
ENSG00000174501,,ENSG00000174501,34,grey60,0.4206,0.0979,-0.3337,0.3337,False,,Mitoxy-80_v1.0,NA
ENSG00000198252,,ENSG00000198252,464,green,0.9576,-0.0739,-0.3946,0.3946,False,,Mitoxy-80_v1.0,NA
ENSG00000006634,,ENSG00000006634,464,green,0.8090,-0.1330,-0.3143,0.3143,False,,Mitoxy-80_v1.0,NA
ENSG00000130748,,ENSG00000130748,372,white,0.8797,-0.0330,0.0668,-0.0668,False,,Mitoxy-80_v1.0,NA
ENSG00000071073,,ENSG00000071073,464,green,0.8891,0.1284,-0.4575,0.4575,False,,Mitoxy-80_v1.0,NA
ENSG00000138593,,ENSG00000138593,464,green,0.8912,0.2005,-0.3583,0.3583,False,,Mitoxy-80_v1.0,NA
ENSG00000218175,,ENSG00000218175,34,grey60,0.3599,0.4493,-0.2137,0.2137,False,,Mitoxy-80_v1.0,NA
ENSG00000103202,,ENSG00000103202,245,blue,-0.1921,-0.0388,0.0372,-0.0372,False,Iron metabolism,Mitoxy-80_v1.0,NA
ENSG00000111602,,ENSG00000111602,277,grey60,0.7042,-0.1224,-0.2080,0.2080,False,,Mitoxy-80_v1.0,NA
ENSG00000113240,,ENSG00000113240,464,green,0.6735,0.2186,-0.1681,0.1681,False,,Mitoxy-80_v1.0,NA
ENSG00000134460,,ENSG00000134460,464,green,0.6430,-0.1008,-0.3920,0.3920,False,,Mitoxy-80_v1.0,NA
ENSG00000128011,,ENSG00000128011,34,grey60,-0.1128,0.3259,0.2073,-0.2073,False,,Mitoxy-80_v1.0,NA
ENSG00000172243,,ENSG00000172243,34,grey60,-0.1702,0.1841,-0.2387,0.2387,False,,Mitoxy-80_v1.0,NA
ENSG00000232973,,ENSG00000232973,34,grey60,-0.3548,0.2178,0.3209,-0.3209,False,,Mitoxy-80_v1.0,NA
ENSG00000197903,,ENSG00000197903,0,grey,,,,,False,Not classified,Mitoxy-80_v1.0,NA
ENSG00000164073,,ENSG00000164073,464,green,0.9247,0.0012,-0.4227,0.4227,False,,Mitoxy-80_v1.0,NA
ENSG00000149591,,ENSG00000149591,0,grey,,,,,False,Not classified,Mitoxy-80_v1.0,NA
ENSG00000253549,,ENSG00000253549,245,blue,-0.0897,0.0518,0.0960,-0.0960,False,Iron metabolism,Mitoxy-80_v1.0,NA
ENSG00000121989,,ENSG00000121989,464,green,0.8239,-0.1022,-0.4455,0.4455,False,,Mitoxy-80_v1.0,NA
ENSG00000113638,,ENSG00000113638,464,green,0.7926,0.1447,-0.1772,0.1772,False,,Mitoxy-80_v1.0,NA
ENSG00000187699,,ENSG00000187699,0,grey,,,,,False,Not classified,Mitoxy-80_v1.0,NA
ENSG00000099194,,ENSG00000099194,34,grey60,0.6177,0.0597,-0.0284,0.0284,False,,Mitoxy-80_v1.0,NA
ENSG00000080200,,ENSG00000080200,464,green,0.7560,-0.0930,-0.3691,0.3691,False,,Mitoxy-80_v1.0,NA
ENSG00000204634,,ENSG00000204634,34,grey60,-0.4350,0.2724,0.3212,-0.3212,False,,Mitoxy-80_v1.0,NA
ENSG00000111885,,ENSG00000111885,464,green,0.6273,0.2361,-0.0554,0.0554,False,,Mitoxy-80_v1.0,NA
ENSG00000142102,,ENSG00000142102,0,grey,,,,,False,Not classified,Mitoxy-80_v1.0,NA
ENSG00000186193,,ENSG00000186193,277,grey60,0.5688,0.1363,0.1566,-0.1566,False,,Mitoxy-80_v1.0,NA
ENSG00000005379,,ENSG00000005379,34,grey60,0.4064,0.0623,-0.3279,0.3279,False,,Mitoxy-80_v1.0,NA
ENSG00000112137,,ENSG00000112137,0,grey,,,,,False,Not classified,Mitoxy-80_v1.0,NA
ENSG00000282600,,ENSG00000282600,277,grey60,0.8199,0.0676,0.0500,-0.0500,False,,Mitoxy-80_v1.0,NA
ENSG00000139132,,ENSG00000139132,113,green,0.1792,0.3752,0.1141,-0.1141,False,,Mitoxy-80_v1.0,NA
ENSG00000251634,,ENSG00000251634,0,grey,,,,,False,Not classified,Mitoxy-80_v1.0,NA
ENSG00000075275,,ENSG00000075275,464,green,0.6071,-0.0146,-0.4385,0.4385,False,,Mitoxy-80_v1.0,NA
ENSG00000203875,,ENSG00000203875,34,grey60,0.4154,-0.1742,-0.2044,0.2044,False,,Mitoxy-80_v1.0,NA
ENSG00000130827,,ENSG00000130827,34,grey60,0.3834,-0.0727,-0.4458,0.4458,False,,Mitoxy-80_v1.0,NA
ENSG00000125730,,ENSG00000125730,0,grey,,,,,False,Not classified,Mitoxy-80_v1.0,NA
ENSG00000151715,,ENSG00000151715,0,grey,,,,,False,Not classified,Mitoxy-80_v1.0,NA
ENSG00000143702,,ENSG00000143702,464,green,0.7402,0.3775,-0.2146,0.2146,False,,Mitoxy-80_v1.0,NA
ENSG00000115355,,ENSG00000115355,464,green,0.7172,0.1927,-0.1849,0.1849,False,,Mitoxy-80_v1.0,NA
ENSG00000087586,,ENSG00000087586,277,grey60,0.7348,0.0110,0.1356,-0.1356,False,,Mitoxy-80_v1.0,NA
ENSG00000250510,,ENSG00000250510,372,white,0.6401,-0.0409,-0.1951,0.1951,False,,Mitoxy-80_v1.0,NA
ENSG00000120837,,ENSG00000120837,464,green,0.8359,0.0979,-0.2175,0.2175,False,,Mitoxy-80_v1.0,NA
ENSG00000255717,,ENSG00000255717,34,grey60,0.5467,-0.1223,-0.3797,0.3797,False,,Mitoxy-80_v1.0,NA
ENSG00000118495,,ENSG00000118495,113,green,0.4665,0.2871,-0.1868,0.1868,False,,Mitoxy-80_v1.0,NA
ENSG00000113387,,ENSG00000113387,34,grey60,0.4577,-0.0025,0.1310,-0.1310,False,,Mitoxy-80_v1.0,NA
ENSG00000213463,,ENSG00000213463,464,green,0.9065,-0.1541,-0.4861,0.4861,False,,Mitoxy-80_v1.0,NA
ENSG00000179195,,ENSG00000179195,464,green,0.9140,-0.0869,-0.4181,0.4181,False,,Mitoxy-80_v1.0,NA
ENSG00000135414,,ENSG00000135414,34,grey60,0.3207,-0.2383,-0.4701,0.4701,False,,Mitoxy-80_v1.0,NA
ENSG00000101916,,ENSG00000101916,113,green,0.0875,0.3282,0.0696,-0.0696,False,,Mitoxy-80_v1.0,NA
ENSG00000169019,,ENSG00000169019,464,green,0.6475,0.1162,0.0246,-0.0246,False,,Mitoxy-80_v1.0,NA
ENSG00000109272,,ENSG00000109272,0,grey,,,,,False,Not classified,Mitoxy-80_v1.0,NA
ENSG00000091490,,ENSG00000091490,34,grey60,0.7064,0.0689,-0.2089,0.2089,False,,Mitoxy-80_v1.0,NA
ENSG00000147454,SLC25A37,ENSG00000147454,245,blue,-0.1389,0.2047,0.1557,-0.1557,True,Iron metabolism,Mitoxy-80_v1.0,NA
ENSG00000170846,,ENSG00000170846,34,grey60,0.3747,-0.1442,-0.4740,0.4740,False,,Mitoxy-80_v1.0,NA
ENSG00000088726,,ENSG00000088726,0,grey,,,,,False,Not classified,Mitoxy-80_v1.0,NA
ENSG00000256043,,ENSG00000256043,464,green,0.7894,-0.2133,-0.3904,0.3904,False,,Mitoxy-80_v1.0,NA
ENSG00000151725,,ENSG00000151725,277,grey60,0.6936,0.0080,0.0836,-0.0836,False,,Mitoxy-80_v1.0,NA
ENSG00000123405,,ENSG00000123405,34,grey60,-0.4212,0.1294,0.3488,-0.3488,False,,Mitoxy-80_v1.0,NA
ENSG00000119535,,ENSG00000119535,34,grey60,-0.4249,0.2441,0.1755,-0.1755,False,,Mitoxy-80_v1.0,NA
ENSG00000069956,,ENSG00000069956,464,green,0.7904,0.2055,-0.1505,0.1505,False,,Mitoxy-80_v1.0,NA
ENSG00000165359,,ENSG00000165359,464,green,0.9492,0.0654,-0.4156,0.4156,False,,Mitoxy-80_v1.0,NA
ENSG00000099849,,ENSG00000099849,372,white,0.9128,-0.0290,-0.0976,0.0976,False,,Mitoxy-80_v1.0,NA
ENSG00000102349,,ENSG00000102349,464,green,0.7378,-0.1344,-0.4525,0.4525,False,,Mitoxy-80_v1.0,NA
ENSG00000186470,,ENSG00000186470,34,grey60,0.3234,-0.3365,-0.1770,0.1770,False,,Mitoxy-80_v1.0,NA
ENSG00000197208,,ENSG00000197208,34,grey60,-0.5880,0.1947,0.3881,-0.3881,False,,Mitoxy-80_v1.0,NA
ENSG00000184898,,ENSG00000184898,464,green,0.7198,-0.0803,-0.3032,0.3032,False,,Mitoxy-80_v1.0,NA
ENSG00000105176,,ENSG00000105176,464,green,0.8749,-0.2332,-0.4089,0.4089,False,,Mitoxy-80_v1.0,NA
ENSG00000111875,,ENSG00000111875,464,green,0.8902,-0.1484,-0.3646,0.3646,False,,Mitoxy-80_v1.0,NA
ENSG00000272335,,ENSG00000272335,464,green,0.9242,-0.1030,-0.4294,0.4294,False,,Mitoxy-80_v1.0,NA
ENSG00000102265,,ENSG00000102265,34,grey60,-0.1192,0.0825,0.3469,-0.3469,False,,Mitoxy-80_v1.0,NA
ENSG00000178038,,ENSG00000178038,34,grey60,0.2676,-0.0479,-0.5483,0.5483,False,,Mitoxy-80_v1.0,NA
ENSG00000103522,,ENSG00000103522,34,grey60,0.4200,-0.2938,-0.3519,0.3519,False,,Mitoxy-80_v1.0,NA
ENSG00000276070,,ENSG00000276070,34,grey60,0.3166,-0.1582,-0.0966,0.0966,False,,Mitoxy-80_v1.0,NA
ENSG00000134072,,ENSG00000134072,372,white,0.6851,-0.2803,-0.0465,0.0465,False,,Mitoxy-80_v1.0,NA
ENSG00000230257,,ENSG00000230257,0,grey,,,,,False,Not classified,Mitoxy-80_v1.0,NA
ENSG00000111961,,ENSG00000111961,34,grey60,-0.1059,-0.0011,-0.2533,0.2533,False,,Mitoxy-80_v1.0,NA
ENSG00000176749,,ENSG00000176749,113,green,0.2990,0.3398,-0.1354,0.1354,False,,Mitoxy-80_v1.0,NA
ENSG00000170458,,ENSG00000170458,366,darkgreen,0.7535,0.0978,0.2978,-0.2978,False,,Mitoxy-80_v1.0,NA
ENSG00000174171,,ENSG00000174171,34,grey60,0.3244,-0.0470,-0.4130,0.4130,False,,Mitoxy-80_v1.0,NA
ENSG00000172725,,ENSG00000172725,372,white,0.8110,-0.0471,0.0771,-0.0771,False,,Mitoxy-80_v1.0,NA
ENSG00000130518,,ENSG00000130518,0,grey,,,,,False,Not classified,Mitoxy-80_v1.0,NA
ENSG00000171916,,ENSG00000171916,0,grey,,,,,False,Not classified,Mitoxy-80_v1.0,NA
ENSG00000129317,,ENSG00000129317,464,green,0.9438,0.0418,-0.3460,0.3460,False,,Mitoxy-80_v1.0,NA
ENSG00000211734,,ENSG00000211734,34,grey60,0.3795,-0.2733,-0.4317,0.4317,False,,Mitoxy-80_v1.0,NA
ENSG00000115966,,ENSG00000115966,464,green,0.9111,0.1362,-0.3066,0.3066,False,,Mitoxy-80_v1.0,NA
ENSG00000150540,,ENSG00000150540,34,grey60,-0.0817,-0.0415,0.0172,-0.0172,False,,Mitoxy-80_v1.0,NA
ENSG00000160957,,ENSG00000160957,277,grey60,0.8240,0.0556,0.0629,-0.0629,False,,Mitoxy-80_v1.0,NA
ENSG00000114626,,ENSG00000114626,34,grey60,-0.2303,0.3039,0.1290,-0.1290,False,,Mitoxy-80_v1.0,NA
ENSG00000136830,,ENSG00000136830,0,grey,,,,,False,Not classified,Mitoxy-80_v1.0,NA
ENSG00000129932,,ENSG00000129932,372,white,0.7288,0.0291,0.0851,-0.0851,False,,Mitoxy-80_v1.0,NA
ENSG00000203804,,ENSG00000203804,0,grey,,,,,False,Not classified,Mitoxy-80_v1.0,NA
ENSG00000127585,,ENSG00000127585,34,grey60,0.3047,-0.1114,-0.4548,0.4548,False,,Mitoxy-80_v1.0,NA
ENSG00000180089,,ENSG00000180089,245,blue,-0.0858,-0.0376,0.1394,-0.1394,False,Iron metabolism,Mitoxy-80_v1.0,NA
ENSG00000111665,,ENSG00000111665,277,grey60,0.8565,0.0039,0.1288,-0.1288,False,,Mitoxy-80_v1.0,NA
ENSG00000211792,,ENSG00000211792,34,grey60,0.3110,-0.3350,-0.3812,0.3812,False,,Mitoxy-80_v1.0,NA
ENSG00000132646,,ENSG00000132646,277,grey60,0.7626,-0.2512,-0.0317,0.0317,False,,Mitoxy-80_v1.0,NA
ENSG00000100714,,ENSG00000100714,34,grey60,0.6678,-0.2721,-0.2190,0.2190,False,,Mitoxy-80_v1.0,NA
ENSG00000179941,,ENSG00000179941,464,green,0.8669,0.1578,-0.3127,0.3127,False,,Mitoxy-80_v1.0,NA
ENSG00000250479,,ENSG00000250479,372,white,0.9077,-0.2011,-0.0160,0.0160,False,,Mitoxy-80_v1.0,NA
ENSG00000089048,,ENSG00000089048,464,green,0.7072,-0.2285,-0.2476,0.2476,False,,Mitoxy-80_v1.0,NA
ENSG00000110057,,ENSG00000110057,366,darkgreen,0.8042,0.2448,0.2069,-0.2069,False,,Mitoxy-80_v1.0,NA
ENSG00000261326,,ENSG00000261326,464,green,0.8909,-0.1337,-0.4457,0.4457,False,,Mitoxy-80_v1.0,NA
ENSG00000131469,,ENSG00000131469,34,grey60,0.4334,-0.0081,0.0170,-0.0170,False,,Mitoxy-80_v1.0,NA
ENSG00000122786,,ENSG00000122786,0,grey,,,,,False,Not classified,Mitoxy-80_v1.0,NA
ENSG00000103319,,ENSG00000103319,34,grey60,0.4320,-0.1368,-0.4616,0.4616,False,,Mitoxy-80_v1.0,NA
ENSG00000059573,,ENSG00000059573,34,grey60,0.6619,-0.2288,-0.3581,0.3581,False,,Mitoxy-80_v1.0,NA
ENSG00000100162,,ENSG00000100162,277,grey60,0.8405,-0.0947,0.1636,-0.1636,False,,Mitoxy-80_v1.0,NA
ENSG00000039319,,ENSG00000039319,113,green,0.5865,0.3214,-0.1110,0.1110,False,,Mitoxy-80_v1.0,NA
ENSG00000196683,,ENSG00000196683,34,grey60,0.2923,0.0298,0.0684,-0.0684,False,,Mitoxy-80_v1.0,NA
ENSG00000137492,,ENSG00000137492,464,green,0.9329,0.1739,-0.3741,0.3741,False,,Mitoxy-80_v1.0,NA
ENSG00000198933,,ENSG00000198933,34,grey60,-0.0673,0.2067,0.2985,-0.2985,False,,Mitoxy-80_v1.0,NA
ENSG00000255733,,ENSG00000255733,34,grey60,0.6583,-0.0394,-0.2066,0.2066,False,,Mitoxy-80_v1.0,NA
ENSG00000104731,,ENSG00000104731,34,grey60,0.5623,-0.1731,-0.3250,0.3250,False,,Mitoxy-80_v1.0,NA
ENSG00000137970,,ENSG00000137970,34,grey60,0.2859,0.1609,-0.1067,0.1067,False,,Mitoxy-80_v1.0,NA
ENSG00000117010,,ENSG00000117010,34,grey60,0.1518,-0.0459,0.0042,-0.0042,False,,Mitoxy-80_v1.0,NA
ENSG00000073605,,ENSG00000073605,34,grey60,0.4209,-0.2660,-0.3264,0.3264,False,,Mitoxy-80_v1.0,NA
ENSG00000186767,,ENSG00000186767,464,green,0.8816,-0.0576,-0.3443,0.3443,False,,Mitoxy-80_v1.0,NA
ENSG00000117650,,ENSG00000117650,277,grey60,0.7586,0.0224,0.1517,-0.1517,False,,Mitoxy-80_v1.0,NA
ENSG00000214110,,ENSG00000214110,0,grey,,,,,False,Not classified,Mitoxy-80_v1.0,NA
ENSG00000155366,,ENSG00000155366,372,white,0.7343,-0.2437,0.0139,-0.0139,False,,Mitoxy-80_v1.0,NA
ENSG00000198648,,ENSG00000198648,464,green,0.8055,-0.2671,-0.3942,0.3942,False,,Mitoxy-80_v1.0,NA
ENSG00000275210,,ENSG00000275210,34,grey60,-0.3927,0.2486,0.3830,-0.3830,False,,Mitoxy-80_v1.0,NA
ENSG00000119714,,ENSG00000119714,34,grey60,0.3349,-0.2605,-0.3795,0.3795,False,,Mitoxy-80_v1.0,NA
ENSG00000174136,,ENSG00000174136,464,green,0.7634,0.0014,-0.4901,0.4901,False,,Mitoxy-80_v1.0,NA
ENSG00000141505,,ENSG00000141505,372,white,0.5995,-0.0913,0.2196,-0.2196,False,,Mitoxy-80_v1.0,NA
ENSG00000151882,,ENSG00000151882,464,green,0.7960,-0.2252,-0.5235,0.5235,False,,Mitoxy-80_v1.0,NA
ENSG00000105327,,ENSG00000105327,372,white,0.6036,0.2771,-0.0334,0.0334,False,,Mitoxy-80_v1.0,NA
ENSG00000151364,,ENSG00000151364,0,grey,,,,,False,Not classified,Mitoxy-80_v1.0,NA
ENSG00000162804,,ENSG00000162804,34,grey60,0.1462,-0.0351,-0.4611,0.4611,False,,Mitoxy-80_v1.0,NA
ENSG00000074657,,ENSG00000074657,464,green,0.8250,0.0200,-0.4452,0.4452,False,,Mitoxy-80_v1.0,NA
ENSG00000139266,,ENSG00000139266,34,grey60,0.3999,-0.1037,-0.4214,0.4214,False,,Mitoxy-80_v1.0,NA
ENSG00000142327,,ENSG00000142327,366,darkgreen,0.9397,0.0918,0.0966,-0.0966,False,,Mitoxy-80_v1.0,NA
ENSG00000168078,,ENSG00000168078,277,grey60,0.8268,-0.0340,0.1746,-0.1746,False,,Mitoxy-80_v1.0,NA
ENSG00000084110,,ENSG00000084110,0,grey,,,,,False,Not classified,Mitoxy-80_v1.0,NA
ENSG00000234797,,ENSG00000234797,464,green,0.6107,-0.0104,-0.0730,0.0730,False,,Mitoxy-80_v1.0,NA
ENSG00000041353,,ENSG00000041353,464,green,0.5930,0.0751,-0.2288,0.2288,False,,Mitoxy-80_v1.0,NA
ENSG00000105486,,ENSG00000105486,34,grey60,0.6667,-0.1212,-0.3401,0.3401,False,,Mitoxy-80_v1.0,NA
ENSG00000022267,,ENSG00000022267,34,grey60,0.0315,-0.0376,-0.3041,0.3041,False,,Mitoxy-80_v1.0,NA
ENSG00000131437,,ENSG00000131437,464,green,0.8874,-0.1599,-0.5071,0.5071,False,,Mitoxy-80_v1.0,NA
ENSG00000151729,,ENSG00000151729,277,grey60,0.8092,-0.1638,-0.1990,0.1990,False,,Mitoxy-80_v1.0,NA
ENSG00000134571,,ENSG00000134571,34,grey60,-0.1247,0.4957,0.2846,-0.2846,False,,Mitoxy-80_v1.0,NA
ENSG00000244482,,ENSG00000244482,34,grey60,-0.3404,0.3345,0.4178,-0.4178,False,,Mitoxy-80_v1.0,NA
ENSG00000025156,,ENSG00000025156,464,green,0.9036,-0.1201,-0.4388,0.4388,False,,Mitoxy-80_v1.0,NA
ENSG00000110660,,ENSG00000110660,277,grey60,0.7443,-0.1661,-0.2700,0.2700,False,,Mitoxy-80_v1.0,NA
ENSG00000135070,,ENSG00000135070,245,blue,-0.1600,0.1001,-0.0565,0.0565,False,Iron metabolism,Mitoxy-80_v1.0,NA
ENSG00000067836,,ENSG00000067836,366,darkgreen,0.7930,0.0881,0.2052,-0.2052,False,,Mitoxy-80_v1.0,NA
ENSG00000188483,,ENSG00000188483,372,white,0.5876,0.1192,0.0817,-0.0817,False,,Mitoxy-80_v1.0,NA
ENSG00000184271,,ENSG00000184271,34,grey60,0.2811,-0.0223,-0.5488,0.5488,False,,Mitoxy-80_v1.0,NA
ENSG00000171320,,ENSG00000171320,277,grey60,0.8030,0.0170,0.1121,-0.1121,False,,Mitoxy-80_v1.0,NA
ENSG00000274536,,ENSG00000274536,34,grey60,-0.3735,0.0424,0.4064,-0.4064,False,,Mitoxy-80_v1.0,NA
ENSG00000198879,,ENSG00000198879,464,green,0.8502,-0.0394,-0.4382,0.4382,False,,Mitoxy-80_v1.0,NA
ENSG00000196628,,ENSG00000196628,464,green,0.6001,-0.0735,-0.3185,0.3185,False,,Mitoxy-80_v1.0,NA
ENSG00000179862,,ENSG00000179862,366,darkgreen,0.7648,0.2280,0.1750,-0.1750,False,,Mitoxy-80_v1.0,NA
ENSG00000179526,,ENSG00000179526,245,blue,-0.1899,-0.0351,0.1078,-0.1078,False,Iron metabolism,Mitoxy-80_v1.0,NA
ENSG00000055044,,ENSG00000055044,464,green,0.7433,-0.2284,-0.2270,0.2270,False,,Mitoxy-80_v1.0,NA
ENSG00000270231,,ENSG00000270231,464,green,0.7413,0.1544,-0.4677,0.4677,False,,Mitoxy-80_v1.0,NA
ENSG00000182511,,ENSG00000182511,34,grey60,-0.2254,0.2344,0.3549,-0.3549,False,,Mitoxy-80_v1.0,NA
ENSG00000106692,,ENSG00000106692,464,green,0.9120,-0.0942,-0.4779,0.4779,False,,Mitoxy-80_v1.0,NA
ENSG00000104964,,ENSG00000104964,34,grey60,0.4766,-0.2890,-0.2783,0.2783,False,,Mitoxy-80_v1.0,NA
ENSG00000142552,,ENSG00000142552,0,grey,,,,,False,Not classified,Mitoxy-80_v1.0,NA
ENSG00000085733,,ENSG00000085733,0,grey,,,,,False,Not classified,Mitoxy-80_v1.0,NA
ENSG00000134531,,ENSG00000134531,34,grey60,0.1739,0.0583,-0.0077,0.0077,False,,Mitoxy-80_v1.0,NA
ENSG00000064933,,ENSG00000064933,464,green,0.9058,-0.1819,-0.3368,0.3368,False,,Mitoxy-80_v1.0,NA
ENSG00000059122,,ENSG00000059122,372,white,0.8388,0.0473,-0.2648,0.2648,False,,Mitoxy-80_v1.0,NA
ENSG00000146859,,ENSG00000146859,0,grey,,,,,False,Not classified,Mitoxy-80_v1.0,NA
ENSG00000177932,,ENSG00000177932,464,green,0.9091,-0.0857,-0.4676,0.4676,False,,Mitoxy-80_v1.0,NA
ENSG00000124731,,ENSG00000124731,0,grey,,,,,False,Not classified,Mitoxy-80_v1.0,NA
ENSG00000172264,,ENSG00000172264,464,green,0.6392,-0.1138,-0.4021,0.4021,False,,Mitoxy-80_v1.0,NA
ENSG00000136104,,ENSG00000136104,34,grey60,0.4603,-0.3606,-0.3190,0.3190,False,,Mitoxy-80_v1.0,NA
ENSG00000235290,,ENSG00000235290,0,grey,,,,,False,Not classified,Mitoxy-80_v1.0,NA
ENSG00000169100,,ENSG00000169100,372,white,0.9250,-0.1164,-0.0918,0.0918,False,,Mitoxy-80_v1.0,NA
ENSG00000185215,,ENSG00000185215,0,grey,,,,,False,Not classified,Mitoxy-80_v1.0,NA
ENSG00000126264,,ENSG00000126264,372,white,0.8945,-0.1192,0.0051,-0.0051,False,,Mitoxy-80_v1.0,NA
ENSG00000271109,,ENSG00000271109,34,grey60,0.3966,-0.2814,-0.4854,0.4854,False,,Mitoxy-80_v1.0,NA
ENSG00000068366,,ENSG00000068366,113,green,0.3379,0.2709,0.0827,-0.0827,False,,Mitoxy-80_v1.0,NA
ENSG00000146414,,ENSG00000146414,464,green,0.9338,-0.0173,-0.4203,0.4203,False,,Mitoxy-80_v1.0,NA
ENSG00000128050,,ENSG00000128050,277,grey60,0.7620,-0.1756,-0.2113,0.2113,False,,Mitoxy-80_v1.0,NA
ENSG00000134668,,ENSG00000134668,0,grey,,,,,False,Not classified,Mitoxy-80_v1.0,NA
ENSG00000149564,,ENSG00000149564,0,grey,,,,,False,Not classified,Mitoxy-80_v1.0,NA
ENSG00000157827,,ENSG00000157827,34,grey60,-0.0651,-0.0795,-0.0624,0.0624,False,,Mitoxy-80_v1.0,NA
ENSG00000132170,,ENSG00000132170,0,grey,,,,,False,Not classified,Mitoxy-80_v1.0,NA
ENSG00000165626,,ENSG00000165626,0,grey,,,,,False,Not classified,Mitoxy-80_v1.0,NA
ENSG00000136149,,ENSG00000136149,34,grey60,0.3103,-0.2877,-0.3297,0.3297,False,,Mitoxy-80_v1.0,NA
ENSG00000142453,,ENSG00000142453,245,blue,-0.0650,-0.1017,-0.0751,0.0751,False,Iron metabolism,Mitoxy-80_v1.0,NA
ENSG00000171604,,ENSG00000171604,34,grey60,0.5723,-0.1906,-0.3564,0.3564,False,,Mitoxy-80_v1.0,NA
ENSG00000152219,,ENSG00000152219,464,green,0.9115,-0.1676,-0.3697,0.3697,False,,Mitoxy-80_v1.0,NA
ENSG00000182054,,ENSG00000182054,372,white,0.8278,-0.2657,-0.0349,0.0349,False,,Mitoxy-80_v1.0,NA
ENSG00000111912,,ENSG00000111912,34,grey60,0.0518,-0.0362,-0.0800,0.0800,False,,Mitoxy-80_v1.0,NA
ENSG00000145416,,ENSG00000145416,464,green,0.6977,0.0039,-0.0787,0.0787,False,,Mitoxy-80_v1.0,NA
ENSG00000113369,,ENSG00000113369,464,green,0.6169,0.0870,-0.2520,0.2520,False,,Mitoxy-80_v1.0,NA
ENSG00000111731,,ENSG00000111731,464,green,0.8940,0.1036,-0.3303,0.3303,False,,Mitoxy-80_v1.0,NA
ENSG00000026103,,ENSG00000026103,113,green,0.2962,0.1110,0.0638,-0.0638,False,,Mitoxy-80_v1.0,NA
ENSG00000145247,,ENSG00000145247,34,grey60,0.5983,-0.2679,-0.2649,0.2649,False,,Mitoxy-80_v1.0,NA
ENSG00000211821,,ENSG00000211821,34,grey60,0.2531,-0.2439,-0.3299,0.3299,False,,Mitoxy-80_v1.0,NA
ENSG00000140859,,ENSG00000140859,0,grey,,,,,False,Not classified,Mitoxy-80_v1.0,NA
ENSG00000182557,,ENSG00000182557,0,grey,,,,,False,Not classified,Mitoxy-80_v1.0,NA
ENSG00000162066,,ENSG00000162066,372,white,0.7960,0.1803,-0.0854,0.0854,False,,Mitoxy-80_v1.0,NA
ENSG00000276550,,ENSG00000276550,464,green,0.7299,0.1327,-0.3286,0.3286,False,,Mitoxy-80_v1.0,NA
ENSG00000090097,,ENSG00000090097,34,grey60,0.3855,-0.1954,-0.1929,0.1929,False,,Mitoxy-80_v1.0,NA
ENSG00000185658,,ENSG00000185658,464,green,0.9586,0.1011,-0.3913,0.3913,False,,Mitoxy-80_v1.0,NA
ENSG00000254004,,ENSG00000254004,464,green,0.9344,-0.0412,-0.4075,0.4075,False,,Mitoxy-80_v1.0,NA
ENSG00000198886,,ENSG00000198886,34,grey60,0.0713,-0.3282,-0.4052,0.4052,False,,Mitoxy-80_v1.0,NA
ENSG00000123473,,ENSG00000123473,277,grey60,0.7702,0.0364,-0.0215,0.0215,False,,Mitoxy-80_v1.0,NA
ENSG00000166825,,ENSG00000166825,0,grey,,,,,False,Not classified,Mitoxy-80_v1.0,NA
ENSG00000204271,,ENSG00000204271,464,green,0.8689,-0.1174,-0.4957,0.4957,False,,Mitoxy-80_v1.0,NA
ENSG00000075399,,ENSG00000075399,34,grey60,-0.2136,0.2376,0.4274,-0.4274,False,,Mitoxy-80_v1.0,NA
ENSG00000164828,,ENSG00000164828,464,green,0.8716,0.0288,-0.4487,0.4487,False,,Mitoxy-80_v1.0,NA
ENSG00000198727,MT-CYB,ENSG00000198727,34,grey60,0.0727,-0.3323,-0.3908,0.3908,True,,Mitoxy-80_v1.0,NA
ENSG00000183696,,ENSG00000183696,34,grey60,-0.3522,0.1775,0.4653,-0.4653,False,,Mitoxy-80_v1.0,NA
ENSG00000069188,,ENSG00000069188,464,green,0.5477,0.1000,-0.5070,0.5070,False,,Mitoxy-80_v1.0,NA
ENSG00000196305,,ENSG00000196305,34,grey60,0.5853,-0.1611,-0.3976,0.3976,False,,Mitoxy-80_v1.0,NA
ENSG00000174851,,ENSG00000174851,372,white,0.9390,-0.1292,0.0148,-0.0148,False,,Mitoxy-80_v1.0,NA
ENSG00000204899,,ENSG00000204899,464,green,0.8682,-0.0724,-0.2252,0.2252,False,,Mitoxy-80_v1.0,NA
ENSG00000170340,,ENSG00000170340,113,green,0.5867,0.3489,-0.0581,0.0581,False,,Mitoxy-80_v1.0,NA
ENSG00000077238,,ENSG00000077238,34,grey60,-0.4318,0.3501,0.2301,-0.2301,False,,Mitoxy-80_v1.0,NA
ENSG00000198899,,ENSG00000198899,34,grey60,0.0834,-0.4353,-0.3704,0.3704,False,,Mitoxy-80_v1.0,NA
ENSG00000212743,,ENSG00000212743,113,green,-0.2176,0.2487,0.2157,-0.2157,False,,Mitoxy-80_v1.0,NA
ENSG00000091106,,ENSG00000091106,34,grey60,-0.4887,0.1388,0.4340,-0.4340,False,,Mitoxy-80_v1.0,NA
ENSG00000171843,,ENSG00000171843,34,grey60,0.3383,-0.2877,-0.4397,0.4397,False,,Mitoxy-80_v1.0,NA
ENSG00000263503,,ENSG00000263503,0,grey,,,,,False,Not classified,Mitoxy-80_v1.0,NA
ENSG00000197044,,ENSG00000197044,464,green,0.8174,0.0896,-0.2537,0.2537,False,,Mitoxy-80_v1.0,NA
ENSG00000119866,,ENSG00000119866,464,green,0.6559,-0.2445,-0.4568,0.4568,False,,Mitoxy-80_v1.0,NA
ENSG00000128609,,ENSG00000128609,464,green,0.7865,0.0089,-0.0922,0.0922,False,,Mitoxy-80_v1.0,NA
ENSG00000160336,,ENSG00000160336,464,green,0.9426,0.0222,-0.3884,0.3884,False,,Mitoxy-80_v1.0,NA
ENSG00000189077,,ENSG00000189077,34,grey60,-0.1370,0.1304,0.2883,-0.2883,False,,Mitoxy-80_v1.0,NA
ENSG00000065308,,ENSG00000065308,277,grey60,0.7538,-0.0098,-0.2438,0.2438,False,,Mitoxy-80_v1.0,NA
ENSG00000279447,,ENSG00000279447,0,grey,,,,,False,Not classified,Mitoxy-80_v1.0,NA
ENSG00000105372,,ENSG00000105372,372,white,0.9237,-0.2133,-0.1308,0.1308,False,,Mitoxy-80_v1.0,NA
ENSG00000236977,,ENSG00000236977,0,grey,,,,,False,Not classified,Mitoxy-80_v1.0,NA
ENSG00000167664,,ENSG00000167664,34,grey60,0.3501,-0.1807,-0.2908,0.2908,False,,Mitoxy-80_v1.0,NA
ENSG00000172270,,ENSG00000172270,245,blue,-0.2015,-0.0519,0.1345,-0.1345,False,Iron metabolism,Mitoxy-80_v1.0,NA
ENSG00000149573,,ENSG00000149573,0,grey,,,,,False,Not classified,Mitoxy-80_v1.0,NA
ENSG00000110318,,ENSG00000110318,34,grey60,0.2016,-0.1713,-0.5280,0.5280,False,,Mitoxy-80_v1.0,NA
ENSG00000196172,,ENSG00000196172,464,green,0.8653,-0.1350,-0.4570,0.4570,False,,Mitoxy-80_v1.0,NA
ENSG00000225101,,ENSG00000225101,0,grey,,,,,False,Not classified,Mitoxy-80_v1.0,NA
ENSG00000166839,,ENSG00000166839,34,grey60,0.2528,0.1392,-0.0127,0.0127,False,,Mitoxy-80_v1.0,NA
ENSG00000134061,,ENSG00000134061,34,grey60,0.4662,-0.2012,-0.2829,0.2829,False,,Mitoxy-80_v1.0,NA
ENSG00000126790,,ENSG00000126790,464,green,0.8673,-0.0757,-0.4045,0.4045,False,,Mitoxy-80_v1.0,NA
ENSG00000173041,,ENSG00000173041,464,green,0.8694,0.0878,-0.2867,0.2867,False,,Mitoxy-80_v1.0,NA
ENSG00000134324,,ENSG00000134324,34,grey60,0.4078,-0.2075,-0.4235,0.4235,False,,Mitoxy-80_v1.0,NA
ENSG00000104970,,ENSG00000104970,34,grey60,0.3474,-0.2045,-0.0858,0.0858,False,,Mitoxy-80_v1.0,NA
ENSG00000143167,,ENSG00000143167,34,grey60,0.3553,-0.1024,-0.5070,0.5070,False,,Mitoxy-80_v1.0,NA
ENSG00000173889,,ENSG00000173889,464,green,0.8893,0.1285,-0.3641,0.3641,False,,Mitoxy-80_v1.0,NA
ENSG00000171603,,ENSG00000171603,34,grey60,0.4419,-0.1220,-0.4453,0.4453,False,,Mitoxy-80_v1.0,NA
ENSG00000129925,,ENSG00000129925,366,darkgreen,0.9365,0.2322,0.1623,-0.1623,False,,Mitoxy-80_v1.0,NA
ENSG00000224397,,ENSG00000224397,34,grey60,-0.4679,0.0966,0.2428,-0.2428,False,,Mitoxy-80_v1.0,NA
ENSG00000136108,,ENSG00000136108,464,green,0.8161,-0.0864,-0.2723,0.2723,False,,Mitoxy-80_v1.0,NA
ENSG00000131149,,ENSG00000131149,464,green,0.7945,-0.0396,-0.4882,0.4882,False,,Mitoxy-80_v1.0,NA
ENSG00000101220,,ENSG00000101220,372,white,0.7821,-0.0552,0.0920,-0.0920,False,,Mitoxy-80_v1.0,NA
ENSG00000118985,,ENSG00000118985,34,grey60,0.6065,0.1682,0.1120,-0.1120,False,,Mitoxy-80_v1.0,NA
ENSG00000165802,,ENSG00000165802,372,white,0.8736,-0.1462,-0.2428,0.2428,False,,Mitoxy-80_v1.0,NA
ENSG00000272669,,ENSG00000272669,0,grey,,,,,False,Not classified,Mitoxy-80_v1.0,NA
ENSG00000120798,,ENSG00000120798,464,green,0.9049,-0.1449,-0.4161,0.4161,False,,Mitoxy-80_v1.0,NA
ENSG00000103064,,ENSG00000103064,464,green,0.8208,-0.1160,-0.5583,0.5583,False,,Mitoxy-80_v1.0,NA
ENSG00000137309,,ENSG00000137309,372,white,0.8658,-0.1020,-0.1022,0.1022,False,,Mitoxy-80_v1.0,NA
ENSG00000138758,,ENSG00000138758,464,green,0.7981,-0.2162,-0.3929,0.3929,False,,Mitoxy-80_v1.0,NA
ENSG00000269720,,ENSG00000269720,461,blue,0.7045,-0.0795,0.2156,-0.2156,False,Iron metabolism,Mitoxy-80_v1.0,NA
ENSG00000179144,,ENSG00000179144,34,grey60,0.1968,-0.3632,-0.1551,0.1551,False,,Mitoxy-80_v1.0,NA
ENSG00000122490,,ENSG00000122490,366,darkgreen,0.8285,0.1947,0.3173,-0.3173,False,,Mitoxy-80_v1.0,NA
ENSG00000157570,,ENSG00000157570,34,grey60,0.1769,-0.0992,-0.4911,0.4911,False,,Mitoxy-80_v1.0,NA
ENSG00000108506,,ENSG00000108506,464,green,0.9405,0.0711,-0.3934,0.3934,False,,Mitoxy-80_v1.0,NA
ENSG00000142065,,ENSG00000142065,464,green,0.9279,-0.0282,-0.4725,0.4725,False,,Mitoxy-80_v1.0,NA
ENSG00000065150,,ENSG00000065150,464,green,0.8569,-0.2015,-0.3953,0.3953,False,,Mitoxy-80_v1.0,NA
ENSG00000179262,,ENSG00000179262,245,blue,-0.0726,-0.1914,-0.0011,0.0011,False,Iron metabolism,Mitoxy-80_v1.0,NA
ENSG00000163291,,ENSG00000163291,464,green,0.9236,-0.0632,-0.3744,0.3744,False,,Mitoxy-80_v1.0,NA
ENSG00000121741,,ENSG00000121741,464,green,0.8648,0.2442,-0.3079,0.3079,False,,Mitoxy-80_v1.0,NA
ENSG00000059804,,ENSG00000059804,34,grey60,-0.4184,0.3762,0.3514,-0.3514,False,,Mitoxy-80_v1.0,NA
ENSG00000163938,,ENSG00000163938,464,green,0.7471,-0.0003,-0.1906,0.1906,False,,Mitoxy-80_v1.0,NA
ENSG00000163281,,ENSG00000163281,464,green,0.9152,-0.1016,-0.3934,0.3934,False,,Mitoxy-80_v1.0,NA
ENSG00000142512,,ENSG00000142512,0,grey,,,,,False,Not classified,Mitoxy-80_v1.0,NA
ENSG00000166266,,ENSG00000166266,464,green,0.9415,0.0081,-0.3100,0.3100,False,,Mitoxy-80_v1.0,NA
ENSG00000136869,TXN,ENSG00000136869,113,green,0.0038,0.2859,0.1062,-0.1062,True,,Mitoxy-80_v1.0,NA
ENSG00000100473,,ENSG00000100473,34,grey60,0.3868,0.1194,-0.1913,0.1913,False,,Mitoxy-80_v1.0,NA
ENSG00000169710,,ENSG00000169710,372,white,0.7957,0.1724,-0.2667,0.2667,False,,Mitoxy-80_v1.0,NA
ENSG00000133488,,ENSG00000133488,245,blue,-0.1397,-0.0704,-0.0589,0.0589,False,Iron metabolism,Mitoxy-80_v1.0,NA
ENSG00000197965,,ENSG00000197965,0,grey,,,,,False,Not classified,Mitoxy-80_v1.0,NA
ENSG00000166963,,ENSG00000166963,0,grey,,,,,False,Not classified,Mitoxy-80_v1.0,NA
ENSG00000163507,,ENSG00000163507,277,grey60,0.6951,-0.0359,-0.0710,0.0710,False,,Mitoxy-80_v1.0,NA
ENSG00000267554,,ENSG00000267554,34,grey60,0.4259,-0.2145,-0.3183,0.3183,False,,Mitoxy-80_v1.0,NA
ENSG00000206530,,ENSG00000206530,464,green,0.8466,-0.0954,-0.5230,0.5230,False,,Mitoxy-80_v1.0,NA
ENSG00000122966,,ENSG00000122966,277,grey60,0.7233,0.0549,0.0326,-0.0326,False,,Mitoxy-80_v1.0,NA
ENSG00000171051,,ENSG00000171051,34,grey60,-0.4460,0.1555,0.3045,-0.3045,False,,Mitoxy-80_v1.0,NA
ENSG00000101868,,ENSG00000101868,464,green,0.7594,-0.1608,-0.3527,0.3527,False,,Mitoxy-80_v1.0,NA
ENSG00000134444,,ENSG00000134444,464,green,0.8819,0.2100,-0.2839,0.2839,False,,Mitoxy-80_v1.0,NA
ENSG00000141540,,ENSG00000141540,34,grey60,0.1497,-0.2310,-0.2695,0.2695,False,,Mitoxy-80_v1.0,NA
ENSG00000226091,,ENSG00000226091,0,grey,,,,,False,Not classified,Mitoxy-80_v1.0,NA
ENSG00000075340,,ENSG00000075340,34,grey60,0.0647,-0.1935,-0.3053,0.3053,False,,Mitoxy-80_v1.0,NA
ENSG00000158691,,ENSG00000158691,464,green,0.9124,-0.0763,-0.4436,0.4436,False,,Mitoxy-80_v1.0,NA
ENSG00000066557,,ENSG00000066557,464,green,0.8990,-0.0538,-0.2558,0.2558,False,,Mitoxy-80_v1.0,NA
ENSG00000133030,,ENSG00000133030,34,grey60,0.3631,-0.0313,-0.5331,0.5331,False,,Mitoxy-80_v1.0,NA
ENSG00000171522,,ENSG00000171522,464,green,0.8221,0.0739,-0.4269,0.4269,False,,Mitoxy-80_v1.0,NA
ENSG00000028203,,ENSG00000028203,464,green,0.9451,-0.0549,-0.3704,0.3704,False,,Mitoxy-80_v1.0,NA
ENSG00000150938,,ENSG00000150938,464,green,0.8331,-0.1031,-0.4560,0.4560,False,,Mitoxy-80_v1.0,NA
ENSG00000205220,,ENSG00000205220,372,white,0.7097,-0.1458,0.1385,-0.1385,False,,Mitoxy-80_v1.0,NA
ENSG00000186818,,ENSG00000186818,0,grey,,,,,False,Not classified,Mitoxy-80_v1.0,NA
ENSG00000101751,,ENSG00000101751,464,green,0.8197,0.1716,-0.2702,0.2702,False,,Mitoxy-80_v1.0,NA
ENSG00000232593,,ENSG00000232593,464,green,0.8208,-0.1489,-0.4874,0.4874,False,,Mitoxy-80_v1.0,NA
ENSG00000030110,,ENSG00000030110,372,white,0.7075,-0.0649,0.2041,-0.2041,False,,Mitoxy-80_v1.0,NA
ENSG00000151692,,ENSG00000151692,464,green,0.7414,-0.0810,-0.4968,0.4968,False,,Mitoxy-80_v1.0,NA
ENSG00000116962,,ENSG00000116962,34,grey60,0.1347,0.0525,-0.2453,0.2453,False,,Mitoxy-80_v1.0,NA
ENSG00000198455,,ENSG00000198455,464,green,0.8854,-0.1894,-0.4899,0.4899,False,,Mitoxy-80_v1.0,NA
ENSG00000184517,,ENSG00000184517,464,green,0.9124,-0.1431,-0.4547,0.4547,False,,Mitoxy-80_v1.0,NA
ENSG00000105352,,ENSG00000105352,34,grey60,-0.3266,0.3243,0.1836,-0.1836,False,,Mitoxy-80_v1.0,NA
ENSG00000116691,,ENSG00000116691,366,darkgreen,0.9282,0.1495,0.3773,-0.3773,False,,Mitoxy-80_v1.0,NA
ENSG00000152582,,ENSG00000152582,464,green,0.7953,-0.1684,-0.5294,0.5294,False,,Mitoxy-80_v1.0,NA
ENSG00000009413,,ENSG00000009413,464,green,0.9252,0.1582,-0.4175,0.4175,False,,Mitoxy-80_v1.0,NA
ENSG00000151881,,ENSG00000151881,464,green,0.8918,-0.1508,-0.3684,0.3684,False,,Mitoxy-80_v1.0,NA
ENSG00000186648,,ENSG00000186648,372,white,0.6710,-0.1464,-0.0754,0.0754,False,,Mitoxy-80_v1.0,NA
ENSG00000121933,,ENSG00000121933,0,grey,,,,,False,Not classified,Mitoxy-80_v1.0,NA
ENSG00000222009,,ENSG00000222009,34,grey60,-0.2018,0.2490,0.1992,-0.1992,False,,Mitoxy-80_v1.0,NA
ENSG00000169994,,ENSG00000169994,0,grey,,,,,False,Not classified,Mitoxy-80_v1.0,NA
ENSG00000172216,,ENSG00000172216,34,grey60,-0.5238,0.3218,0.3110,-0.3110,False,,Mitoxy-80_v1.0,NA
ENSG00000171617,,ENSG00000171617,34,grey60,0.0582,0.1386,-0.1308,0.1308,False,,Mitoxy-80_v1.0,NA
ENSG00000121406,,ENSG00000121406,464,green,0.8552,-0.1011,-0.5181,0.5181,False,,Mitoxy-80_v1.0,NA
ENSG00000187800,,ENSG00000187800,0,grey,,,,,False,Not classified,Mitoxy-80_v1.0,NA
ENSG00000160326,,ENSG00000160326,372,white,0.6929,-0.1666,0.0651,-0.0651,False,,Mitoxy-80_v1.0,NA
ENSG00000130830,,ENSG00000130830,245,blue,-0.2217,0.0918,0.1789,-0.1789,False,Iron metabolism,Mitoxy-80_v1.0,NA
ENSG00000082014,,ENSG00000082014,0,grey,,,,,False,Not classified,Mitoxy-80_v1.0,NA
ENSG00000277452,,ENSG00000277452,0,grey,,,,,False,Not classified,Mitoxy-80_v1.0,NA
ENSG00000100726,,ENSG00000100726,372,white,0.8951,0.0637,-0.1477,0.1477,False,,Mitoxy-80_v1.0,NA
ENSG00000282851,,ENSG00000282851,461,blue,0.9036,-0.3895,0.0437,-0.0437,False,Iron metabolism,Mitoxy-80_v1.0,NA
ENSG00000134970,,ENSG00000134970,464,green,0.8150,-0.0997,-0.2220,0.2220,False,,Mitoxy-80_v1.0,NA
ENSG00000176105,,ENSG00000176105,464,green,0.8449,0.0241,-0.4003,0.4003,False,,Mitoxy-80_v1.0,NA
ENSG00000158555,,ENSG00000158555,372,white,0.7528,-0.0802,-0.1862,0.1862,False,,Mitoxy-80_v1.0,NA
ENSG00000167969,,ENSG00000167969,372,white,0.9294,-0.0792,0.0155,-0.0155,False,,Mitoxy-80_v1.0,NA
ENSG00000164118,,ENSG00000164118,464,green,0.9121,0.1203,-0.3545,0.3545,False,,Mitoxy-80_v1.0,NA
ENSG00000203814,,ENSG00000203814,0,grey,,,,,False,Not classified,Mitoxy-80_v1.0,NA
ENSG00000112378,,ENSG00000112378,34,grey60,0.6632,-0.2464,-0.2919,0.2919,False,,Mitoxy-80_v1.0,NA
ENSG00000185088,,ENSG00000185088,464,green,0.6680,-0.0340,-0.0767,0.0767,False,,Mitoxy-80_v1.0,NA
ENSG00000163257,,ENSG00000163257,464,green,0.9113,-0.0618,-0.5052,0.5052,False,,Mitoxy-80_v1.0,NA
ENSG00000233461,,ENSG00000233461,34,grey60,-0.3610,-0.1097,0.4015,-0.4015,False,,Mitoxy-80_v1.0,NA
ENSG00000138443,,ENSG00000138443,464,green,0.8300,-0.1732,-0.4839,0.4839,False,,Mitoxy-80_v1.0,NA
ENSG00000105948,,ENSG00000105948,0,grey,,,,,False,Not classified,Mitoxy-80_v1.0,NA
ENSG00000083097,,ENSG00000083097,464,green,0.9339,-0.0187,-0.4336,0.4336,False,,Mitoxy-80_v1.0,NA
ENSG00000211794,,ENSG00000211794,34,grey60,0.3053,-0.3434,-0.4822,0.4822,False,,Mitoxy-80_v1.0,NA
ENSG00000111711,,ENSG00000111711,464,green,0.9023,-0.0725,-0.2672,0.2672,False,,Mitoxy-80_v1.0,NA
ENSG00000074935,,ENSG00000074935,464,green,0.9086,-0.0880,-0.4379,0.4379,False,,Mitoxy-80_v1.0,NA
ENSG00000133424,,ENSG00000133424,34,grey60,0.4442,-0.0956,-0.3800,0.3800,False,,Mitoxy-80_v1.0,NA
ENSG00000197841,,ENSG00000197841,464,green,0.8825,0.0550,-0.3295,0.3295,False,,Mitoxy-80_v1.0,NA
ENSG00000270210,,ENSG00000270210,34,grey60,-0.4108,0.0909,0.2239,-0.2239,False,,Mitoxy-80_v1.0,NA
ENSG00000182732,,ENSG00000182732,245,blue,-0.0385,-0.0005,-0.0354,0.0354,False,Iron metabolism,Mitoxy-80_v1.0,NA
ENSG00000178074,,ENSG00000178074,464,green,0.8292,0.1617,-0.2835,0.2835,False,,Mitoxy-80_v1.0,NA
ENSG00000108846,,ENSG00000108846,0,grey,,,,,False,Not classified,Mitoxy-80_v1.0,NA
ENSG00000173890,,ENSG00000173890,113,green,0.1251,0.2618,0.1695,-0.1695,False,,Mitoxy-80_v1.0,NA
ENSG00000064201,,ENSG00000064201,372,white,0.8441,0.1026,-0.1850,0.1850,False,,Mitoxy-80_v1.0,NA
ENSG00000141446,,ENSG00000141446,464,green,0.9179,0.1717,-0.3166,0.3166,False,,Mitoxy-80_v1.0,NA
ENSG00000151690,,ENSG00000151690,464,green,0.9030,-0.0712,-0.3892,0.3892,False,,Mitoxy-80_v1.0,NA
ENSG00000187037,,ENSG00000187037,113,green,-0.2207,0.3211,0.2722,-0.2722,False,,Mitoxy-80_v1.0,NA
ENSG00000257275,,ENSG00000257275,34,grey60,0.3360,-0.1244,-0.3786,0.3786,False,,Mitoxy-80_v1.0,NA
ENSG00000006530,,ENSG00000006530,34,grey60,0.5507,-0.2064,-0.3172,0.3172,False,,Mitoxy-80_v1.0,NA
ENSG00000198355,,ENSG00000198355,34,grey60,-0.0728,0.3876,0.3237,-0.3237,False,,Mitoxy-80_v1.0,NA
ENSG00000153989,,ENSG00000153989,464,green,0.8835,0.1025,-0.2620,0.2620,False,,Mitoxy-80_v1.0,NA
ENSG00000178295,,ENSG00000178295,464,green,0.8386,-0.0754,-0.2737,0.2737,False,,Mitoxy-80_v1.0,NA
ENSG00000130024,,ENSG00000130024,464,green,0.8768,-0.2155,-0.4443,0.4443,False,,Mitoxy-80_v1.0,NA
ENSG00000238160,,ENSG00000238160,0,grey,,,,,False,Not classified,Mitoxy-80_v1.0,NA
ENSG00000204789,,ENSG00000204789,464,green,0.8132,-0.0059,-0.5133,0.5133,False,,Mitoxy-80_v1.0,NA
ENSG00000153443,,ENSG00000153443,366,darkgreen,0.7931,0.0932,0.0736,-0.0736,False,,Mitoxy-80_v1.0,NA
ENSG00000223350,,ENSG00000223350,277,grey60,0.8298,0.0223,0.0406,-0.0406,False,,Mitoxy-80_v1.0,NA
ENSG00000132182,,ENSG00000132182,34,grey60,0.5207,-0.0655,-0.3825,0.3825,False,,Mitoxy-80_v1.0,NA
ENSG00000164330,,ENSG00000164330,464,green,0.6455,-0.1657,-0.5038,0.5038,False,,Mitoxy-80_v1.0,NA
ENSG00000166508,,ENSG00000166508,372,white,0.7273,-0.0859,-0.2245,0.2245,False,,Mitoxy-80_v1.0,NA
ENSG00000166171,,ENSG00000166171,245,blue,-0.1161,-0.1446,0.1011,-0.1011,False,Iron metabolism,Mitoxy-80_v1.0,NA
ENSG00000196912,,ENSG00000196912,34,grey60,0.4510,0.0462,-0.3085,0.3085,False,,Mitoxy-80_v1.0,NA
ENSG00000236552,,ENSG00000236552,34,grey60,0.3755,0.2521,-0.3078,0.3078,False,,Mitoxy-80_v1.0,NA
ENSG00000102524,,ENSG00000102524,0,grey,,,,,False,Not classified,Mitoxy-80_v1.0,NA
ENSG00000132485,,ENSG00000132485,464,green,0.9351,-0.0367,-0.2888,0.2888,False,,Mitoxy-80_v1.0,NA
ENSG00000169239,,ENSG00000169239,464,green,0.8195,-0.2261,-0.5276,0.5276,False,,Mitoxy-80_v1.0,NA
ENSG00000164136,,ENSG00000164136,464,green,0.6073,-0.0345,-0.0626,0.0626,False,,Mitoxy-80_v1.0,NA
ENSG00000206527,,ENSG00000206527,464,green,0.9372,-0.0590,-0.3892,0.3892,False,,Mitoxy-80_v1.0,NA
ENSG00000186017,,ENSG00000186017,464,green,0.8528,-0.1928,-0.4991,0.4991,False,,Mitoxy-80_v1.0,NA
ENSG00000144677,,ENSG00000144677,0,grey,,,,,False,Not classified,Mitoxy-80_v1.0,NA
ENSG00000119862,,ENSG00000119862,0,grey,,,,,False,Not classified,Mitoxy-80_v1.0,NA
ENSG00000179271,,ENSG00000179271,372,white,0.8577,-0.2085,0.1146,-0.1146,False,,Mitoxy-80_v1.0,NA
ENSG00000125743,,ENSG00000125743,34,grey60,0.5869,-0.3007,0.0755,-0.0755,False,,Mitoxy-80_v1.0,NA
ENSG00000134152,,ENSG00000134152,34,grey60,-0.1273,0.2701,-0.2620,0.2620,False,,Mitoxy-80_v1.0,NA
ENSG00000165244,,ENSG00000165244,464,green,0.7804,-0.0004,-0.2642,0.2642,False,,Mitoxy-80_v1.0,NA
ENSG00000198677,,ENSG00000198677,464,green,0.9384,-0.0757,-0.3761,0.3761,False,,Mitoxy-80_v1.0,NA
ENSG00000100316,,ENSG00000100316,34,grey60,0.4859,-0.1993,-0.2699,0.2699,False,,Mitoxy-80_v1.0,NA
ENSG00000093134,,ENSG00000093134,0,grey,,,,,False,Not classified,Mitoxy-80_v1.0,NA
ENSG00000135976,,ENSG00000135976,464,green,0.6516,0.0351,-0.3802,0.3802,False,,Mitoxy-80_v1.0,NA
ENSG00000101017,,ENSG00000101017,34,grey60,0.2591,-0.2991,-0.1031,0.1031,False,,Mitoxy-80_v1.0,NA
ENSG00000120458,,ENSG00000120458,464,green,0.8806,-0.1865,-0.4870,0.4870,False,,Mitoxy-80_v1.0,NA
ENSG00000197283,,ENSG00000197283,34,grey60,0.3845,-0.0526,-0.4778,0.4778,False,,Mitoxy-80_v1.0,NA
ENSG00000138767,,ENSG00000138767,464,green,0.9421,0.0417,-0.4468,0.4468,False,,Mitoxy-80_v1.0,NA
ENSG00000175063,,ENSG00000175063,277,grey60,0.7556,0.0418,0.2954,-0.2954,False,,Mitoxy-80_v1.0,NA
ENSG00000105364,,ENSG00000105364,372,white,0.9485,-0.1117,-0.0733,0.0733,False,,Mitoxy-80_v1.0,NA
ENSG00000181450,,ENSG00000181450,464,green,0.9092,-0.1202,-0.4153,0.4153,False,,Mitoxy-80_v1.0,NA
ENSG00000166949,,ENSG00000166949,34,grey60,0.3443,-0.1836,-0.4704,0.4704,False,,Mitoxy-80_v1.0,NA
ENSG00000198948,,ENSG00000198948,34,grey60,-0.1151,0.2072,-0.2805,0.2805,False,,Mitoxy-80_v1.0,NA
ENSG00000101132,,ENSG00000101132,34,grey60,0.3920,0.2007,-0.0021,0.0021,False,,Mitoxy-80_v1.0,NA
ENSG00000049323,,ENSG00000049323,0,grey,,,,,False,Not classified,Mitoxy-80_v1.0,NA
ENSG00000158373,,ENSG00000158373,0,grey,,,,,False,Not classified,Mitoxy-80_v1.0,NA
ENSG00000120802,,ENSG00000120802,464,green,0.8772,-0.1316,-0.2634,0.2634,False,,Mitoxy-80_v1.0,NA
ENSG00000226950,,ENSG00000226950,34,grey60,0.6864,-0.2508,-0.2710,0.2710,False,,Mitoxy-80_v1.0,NA
ENSG00000167702,,ENSG00000167702,372,white,0.8568,0.0324,-0.2046,0.2046,False,,Mitoxy-80_v1.0,NA
ENSG00000151553,,ENSG00000151553,113,green,0.5310,0.3107,-0.0584,0.0584,False,,Mitoxy-80_v1.0,NA
ENSG00000260923,,ENSG00000260923,0,grey,,,,,False,Not classified,Mitoxy-80_v1.0,NA
ENSG00000213694,,ENSG00000213694,34,grey60,-0.0084,0.0014,-0.0922,0.0922,False,,Mitoxy-80_v1.0,NA
ENSG00000166169,,ENSG00000166169,245,blue,-0.1391,-0.1666,-0.1147,0.1147,False,Iron metabolism,Mitoxy-80_v1.0,NA
ENSG00000137414,,ENSG00000137414,113,green,0.4798,0.2027,-0.0547,0.0547,False,,Mitoxy-80_v1.0,NA
ENSG00000007968,,ENSG00000007968,0,grey,,,,,False,Not classified,Mitoxy-80_v1.0,NA
ENSG00000233214,,ENSG00000233214,34,grey60,-0.2578,0.1567,0.3028,-0.3028,False,,Mitoxy-80_v1.0,NA
ENSG00000260231,,ENSG00000260231,245,blue,-0.1045,-0.0382,0.0659,-0.0659,False,Iron metabolism,Mitoxy-80_v1.0,NA
ENSG00000235437,,ENSG00000235437,34,grey60,0.2089,-0.3569,-0.4801,0.4801,False,,Mitoxy-80_v1.0,NA
ENSG00000174010,,ENSG00000174010,464,green,0.7403,0.2227,-0.2731,0.2731,False,,Mitoxy-80_v1.0,NA
ENSG00000233901,,ENSG00000233901,34,grey60,-0.1531,0.2054,0.2697,-0.2697,False,,Mitoxy-80_v1.0,NA
ENSG00000172172,,ENSG00000172172,34,grey60,0.5237,0.0814,0.1146,-0.1146,False,,Mitoxy-80_v1.0,NA
ENSG00000136630,,ENSG00000136630,34,grey60,-0.3922,0.1875,0.1722,-0.1722,False,,Mitoxy-80_v1.0,NA
ENSG00000120784,,ENSG00000120784,464,green,0.8767,-0.0516,-0.4530,0.4530,False,,Mitoxy-80_v1.0,NA
ENSG00000186205,,ENSG00000186205,0,grey,,,,,False,Not classified,Mitoxy-80_v1.0,NA
ENSG00000170837,,ENSG00000170837,113,green,-0.0729,0.4251,0.1763,-0.1763,False,,Mitoxy-80_v1.0,NA
ENSG00000113810,,ENSG00000113810,464,green,0.7688,0.0422,-0.1753,0.1753,False,,Mitoxy-80_v1.0,NA
ENSG00000151292,,ENSG00000151292,464,green,0.8616,0.2005,-0.2490,0.2490,False,,Mitoxy-80_v1.0,NA
ENSG00000120833,,ENSG00000120833,464,green,0.7059,-0.1735,-0.3500,0.3500,False,,Mitoxy-80_v1.0,NA
ENSG00000197629,,ENSG00000197629,34,grey60,-0.0319,-0.1891,-0.2590,0.2590,False,,Mitoxy-80_v1.0,NA
ENSG00000161395,,ENSG00000161395,34,grey60,0.4028,-0.1494,-0.2952,0.2952,False,,Mitoxy-80_v1.0,NA
ENSG00000128266,,ENSG00000128266,0,grey,,,,,False,Not classified,Mitoxy-80_v1.0,NA
ENSG00000281106,,ENSG00000281106,0,grey,,,,,False,Not classified,Mitoxy-80_v1.0,NA
ENSG00000104043,,ENSG00000104043,34,grey60,-0.0018,0.2498,0.0817,-0.0817,False,,Mitoxy-80_v1.0,NA
ENSG00000112796,,ENSG00000112796,464,green,0.7393,-0.2009,-0.4154,0.4154,False,,Mitoxy-80_v1.0,NA
ENSG00000162302,,ENSG00000162302,372,white,0.8822,-0.0160,-0.0147,0.0147,False,,Mitoxy-80_v1.0,NA
ENSG00000125257,,ENSG00000125257,34,grey60,0.1852,0.1591,-0.1079,0.1079,False,,Mitoxy-80_v1.0,NA
ENSG00000133119,,ENSG00000133119,464,green,0.7498,-0.0888,-0.2336,0.2336,False,,Mitoxy-80_v1.0,NA
ENSG00000099377,,ENSG00000099377,34,grey60,-0.0526,0.2162,0.4202,-0.4202,False,,Mitoxy-80_v1.0,NA
ENSG00000188419,,ENSG00000188419,464,green,0.9000,0.0676,-0.3134,0.3134,False,,Mitoxy-80_v1.0,NA
ENSG00000155903,,ENSG00000155903,464,green,0.7277,0.2239,-0.2076,0.2076,False,,Mitoxy-80_v1.0,NA
ENSG00000233927,,ENSG00000233927,372,white,0.7976,-0.2298,-0.2890,0.2890,False,,Mitoxy-80_v1.0,NA
ENSG00000204852,,ENSG00000204852,34,grey60,0.1405,-0.1543,-0.5295,0.5295,False,,Mitoxy-80_v1.0,NA
ENSG00000154429,,ENSG00000154429,464,green,0.8155,0.2188,-0.2818,0.2818,False,,Mitoxy-80_v1.0,NA
ENSG00000169131,,ENSG00000169131,113,green,0.4121,0.3250,-0.0460,0.0460,False,,Mitoxy-80_v1.0,NA
ENSG00000265666,,ENSG00000265666,34,grey60,-0.0983,0.3658,0.3860,-0.3860,False,,Mitoxy-80_v1.0,NA
ENSG00000010310,,ENSG00000010310,34,grey60,0.5429,-0.0941,-0.3318,0.3318,False,,Mitoxy-80_v1.0,NA
ENSG00000186918,,ENSG00000186918,34,grey60,0.3438,-0.0370,-0.5015,0.5015,False,,Mitoxy-80_v1.0,NA
ENSG00000147231,,ENSG00000147231,464,green,0.8683,-0.1026,-0.4774,0.4774,False,,Mitoxy-80_v1.0,NA
ENSG00000159840,,ENSG00000159840,34,grey60,-0.2658,0.2672,0.2410,-0.2410,False,,Mitoxy-80_v1.0,NA
ENSG00000122406,,ENSG00000122406,464,green,0.7106,-0.1217,-0.2792,0.2792,False,,Mitoxy-80_v1.0,NA
ENSG00000275342,,ENSG00000275342,34,grey60,0.2497,-0.1120,-0.5119,0.5119,False,,Mitoxy-80_v1.0,NA
ENSG00000005448,,ENSG00000005448,34,grey60,0.5464,-0.2141,-0.2637,0.2637,False,,Mitoxy-80_v1.0,NA
ENSG00000211625,,ENSG00000211625,277,grey60,0.8125,-0.0348,0.0422,-0.0422,False,,Mitoxy-80_v1.0,NA
ENSG00000278195,,ENSG00000278195,34,grey60,0.4529,-0.0830,-0.2096,0.2096,False,,Mitoxy-80_v1.0,NA
ENSG00000198937,,ENSG00000198937,372,white,0.6666,-0.2479,0.0550,-0.0550,False,,Mitoxy-80_v1.0,NA
ENSG00000131023,,ENSG00000131023,464,green,0.8943,0.1028,-0.3828,0.3828,False,,Mitoxy-80_v1.0,NA
ENSG00000122591,,ENSG00000122591,464,green,0.9030,-0.0173,-0.2734,0.2734,False,,Mitoxy-80_v1.0,NA
ENSG00000175066,,ENSG00000175066,464,green,0.7219,0.0921,-0.2994,0.2994,False,,Mitoxy-80_v1.0,NA
ENSG00000104442,,ENSG00000104442,464,green,0.9197,-0.1484,-0.3488,0.3488,False,,Mitoxy-80_v1.0,NA
ENSG00000137642,,ENSG00000137642,113,green,0.0589,0.3746,-0.1354,0.1354,False,,Mitoxy-80_v1.0,NA
ENSG00000136603,,ENSG00000136603,464,green,0.6556,0.1813,-0.0808,0.0808,False,,Mitoxy-80_v1.0,NA
ENSG00000138735,,ENSG00000138735,34,grey60,0.0499,0.1000,-0.1705,0.1705,False,,Mitoxy-80_v1.0,NA
ENSG00000122420,,ENSG00000122420,0,grey,,,,,False,Not classified,Mitoxy-80_v1.0,NA
ENSG00000173638,,ENSG00000173638,34,grey60,-0.1303,0.3216,0.0895,-0.0895,False,,Mitoxy-80_v1.0,NA
ENSG00000198393,,ENSG00000198393,464,green,0.8656,-0.0343,-0.4309,0.4309,False,,Mitoxy-80_v1.0,NA
ENSG00000171291,,ENSG00000171291,464,green,0.8145,-0.0244,-0.4688,0.4688,False,,Mitoxy-80_v1.0,NA
ENSG00000109618,,ENSG00000109618,464,green,0.9365,0.0426,-0.3638,0.3638,False,,Mitoxy-80_v1.0,NA
ENSG00000112799,,ENSG00000112799,0,grey,,,,,False,Not classified,Mitoxy-80_v1.0,NA
ENSG00000165548,,ENSG00000165548,0,grey,,,,,False,Not classified,Mitoxy-80_v1.0,NA
ENSG00000120699,,ENSG00000120699,34,grey60,0.5645,-0.1716,-0.3507,0.3507,False,,Mitoxy-80_v1.0,NA
ENSG00000134243,,ENSG00000134243,113,green,-0.3420,0.2569,0.3279,-0.3279,False,,Mitoxy-80_v1.0,NA
ENSG00000155016,,ENSG00000155016,464,green,0.8353,-0.2424,-0.4782,0.4782,False,,Mitoxy-80_v1.0,NA
ENSG00000177485,,ENSG00000177485,464,green,0.9239,-0.0968,-0.3414,0.3414,False,,Mitoxy-80_v1.0,NA
ENSG00000106628,,ENSG00000106628,372,white,0.8723,-0.2559,-0.2253,0.2253,False,,Mitoxy-80_v1.0,NA
ENSG00000279207,,ENSG00000279207,464,green,0.9055,0.0309,-0.4512,0.4512,False,,Mitoxy-80_v1.0,NA
ENSG00000076944,,ENSG00000076944,34,grey60,-0.1746,0.2014,0.3400,-0.3400,False,,Mitoxy-80_v1.0,NA
ENSG00000092140,,ENSG00000092140,464,green,0.9395,-0.0283,-0.3530,0.3530,False,,Mitoxy-80_v1.0,NA
ENSG00000187837,,ENSG00000187837,0,grey,,,,,False,Not classified,Mitoxy-80_v1.0,NA
ENSG00000125430,,ENSG00000125430,34,grey60,0.0274,0.1464,-0.2226,0.2226,False,,Mitoxy-80_v1.0,NA
ENSG00000139977,,ENSG00000139977,464,green,0.9412,-0.0761,-0.4055,0.4055,False,,Mitoxy-80_v1.0,NA
ENSG00000214029,,ENSG00000214029,464,green,0.8437,-0.1322,-0.4830,0.4830,False,,Mitoxy-80_v1.0,NA
ENSG00000116574,,ENSG00000116574,34,grey60,-0.0890,0.3192,-0.0202,0.0202,False,,Mitoxy-80_v1.0,NA
ENSG00000148700,,ENSG00000148700,464,green,0.8221,0.2340,-0.2985,0.2985,False,,Mitoxy-80_v1.0,NA
ENSG00000226419,,ENSG00000226419,34,grey60,0.5504,-0.2168,-0.2778,0.2778,False,,Mitoxy-80_v1.0,NA
ENSG00000161929,,ENSG00000161929,34,grey60,-0.0613,-0.3518,-0.1276,0.1276,False,,Mitoxy-80_v1.0,NA
ENSG00000077157,,ENSG00000077157,34,grey60,-0.0464,0.1039,-0.3377,0.3377,False,,Mitoxy-80_v1.0,NA
ENSG00000113742,,ENSG00000113742,113,green,0.3526,0.3578,0.0466,-0.0466,False,,Mitoxy-80_v1.0,NA
ENSG00000139514,,ENSG00000139514,464,green,0.6556,0.1506,-0.2609,0.2609,False,,Mitoxy-80_v1.0,NA
ENSG00000162714,,ENSG00000162714,34,grey60,0.3111,-0.1354,-0.1617,0.1617,False,,Mitoxy-80_v1.0,NA
ENSG00000215244,,ENSG00000215244,0,grey,,,,,False,Not classified,Mitoxy-80_v1.0,NA
ENSG00000040199,,ENSG00000040199,464,green,0.8245,-0.0494,-0.4640,0.4640,False,,Mitoxy-80_v1.0,NA
ENSG00000261236,,ENSG00000261236,372,white,0.9270,-0.1149,-0.0579,0.0579,False,,Mitoxy-80_v1.0,NA
ENSG00000238269,,ENSG00000238269,245,blue,-0.1025,0.0018,0.1412,-0.1412,False,Iron metabolism,Mitoxy-80_v1.0,NA
ENSG00000276085,,ENSG00000276085,34,grey60,0.0756,-0.0402,-0.0980,0.0980,False,,Mitoxy-80_v1.0,NA
ENSG00000146409,,ENSG00000146409,464,green,0.7307,-0.1450,-0.3475,0.3475,False,,Mitoxy-80_v1.0,NA
ENSG00000071564,,ENSG00000071564,34,grey60,0.5277,-0.0730,-0.1630,0.1630,False,,Mitoxy-80_v1.0,NA
ENSG00000269893,,ENSG00000269893,464,green,0.6718,0.0789,-0.1918,0.1918,False,,Mitoxy-80_v1.0,NA
ENSG00000102317,,ENSG00000102317,464,green,0.6408,0.0476,-0.2545,0.2545,False,,Mitoxy-80_v1.0,NA
ENSG00000203709,,ENSG00000203709,34,grey60,-0.2254,0.1268,-0.3504,0.3504,False,,Mitoxy-80_v1.0,NA
ENSG00000197982,,ENSG00000197982,366,darkgreen,0.8630,0.1527,0.2648,-0.2648,False,,Mitoxy-80_v1.0,NA
ENSG00000196352,,ENSG00000196352,34,grey60,-0.5258,0.1888,0.2957,-0.2957,False,,Mitoxy-80_v1.0,NA
ENSG00000106003,,ENSG00000106003,372,white,0.8394,-0.1502,-0.1908,0.1908,False,,Mitoxy-80_v1.0,NA
ENSG00000109586,,ENSG00000109586,464,green,0.7383,0.3012,-0.2202,0.2202,False,,Mitoxy-80_v1.0,NA
ENSG00000173281,,ENSG00000173281,113,green,-0.1266,0.3748,0.1241,-0.1241,False,,Mitoxy-80_v1.0,NA
ENSG00000104154,,ENSG00000104154,464,green,0.8474,-0.1745,-0.5387,0.5387,False,,Mitoxy-80_v1.0,NA
ENSG00000280237,,ENSG00000280237,34,grey60,0.2310,-0.1664,-0.4894,0.4894,False,,Mitoxy-80_v1.0,NA
ENSG00000198034,,ENSG00000198034,34,grey60,0.3793,-0.4638,-0.3397,0.3397,False,,Mitoxy-80_v1.0,NA
ENSG00000152133,,ENSG00000152133,464,green,0.8578,-0.0662,-0.3635,0.3635,False,,Mitoxy-80_v1.0,NA
ENSG00000239672,,ENSG00000239672,277,grey60,0.7506,-0.2629,0.1676,-0.1676,False,,Mitoxy-80_v1.0,NA
ENSG00000127946,,ENSG00000127946,34,grey60,-0.4064,0.2849,0.0942,-0.0942,False,,Mitoxy-80_v1.0,NA
ENSG00000005812,,ENSG00000005812,464,green,0.7780,0.2297,-0.2865,0.2865,False,,Mitoxy-80_v1.0,NA
ENSG00000033170,,ENSG00000033170,464,green,0.7632,-0.1772,-0.3360,0.3360,False,,Mitoxy-80_v1.0,NA
ENSG00000077152,,ENSG00000077152,277,grey60,0.8164,-0.0811,0.0696,-0.0696,False,,Mitoxy-80_v1.0,NA
ENSG00000272666,,ENSG00000272666,0,grey,,,,,False,Not classified,Mitoxy-80_v1.0,NA
ENSG00000165983,,ENSG00000165983,464,green,0.9219,-0.1247,-0.3776,0.3776,False,,Mitoxy-80_v1.0,NA
ENSG00000267365,,ENSG00000267365,113,green,0.0261,0.3847,0.1712,-0.1712,False,,Mitoxy-80_v1.0,NA
ENSG00000175395,,ENSG00000175395,464,green,0.9080,0.0819,-0.3705,0.3705,False,,Mitoxy-80_v1.0,NA
ENSG00000147324,,ENSG00000147324,464,green,0.6679,-0.1713,-0.4102,0.4102,False,,Mitoxy-80_v1.0,NA
ENSG00000128000,,ENSG00000128000,464,green,0.9303,-0.0696,-0.4097,0.4097,False,,Mitoxy-80_v1.0,NA
ENSG00000148468,,ENSG00000148468,34,grey60,0.5727,-0.1459,-0.4668,0.4668,False,,Mitoxy-80_v1.0,NA
ENSG00000182240,,ENSG00000182240,34,grey60,0.3232,-0.2115,-0.3004,0.3004,False,,Mitoxy-80_v1.0,NA
ENSG00000268205,,ENSG00000268205,464,green,0.8529,-0.1351,-0.3986,0.3986,False,,Mitoxy-80_v1.0,NA
ENSG00000198961,,ENSG00000198961,113,green,0.5793,0.2530,-0.1451,0.1451,False,,Mitoxy-80_v1.0,NA
ENSG00000155100,,ENSG00000155100,464,green,0.8997,-0.0361,-0.2419,0.2419,False,,Mitoxy-80_v1.0,NA
ENSG00000118058,,ENSG00000118058,464,green,0.8169,-0.0917,-0.5039,0.5039,False,,Mitoxy-80_v1.0,NA
ENSG00000169432,,ENSG00000169432,113,green,0.0727,0.2132,0.1921,-0.1921,False,,Mitoxy-80_v1.0,NA
ENSG00000124813,,ENSG00000124813,464,green,0.7801,0.1455,-0.4630,0.4630,False,,Mitoxy-80_v1.0,NA
ENSG00000177685,,ENSG00000177685,0,grey,,,,,False,Not classified,Mitoxy-80_v1.0,NA
ENSG00000074416,,ENSG00000074416,0,grey,,,,,False,Not classified,Mitoxy-80_v1.0,NA
ENSG00000272636,,ENSG00000272636,0,grey,,,,,False,Not classified,Mitoxy-80_v1.0,NA
ENSG00000184860,,ENSG00000184860,464,green,0.8203,-0.0999,-0.4992,0.4992,False,,Mitoxy-80_v1.0,NA
ENSG00000197858,,ENSG00000197858,372,white,0.7787,0.0978,0.1350,-0.1350,False,,Mitoxy-80_v1.0,NA
ENSG00000007255,,ENSG00000007255,372,white,0.8959,-0.1263,-0.1866,0.1866,False,,Mitoxy-80_v1.0,NA
ENSG00000230715,,ENSG00000230715,0,grey,,,,,False,Not classified,Mitoxy-80_v1.0,NA
ENSG00000213339,,ENSG00000213339,372,white,0.8738,-0.0655,-0.2406,0.2406,False,,Mitoxy-80_v1.0,NA
ENSG00000153107,,ENSG00000153107,464,green,0.8503,0.0476,-0.5115,0.5115,False,,Mitoxy-80_v1.0,NA
ENSG00000211900,,ENSG00000211900,34,grey60,0.7176,0.1103,-0.2342,0.2342,False,,Mitoxy-80_v1.0,NA
ENSG00000171448,,ENSG00000171448,464,green,0.8965,0.0906,-0.3217,0.3217,False,,Mitoxy-80_v1.0,NA
ENSG00000100181,,ENSG00000100181,0,grey,,,,,False,Not classified,Mitoxy-80_v1.0,NA
ENSG00000121236,,ENSG00000121236,0,grey,,,,,False,Not classified,Mitoxy-80_v1.0,NA
ENSG00000272282,,ENSG00000272282,34,grey60,0.3604,-0.3381,-0.2384,0.2384,False,,Mitoxy-80_v1.0,NA
ENSG00000104783,,ENSG00000104783,372,white,0.7249,-0.0091,-0.1721,0.1721,False,,Mitoxy-80_v1.0,NA
ENSG00000140743,,ENSG00000140743,34,grey60,0.5226,-0.0999,-0.4425,0.4425,False,,Mitoxy-80_v1.0,NA
ENSG00000114779,,ENSG00000114779,34,grey60,0.4392,-0.2827,-0.3040,0.3040,False,,Mitoxy-80_v1.0,NA
ENSG00000164181,,ENSG00000164181,0,grey,,,,,False,Not classified,Mitoxy-80_v1.0,NA
ENSG00000188227,,ENSG00000188227,464,green,0.7512,-0.1678,-0.5053,0.5053,False,,Mitoxy-80_v1.0,NA
ENSG00000261208,,ENSG00000261208,464,green,0.6505,-0.1163,-0.4134,0.4134,False,,Mitoxy-80_v1.0,NA
ENSG00000133265,,ENSG00000133265,372,white,0.9276,-0.1845,-0.0492,0.0492,False,,Mitoxy-80_v1.0,NA
ENSG00000253616,,ENSG00000253616,0,grey,,,,,False,Not classified,Mitoxy-80_v1.0,NA
ENSG00000139537,,ENSG00000139537,34,grey60,0.3001,-0.2295,-0.3327,0.3327,False,,Mitoxy-80_v1.0,NA
ENSG00000178802,,ENSG00000178802,34,grey60,0.5720,-0.2380,-0.3272,0.3272,False,,Mitoxy-80_v1.0,NA
ENSG00000198081,,ENSG00000198081,464,green,0.9472,-0.0028,-0.4510,0.4510,False,,Mitoxy-80_v1.0,NA
ENSG00000169991,,ENSG00000169991,34,grey60,0.3305,-0.1990,-0.5156,0.5156,False,,Mitoxy-80_v1.0,NA
ENSG00000088340,,ENSG00000088340,277,grey60,0.7730,0.0895,0.0967,-0.0967,False,,Mitoxy-80_v1.0,NA
ENSG00000128438,,ENSG00000128438,277,grey60,0.7151,0.0412,-0.1667,0.1667,False,,Mitoxy-80_v1.0,NA
ENSG00000126822,,ENSG00000126822,0,grey,,,,,False,Not classified,Mitoxy-80_v1.0,NA
ENSG00000256771,,ENSG00000256771,464,green,0.8857,-0.1435,-0.4319,0.4319,False,,Mitoxy-80_v1.0,NA
ENSG00000085365,,ENSG00000085365,464,green,0.8805,0.0152,-0.2929,0.2929,False,,Mitoxy-80_v1.0,NA
ENSG00000169567,,ENSG00000169567,34,grey60,0.5655,-0.1169,-0.0318,0.0318,False,,Mitoxy-80_v1.0,NA
ENSG00000008405,,ENSG00000008405,464,green,0.9184,-0.0775,-0.4674,0.4674,False,,Mitoxy-80_v1.0,NA
ENSG00000141753,,ENSG00000141753,34,grey60,0.3709,-0.2919,-0.1783,0.1783,False,,Mitoxy-80_v1.0,NA
ENSG00000240065,,ENSG00000240065,0,grey,,,,,False,Not classified,Mitoxy-80_v1.0,NA
ENSG00000132294,,ENSG00000132294,464,green,0.8777,0.0794,-0.2657,0.2657,False,,Mitoxy-80_v1.0,NA
ENSG00000166532,,ENSG00000166532,464,green,0.8438,-0.0882,-0.4133,0.4133,False,,Mitoxy-80_v1.0,NA
ENSG00000274512,,ENSG00000274512,0,grey,,,,,False,Not classified,Mitoxy-80_v1.0,NA
ENSG00000099904,,ENSG00000099904,372,white,0.8369,0.1320,-0.2317,0.2317,False,,Mitoxy-80_v1.0,NA
ENSG00000204161,,ENSG00000204161,34,grey60,0.0764,-0.2454,-0.1242,0.1242,False,,Mitoxy-80_v1.0,NA
ENSG00000116771,,ENSG00000116771,34,grey60,0.5684,-0.2243,-0.3577,0.3577,False,,Mitoxy-80_v1.0,NA
ENSG00000010818,,ENSG00000010818,464,green,0.6178,0.0746,-0.3856,0.3856,False,,Mitoxy-80_v1.0,NA
ENSG00000151651,,ENSG00000151651,34,grey60,-0.2155,0.4596,0.1615,-0.1615,False,,Mitoxy-80_v1.0,NA
ENSG00000141084,,ENSG00000141084,245,blue,-0.1457,0.0018,-0.1331,0.1331,False,Iron metabolism,Mitoxy-80_v1.0,NA
ENSG00000126602,,ENSG00000126602,34,grey60,0.6535,-0.2029,-0.2940,0.2940,False,,Mitoxy-80_v1.0,NA
ENSG00000173848,,ENSG00000173848,34,grey60,0.6471,-0.0370,-0.2418,0.2418,False,,Mitoxy-80_v1.0,NA
ENSG00000176834,,ENSG00000176834,34,grey60,0.1717,0.0189,-0.0575,0.0575,False,,Mitoxy-80_v1.0,NA
ENSG00000146674,,ENSG00000146674,34,grey60,0.0290,-0.1944,-0.4268,0.4268,False,,Mitoxy-80_v1.0,NA
ENSG00000101460,,ENSG00000101460,0,grey,,,,,False,Not classified,Mitoxy-80_v1.0,NA
ENSG00000131844,,ENSG00000131844,34,grey60,0.5518,-0.2937,-0.3686,0.3686,False,,Mitoxy-80_v1.0,NA
ENSG00000176485,,ENSG00000176485,372,white,0.7444,-0.2148,-0.1072,0.1072,False,,Mitoxy-80_v1.0,NA
ENSG00000141295,,ENSG00000141295,372,white,0.8113,0.0325,-0.1785,0.1785,False,,Mitoxy-80_v1.0,NA
ENSG00000167555,,ENSG00000167555,464,green,0.8253,-0.0454,-0.5292,0.5292,False,,Mitoxy-80_v1.0,NA
ENSG00000183010,,ENSG00000183010,277,grey60,0.8703,0.0708,0.1620,-0.1620,False,,Mitoxy-80_v1.0,NA
ENSG00000182504,,ENSG00000182504,464,green,0.7328,0.1797,-0.1959,0.1959,False,,Mitoxy-80_v1.0,NA
ENSG00000127564,,ENSG00000127564,277,grey60,0.7817,0.1390,0.2130,-0.2130,False,,Mitoxy-80_v1.0,NA
ENSG00000146540,,ENSG00000146540,372,white,0.8852,-0.1465,-0.0173,0.0173,False,,Mitoxy-80_v1.0,NA
ENSG00000143603,,ENSG00000143603,277,grey60,0.8404,0.0567,0.1073,-0.1073,False,,Mitoxy-80_v1.0,NA
ENSG00000228242,,ENSG00000228242,0,grey,,,,,False,Not classified,Mitoxy-80_v1.0,NA
ENSG00000204267,,ENSG00000204267,461,blue,0.8407,-0.1676,-0.1518,0.1518,False,Iron metabolism,Mitoxy-80_v1.0,NA
ENSG00000198690,,ENSG00000198690,464,green,0.8284,-0.0928,-0.4870,0.4870,False,,Mitoxy-80_v1.0,NA
ENSG00000123096,,ENSG00000123096,34,grey60,0.5641,-0.1581,-0.2701,0.2701,False,,Mitoxy-80_v1.0,NA
ENSG00000143224,,ENSG00000143224,372,white,0.7662,-0.0772,-0.1896,0.1896,False,,Mitoxy-80_v1.0,NA
ENSG00000128915,,ENSG00000128915,464,green,0.9482,-0.1373,-0.4069,0.4069,False,,Mitoxy-80_v1.0,NA
ENSG00000128791,,ENSG00000128791,464,green,0.8476,-0.0378,-0.2849,0.2849,False,,Mitoxy-80_v1.0,NA
ENSG00000170860,,ENSG00000170860,0,grey,,,,,False,Not classified,Mitoxy-80_v1.0,NA
ENSG00000156127,,ENSG00000156127,0,grey,,,,,False,Not classified,Mitoxy-80_v1.0,NA
ENSG00000231233,,ENSG00000231233,0,grey,,,,,False,Not classified,Mitoxy-80_v1.0,NA
ENSG00000154114,,ENSG00000154114,464,green,0.6318,-0.0764,-0.1566,0.1566,False,,Mitoxy-80_v1.0,NA
ENSG00000106991,,ENSG00000106991,372,white,0.7278,-0.0567,-0.2049,0.2049,False,,Mitoxy-80_v1.0,NA
ENSG00000107954,,ENSG00000107954,0,grey,,,,,False,Not classified,Mitoxy-80_v1.0,NA
ENSG00000169251,,ENSG00000169251,464,green,0.8850,0.0131,-0.2106,0.2106,False,,Mitoxy-80_v1.0,NA
ENSG00000106462,,ENSG00000106462,277,grey60,0.7437,-0.1360,-0.0842,0.0842,False,,Mitoxy-80_v1.0,NA
ENSG00000151490,,ENSG00000151490,464,green,0.6993,0.0061,-0.1488,0.1488,False,,Mitoxy-80_v1.0,NA
ENSG00000182154,,ENSG00000182154,372,white,0.9431,-0.0988,-0.0459,0.0459,False,,Mitoxy-80_v1.0,NA
ENSG00000213085,,ENSG00000213085,0,grey,,,,,False,Not classified,Mitoxy-80_v1.0,NA
ENSG00000030582,,ENSG00000030582,366,darkgreen,0.8684,0.1589,0.3434,-0.3434,False,,Mitoxy-80_v1.0,NA
ENSG00000259772,,ENSG00000259772,277,grey60,0.8338,-0.0546,0.0252,-0.0252,False,,Mitoxy-80_v1.0,NA
ENSG00000149260,,ENSG00000149260,245,blue,-0.1538,-0.1180,-0.2551,0.2551,False,Iron metabolism,Mitoxy-80_v1.0,NA
ENSG00000163083,,ENSG00000163083,0,grey,,,,,False,Not classified,Mitoxy-80_v1.0,NA
ENSG00000134049,,ENSG00000134049,464,green,0.8350,-0.2060,-0.2245,0.2245,False,,Mitoxy-80_v1.0,NA
ENSG00000100031,,ENSG00000100031,366,darkgreen,0.8299,0.2948,0.2900,-0.2900,False,,Mitoxy-80_v1.0,NA
ENSG00000152332,,ENSG00000152332,464,green,0.9151,0.0218,-0.3049,0.3049,False,,Mitoxy-80_v1.0,NA
ENSG00000143344,,ENSG00000143344,0,grey,,,,,False,Not classified,Mitoxy-80_v1.0,NA
ENSG00000244313,,ENSG00000244313,34,grey60,0.4278,0.2908,-0.1172,0.1172,False,,Mitoxy-80_v1.0,NA
ENSG00000254521,,ENSG00000254521,0,grey,,,,,False,Not classified,Mitoxy-80_v1.0,NA
ENSG00000134955,,ENSG00000134955,34,grey60,-0.0401,-0.1476,-0.2049,0.2049,False,,Mitoxy-80_v1.0,NA
ENSG00000198242,,ENSG00000198242,34,grey60,0.3871,-0.4513,-0.3711,0.3711,False,,Mitoxy-80_v1.0,NA
ENSG00000061918,,ENSG00000061918,0,grey,,,,,False,Not classified,Mitoxy-80_v1.0,NA
ENSG00000184678,,ENSG00000184678,0,grey,,,,,False,Not classified,Mitoxy-80_v1.0,NA
ENSG00000204219,,ENSG00000204219,34,grey60,0.3063,-0.1974,-0.4547,0.4547,False,,Mitoxy-80_v1.0,NA
ENSG00000198794,,ENSG00000198794,277,grey60,0.7004,-0.1662,-0.1250,0.1250,False,,Mitoxy-80_v1.0,NA
ENSG00000079691,,ENSG00000079691,464,green,0.6982,-0.0702,-0.4273,0.4273,False,,Mitoxy-80_v1.0,NA
ENSG00000080345,,ENSG00000080345,464,green,0.9185,0.0811,-0.3514,0.3514,False,,Mitoxy-80_v1.0,NA
ENSG00000102189,,ENSG00000102189,464,green,0.8830,0.0393,-0.3599,0.3599,False,,Mitoxy-80_v1.0,NA
ENSG00000205339,,ENSG00000205339,464,green,0.9446,-0.1112,-0.3718,0.3718,False,,Mitoxy-80_v1.0,NA
ENSG00000141837,,ENSG00000141837,0,grey,,,,,False,Not classified,Mitoxy-80_v1.0,NA
ENSG00000096717,,ENSG00000096717,464,green,0.9346,0.0349,-0.4143,0.4143,False,,Mitoxy-80_v1.0,NA
ENSG00000081052,,ENSG00000081052,34,grey60,0.6434,0.0164,-0.2758,0.2758,False,,Mitoxy-80_v1.0,NA
ENSG00000007376,,ENSG00000007376,372,white,0.8478,0.0077,0.1109,-0.1109,False,,Mitoxy-80_v1.0,NA
ENSG00000175895,,ENSG00000175895,464,green,0.7148,0.1936,-0.1961,0.1961,False,,Mitoxy-80_v1.0,NA
ENSG00000186130,,ENSG00000186130,464,green,0.8986,0.0157,-0.3199,0.3199,False,,Mitoxy-80_v1.0,NA
ENSG00000115993,,ENSG00000115993,34,grey60,-0.0210,-0.0336,-0.2013,0.2013,False,,Mitoxy-80_v1.0,NA
ENSG00000169692,,ENSG00000169692,366,darkgreen,0.9456,0.1609,0.3482,-0.3482,False,,Mitoxy-80_v1.0,NA
ENSG00000180008,,ENSG00000180008,464,green,0.9392,0.0502,-0.2848,0.2848,False,,Mitoxy-80_v1.0,NA
ENSG00000105135,,ENSG00000105135,372,white,0.8989,-0.0595,-0.1856,0.1856,False,,Mitoxy-80_v1.0,NA
ENSG00000117528,,ENSG00000117528,464,green,0.8961,0.0420,-0.2837,0.2837,False,,Mitoxy-80_v1.0,NA
ENSG00000102445,,ENSG00000102445,0,grey,,,,,False,Not classified,Mitoxy-80_v1.0,NA
ENSG00000011478,,ENSG00000011478,372,white,0.7846,-0.0581,-0.0909,0.0909,False,,Mitoxy-80_v1.0,NA
ENSG00000197056,,ENSG00000197056,464,green,0.9343,-0.0716,-0.4366,0.4366,False,,Mitoxy-80_v1.0,NA
ENSG00000144115,,ENSG00000144115,0,grey,,,,,False,Not classified,Mitoxy-80_v1.0,NA
ENSG00000105640,,ENSG00000105640,372,white,0.9146,-0.1888,-0.1681,0.1681,False,,Mitoxy-80_v1.0,NA
ENSG00000159069,,ENSG00000159069,366,darkgreen,0.8943,0.0998,0.1034,-0.1034,False,,Mitoxy-80_v1.0,NA
ENSG00000108622,,ENSG00000108622,372,white,0.8760,-0.3415,-0.1494,0.1494,False,,Mitoxy-80_v1.0,NA
ENSG00000147535,,ENSG00000147535,34,grey60,0.6387,-0.1271,-0.3802,0.3802,False,,Mitoxy-80_v1.0,NA
ENSG00000134198,,ENSG00000134198,113,green,0.3670,0.2875,-0.2087,0.2087,False,,Mitoxy-80_v1.0,NA
ENSG00000085117,,ENSG00000085117,34,grey60,-0.1636,0.3204,0.2485,-0.2485,False,,Mitoxy-80_v1.0,NA
ENSG00000100092,,ENSG00000100092,372,white,0.7776,0.1306,-0.0171,0.0171,False,,Mitoxy-80_v1.0,NA
ENSG00000250966,,ENSG00000250966,0,grey,,,,,False,Not classified,Mitoxy-80_v1.0,NA
ENSG00000095906,,ENSG00000095906,372,white,0.9400,-0.0187,-0.0498,0.0498,False,,Mitoxy-80_v1.0,NA
ENSG00000085382,,ENSG00000085382,464,green,0.9072,0.0405,-0.3771,0.3771,False,,Mitoxy-80_v1.0,NA
ENSG00000168874,,ENSG00000168874,0,grey,,,,,False,Not classified,Mitoxy-80_v1.0,NA
ENSG00000273824,,ENSG00000273824,34,grey60,0.2886,-0.2090,-0.2142,0.2142,False,,Mitoxy-80_v1.0,NA
ENSG00000116337,,ENSG00000116337,0,grey,,,,,False,Not classified,Mitoxy-80_v1.0,NA
ENSG00000186468,,ENSG00000186468,34,grey60,0.3306,-0.1494,-0.2742,0.2742,False,,Mitoxy-80_v1.0,NA
ENSG00000260314,,ENSG00000260314,34,grey60,-0.1480,0.0832,-0.0810,0.0810,False,,Mitoxy-80_v1.0,NA
ENSG00000096968,,ENSG00000096968,113,green,0.4453,0.2769,0.1224,-0.1224,False,,Mitoxy-80_v1.0,NA
ENSG00000105711,,ENSG00000105711,0,grey,,,,,False,Not classified,Mitoxy-80_v1.0,NA
ENSG00000168280,,ENSG00000168280,464,green,0.7616,-0.1048,-0.5345,0.5345,False,,Mitoxy-80_v1.0,NA
ENSG00000063587,,ENSG00000063587,34,grey60,0.5227,-0.1614,-0.4352,0.4352,False,,Mitoxy-80_v1.0,NA
ENSG00000185504,,ENSG00000185504,372,white,0.9471,-0.0171,-0.0979,0.0979,False,,Mitoxy-80_v1.0,NA
ENSG00000135446,,ENSG00000135446,372,white,0.8459,-0.2682,-0.1975,0.1975,False,,Mitoxy-80_v1.0,NA
ENSG00000103196,,ENSG00000103196,0,grey,,,,,False,Not classified,Mitoxy-80_v1.0,NA
ENSG00000177425,,ENSG00000177425,464,green,0.7147,-0.1148,-0.3434,0.3434,False,,Mitoxy-80_v1.0,NA
ENSG00000147403,,ENSG00000147403,34,grey60,0.4423,-0.2313,-0.2389,0.2389,False,,Mitoxy-80_v1.0,NA
ENSG00000237803,,ENSG00000237803,0,grey,,,,,False,Not classified,Mitoxy-80_v1.0,NA
ENSG00000165512,,ENSG00000165512,464,green,0.8412,-0.0729,-0.2392,0.2392,False,,Mitoxy-80_v1.0,NA
ENSG00000164512,,ENSG00000164512,0,grey,,,,,False,Not classified,Mitoxy-80_v1.0,NA
ENSG00000143942,,ENSG00000143942,277,grey60,0.7222,-0.1350,0.0140,-0.0140,False,,Mitoxy-80_v1.0,NA
ENSG00000143799,,ENSG00000143799,34,grey60,0.5850,-0.2192,-0.3961,0.3961,False,,Mitoxy-80_v1.0,NA
ENSG00000270127,,ENSG00000270127,464,green,0.6232,-0.0336,-0.4022,0.4022,False,,Mitoxy-80_v1.0,NA
ENSG00000232434,,ENSG00000232434,372,white,0.7846,-0.0658,-0.1532,0.1532,False,,Mitoxy-80_v1.0,NA
ENSG00000122707,,ENSG00000122707,464,green,0.8741,-0.0891,-0.5278,0.5278,False,,Mitoxy-80_v1.0,NA
ENSG00000225774,,ENSG00000225774,0,grey,,,,,False,Not classified,Mitoxy-80_v1.0,NA
ENSG00000004139,,ENSG00000004139,34,grey60,0.3512,-0.1976,-0.4435,0.4435,False,,Mitoxy-80_v1.0,NA
ENSG00000173272,,ENSG00000173272,372,white,0.8820,-0.1238,-0.0891,0.0891,False,,Mitoxy-80_v1.0,NA
ENSG00000156140,,ENSG00000156140,0,grey,,,,,False,Not classified,Mitoxy-80_v1.0,NA
ENSG00000138658,,ENSG00000138658,464,green,0.8849,0.0013,-0.3610,0.3610,False,,Mitoxy-80_v1.0,NA
ENSG00000099624,,ENSG00000099624,372,white,0.9236,-0.0923,-0.0117,0.0117,False,,Mitoxy-80_v1.0,NA
ENSG00000196670,,ENSG00000196670,464,green,0.9290,-0.0344,-0.4315,0.4315,False,,Mitoxy-80_v1.0,NA
ENSG00000231752,,ENSG00000231752,34,grey60,0.0773,-0.1346,-0.0868,0.0868,False,,Mitoxy-80_v1.0,NA
ENSG00000168394,,ENSG00000168394,461,blue,0.7827,-0.0690,0.2384,-0.2384,False,Iron metabolism,Mitoxy-80_v1.0,NA
ENSG00000260719,,ENSG00000260719,34,grey60,0.5959,-0.1214,-0.3957,0.3957,False,,Mitoxy-80_v1.0,NA
ENSG00000133116,,ENSG00000133116,113,green,-0.0192,0.4070,0.1853,-0.1853,False,,Mitoxy-80_v1.0,NA
ENSG00000170638,,ENSG00000170638,366,darkgreen,0.8603,0.3343,0.1236,-0.1236,False,,Mitoxy-80_v1.0,NA
ENSG00000167608,,ENSG00000167608,0,grey,,,,,False,Not classified,Mitoxy-80_v1.0,NA
ENSG00000184445,,ENSG00000184445,464,green,0.8516,0.0489,-0.2680,0.2680,False,,Mitoxy-80_v1.0,NA
ENSG00000197785,,ENSG00000197785,372,white,0.8974,-0.0214,-0.0379,0.0379,False,,Mitoxy-80_v1.0,NA
ENSG00000204519,,ENSG00000204519,464,green,0.8869,-0.0440,-0.5172,0.5172,False,,Mitoxy-80_v1.0,NA
ENSG00000130881,,ENSG00000130881,366,darkgreen,0.8135,0.2038,0.1589,-0.1589,False,,Mitoxy-80_v1.0,NA
ENSG00000095397,,ENSG00000095397,34,grey60,0.2898,-0.0563,-0.2811,0.2811,False,,Mitoxy-80_v1.0,NA
ENSG00000100297,,ENSG00000100297,372,white,0.8699,-0.0822,-0.1403,0.1403,False,,Mitoxy-80_v1.0,NA
ENSG00000080819,,ENSG00000080819,464,green,0.8332,-0.0596,-0.2642,0.2642,False,,Mitoxy-80_v1.0,NA
ENSG00000249115,,ENSG00000249115,34,grey60,0.5911,-0.0881,-0.3958,0.3958,False,,Mitoxy-80_v1.0,NA
ENSG00000084207,,ENSG00000084207,372,white,0.9025,-0.1925,-0.0209,0.0209,False,,Mitoxy-80_v1.0,NA
ENSG00000181744,,ENSG00000181744,464,green,0.8196,0.0289,-0.2098,0.2098,False,,Mitoxy-80_v1.0,NA
ENSG00000164897,,ENSG00000164897,372,white,0.8510,-0.0529,0.0897,-0.0897,False,,Mitoxy-80_v1.0,NA
ENSG00000237440,,ENSG00000237440,464,green,0.8068,-0.0433,-0.4563,0.4563,False,,Mitoxy-80_v1.0,NA
ENSG00000169967,,ENSG00000169967,113,green,0.6397,0.3640,-0.2243,0.2243,False,,Mitoxy-80_v1.0,NA
ENSG00000111615,,ENSG00000111615,464,green,0.9177,-0.0571,-0.3483,0.3483,False,,Mitoxy-80_v1.0,NA
ENSG00000104290,,ENSG00000104290,464,green,0.7105,-0.1823,-0.4066,0.4066,False,,Mitoxy-80_v1.0,NA
ENSG00000184436,,ENSG00000184436,372,white,0.9330,-0.1172,-0.1662,0.1662,False,,Mitoxy-80_v1.0,NA
ENSG00000184465,,ENSG00000184465,464,green,0.8007,0.0424,-0.4918,0.4918,False,,Mitoxy-80_v1.0,NA
ENSG00000135052,,ENSG00000135052,34,grey60,0.0766,-0.2506,-0.1772,0.1772,False,,Mitoxy-80_v1.0,NA
ENSG00000170956,,ENSG00000170956,34,grey60,-0.2136,0.0401,0.2018,-0.2018,False,,Mitoxy-80_v1.0,NA
ENSG00000274712,,ENSG00000274712,34,grey60,0.3271,-0.2069,-0.4740,0.4740,False,,Mitoxy-80_v1.0,NA
ENSG00000001629,,ENSG00000001629,464,green,0.9467,0.1065,-0.3780,0.3780,False,,Mitoxy-80_v1.0,NA
ENSG00000169288,,ENSG00000169288,34,grey60,0.5438,-0.0608,-0.0797,0.0797,False,,Mitoxy-80_v1.0,NA
ENSG00000117533,,ENSG00000117533,464,green,0.8927,0.0343,-0.3165,0.3165,False,,Mitoxy-80_v1.0,NA
ENSG00000254281,,ENSG00000254281,0,grey,,,,,False,Not classified,Mitoxy-80_v1.0,NA
ENSG00000253738,,ENSG00000253738,464,green,0.8057,0.1837,-0.2248,0.2248,False,,Mitoxy-80_v1.0,NA
ENSG00000133985,,ENSG00000133985,34,grey60,-0.0114,0.0067,-0.4755,0.4755,False,,Mitoxy-80_v1.0,NA
ENSG00000235505,,ENSG00000235505,34,grey60,0.2740,-0.2109,-0.3736,0.3736,False,,Mitoxy-80_v1.0,NA
ENSG00000137145,,ENSG00000137145,464,green,0.9199,0.0424,-0.4414,0.4414,False,,Mitoxy-80_v1.0,NA
ENSG00000115602,,ENSG00000115602,0,grey,,,,,False,Not classified,Mitoxy-80_v1.0,NA
ENSG00000178789,,ENSG00000178789,0,grey,,,,,False,Not classified,Mitoxy-80_v1.0,NA
ENSG00000189060,,ENSG00000189060,0,grey,,,,,False,Not classified,Mitoxy-80_v1.0,NA
ENSG00000152818,,ENSG00000152818,464,green,0.8364,-0.0086,-0.3975,0.3975,False,,Mitoxy-80_v1.0,NA
ENSG00000075089,,ENSG00000075089,464,green,0.7638,0.0420,-0.1146,0.1146,False,,Mitoxy-80_v1.0,NA
ENSG00000251022,,ENSG00000251022,464,green,0.9411,-0.0627,-0.3938,0.3938,False,,Mitoxy-80_v1.0,NA
ENSG00000133606,,ENSG00000133606,245,blue,-0.1121,-0.0189,-0.0432,0.0432,False,Iron metabolism,Mitoxy-80_v1.0,NA
ENSG00000100600,,ENSG00000100600,34,grey60,0.7234,-0.1196,-0.2175,0.2175,False,,Mitoxy-80_v1.0,NA
ENSG00000136231,,ENSG00000136231,0,grey,,,,,False,Not classified,Mitoxy-80_v1.0,NA
ENSG00000126457,,ENSG00000126457,372,white,0.8904,-0.2186,-0.1790,0.1790,False,,Mitoxy-80_v1.0,NA
ENSG00000139350,,ENSG00000139350,464,green,0.8346,0.1154,-0.2599,0.2599,False,,Mitoxy-80_v1.0,NA
ENSG00000104497,,ENSG00000104497,464,green,0.7201,0.1771,-0.1130,0.1130,False,,Mitoxy-80_v1.0,NA
ENSG00000130304,,ENSG00000130304,372,white,0.7170,0.0278,-0.1440,0.1440,False,,Mitoxy-80_v1.0,NA
ENSG00000166681,,ENSG00000166681,0,grey,,,,,False,Not classified,Mitoxy-80_v1.0,NA
ENSG00000129244,,ENSG00000129244,245,blue,0.1208,-0.0672,0.1769,-0.1769,False,Iron metabolism,Mitoxy-80_v1.0,NA
ENSG00000136193,,ENSG00000136193,464,green,0.6944,-0.1405,-0.4319,0.4319,False,,Mitoxy-80_v1.0,NA
ENSG00000152253,,ENSG00000152253,277,grey60,0.8211,-0.0583,0.1810,-0.1810,False,,Mitoxy-80_v1.0,NA
ENSG00000127184,,ENSG00000127184,34,grey60,0.4055,-0.0494,0.1500,-0.1500,False,,Mitoxy-80_v1.0,NA
ENSG00000206560,,ENSG00000206560,464,green,0.6890,0.2612,-0.2359,0.2359,False,,Mitoxy-80_v1.0,NA
ENSG00000073910,,ENSG00000073910,34,grey60,-0.2098,0.2558,-0.3609,0.3609,False,,Mitoxy-80_v1.0,NA
ENSG00000198673,,ENSG00000198673,34,grey60,-0.0780,0.1745,0.0091,-0.0091,False,,Mitoxy-80_v1.0,NA
ENSG00000179295,,ENSG00000179295,464,green,0.9153,0.1887,-0.3390,0.3390,False,,Mitoxy-80_v1.0,NA
ENSG00000171940,,ENSG00000171940,464,green,0.7222,0.2853,-0.3652,0.3652,False,,Mitoxy-80_v1.0,NA
ENSG00000153253,,ENSG00000153253,464,green,0.5855,-0.0631,-0.4625,0.4625,False,,Mitoxy-80_v1.0,NA
ENSG00000125498,,ENSG00000125498,34,grey60,0.1814,-0.2211,-0.2556,0.2556,False,,Mitoxy-80_v1.0,NA
ENSG00000210117,,ENSG00000210117,0,grey,,,,,False,Not classified,Mitoxy-80_v1.0,NA
ENSG00000253729,,ENSG00000253729,464,green,0.5520,0.1362,-0.3486,0.3486,False,,Mitoxy-80_v1.0,NA
ENSG00000131584,,ENSG00000131584,372,white,0.8671,0.1488,-0.0990,0.0990,False,,Mitoxy-80_v1.0,NA
ENSG00000147124,,ENSG00000147124,464,green,0.9365,-0.0467,-0.4678,0.4678,False,,Mitoxy-80_v1.0,NA
ENSG00000112249,,ENSG00000112249,464,green,0.8694,-0.1531,-0.3255,0.3255,False,,Mitoxy-80_v1.0,NA
ENSG00000164687,,ENSG00000164687,277,grey60,0.7070,-0.0289,0.2522,-0.2522,False,,Mitoxy-80_v1.0,NA
ENSG00000166831,,ENSG00000166831,0,grey,,,,,False,Not classified,Mitoxy-80_v1.0,NA
ENSG00000187741,,ENSG00000187741,0,grey,,,,,False,Not classified,Mitoxy-80_v1.0,NA
ENSG00000161618,,ENSG00000161618,372,white,0.9167,-0.0216,-0.1898,0.1898,False,,Mitoxy-80_v1.0,NA
ENSG00000135049,,ENSG00000135049,113,green,0.3538,0.4204,-0.0515,0.0515,False,,Mitoxy-80_v1.0,NA
ENSG00000118503,,ENSG00000118503,0,grey,,,,,False,Not classified,Mitoxy-80_v1.0,NA
ENSG00000178691,,ENSG00000178691,464,green,0.9255,0.1108,-0.3158,0.3158,False,,Mitoxy-80_v1.0,NA
ENSG00000179532,,ENSG00000179532,34,grey60,0.4240,0.1023,-0.4489,0.4489,False,,Mitoxy-80_v1.0,NA
ENSG00000105202,,ENSG00000105202,34,grey60,0.5413,-0.3713,-0.2934,0.2934,False,,Mitoxy-80_v1.0,NA
ENSG00000127586,,ENSG00000127586,372,white,0.7741,0.1386,-0.2351,0.2351,False,,Mitoxy-80_v1.0,NA
ENSG00000150995,IP3R1,ENSG00000150995,464,green,0.9096,0.0849,-0.4614,0.4614,True,,Mitoxy-80_v1.0,NA
ENSG00000131471,,ENSG00000131471,0,grey,,,,,False,Not classified,Mitoxy-80_v1.0,NA
ENSG00000198887,,ENSG00000198887,464,green,0.9617,-0.0011,-0.3788,0.3788,False,,Mitoxy-80_v1.0,NA
ENSG00000184307,,ENSG00000184307,464,green,0.8175,-0.0803,-0.4516,0.4516,False,,Mitoxy-80_v1.0,NA
ENSG00000213492,,ENSG00000213492,0,grey,,,,,False,Not classified,Mitoxy-80_v1.0,NA
ENSG00000198924,,ENSG00000198924,464,green,0.8409,0.0484,-0.2301,0.2301,False,,Mitoxy-80_v1.0,NA
ENSG00000198825,,ENSG00000198825,464,green,0.8266,-0.0371,-0.3739,0.3739,False,,Mitoxy-80_v1.0,NA
ENSG00000142556,,ENSG00000142556,464,green,0.9309,-0.0730,-0.4189,0.4189,False,,Mitoxy-80_v1.0,NA
ENSG00000140545,,ENSG00000140545,34,grey60,0.3061,0.0474,-0.3002,0.3002,False,,Mitoxy-80_v1.0,NA
ENSG00000136040,,ENSG00000136040,113,green,0.1347,0.4452,0.0267,-0.0267,False,,Mitoxy-80_v1.0,NA
ENSG00000117834,,ENSG00000117834,0,grey,,,,,False,Not classified,Mitoxy-80_v1.0,NA
ENSG00000127948,,ENSG00000127948,34,grey60,-0.2835,0.3039,0.3154,-0.3154,False,,Mitoxy-80_v1.0,NA
ENSG00000157985,,ENSG00000157985,34,grey60,0.1535,-0.1256,-0.4989,0.4989,False,,Mitoxy-80_v1.0,NA
ENSG00000145241,,ENSG00000145241,464,green,0.9447,-0.0760,-0.4462,0.4462,False,,Mitoxy-80_v1.0,NA
ENSG00000239961,,ENSG00000239961,34,grey60,0.1042,-0.2299,-0.3565,0.3565,False,,Mitoxy-80_v1.0,NA
ENSG00000105088,,ENSG00000105088,34,grey60,0.3006,-0.3127,-0.4066,0.4066,False,,Mitoxy-80_v1.0,NA
ENSG00000225231,,ENSG00000225231,34,grey60,0.0827,0.1358,-0.0766,0.0766,False,,Mitoxy-80_v1.0,NA
ENSG00000136897,,ENSG00000136897,464,green,0.8608,-0.0742,-0.2576,0.2576,False,,Mitoxy-80_v1.0,NA
ENSG00000128394,,ENSG00000128394,34,grey60,0.4428,-0.3237,-0.1853,0.1853,False,,Mitoxy-80_v1.0,NA
ENSG00000211952,,ENSG00000211952,277,grey60,0.7830,-0.1422,0.0491,-0.0491,False,,Mitoxy-80_v1.0,NA
ENSG00000137154,,ENSG00000137154,34,grey60,0.4425,-0.1765,-0.1930,0.1930,False,,Mitoxy-80_v1.0,NA
ENSG00000213876,,ENSG00000213876,0,grey,,,,,False,Not classified,Mitoxy-80_v1.0,NA
ENSG00000162408,,ENSG00000162408,34,grey60,0.4393,-0.2289,-0.4782,0.4782,False,,Mitoxy-80_v1.0,NA
ENSG00000159733,,ENSG00000159733,34,grey60,0.3286,-0.0652,-0.3854,0.3854,False,,Mitoxy-80_v1.0,NA
ENSG00000149823,,ENSG00000149823,372,white,0.9204,-0.0722,-0.1764,0.1764,False,,Mitoxy-80_v1.0,NA
ENSG00000120370,,ENSG00000120370,464,green,0.9012,-0.0577,-0.3138,0.3138,False,,Mitoxy-80_v1.0,NA
ENSG00000243679,,ENSG00000243679,0,grey,,,,,False,Not classified,Mitoxy-80_v1.0,NA
ENSG00000212802,,ENSG00000212802,34,grey60,0.4839,0.2230,-0.2405,0.2405,False,,Mitoxy-80_v1.0,NA
ENSG00000280128,,ENSG00000280128,464,green,0.7924,-0.1926,-0.4023,0.4023,False,,Mitoxy-80_v1.0,NA
ENSG00000111666,,ENSG00000111666,245,blue,-0.2041,0.1522,0.2477,-0.2477,False,Iron metabolism,Mitoxy-80_v1.0,NA
ENSG00000106723,,ENSG00000106723,464,green,0.9365,0.0857,-0.4362,0.4362,False,,Mitoxy-80_v1.0,NA
ENSG00000197632,,ENSG00000197632,0,grey,,,,,False,Not classified,Mitoxy-80_v1.0,NA
ENSG00000156110,,ENSG00000156110,464,green,0.6460,-0.2644,-0.3245,0.3245,False,,Mitoxy-80_v1.0,NA
ENSG00000166197,,ENSG00000166197,464,green,0.8453,-0.1559,-0.4566,0.4566,False,,Mitoxy-80_v1.0,NA
ENSG00000128731,,ENSG00000128731,464,green,0.7058,0.1336,-0.4115,0.4115,False,,Mitoxy-80_v1.0,NA
ENSG00000111181,,ENSG00000111181,0,grey,,,,,False,Not classified,Mitoxy-80_v1.0,NA
ENSG00000185480,,ENSG00000185480,277,grey60,0.6897,0.0329,0.0093,-0.0093,False,,Mitoxy-80_v1.0,NA
ENSG00000183734,,ENSG00000183734,372,white,0.7344,-0.2198,-0.0031,0.0031,False,,Mitoxy-80_v1.0,NA
ENSG00000164466,,ENSG00000164466,34,grey60,0.3742,-0.0434,-0.2194,0.2194,False,,Mitoxy-80_v1.0,NA
ENSG00000158715,,ENSG00000158715,34,grey60,0.0919,-0.0244,-0.2879,0.2879,False,,Mitoxy-80_v1.0,NA
ENSG00000165392,,ENSG00000165392,464,green,0.9214,0.0191,-0.4442,0.4442,False,,Mitoxy-80_v1.0,NA
ENSG00000182389,,ENSG00000182389,464,green,0.5673,-0.0574,-0.5452,0.5452,False,,Mitoxy-80_v1.0,NA
ENSG00000130338,,ENSG00000130338,464,green,0.8734,-0.0965,-0.4408,0.4408,False,,Mitoxy-80_v1.0,NA
ENSG00000117054,,ENSG00000117054,464,green,0.8185,-0.1471,-0.1692,0.1692,False,,Mitoxy-80_v1.0,NA
ENSG00000107796,,ENSG00000107796,0,grey,,,,,False,Not classified,Mitoxy-80_v1.0,NA
ENSG00000225342,,ENSG00000225342,0,grey,,,,,False,Not classified,Mitoxy-80_v1.0,NA
ENSG00000087301,,ENSG00000087301,464,green,0.8448,0.0068,-0.3982,0.3982,False,,Mitoxy-80_v1.0,NA
ENSG00000123358,,ENSG00000123358,0,grey,,,,,False,Not classified,Mitoxy-80_v1.0,NA
ENSG00000115825,,ENSG00000115825,464,green,0.9409,0.0119,-0.4010,0.4010,False,,Mitoxy-80_v1.0,NA
ENSG00000188994,,ENSG00000188994,464,green,0.6296,0.3066,-0.1874,0.1874,False,,Mitoxy-80_v1.0,NA
ENSG00000178904,,ENSG00000178904,113,green,0.3662,0.3238,-0.0320,0.0320,False,,Mitoxy-80_v1.0,NA
ENSG00000179981,,ENSG00000179981,464,green,0.8535,-0.0810,-0.5438,0.5438,False,,Mitoxy-80_v1.0,NA
ENSG00000228716,,ENSG00000228716,34,grey60,0.6586,0.2456,-0.0105,0.0105,False,,Mitoxy-80_v1.0,NA
ENSG00000184967,,ENSG00000184967,372,white,0.9032,-0.0782,0.0014,-0.0014,False,,Mitoxy-80_v1.0,NA
ENSG00000129534,,ENSG00000129534,464,green,0.8666,0.0361,-0.2723,0.2723,False,,Mitoxy-80_v1.0,NA
ENSG00000226660,,ENSG00000226660,34,grey60,0.3464,-0.3221,-0.4143,0.4143,False,,Mitoxy-80_v1.0,NA
ENSG00000176731,,ENSG00000176731,464,green,0.7751,-0.0115,-0.2139,0.2139,False,,Mitoxy-80_v1.0,NA
ENSG00000089335,,ENSG00000089335,464,green,0.8720,-0.0687,-0.3243,0.3243,False,,Mitoxy-80_v1.0,NA
ENSG00000132356,,ENSG00000132356,464,green,0.7939,0.2315,-0.2753,0.2753,False,,Mitoxy-80_v1.0,NA
ENSG00000103145,,ENSG00000103145,372,white,0.7539,-0.0260,0.1474,-0.1474,False,,Mitoxy-80_v1.0,NA
ENSG00000180694,,ENSG00000180694,464,green,0.8883,-0.0714,-0.3896,0.3896,False,,Mitoxy-80_v1.0,NA
ENSG00000160208,,ENSG00000160208,34,grey60,0.4627,-0.2026,-0.4742,0.4742,False,,Mitoxy-80_v1.0,NA
ENSG00000056558,,ENSG00000056558,34,grey60,0.3088,-0.1276,-0.4423,0.4423,False,,Mitoxy-80_v1.0,NA
ENSG00000107643,,ENSG00000107643,464,green,0.9225,0.0147,-0.4427,0.4427,False,,Mitoxy-80_v1.0,NA
ENSG00000172766,,ENSG00000172766,464,green,0.9049,0.0554,-0.4209,0.4209,False,,Mitoxy-80_v1.0,NA
ENSG00000129295,,ENSG00000129295,0,grey,,,,,False,Not classified,Mitoxy-80_v1.0,NA
ENSG00000135407,,ENSG00000135407,0,grey,,,,,False,Not classified,Mitoxy-80_v1.0,NA
ENSG00000137337,,ENSG00000137337,34,grey60,0.4751,-0.0982,-0.4710,0.4710,False,,Mitoxy-80_v1.0,NA
ENSG00000282826,,ENSG00000282826,34,grey60,0.3757,-0.1114,-0.2068,0.2068,False,,Mitoxy-80_v1.0,NA
ENSG00000137726,,ENSG00000137726,0,grey,,,,,False,Not classified,Mitoxy-80_v1.0,NA
ENSG00000248099,,ENSG00000248099,34,grey60,-0.0732,0.0983,0.3628,-0.3628,False,,Mitoxy-80_v1.0,NA
ENSG00000162623,,ENSG00000162623,464,green,0.9067,-0.1359,-0.3830,0.3830,False,,Mitoxy-80_v1.0,NA
