nhood,logFC,PValue,n_case_samples,n_ref_samples,contrast,celltype_majority,celltype_fraction,FDR,SpatialFDR,significant_strict,significant_nominal,significant,reliable,gene_set_version,score_version
nhood_7,-2.079717,0.023795,31,8,COVID_severe_vs_Healthy,Mono_c14,1.0,0.08881,0.116678,False,True,False,False,NA,NA
nhood_7,-1.847989,0.045191,24,8,COVID_mild_vs_Healthy,Mono_c14,1.0,0.121708,0.182561,False,True,False,False,NA,NA
nhood_7,-0.231728,0.835833,31,24,COVID_severe_vs_COVID_mild,Mono_c14,1.0,0.954662,0.967785,False,False,False,True,NA,NA
nhood_15,-3.413611,0.003799,31,8,COVID_severe_vs_Healthy,Mono_c14,1.0,0.054567,0.076852,False,True,False,False,NA,NA
nhood_15,-4.307396,0.009598,24,8,COVID_mild_vs_Healthy,Mono_c14,1.0,0.052377,0.079451,False,True,False,False,NA,NA
nhood_15,0.893785,0.281944,31,24,COVID_severe_vs_COVID_mild,Mono_c14,1.0,0.707136,0.563096,False,False,False,True,NA,NA
nhood_18,-3.413613,0.015997,31,8,COVID_severe_vs_Healthy,T_cell,1.0,0.075075,0.095579,False,True,False,False,NA,NA
nhood_18,-19.806039,0.0016,24,8,COVID_mild_vs_Healthy,T_cell,1.0,0.052377,0.068945,False,True,False,False,NA,NA
nhood_18,16.392427,0.032993,31,24,COVID_severe_vs_COVID_mild,T_cell,1.0,0.674411,0.143914,False,True,False,True,NA,NA
nhood_23,-0.664687,0.626475,31,8,COVID_severe_vs_Healthy,Mono_c14,1.0,0.902143,0.860876,False,False,False,False,NA,NA
nhood_23,-3.754835,0.014797,24,8,COVID_mild_vs_Healthy,Mono_c14,1.0,0.058448,0.091088,False,True,False,False,NA,NA
nhood_23,3.090147,0.226955,31,24,COVID_severe_vs_COVID_mild,Mono_c14,1.0,0.707136,0.510118,False,False,False,True,NA,NA
nhood_25,-1.276118,0.157169,31,8,COVID_severe_vs_Healthy,DC,1.0,0.372491,0.410081,False,False,False,False,NA,NA
nhood_25,-1.243919,0.167766,24,8,COVID_mild_vs_Healthy,DC,1.0,0.31556,0.4283,False,False,False,False,NA,NA
nhood_25,-0.032199,0.992801,31,24,COVID_severe_vs_COVID_mild,DC,1.0,1.0,1.0,False,False,False,True,NA,NA
nhood_28,-4.316737,0.002,31,8,COVID_severe_vs_Healthy,Mono_c14,1.0,0.045504,0.076852,False,True,True,False,NA,NA
nhood_28,-4.432928,0.003999,24,8,COVID_mild_vs_Healthy,Mono_c14,1.0,0.052377,0.076852,False,True,False,False,NA,NA
nhood_28,0.11619,0.981404,31,24,COVID_severe_vs_COVID_mild,Mono_c14,1.0,1.0,1.0,False,False,False,True,NA,NA
nhood_49,-0.451693,0.676465,31,8,COVID_severe_vs_Healthy,Mono_c14,1.0,0.911025,0.881699,False,False,False,False,NA,NA
nhood_49,-0.0,0.941012,24,8,COVID_mild_vs_Healthy,Mono_c14,1.0,1.0,1.0,False,False,False,False,NA,NA
nhood_49,-0.451693,0.586883,31,24,COVID_severe_vs_COVID_mild,Mono_c14,1.0,0.837659,0.83622,False,False,False,True,NA,NA
nhood_54,-3.27611,0.029394,31,8,COVID_severe_vs_Healthy,Mono_c14,1.0,0.100962,0.131029,False,True,False,False,NA,NA
nhood_54,-19.768071,0.013397,24,8,COVID_mild_vs_Healthy,Mono_c14,1.0,0.053815,0.085428,False,True,False,False,NA,NA
nhood_54,16.491961,0.125575,31,24,COVID_severe_vs_COVID_mild,Mono_c14,1.0,0.707136,0.353599,False,False,False,True,NA,NA
nhood_59,-0.691157,0.420116,31,8,COVID_severe_vs_Healthy,NK,1.0,0.731863,0.707826,False,False,False,False,NA,NA
nhood_59,0.093109,0.998,24,8,COVID_mild_vs_Healthy,NK,1.0,1.0,1.0,False,False,False,False,NA,NA
nhood_59,-0.784266,0.236553,31,24,COVID_severe_vs_COVID_mild,NK,1.0,0.707136,0.519102,False,False,False,True,NA,NA
nhood_68,-1.0473,0.282943,31,8,COVID_severe_vs_Healthy,T_cell,1.0,0.570694,0.564299,False,False,False,False,NA,NA
nhood_68,-0.678069,0.362727,24,8,COVID_mild_vs_Healthy,T_cell,1.0,0.563713,0.658746,False,False,False,False,NA,NA
nhood_68,-0.369231,0.688662,31,24,COVID_severe_vs_COVID_mild,T_cell,1.0,0.875078,0.88854,False,False,False,True,NA,NA
nhood_76,-4.861045,0.001,31,8,COVID_severe_vs_Healthy,Mono_c14,1.0,0.0395,0.05925,False,True,True,False,NA,NA
nhood_76,-4.169899,0.0024,24,8,COVID_mild_vs_Healthy,Mono_c14,1.0,0.052377,0.076852,False,True,False,False,NA,NA
nhood_76,-0.691145,0.583283,31,24,COVID_severe_vs_COVID_mild,Mono_c14,1.0,0.835275,0.833331,False,False,False,True,NA,NA
nhood_77,-0.784261,0.702859,31,8,COVID_severe_vs_Healthy,NK,1.0,0.919221,0.8988,False,False,False,False,NA,NA
nhood_77,1.544311,0.25055,24,8,COVID_mild_vs_Healthy,NK,1.0,0.417899,0.530182,False,False,False,False,NA,NA
nhood_77,-2.328573,0.005599,31,24,COVID_severe_vs_COVID_mild,NK,1.0,0.284353,0.076852,False,True,False,True,NA,NA
nhood_80,-2.369224,0.009598,31,8,COVID_severe_vs_Healthy,Mono_c14,1.0,0.056869,0.079451,False,True,False,False,NA,NA
nhood_80,-3.906859,0.004199,24,8,COVID_mild_vs_Healthy,Mono_c14,1.0,0.052377,0.076852,False,True,False,False,NA,NA
nhood_80,1.537635,0.14877,31,24,COVID_severe_vs_COVID_mild,Mono_c14,1.0,0.707136,0.394685,False,False,False,True,NA,NA
nhood_82,0.145339,0.904019,31,8,COVID_severe_vs_Healthy,Mono_c14,1.0,0.99191,1.0,False,False,False,False,NA,NA
nhood_82,-17.851404,0.057588,24,8,COVID_mild_vs_Healthy,Mono_c14,1.0,0.138562,0.211602,False,False,False,False,NA,NA
nhood_82,17.996743,0.10218,31,24,COVID_severe_vs_COVID_mild,Mono_c14,1.0,0.707136,0.308492,False,False,False,True,NA,NA
nhood_89,0.045803,1.0,31,8,COVID_severe_vs_Healthy,Mono_c14,1.0,1.0,1.0,False,False,False,False,NA,NA
nhood_89,-3.392259,0.103979,24,8,COVID_mild_vs_Healthy,Mono_c14,1.0,0.214074,0.310408,False,False,False,False,NA,NA
nhood_89,3.438063,0.25235,31,24,COVID_severe_vs_COVID_mild,Mono_c14,1.0,0.707136,0.530465,False,False,False,True,NA,NA
nhood_105,-2.176578,0.016397,31,8,COVID_severe_vs_Healthy,Mono_c14,1.0,0.075458,0.097152,False,True,False,False,NA,NA
nhood_105,-2.07038,0.026195,24,8,COVID_mild_vs_Healthy,Mono_c14,1.0,0.080106,0.122129,False,True,False,False,NA,NA
nhood_105,-0.106198,0.908818,31,24,COVID_severe_vs_COVID_mild,Mono_c14,1.0,0.987718,1.0,False,False,False,True,NA,NA
nhood_107,1.999984,0.740452,31,8,COVID_severe_vs_Healthy,Mono_c14,1.0,0.93076,0.91798,False,False,False,False,NA,NA
nhood_107,-0.584952,1.0,24,8,COVID_mild_vs_Healthy,Mono_c14,1.0,1.0,1.0,False,False,False,False,NA,NA
nhood_107,2.584936,0.573085,31,24,COVID_severe_vs_COVID_mild,Mono_c14,1.0,0.833212,0.830694,False,False,False,True,NA,NA
nhood_109,-5.12405,0.020596,31,8,COVID_severe_vs_Healthy,Mono_c14,0.969697,0.082038,0.109282,False,True,False,False,NA,NA
nhood_109,-2.054441,0.087582,24,8,COVID_mild_vs_Healthy,Mono_c14,0.969697,0.186161,0.278617,False,False,False,False,NA,NA
nhood_109,-3.069609,0.283943,31,24,COVID_severe_vs_COVID_mild,Mono_c14,0.969697,0.707136,0.564318,False,False,False,True,NA,NA
nhood_112,18.256236,0.508898,31,8,COVID_severe_vs_Healthy,Mono_c14,1.0,0.815245,0.776757,False,False,False,False,NA,NA
nhood_112,13.581189,1.0,24,8,COVID_mild_vs_Healthy,Mono_c14,1.0,1.0,1.0,False,False,False,False,NA,NA
nhood_112,4.675047,0.274345,31,24,COVID_severe_vs_COVID_mild,Mono_c14,1.0,0.707136,0.556517,False,False,False,True,NA,NA
nhood_116,-1.32616,0.320936,31,8,COVID_severe_vs_Healthy,T_cell,1.0,0.631219,0.616718,False,False,False,False,NA,NA
nhood_116,-2.237026,0.104779,24,8,COVID_mild_vs_Healthy,T_cell,1.0,0.214074,0.310408,False,False,False,False,NA,NA
nhood_116,0.910866,0.767646,31,24,COVID_severe_vs_COVID_mild,T_cell,1.0,0.921004,0.939186,False,False,False,True,NA,NA
nhood_117,-0.95419,0.331334,31,8,COVID_severe_vs_Healthy,T_cell,1.0,0.648977,0.626084,False,False,False,False,NA,NA
nhood_117,0.0,1.0,24,8,COVID_mild_vs_Healthy,T_cell,1.0,1.0,1.0,False,False,False,False,NA,NA
nhood_117,-0.95419,0.19776,31,24,COVID_severe_vs_COVID_mild,T_cell,1.0,0.707136,0.477444,False,False,False,True,NA,NA
nhood_130,-3.061097,0.015597,31,8,COVID_severe_vs_Healthy,Mono_c14,1.0,0.074677,0.094378,False,True,False,False,NA,NA
nhood_130,-3.584941,0.015197,24,8,COVID_mild_vs_Healthy,Mono_c14,1.0,0.059044,0.092351,False,True,False,False,NA,NA
nhood_130,0.523844,0.607079,31,24,COVID_severe_vs_COVID_mild,Mono_c14,1.0,0.84469,0.848839,False,False,False,True,NA,NA
nhood_136,2.689625,0.118976,31,8,COVID_severe_vs_Healthy,B_cell,1.0,0.29526,0.341097,False,False,False,False,NA,NA
nhood_136,1.736937,0.34993,24,8,COVID_mild_vs_Healthy,B_cell,1.0,0.547415,0.64363,False,False,False,False,NA,NA
nhood_136,0.952688,0.14797,31,24,COVID_severe_vs_COVID_mild,B_cell,1.0,0.707136,0.394032,False,False,False,True,NA,NA
nhood_137,-0.369232,0.805439,31,8,COVID_severe_vs_Healthy,Mono_c14,1.0,0.959241,0.954445,False,False,False,False,NA,NA
nhood_137,-2.807324,0.053989,24,8,COVID_mild_vs_Healthy,Mono_c14,1.0,0.138041,0.209435,False,False,False,False,NA,NA
nhood_137,2.438092,0.306739,31,24,COVID_severe_vs_COVID_mild,Mono_c14,1.0,0.734315,0.596693,False,False,False,True,NA,NA
nhood_140,-1.423675,0.131374,31,8,COVID_severe_vs_Healthy,T_cell,1.0,0.320986,0.36416,False,False,False,False,NA,NA
nhood_140,-1.432952,0.069786,24,8,COVID_mild_vs_Healthy,T_cell,1.0,0.158271,0.240863,False,False,False,False,NA,NA
nhood_140,0.009278,1.0,31,24,COVID_severe_vs_COVID_mild,T_cell,1.0,1.0,1.0,False,False,False,True,NA,NA
nhood_150,-3.606255,0.009798,31,8,COVID_severe_vs_Healthy,Mono_c14,1.0,0.056869,0.079451,False,True,False,False,NA,NA
nhood_150,-5.044342,0.010798,24,8,COVID_mild_vs_Healthy,Mono_c14,1.0,0.052377,0.079451,False,True,False,False,NA,NA
nhood_150,1.438087,0.339132,31,24,COVID_severe_vs_COVID_mild,Mono_c14,1.0,0.741399,0.63537,False,False,False,True,NA,NA
nhood_151,-0.664687,0.766247,31,8,COVID_severe_vs_Healthy,Mono_c14,1.0,0.950222,0.939186,False,False,False,False,NA,NA
nhood_151,-2.754862,0.010798,24,8,COVID_mild_vs_Healthy,Mono_c14,1.0,0.052377,0.079451,False,True,False,False,NA,NA
nhood_151,2.090175,0.413317,31,24,COVID_severe_vs_COVID_mild,Mono_c14,1.0,0.765282,0.705566,False,False,False,True,NA,NA
nhood_154,-2.664677,0.009998,31,8,COVID_severe_vs_Healthy,DC,1.0,0.056869,0.079451,False,True,False,False,NA,NA
nhood_154,-2.58495,0.025995,24,8,COVID_mild_vs_Healthy,DC,1.0,0.080106,0.122129,False,True,False,False,NA,NA
nhood_154,-0.079726,1.0,31,24,COVID_severe_vs_COVID_mild,DC,1.0,1.0,1.0,False,False,False,True,NA,NA
nhood_160,-1.66468,0.018996,31,8,COVID_severe_vs_Healthy,T_cell,1.0,0.081118,0.104699,False,True,False,False,NA,NA
nhood_160,-0.947529,0.229754,24,8,COVID_mild_vs_Healthy,T_cell,1.0,0.395951,0.512085,False,False,False,False,NA,NA
nhood_160,-0.717152,0.326135,31,24,COVID_severe_vs_COVID_mild,T_cell,1.0,0.741399,0.622739,False,False,False,True,NA,NA
nhood_164,0.045803,0.964207,31,8,COVID_severe_vs_Healthy,T_cell,1.0,1.0,1.0,False,False,False,False,NA,NA
nhood_164,-0.12553,1.0,24,8,COVID_mild_vs_Healthy,T_cell,1.0,1.0,1.0,False,False,False,False,NA,NA
nhood_164,0.171333,0.862627,31,24,COVID_severe_vs_COVID_mild,T_cell,1.0,0.966632,0.98054,False,False,False,True,NA,NA
nhood_170,-0.89006,0.4983,31,8,COVID_severe_vs_Healthy,T_cell,1.0,0.808884,0.766343,False,False,False,False,NA,NA
nhood_170,0.12553,0.924615,24,8,COVID_mild_vs_Healthy,T_cell,1.0,1.0,1.0,False,False,False,False,NA,NA
nhood_170,-1.01559,0.162567,31,24,COVID_severe_vs_COVID_mild,T_cell,1.0,0.707136,0.418029,False,False,False,True,NA,NA
nhood_179,0.746236,0.910018,31,8,COVID_severe_vs_Healthy,Mono_c14,1.0,0.996186,1.0,False,False,False,False,NA,NA
nhood_179,1.58495,0.826835,24,8,COVID_mild_vs_Healthy,Mono_c14,1.0,0.972506,0.964203,False,False,False,False,NA,NA
nhood_179,-0.838714,0.689262,31,24,COVID_severe_vs_COVID_mild,Mono_c14,1.0,0.875078,0.88854,False,False,False,True,NA,NA
nhood_188,-5.539099,0.0024,31,8,COVID_severe_vs_Healthy,Mono_c14,1.0,0.045504,0.076852,False,True,True,False,NA,NA
nhood_188,-5.754818,0.004599,24,8,COVID_mild_vs_Healthy,Mono_c14,1.0,0.052377,0.076852,False,True,False,False,NA,NA
nhood_188,0.215719,1.0,31,24,COVID_severe_vs_COVID_mild,Mono_c14,1.0,1.0,1.0,False,False,False,True,NA,NA
nhood_190,1.215721,0.707259,31,8,COVID_severe_vs_Healthy,Mono_c14,1.0,0.919221,0.901428,False,False,False,False,NA,NA
nhood_190,-1.584937,0.521496,24,8,COVID_mild_vs_Healthy,Mono_c14,1.0,0.729171,0.787226,False,False,False,False,NA,NA
nhood_190,2.800659,0.211958,31,24,COVID_severe_vs_COVID_mild,Mono_c14,1.0,0.707136,0.493762,False,False,False,True,NA,NA
nhood_198,-0.061111,0.9978,31,8,COVID_severe_vs_Healthy,Mono_c14,1.0,1.0,1.0,False,False,False,False,NA,NA
nhood_198,-18.016463,0.008598,24,8,COVID_mild_vs_Healthy,Mono_c14,1.0,0.052377,0.079451,False,True,False,False,NA,NA
nhood_198,17.955352,0.542891,31,24,COVID_severe_vs_COVID_mild,Mono_c14,1.0,0.817223,0.803616,False,False,False,True,NA,NA
nhood_200,-2.506728,0.068586,31,8,COVID_severe_vs_Healthy,Mono_c14,1.0,0.19823,0.237298,False,False,False,False,NA,NA
nhood_200,-19.503477,0.056789,24,8,COVID_mild_vs_Healthy,Mono_c14,1.0,0.138041,0.210846,False,False,False,False,NA,NA
nhood_200,16.996749,0.123375,31,24,COVID_severe_vs_COVID_mild,Mono_c14,1.0,0.707136,0.348786,False,False,False,True,NA,NA
nhood_226,-1.165695,0.10198,31,8,COVID_severe_vs_Healthy,T_cell,1.0,0.265596,0.308492,False,False,False,False,NA,NA
nhood_226,-1.584954,0.059788,24,8,COVID_mild_vs_Healthy,T_cell,1.0,0.140071,0.215411,False,False,False,False,NA,NA
nhood_226,0.419259,0.513697,31,24,COVID_severe_vs_COVID_mild,T_cell,1.0,0.803605,0.780424,False,False,False,True,NA,NA
nhood_230,-0.87619,0.567487,31,8,COVID_severe_vs_Healthy,Mono_c14,1.0,0.867308,0.827391,False,False,False,False,NA,NA
nhood_230,-3.169893,0.016997,24,8,COVID_mild_vs_Healthy,Mono_c14,1.0,0.064453,0.098251,False,True,False,False,NA,NA
nhood_230,2.293703,0.235753,31,24,COVID_severe_vs_COVID_mild,Mono_c14,1.0,0.707136,0.518949,False,False,False,True,NA,NA
nhood_249,16.199784,0.370526,31,8,COVID_severe_vs_Healthy,NK,1.0,0.691454,0.666104,False,False,False,False,NA,NA
nhood_249,18.28521,0.313937,24,8,COVID_mild_vs_Healthy,NK,1.0,0.502723,0.605724,False,False,False,False,NA,NA
nhood_249,-2.085426,0.088982,31,24,COVID_severe_vs_COVID_mild,NK,1.0,0.707136,0.281183,False,False,False,True,NA,NA
nhood_253,0.708764,0.675865,31,8,COVID_severe_vs_Healthy,B_cell,1.0,0.911025,0.881699,False,False,False,False,NA,NA
nhood_253,-0.0,1.0,24,8,COVID_mild_vs_Healthy,B_cell,1.0,1.0,1.0,False,False,False,False,NA,NA
nhood_253,0.708764,0.476505,31,24,COVID_severe_vs_COVID_mild,B_cell,1.0,0.781703,0.754555,False,False,False,True,NA,NA
nhood_272,-4.719697,0.003999,31,8,COVID_severe_vs_Healthy,Mono_c14,1.0,0.054567,0.076852,False,True,False,False,NA,NA
nhood_272,-20.055559,0.007199,24,8,COVID_mild_vs_Healthy,Mono_c14,1.0,0.052377,0.07697,False,True,False,False,NA,NA
nhood_272,15.335861,0.122575,31,24,COVID_severe_vs_COVID_mild,Mono_c14,1.0,0.707136,0.347907,False,False,False,True,NA,NA
nhood_275,-0.451694,0.770846,31,8,COVID_severe_vs_Healthy,Mono_c14,1.0,0.950222,0.939473,False,False,False,False,NA,NA
nhood_275,-1.169918,0.211358,24,8,COVID_mild_vs_Healthy,Mono_c14,1.0,0.379484,0.493762,False,False,False,False,NA,NA
nhood_275,0.718224,0.567886,31,24,COVID_severe_vs_COVID_mild,Mono_c14,1.0,0.833212,0.827391,False,False,False,True,NA,NA
nhood_276,-1.439614,0.088782,31,8,COVID_severe_vs_Healthy,T_cell,1.0,0.239106,0.281176,False,False,False,False,NA,NA
nhood_276,-0.392316,0.694661,24,8,COVID_mild_vs_Healthy,T_cell,1.0,0.868784,0.889917,False,False,False,False,NA,NA
nhood_276,-1.047298,0.146171,31,24,COVID_severe_vs_COVID_mild,T_cell,1.0,0.707136,0.390705,False,False,False,True,NA,NA
nhood_284,1.29372,0.527894,31,8,COVID_severe_vs_Healthy,B_cell,1.0,0.834073,0.794355,False,False,False,False,NA,NA
nhood_284,1.115467,0.291342,24,8,COVID_mild_vs_Healthy,B_cell,1.0,0.473906,0.574193,False,False,False,False,NA,NA
nhood_284,0.178253,0.874625,31,24,COVID_severe_vs_COVID_mild,B_cell,1.0,0.973174,0.985753,False,False,False,True,NA,NA
nhood_295,-1.061106,0.234353,31,8,COVID_severe_vs_Healthy,T_cell,1.0,0.500375,0.517469,False,False,False,False,NA,NA
nhood_295,-1.070384,0.20036,24,8,COVID_mild_vs_Healthy,T_cell,1.0,0.362483,0.48127,False,False,False,False,NA,NA
nhood_295,0.009278,0.978604,31,24,COVID_severe_vs_COVID_mild,T_cell,1.0,1.0,1.0,False,False,False,True,NA,NA
nhood_298,-4.106174,0.013597,31,8,COVID_severe_vs_Healthy,Mono_c14,1.0,0.067842,0.085553,False,True,False,False,NA,NA
nhood_298,-4.321898,0.018396,24,8,COVID_mild_vs_Healthy,Mono_c14,1.0,0.067075,0.102989,False,True,False,False,NA,NA
nhood_298,0.215724,0.794641,31,24,COVID_severe_vs_COVID_mild,Mono_c14,1.0,0.94165,0.951963,False,False,False,True,NA,NA
nhood_307,16.129395,0.586283,31,8,COVID_severe_vs_Healthy,Mono_c14,1.0,0.873894,0.836203,False,False,False,False,NA,NA
nhood_307,18.305969,0.656269,24,8,COVID_mild_vs_Healthy,Mono_c14,1.0,0.847363,0.872657,False,False,False,False,NA,NA
nhood_307,-2.176573,0.4979,31,24,COVID_severe_vs_COVID_mild,Mono_c14,1.0,0.784698,0.766343,False,False,False,True,NA,NA
nhood_319,-0.632265,0.520296,31,8,COVID_severe_vs_Healthy,Mono_c14,1.0,0.829494,0.787086,False,False,False,False,NA,NA
nhood_319,-0.847992,0.476105,24,8,COVID_mild_vs_Healthy,Mono_c14,1.0,0.692251,0.754555,False,False,False,False,NA,NA
nhood_319,0.215727,0.846231,31,24,COVID_severe_vs_COVID_mild,Mono_c14,1.0,0.961903,0.972004,False,False,False,True,NA,NA
nhood_321,-3.606255,0.008198,31,8,COVID_severe_vs_Healthy,Mono_c14,1.0,0.055512,0.079451,False,True,False,False,NA,NA
nhood_321,-6.044292,0.010798,24,8,COVID_mild_vs_Healthy,Mono_c14,1.0,0.052377,0.079451,False,True,False,False,NA,NA
nhood_321,2.438036,0.240552,31,24,COVID_severe_vs_COVID_mild,Mono_c14,1.0,0.707136,0.523035,False,False,False,True,NA,NA
nhood_330,-2.954183,0.005999,31,8,COVID_severe_vs_Healthy,Mono_c14,1.0,0.054567,0.076852,False,True,False,False,NA,NA
nhood_330,-3.58494,0.003799,24,8,COVID_mild_vs_Healthy,Mono_c14,1.0,0.052377,0.076852,False,True,False,False,NA,NA
nhood_330,0.630758,0.567886,31,24,COVID_severe_vs_COVID_mild,Mono_c14,1.0,0.833212,0.827391,False,False,False,True,NA,NA
nhood_341,-0.423679,0.654269,31,8,COVID_severe_vs_Healthy,B_cell,1.0,0.903433,0.872657,False,False,False,False,NA,NA
nhood_341,-1.054441,0.227355,24,8,COVID_mild_vs_Healthy,B_cell,1.0,0.395728,0.510118,False,False,False,False,NA,NA
nhood_341,0.630762,0.420716,31,24,COVID_severe_vs_COVID_mild,B_cell,1.0,0.769959,0.707998,False,False,False,True,NA,NA
nhood_350,-5.38041,0.006199,31,8,COVID_severe_vs_Healthy,Mono_c14,1.0,0.054567,0.07697,False,True,False,False,NA,NA
nhood_350,-20.125174,0.010998,24,8,COVID_mild_vs_Healthy,Mono_c14,1.0,0.052377,0.079451,False,True,False,False,NA,NA
nhood_350,14.744764,0.245151,31,24,COVID_severe_vs_COVID_mild,Mono_c14,1.0,0.707136,0.52862,False,False,False,True,NA,NA
nhood_353,-0.832203,0.55029,31,8,COVID_severe_vs_Healthy,Mono_c14,1.0,0.846875,0.808381,False,False,False,False,NA,NA
nhood_353,-3.672379,0.035393,24,8,COVID_mild_vs_Healthy,Mono_c14,1.0,0.101062,0.152051,False,True,False,False,NA,NA
nhood_353,2.840176,0.104179,31,24,COVID_severe_vs_COVID_mild,Mono_c14,1.0,0.707136,0.310408,False,False,False,True,NA,NA
nhood_398,18.101366,0.353329,31,8,COVID_severe_vs_Healthy,Mono_c14,1.0,0.672602,0.646633,False,False,False,False,NA,NA
nhood_398,15.705087,1.0,24,8,COVID_mild_vs_Healthy,Mono_c14,1.0,1.0,1.0,False,False,False,False,NA,NA
nhood_398,2.396279,0.364127,31,24,COVID_severe_vs_COVID_mild,Mono_c14,1.0,0.741476,0.659373,False,False,False,True,NA,NA
nhood_407,1.853125,0.659468,31,8,COVID_severe_vs_Healthy,Epithelial,1.0,0.903433,0.87315,False,False,False,False,NA,NA
nhood_407,3.058853,0.631274,24,8,COVID_mild_vs_Healthy,Epithelial,1.0,0.831177,0.860876,False,False,False,False,NA,NA
nhood_407,-1.205728,0.410518,31,24,COVID_severe_vs_COVID_mild,Epithelial,1.0,0.765282,0.703321,False,False,False,True,NA,NA
nhood_419,0.104697,0.987602,31,8,COVID_severe_vs_Healthy,B_cell,1.0,1.0,1.0,False,False,False,False,NA,NA
nhood_419,-1.169916,0.112577,24,8,COVID_mild_vs_Healthy,B_cell,1.0,0.225554,0.327283,False,False,False,False,NA,NA
nhood_419,1.274612,0.280944,31,24,COVID_severe_vs_COVID_mild,B_cell,1.0,0.707136,0.562679,False,False,False,True,NA,NA
nhood_423,-0.36923,0.754449,31,8,COVID_severe_vs_Healthy,T_cell,1.0,0.941076,0.928854,False,False,False,False,NA,NA
nhood_423,1.289499,0.440312,24,8,COVID_mild_vs_Healthy,T_cell,1.0,0.660468,0.727205,False,False,False,False,NA,NA
nhood_423,-1.658729,0.046191,31,24,COVID_severe_vs_COVID_mild,T_cell,1.0,0.707136,0.186073,False,True,False,True,NA,NA
nhood_425,2.045789,0.737053,31,8,COVID_severe_vs_Healthy,Mono_c14,1.0,0.93076,0.916162,False,False,False,False,NA,NA
nhood_425,-16.166053,0.056589,24,8,COVID_mild_vs_Healthy,Mono_c14,1.0,0.138041,0.210653,False,False,False,False,NA,NA
nhood_425,18.211842,0.278544,31,24,COVID_severe_vs_COVID_mild,Mono_c14,1.0,0.707136,0.55985,False,False,False,True,NA,NA
nhood_433,-0.117695,0.983403,31,8,COVID_severe_vs_Healthy,Mono_c14,1.0,1.0,1.0,False,False,False,False,NA,NA
nhood_433,-2.07037,0.072186,24,8,COVID_mild_vs_Healthy,Mono_c14,1.0,0.162162,0.245571,False,False,False,False,NA,NA
nhood_433,1.952675,0.255549,31,24,COVID_severe_vs_COVID_mild,Mono_c14,1.0,0.707136,0.532051,False,False,False,True,NA,NA
nhood_439,-6.123989,0.004399,31,8,COVID_severe_vs_Healthy,Mono_c14,1.0,0.054567,0.076852,False,True,False,False,NA,NA
nhood_439,-2.295448,0.085183,24,8,COVID_mild_vs_Healthy,Mono_c14,1.0,0.183158,0.275296,False,False,False,False,NA,NA
nhood_439,-3.828541,0.195961,31,24,COVID_severe_vs_COVID_mild,Mono_c14,1.0,0.707136,0.476494,False,False,False,True,NA,NA
nhood_441,-0.664687,0.464507,31,8,COVID_severe_vs_Healthy,Mono_c14,1.0,0.769847,0.751455,False,False,False,False,NA,NA
nhood_441,-1.43295,0.090182,24,8,COVID_mild_vs_Healthy,Mono_c14,1.0,0.189983,0.283088,False,False,False,False,NA,NA
nhood_441,0.768264,0.339132,31,24,COVID_severe_vs_COVID_mild,Mono_c14,1.0,0.741399,0.63537,False,False,False,True,NA,NA
nhood_442,-3.276109,0.023395,31,8,COVID_severe_vs_Healthy,T_cell,1.0,0.088714,0.115513,False,True,False,False,NA,NA
nhood_442,-4.90684,0.022396,24,8,COVID_mild_vs_Healthy,T_cell,1.0,0.0765,0.113936,False,True,False,False,NA,NA
nhood_442,1.630731,0.30174,31,24,COVID_severe_vs_COVID_mild,T_cell,1.0,0.726014,0.589388,False,False,False,True,NA,NA
nhood_446,18.299305,0.426115,31,8,COVID_severe_vs_Healthy,Mono_c14,1.0,0.735501,0.713705,False,False,False,False,NA,NA
nhood_446,0.0,1.0,24,8,COVID_mild_vs_Healthy,Mono_c14,1.0,1.0,1.0,False,False,False,False,NA,NA
nhood_446,18.299305,0.197161,31,24,COVID_severe_vs_COVID_mild,Mono_c14,1.0,0.707136,0.477444,False,False,False,True,NA,NA
nhood_450,-1.575678,0.095581,31,8,COVID_severe_vs_Healthy,DC,0.903226,0.254525,0.29547,False,False,False,False,NA,NA
nhood_450,-1.906881,0.052989,24,8,COVID_mild_vs_Healthy,DC,0.903226,0.138041,0.207577,False,False,False,False,NA,NA
nhood_450,0.331203,0.782244,31,24,COVID_severe_vs_COVID_mild,DC,0.903226,0.931617,0.945073,False,False,False,True,NA,NA
nhood_454,-0.253755,0.636273,31,8,COVID_severe_vs_Healthy,T_cell,1.0,0.902248,0.860876,False,False,False,False,NA,NA
nhood_454,0.115477,0.994801,24,8,COVID_mild_vs_Healthy,T_cell,1.0,1.0,1.0,False,False,False,False,NA,NA
nhood_454,-0.369231,0.607079,31,24,COVID_severe_vs_COVID_mild,T_cell,1.0,0.84469,0.848839,False,False,False,True,NA,NA
nhood_455,-1.854654,0.065387,31,8,COVID_severe_vs_Healthy,Mono_c14,1.0,0.190144,0.229016,False,False,False,False,NA,NA
nhood_455,-3.807321,0.016997,24,8,COVID_mild_vs_Healthy,Mono_c14,1.0,0.064453,0.098251,False,True,False,False,NA,NA
nhood_455,1.952667,0.218356,31,24,COVID_severe_vs_COVID_mild,Mono_c14,1.0,0.707136,0.502186,False,False,False,True,NA,NA
nhood_464,-2.998578,0.043991,31,8,COVID_severe_vs_Healthy,Mono_c14,1.0,0.141849,0.17822,False,True,False,False,NA,NA
nhood_464,-6.629185,0.054189,24,8,COVID_mild_vs_Healthy,Mono_c14,1.0,0.138041,0.209435,False,False,False,False,NA,NA
nhood_464,3.630607,0.342132,31,24,COVID_severe_vs_COVID_mild,Mono_c14,1.0,0.741399,0.63791,False,False,False,True,NA,NA
nhood_465,1.90376,0.419916,31,8,COVID_severe_vs_Healthy,NK,1.0,0.731863,0.707826,False,False,False,False,NA,NA
nhood_465,2.222366,0.309138,24,8,COVID_mild_vs_Healthy,NK,1.0,0.496717,0.598902,False,False,False,False,NA,NA
nhood_465,-0.318606,0.690462,31,24,COVID_severe_vs_COVID_mild,NK,1.0,0.875078,0.88854,False,False,False,True,NA,NA
nhood_466,-0.369232,0.814837,31,8,COVID_severe_vs_Healthy,Mono_c14,1.0,0.95957,0.95957,False,False,False,False,NA,NA
nhood_466,-3.169885,0.054589,24,8,COVID_mild_vs_Healthy,Mono_c14,1.0,0.138041,0.209435,False,False,False,False,NA,NA
nhood_466,2.800653,0.120376,31,24,COVID_severe_vs_COVID_mild,Mono_c14,1.0,0.707136,0.343724,False,False,False,True,NA,NA
nhood_470,-1.567167,0.10038,31,8,COVID_severe_vs_Healthy,Mono_c14,1.0,0.264334,0.305001,False,False,False,False,NA,NA
nhood_470,-3.285376,0.055789,24,8,COVID_mild_vs_Healthy,Mono_c14,1.0,0.138041,0.210265,False,False,False,False,NA,NA
nhood_470,1.718209,0.211958,31,24,COVID_severe_vs_COVID_mild,Mono_c14,1.0,0.707136,0.493762,False,False,False,True,NA,NA
nhood_471,0.438118,0.966207,31,8,COVID_severe_vs_Healthy,Mono_c14,1.0,1.0,1.0,False,False,False,False,NA,NA
nhood_471,-0.263032,1.0,24,8,COVID_mild_vs_Healthy,Mono_c14,1.0,1.0,1.0,False,False,False,False,NA,NA
nhood_471,0.701151,0.747451,31,24,COVID_severe_vs_COVID_mild,Mono_c14,1.0,0.908783,0.922573,False,False,False,True,NA,NA
nhood_481,-1.65463,0.111778,31,8,COVID_severe_vs_Healthy,Mono_c14,1.0,0.284854,0.325714,False,False,False,False,NA,NA
nhood_481,-4.285351,0.054789,24,8,COVID_mild_vs_Healthy,Mono_c14,1.0,0.138041,0.209435,False,False,False,False,NA,NA
nhood_481,2.630721,0.070386,31,24,COVID_severe_vs_COVID_mild,Mono_c14,1.0,0.707136,0.241178,False,False,False,True,NA,NA
nhood_482,-1.326159,0.057389,31,8,COVID_severe_vs_Healthy,T_cell,1.0,0.174374,0.211418,False,False,False,False,NA,NA
nhood_482,-1.584954,0.016797,24,8,COVID_mild_vs_Healthy,T_cell,1.0,0.064453,0.098251,False,True,False,False,NA,NA
nhood_482,0.258795,0.732254,31,24,COVID_severe_vs_COVID_mild,T_cell,1.0,0.901528,0.91204,False,False,False,True,NA,NA
nhood_486,0.215726,1.0,31,8,COVID_severe_vs_Healthy,NK,1.0,1.0,1.0,False,False,False,False,NA,NA
nhood_486,1.736953,0.24915,24,8,COVID_mild_vs_Healthy,NK,1.0,0.417899,0.530182,False,False,False,False,NA,NA
nhood_486,-1.521227,0.057189,31,24,COVID_severe_vs_COVID_mild,NK,1.0,0.707136,0.211228,False,False,False,True,NA,NA
nhood_489,0.133266,0.837632,31,8,COVID_severe_vs_Healthy,Mono_c14,1.0,0.968006,0.968384,False,False,False,False,NA,NA
nhood_489,-0.263033,0.9988,24,8,COVID_mild_vs_Healthy,Mono_c14,1.0,1.0,1.0,False,False,False,False,NA,NA
nhood_489,0.396298,0.618276,31,24,COVID_severe_vs_COVID_mild,Mono_c14,1.0,0.846374,0.859416,False,False,False,True,NA,NA
nhood_500,-0.632265,0.441912,31,8,COVID_severe_vs_Healthy,Mono_c14,1.0,0.748094,0.727314,False,False,False,False,NA,NA
nhood_500,-0.847992,0.511498,24,8,COVID_mild_vs_Healthy,Mono_c14,1.0,0.72028,0.778747,False,False,False,False,NA,NA
nhood_500,0.215727,0.860228,31,24,COVID_severe_vs_COVID_mild,Mono_c14,1.0,0.966632,0.979379,False,False,False,True,NA,NA
nhood_511,1.36772,0.34853,31,8,COVID_severe_vs_Healthy,NK,0.9375,0.666142,0.642718,False,False,False,False,NA,NA
nhood_511,0.736958,0.826435,24,8,COVID_mild_vs_Healthy,NK,0.9375,0.972506,0.964203,False,False,False,False,NA,NA
nhood_511,0.630762,0.427714,31,24,COVID_severe_vs_COVID_mild,NK,0.9375,0.770861,0.713861,False,False,False,True,NA,NA
nhood_515,-3.155816,0.006999,31,8,COVID_severe_vs_Healthy,Mono_c14,1.0,0.054567,0.07697,False,True,False,False,NA,NA
nhood_515,-5.108466,0.009998,24,8,COVID_mild_vs_Healthy,Mono_c14,1.0,0.052377,0.079451,False,True,False,False,NA,NA
nhood_515,1.952649,0.162368,31,24,COVID_severe_vs_COVID_mild,Mono_c14,1.0,0.707136,0.418029,False,False,False,True,NA,NA
nhood_517,-0.165699,0.869026,31,8,COVID_severe_vs_Healthy,Mono_c14,1.0,0.969889,0.983448,False,False,False,False,NA,NA
nhood_517,-0.400535,0.653869,24,8,COVID_mild_vs_Healthy,Mono_c14,1.0,0.847363,0.872657,False,False,False,False,NA,NA
nhood_517,0.234836,0.722256,31,24,COVID_severe_vs_COVID_mild,Mono_c14,1.0,0.898555,0.906939,False,False,False,True,NA,NA
nhood_525,-0.29123,0.716657,31,8,COVID_severe_vs_Healthy,Mono_c14,1.0,0.920584,0.901846,False,False,False,False,NA,NA
nhood_525,-0.999993,0.517097,24,8,COVID_mild_vs_Healthy,Mono_c14,1.0,0.72516,0.784751,False,False,False,False,NA,NA
nhood_525,0.708764,0.477305,31,24,COVID_severe_vs_COVID_mild,Mono_c14,1.0,0.781703,0.754981,False,False,False,True,NA,NA
nhood_541,1.853134,0.388322,31,8,COVID_severe_vs_Healthy,B_cell,1.0,0.705228,0.678371,False,False,False,False,NA,NA
nhood_541,2.3219,0.104579,24,8,COVID_mild_vs_Healthy,B_cell,1.0,0.214074,0.310408,False,False,False,False,NA,NA
nhood_541,-0.468767,0.517696,31,24,COVID_severe_vs_COVID_mild,B_cell,1.0,0.806726,0.784823,False,False,False,True,NA,NA
nhood_542,1.29372,0.376125,31,8,COVID_severe_vs_Healthy,B_cell,1.0,0.6979,0.668083,False,False,False,False,NA,NA
nhood_542,0.874461,0.596281,24,8,COVID_mild_vs_Healthy,B_cell,1.0,0.805505,0.844533,False,False,False,False,NA,NA
nhood_542,0.41926,0.519096,31,24,COVID_severe_vs_COVID_mild,B_cell,1.0,0.806726,0.786107,False,False,False,True,NA,NA
nhood_549,2.903745,0.278344,31,8,COVID_severe_vs_Healthy,B_cell,1.0,0.563825,0.55985,False,False,False,False,NA,NA
nhood_549,1.736933,0.330134,24,8,COVID_mild_vs_Healthy,B_cell,1.0,0.519879,0.625101,False,False,False,False,NA,NA
nhood_549,1.166811,0.25055,31,24,COVID_severe_vs_COVID_mild,B_cell,1.0,0.707136,0.530182,False,False,False,True,NA,NA
nhood_550,1.630749,0.29854,31,8,COVID_severe_vs_Healthy,Mono_c14,1.0,0.592084,0.584722,False,False,False,False,NA,NA
nhood_550,1.502484,0.228154,24,8,COVID_mild_vs_Healthy,Mono_c14,1.0,0.395728,0.510118,False,False,False,False,NA,NA
nhood_550,0.128265,0.903019,31,24,COVID_severe_vs_COVID_mild,Mono_c14,1.0,0.987718,1.0,False,False,False,True,NA,NA
nhood_551,0.90378,0.969806,31,8,COVID_severe_vs_Healthy,Mono_c14,1.0,1.0,1.0,False,False,False,False,NA,NA
nhood_551,-2.584912,0.028394,24,8,COVID_mild_vs_Healthy,Mono_c14,1.0,0.085182,0.128998,False,True,False,False,NA,NA
nhood_551,3.488692,0.545291,31,24,COVID_severe_vs_COVID_mild,Mono_c14,1.0,0.817749,0.805196,False,False,False,True,NA,NA
nhood_554,1.161274,0.64807,31,8,COVID_severe_vs_Healthy,Mono_c14,1.0,0.903338,0.867755,False,False,False,False,NA,NA
nhood_554,-2.169883,0.143571,24,8,COVID_mild_vs_Healthy,Mono_c14,1.0,0.277766,0.385204,False,False,False,False,NA,NA
nhood_554,3.331158,0.138772,31,24,COVID_severe_vs_COVID_mild,Mono_c14,1.0,0.707136,0.378219,False,False,False,True,NA,NA
nhood_557,-0.838714,0.230954,31,8,COVID_severe_vs_Healthy,T_cell,1.0,0.497601,0.513151,False,False,False,False,NA,NA
nhood_557,-0.58496,0.509898,24,8,COVID_mild_vs_Healthy,T_cell,1.0,0.72028,0.777144,False,False,False,False,NA,NA
nhood_557,-0.253755,0.634673,31,24,COVID_severe_vs_COVID_mild,T_cell,1.0,0.846374,0.860876,False,False,False,True,NA,NA
nhood_582,-1.761538,0.077784,31,8,COVID_severe_vs_Healthy,T_cell,1.0,0.216166,0.260256,False,False,False,False,NA,NA
nhood_582,-0.144389,0.985403,24,8,COVID_mild_vs_Healthy,T_cell,1.0,1.0,1.0,False,False,False,False,NA,NA
nhood_582,-1.617149,0.080784,31,24,COVID_severe_vs_COVID_mild,T_cell,1.0,0.707136,0.264689,False,False,False,True,NA,NA
nhood_583,-1.854653,0.011198,31,8,COVID_severe_vs_Healthy,Mono_c14,1.0,0.060704,0.079451,False,True,False,False,NA,NA
nhood_583,-2.584948,0.012198,24,8,COVID_mild_vs_Healthy,Mono_c14,1.0,0.052377,0.081819,False,True,False,False,NA,NA
nhood_583,0.730295,0.457109,31,24,COVID_severe_vs_COVID_mild,Mono_c14,1.0,0.781703,0.743516,False,False,False,True,NA,NA
nhood_585,-1.021306,0.343331,31,8,COVID_severe_vs_Healthy,Mono_c14,1.0,0.66154,0.638192,False,False,False,False,NA,NA
nhood_585,-1.722456,0.037393,24,8,COVID_mild_vs_Healthy,Mono_c14,1.0,0.104202,0.156762,False,True,False,False,NA,NA
nhood_585,0.70115,0.533293,31,24,COVID_severe_vs_COVID_mild,Mono_c14,1.0,0.817223,0.799097,False,False,False,True,NA,NA
nhood_590,-0.047305,1.0,31,8,COVID_severe_vs_Healthy,NK,1.0,1.0,1.0,False,False,False,False,NA,NA
nhood_590,0.80735,0.715057,24,8,COVID_mild_vs_Healthy,NK,1.0,0.88727,0.901428,False,False,False,False,NA,NA
nhood_590,-0.854655,0.425315,31,24,COVID_severe_vs_COVID_mild,NK,1.0,0.770861,0.713205,False,False,False,True,NA,NA
nhood_592,-0.188661,1.0,31,8,COVID_severe_vs_Healthy,NK,1.0,1.0,1.0,False,False,False,False,NA,NA
nhood_592,-0.584959,0.633673,24,8,COVID_mild_vs_Healthy,NK,1.0,0.83156,0.860876,False,False,False,False,NA,NA
nhood_592,0.396298,0.622276,31,24,COVID_severe_vs_COVID_mild,NK,1.0,0.846374,0.860876,False,False,False,True,NA,NA
nhood_595,-1.413622,0.09858,31,8,COVID_severe_vs_Healthy,T_cell,1.0,0.261044,0.302114,False,False,False,False,NA,NA
nhood_595,-1.874459,0.019996,24,8,COVID_mild_vs_Healthy,T_cell,1.0,0.071264,0.107299,False,True,False,False,NA,NA
nhood_595,0.460837,0.607279,31,24,COVID_severe_vs_COVID_mild,T_cell,1.0,0.84469,0.848839,False,False,False,True,NA,NA
nhood_601,-2.401645,0.022595,31,8,COVID_severe_vs_Healthy,Mono_c14,1.0,0.087073,0.113936,False,True,False,False,NA,NA
nhood_601,-2.906875,0.026195,24,8,COVID_mild_vs_Healthy,Mono_c14,1.0,0.080106,0.122129,False,True,False,False,NA,NA
nhood_601,0.50523,0.626475,31,24,COVID_severe_vs_COVID_mild,Mono_c14,1.0,0.846374,0.860876,False,False,False,True,NA,NA
nhood_621,2.800659,0.408118,31,8,COVID_severe_vs_Healthy,T_cell,1.0,0.729992,0.702595,False,False,False,False,NA,NA
nhood_621,0.73695,1.0,24,8,COVID_mild_vs_Healthy,T_cell,1.0,1.0,1.0,False,False,False,False,NA,NA
nhood_621,2.063708,0.482104,31,24,COVID_severe_vs_COVID_mild,T_cell,1.0,0.781703,0.75668,False,False,False,True,NA,NA
nhood_622,-0.18866,1.0,31,8,COVID_severe_vs_Healthy,NK,1.0,1.0,1.0,False,False,False,False,NA,NA
nhood_622,0.0,1.0,24,8,COVID_mild_vs_Healthy,NK,1.0,1.0,1.0,False,False,False,False,NA,NA
nhood_622,-0.18866,0.827235,31,24,COVID_severe_vs_COVID_mild,NK,1.0,0.953089,0.964203,False,False,False,True,NA,NA
nhood_623,-0.784265,0.543891,31,8,COVID_severe_vs_Healthy,Mono_c14,1.0,0.842498,0.803964,False,False,False,False,NA,NA
nhood_623,0.502498,0.641472,24,8,COVID_mild_vs_Healthy,Mono_c14,1.0,0.835323,0.862705,False,False,False,False,NA,NA
nhood_623,-1.286763,0.064187,31,24,COVID_severe_vs_COVID_mild,Mono_c14,1.0,0.707136,0.225926,False,False,False,True,NA,NA
nhood_633,-4.954153,0.004999,31,8,COVID_severe_vs_Healthy,Mono_c14,1.0,0.054567,0.076852,False,True,False,False,NA,NA
nhood_633,-4.584929,0.010198,24,8,COVID_mild_vs_Healthy,Mono_c14,1.0,0.052377,0.079451,False,True,False,False,NA,NA
nhood_633,-0.369224,1.0,31,24,COVID_severe_vs_COVID_mild,Mono_c14,1.0,1.0,1.0,False,False,False,True,NA,NA
nhood_640,-2.423671,0.013597,31,8,COVID_severe_vs_Healthy,Mono_c14,1.0,0.067842,0.085553,False,True,False,False,NA,NA
nhood_640,-2.947516,0.012198,24,8,COVID_mild_vs_Healthy,Mono_c14,1.0,0.052377,0.081819,False,True,False,False,NA,NA
nhood_640,0.523845,0.60228,31,24,COVID_severe_vs_COVID_mild,Mono_c14,1.0,0.84469,0.848803,False,False,False,True,NA,NA
nhood_642,-1.468763,0.027994,31,8,COVID_severe_vs_Healthy,T_cell,0.9375,0.09829,0.127998,False,True,False,False,NA,NA
nhood_642,-1.90688,0.007199,24,8,COVID_mild_vs_Healthy,T_cell,0.9375,0.052377,0.07697,False,True,False,False,NA,NA
nhood_642,0.438117,0.575885,31,24,COVID_severe_vs_COVID_mild,T_cell,0.9375,0.833212,0.830694,False,False,False,True,NA,NA
nhood_643,-2.341208,0.0006,31,8,COVID_severe_vs_Healthy,T_cell,1.0,0.0395,0.05925,False,True,True,False,NA,NA
nhood_643,-2.212984,0.003599,24,8,COVID_mild_vs_Healthy,T_cell,1.0,0.052377,0.076852,False,True,False,False,NA,NA
nhood_643,-0.128225,0.808638,31,24,COVID_severe_vs_COVID_mild,T_cell,1.0,0.946406,0.955846,False,False,False,True,NA,NA
nhood_649,-3.761532,0.009598,31,8,COVID_severe_vs_Healthy,Mono_c14,1.0,0.056869,0.079451,False,True,False,False,NA,NA
nhood_649,-5.392253,0.010798,24,8,COVID_mild_vs_Healthy,Mono_c14,1.0,0.052377,0.079451,False,True,False,False,NA,NA
nhood_649,1.630722,0.409118,31,24,COVID_severe_vs_COVID_mild,Mono_c14,1.0,0.765282,0.702959,False,False,False,True,NA,NA
nhood_653,-0.883804,0.569486,31,8,COVID_severe_vs_Healthy,Mono_c14,1.0,0.867308,0.828873,False,False,False,False,NA,NA
nhood_653,-18.621232,0.061988,24,8,COVID_mild_vs_Healthy,Mono_c14,1.0,0.143328,0.220367,False,False,False,False,NA,NA
nhood_653,17.737428,0.121976,31,24,COVID_severe_vs_COVID_mild,Mono_c14,1.0,0.707136,0.3469,False,False,False,True,NA,NA
nhood_656,0.424312,0.776445,31,8,COVID_severe_vs_Healthy,T_cell,1.0,0.950222,0.942069,False,False,False,False,NA,NA
nhood_656,0.552537,0.682064,24,8,COVID_mild_vs_Healthy,T_cell,1.0,0.862129,0.884134,False,False,False,False,NA,NA
nhood_656,-0.128225,0.858828,31,24,COVID_severe_vs_COVID_mild,T_cell,1.0,0.966632,0.979353,False,False,False,True,NA,NA
nhood_658,-1.451689,0.028394,31,8,COVID_severe_vs_Healthy,T_cell,1.0,0.098931,0.128998,False,True,False,False,NA,NA
nhood_658,-1.710485,0.006599,24,8,COVID_mild_vs_Healthy,T_cell,1.0,0.052377,0.07697,False,True,False,False,NA,NA
nhood_658,0.258795,0.661868,31,24,COVID_severe_vs_COVID_mild,T_cell,1.0,0.866645,0.873887,False,False,False,True,NA,NA
nhood_660,-0.369232,0.795841,31,8,COVID_severe_vs_Healthy,T_cell,1.0,0.955009,0.952407,False,False,False,False,NA,NA
nhood_660,-0.93288,0.246951,24,8,COVID_mild_vs_Healthy,T_cell,1.0,0.416565,0.530089,False,False,False,False,NA,NA
nhood_660,0.563648,0.740252,31,24,COVID_severe_vs_COVID_mild,T_cell,1.0,0.908783,0.91798,False,False,False,True,NA,NA
nhood_664,-3.642233,0.006399,31,8,COVID_severe_vs_Healthy,Mono_c14,1.0,0.054567,0.07697,False,True,False,False,NA,NA
nhood_664,-4.120987,0.003999,24,8,COVID_mild_vs_Healthy,Mono_c14,1.0,0.052377,0.076852,False,True,False,False,NA,NA
nhood_664,0.478755,0.981004,31,24,COVID_severe_vs_COVID_mild,Mono_c14,1.0,1.0,1.0,False,False,False,True,NA,NA
nhood_666,-2.539144,0.010198,31,8,COVID_severe_vs_Healthy,T_cell,1.0,0.056869,0.079451,False,True,False,False,NA,NA
nhood_666,-1.684492,0.040392,24,8,COVID_mild_vs_Healthy,T_cell,1.0,0.110033,0.166969,False,True,False,False,NA,NA
nhood_666,-0.854653,0.252549,31,24,COVID_severe_vs_COVID_mild,T_cell,1.0,0.707136,0.530465,False,False,False,True,NA,NA
nhood_684,-2.539144,0.008998,31,8,COVID_severe_vs_Healthy,T_cell,1.0,0.056869,0.079451,False,True,False,False,NA,NA
nhood_684,-1.46948,0.055989,24,8,COVID_mild_vs_Healthy,T_cell,1.0,0.138041,0.210265,False,False,False,False,NA,NA
nhood_684,-1.069664,0.284943,31,24,COVID_severe_vs_COVID_mild,T_cell,1.0,0.707136,0.565117,False,False,False,True,NA,NA
nhood_690,17.987362,0.307339,31,8,COVID_severe_vs_Healthy,Mono_c14,1.0,0.606995,0.597044,False,False,False,False,NA,NA
nhood_690,16.305982,0.327135,24,8,COVID_mild_vs_Healthy,Mono_c14,1.0,0.518602,0.622739,False,False,False,False,NA,NA
nhood_690,1.68138,0.24815,31,24,COVID_severe_vs_COVID_mild,Mono_c14,1.0,0.707136,0.530182,False,False,False,True,NA,NA
nhood_694,0.293729,0.956609,31,8,COVID_severe_vs_Healthy,T_cell,1.0,1.0,1.0,False,False,False,False,NA,NA
nhood_694,0.584959,0.59808,24,8,COVID_mild_vs_Healthy,T_cell,1.0,0.805505,0.846239,False,False,False,False,NA,NA
nhood_694,-0.29123,0.728054,31,24,COVID_severe_vs_COVID_mild,T_cell,1.0,0.900914,0.909199,False,False,False,True,NA,NA
nhood_699,-0.883804,0.622875,31,8,COVID_severe_vs_Healthy,Mono_c14,1.0,0.902143,0.860876,False,False,False,False,NA,NA
nhood_699,-3.906837,0.022995,24,8,COVID_mild_vs_Healthy,Mono_c14,1.0,0.076758,0.115137,False,True,False,False,NA,NA
nhood_699,3.023034,0.276145,31,24,COVID_severe_vs_COVID_mild,Mono_c14,1.0,0.707136,0.559371,False,False,False,True,NA,NA
nhood_700,-1.494754,0.05059,31,8,COVID_severe_vs_Healthy,T_cell,1.0,0.159864,0.200387,False,False,False,False,NA,NA
nhood_700,-0.0614,0.962408,24,8,COVID_mild_vs_Healthy,T_cell,1.0,1.0,1.0,False,False,False,False,NA,NA
nhood_700,-1.433353,0.029594,31,24,COVID_severe_vs_COVID_mild,T_cell,1.0,0.637616,0.131508,False,True,False,True,NA,NA
nhood_705,18.089852,0.284143,31,8,COVID_severe_vs_Healthy,Mono_c14,1.0,0.570694,0.564318,False,False,False,False,NA,NA
nhood_705,15.781035,0.443511,24,8,COVID_mild_vs_Healthy,Mono_c14,1.0,0.663168,0.729101,False,False,False,False,NA,NA
nhood_705,2.308818,0.208558,31,24,COVID_severe_vs_COVID_mild,Mono_c14,1.0,0.707136,0.491009,False,False,False,True,NA,NA
nhood_706,-4.539127,0.005399,31,8,COVID_severe_vs_Healthy,Mono_c14,1.0,0.054567,0.076852,False,True,False,False,NA,NA
nhood_706,-5.169875,0.009798,24,8,COVID_mild_vs_Healthy,Mono_c14,1.0,0.052377,0.079451,False,True,False,False,NA,NA
nhood_706,0.630748,0.74965,31,24,COVID_severe_vs_COVID_mild,Mono_c14,1.0,0.908783,0.923745,False,False,False,True,NA,NA
nhood_711,-4.276099,0.014997,31,8,COVID_severe_vs_Healthy,Mono_c14,1.0,0.072537,0.091527,False,True,False,False,NA,NA
nhood_711,-19.990464,0.012597,24,8,COVID_mild_vs_Healthy,Mono_c14,1.0,0.052377,0.082169,False,True,False,False,NA,NA
nhood_711,15.714365,0.119376,31,24,COVID_severe_vs_COVID_mild,Mono_c14,1.0,0.707136,0.341555,False,False,False,True,NA,NA
nhood_712,-0.954191,0.356729,31,8,COVID_severe_vs_Healthy,Mono_c14,1.0,0.673246,0.651695,False,False,False,False,NA,NA
nhood_712,-0.469483,0.656069,24,8,COVID_mild_vs_Healthy,Mono_c14,1.0,0.847363,0.872657,False,False,False,False,NA,NA
nhood_712,-0.484708,0.484503,31,24,COVID_severe_vs_COVID_mild,Mono_c14,1.0,0.781703,0.757208,False,False,False,True,NA,NA
nhood_720,-3.332693,0.023195,31,8,COVID_severe_vs_Healthy,Mono_c14,1.0,0.088665,0.115326,False,True,False,False,NA,NA
nhood_720,-19.784013,0.006799,24,8,COVID_mild_vs_Healthy,Mono_c14,1.0,0.052377,0.07697,False,True,False,False,NA,NA
nhood_720,16.45132,0.219556,31,24,COVID_severe_vs_COVID_mild,Mono_c14,1.0,0.707136,0.5024,False,False,False,True,NA,NA
nhood_724,-0.369231,0.863827,31,8,COVID_severe_vs_Healthy,Mono_c14,1.0,0.969889,0.98112,False,False,False,False,NA,NA
nhood_724,0.222391,0.930214,24,8,COVID_mild_vs_Healthy,Mono_c14,1.0,1.0,1.0,False,False,False,False,NA,NA
nhood_724,-0.591622,0.427514,31,24,COVID_severe_vs_COVID_mild,Mono_c14,1.0,0.770861,0.713861,False,False,False,True,NA,NA
nhood_725,-2.82864,0.005199,31,8,COVID_severe_vs_Healthy,T_cell,1.0,0.054567,0.076852,False,True,False,False,NA,NA
nhood_725,-0.58496,0.470506,24,8,COVID_mild_vs_Healthy,T_cell,1.0,0.690464,0.752936,False,False,False,False,NA,NA
nhood_725,-2.24368,0.006599,31,24,COVID_severe_vs_COVID_mild,T_cell,1.0,0.284357,0.07697,False,True,False,True,NA,NA
nhood_728,-2.90838,0.012597,31,8,COVID_severe_vs_Healthy,Mono_c14,1.0,0.065615,0.082169,False,True,False,False,NA,NA
nhood_728,-4.217197,0.007399,24,8,COVID_mild_vs_Healthy,Mono_c14,1.0,0.052377,0.077363,False,True,False,False,NA,NA
nhood_728,1.308817,0.179364,31,24,COVID_severe_vs_COVID_mild,Mono_c14,1.0,0.707136,0.450544,False,False,False,True,NA,NA
nhood_765,0.0,1.0,31,8,COVID_severe_vs_Healthy,Mono_c14,1.0,1.0,1.0,False,False,False,False,NA,NA
nhood_765,-0.12553,1.0,24,8,COVID_mild_vs_Healthy,Mono_c14,1.0,1.0,1.0,False,False,False,False,NA,NA
nhood_765,0.12553,0.854629,31,24,COVID_severe_vs_COVID_mild,Mono_c14,1.0,0.966632,0.978415,False,False,False,True,NA,NA
nhood_777,-4.091674,0.004599,31,8,COVID_severe_vs_Healthy,Mono_c14,1.0,0.054567,0.076852,False,True,False,False,NA,NA
nhood_777,-4.044369,0.011998,24,8,COVID_mild_vs_Healthy,Mono_c14,1.0,0.052377,0.081632,False,True,False,False,NA,NA
nhood_777,-0.047305,1.0,31,24,COVID_severe_vs_COVID_mild,Mono_c14,1.0,1.0,1.0,False,False,False,True,NA,NA
nhood_784,-1.954176,0.054589,31,8,COVID_severe_vs_Healthy,T_cell,1.0,0.168636,0.209435,False,False,False,False,NA,NA
nhood_784,0.465662,0.761648,24,8,COVID_mild_vs_Healthy,T_cell,1.0,0.935288,0.935288,False,False,False,False,NA,NA
nhood_784,-2.419838,0.002599,31,24,COVID_severe_vs_COVID_mild,T_cell,1.0,0.165841,0.076852,False,True,False,True,NA,NA
nhood_799,0.460837,0.826635,31,8,COVID_severe_vs_Healthy,NK,1.0,0.964537,0.964203,False,False,False,False,NA,NA
nhood_799,1.353627,0.495301,24,8,COVID_mild_vs_Healthy,NK,1.0,0.709283,0.765563,False,False,False,False,NA,NA
nhood_799,-0.89279,0.29894,31,24,COVID_severe_vs_COVID_mild,NK,1.0,0.722947,0.584722,False,False,False,True,NA,NA
nhood_800,2.952662,0.713657,31,8,COVID_severe_vs_Healthy,Mono_c14,1.0,0.919221,0.901428,False,False,False,False,NA,NA
nhood_800,-1.584889,0.454709,24,8,COVID_mild_vs_Healthy,Mono_c14,1.0,0.675649,0.742361,False,False,False,False,NA,NA
nhood_800,4.537551,0.369926,31,24,COVID_severe_vs_COVID_mild,Mono_c14,1.0,0.741476,0.665867,False,False,False,True,NA,NA
nhood_803,-0.276123,0.724055,31,8,COVID_severe_vs_Healthy,T_cell,1.0,0.92386,0.907142,False,False,False,False,NA,NA
nhood_803,-0.0,0.945811,24,8,COVID_mild_vs_Healthy,T_cell,1.0,1.0,1.0,False,False,False,False,NA,NA
nhood_803,-0.276123,0.692861,31,24,COVID_severe_vs_COVID_mild,T_cell,1.0,0.875776,0.889181,False,False,False,True,NA,NA
nhood_810,-0.954192,0.223555,31,8,COVID_severe_vs_Healthy,Mono_c14,1.0,0.488318,0.505398,False,False,False,False,NA,NA
nhood_810,-1.222386,0.089782,24,8,COVID_mild_vs_Healthy,Mono_c14,1.0,0.189983,0.282456,False,False,False,False,NA,NA
nhood_810,0.268194,0.659468,31,24,COVID_severe_vs_COVID_mild,Mono_c14,1.0,0.866645,0.87315,False,False,False,True,NA,NA
nhood_817,-0.539156,0.457508,31,8,COVID_severe_vs_Healthy,T_cell,1.0,0.763587,0.743516,False,False,False,False,NA,NA
nhood_817,-1.295448,0.079184,24,8,COVID_mild_vs_Healthy,T_cell,1.0,0.173401,0.261912,False,False,False,False,NA,NA
nhood_817,0.756291,0.278744,31,24,COVID_severe_vs_COVID_mild,T_cell,1.0,0.707136,0.55985,False,False,False,True,NA,NA
nhood_825,-2.369221,0.006999,31,8,COVID_severe_vs_Healthy,T_cell,1.0,0.054567,0.07697,False,True,False,False,NA,NA
nhood_825,-1.710486,0.021996,24,8,COVID_mild_vs_Healthy,T_cell,1.0,0.0765,0.112918,False,True,False,False,NA,NA
nhood_825,-0.658735,0.331534,31,24,COVID_severe_vs_COVID_mild,T_cell,1.0,0.741399,0.626084,False,False,False,True,NA,NA
nhood_827,0.581853,0.621076,31,8,COVID_severe_vs_Healthy,Mono_c14,1.0,0.902143,0.86079,False,False,False,False,NA,NA
nhood_827,-0.099535,0.996801,24,8,COVID_mild_vs_Healthy,Mono_c14,1.0,1.0,1.0,False,False,False,False,NA,NA
nhood_827,0.681388,0.318936,31,24,COVID_severe_vs_COVID_mild,Mono_c14,1.0,0.741399,0.613704,False,False,False,True,NA,NA
nhood_838,-1.649336,0.055989,31,8,COVID_severe_vs_Healthy,Mono_c14,1.0,0.171218,0.210265,False,False,False,False,NA,NA
nhood_838,-19.093035,0.0004,24,8,COVID_mild_vs_Healthy,Mono_c14,1.0,0.052377,0.05925,False,True,False,False,NA,NA
nhood_838,17.443698,0.036193,31,24,COVID_severe_vs_COVID_mild,Mono_c14,1.0,0.674411,0.154554,False,True,False,True,NA,NA
nhood_840,-4.013067,0.003199,31,8,COVID_severe_vs_Healthy,Mono_c14,1.0,0.053704,0.076852,False,True,False,False,NA,NA
nhood_840,-5.228763,0.001,24,8,COVID_mild_vs_Healthy,Mono_c14,1.0,0.052377,0.05925,False,True,False,False,NA,NA
nhood_840,1.215696,0.535693,31,24,COVID_severe_vs_COVID_mild,Mono_c14,1.0,0.817223,0.800163,False,False,False,True,NA,NA
nhood_842,-5.998509,0.007399,31,8,COVID_severe_vs_Healthy,Mono_c14,1.0,0.054567,0.077363,False,True,False,False,NA,NA
nhood_842,-5.629294,0.010998,24,8,COVID_mild_vs_Healthy,Mono_c14,1.0,0.052377,0.079451,False,True,False,False,NA,NA
nhood_842,-0.369215,1.0,31,24,COVID_severe_vs_COVID_mild,Mono_c14,1.0,1.0,1.0,False,False,False,True,NA,NA
nhood_847,-2.276111,0.0008,31,8,COVID_severe_vs_Healthy,T_cell,1.0,0.0395,0.05925,False,True,True,False,NA,NA
nhood_847,-1.321923,0.008998,24,8,COVID_mild_vs_Healthy,T_cell,1.0,0.052377,0.079451,False,True,False,False,NA,NA
nhood_847,-0.954188,0.067786,31,24,COVID_severe_vs_COVID_mild,T_cell,1.0,0.707136,0.236254,False,False,False,True,NA,NA
nhood_854,-0.369231,0.805039,31,8,COVID_severe_vs_Healthy,T_cell,1.0,0.959241,0.954445,False,False,False,False,NA,NA
nhood_854,0.341035,0.874825,24,8,COVID_mild_vs_Healthy,T_cell,1.0,1.0,0.985753,False,False,False,False,NA,NA
nhood_854,-0.710266,0.423315,31,24,COVID_severe_vs_COVID_mild,T_cell,1.0,0.770861,0.710689,False,False,False,True,NA,NA
nhood_856,-0.954192,0.262747,31,8,COVID_severe_vs_Healthy,DC,1.0,0.539143,0.541487,False,False,False,False,NA,NA
nhood_856,-1.777597,0.079384,24,8,COVID_mild_vs_Healthy,DC,1.0,0.173401,0.261912,False,False,False,False,NA,NA
nhood_856,0.823405,0.362328,31,24,COVID_severe_vs_COVID_mild,DC,1.0,0.741476,0.658746,False,False,False,True,NA,NA
nhood_857,-0.117694,0.969406,31,8,COVID_severe_vs_Healthy,Mono_c14,1.0,1.0,1.0,False,False,False,False,NA,NA
nhood_857,-1.222383,0.179764,24,8,COVID_mild_vs_Healthy,Mono_c14,1.0,0.33415,0.450544,False,False,False,False,NA,NA
nhood_857,1.104689,0.769446,31,24,COVID_severe_vs_COVID_mild,Mono_c14,1.0,0.921004,0.939186,False,False,False,True,NA,NA
nhood_865,-0.369231,0.787842,31,8,COVID_severe_vs_Healthy,T_cell,1.0,0.950222,0.947009,False,False,False,False,NA,NA
nhood_865,0.321926,0.816837,24,8,COVID_mild_vs_Healthy,T_cell,1.0,0.965538,0.959952,False,False,False,False,NA,NA
nhood_865,-0.691158,0.39952,31,24,COVID_severe_vs_COVID_mild,T_cell,1.0,0.763599,0.693672,False,False,False,True,NA,NA
nhood_866,17.562342,0.128374,31,8,COVID_severe_vs_Healthy,B_cell,1.0,0.315281,0.357793,False,False,False,False,NA,NA
nhood_866,17.346615,0.027994,24,8,COVID_mild_vs_Healthy,B_cell,1.0,0.084517,0.127998,False,True,False,False,NA,NA
nhood_866,0.215727,0.803839,31,24,COVID_severe_vs_COVID_mild,B_cell,1.0,0.945458,0.954445,False,False,False,True,NA,NA
nhood_871,3.090163,0.70146,31,8,COVID_severe_vs_Healthy,Mono_c14,1.0,0.919221,0.897818,False,False,False,False,NA,NA
nhood_871,-15.166073,0.25215,24,8,COVID_mild_vs_Healthy,Mono_c14,1.0,0.417899,0.530465,False,False,False,False,NA,NA
nhood_871,18.256236,0.441512,31,24,COVID_severe_vs_COVID_mild,Mono_c14,1.0,0.781237,0.727314,False,False,False,True,NA,NA
nhood_881,18.170022,0.404919,31,8,COVID_severe_vs_Healthy,Mono_c14,1.0,0.727014,0.69878,False,False,False,False,NA,NA
nhood_881,15.124254,0.563287,24,8,COVID_mild_vs_Healthy,Mono_c14,1.0,0.773907,0.824068,False,False,False,False,NA,NA
nhood_881,3.045768,0.526495,31,24,COVID_severe_vs_COVID_mild,Mono_c14,1.0,0.815551,0.793089,False,False,False,True,NA,NA
nhood_887,-1.954189,0.052989,31,8,COVID_severe_vs_Healthy,Mono_c14,1.0,0.165242,0.207577,False,False,False,False,NA,NA
nhood_887,-4.754824,0.028994,24,8,COVID_mild_vs_Healthy,Mono_c14,1.0,0.086435,0.130887,False,True,False,False,NA,NA
nhood_887,2.800635,0.126575,31,24,COVID_severe_vs_COVID_mild,Mono_c14,1.0,0.707136,0.355009,False,False,False,True,NA,NA
nhood_902,0.36773,0.988202,31,8,COVID_severe_vs_Healthy,Mono_c14,1.0,1.0,1.0,False,False,False,False,NA,NA
nhood_902,-17.668541,0.057988,24,8,COVID_mild_vs_Healthy,Mono_c14,1.0,0.13882,0.211977,False,False,False,False,NA,NA
nhood_902,18.036271,0.267746,31,24,COVID_severe_vs_COVID_mild,Mono_c14,1.0,0.707136,0.549401,False,False,False,True,NA,NA
nhood_904,-3.008631,0.020396,31,8,COVID_severe_vs_Healthy,Mono_c14,1.0,0.08193,0.108626,False,True,False,False,NA,NA
nhood_904,-5.339779,0.013397,24,8,COVID_mild_vs_Healthy,Mono_c14,1.0,0.053815,0.085428,False,True,False,False,NA,NA
nhood_904,2.331148,0.085583,31,24,COVID_severe_vs_COVID_mild,Mono_c14,1.0,0.707136,0.275358,False,False,False,True,NA,NA
nhood_907,-2.021301,0.005399,31,8,COVID_severe_vs_Healthy,T_cell,1.0,0.054567,0.076852,False,True,False,False,NA,NA
nhood_907,-2.237028,0.003599,24,8,COVID_mild_vs_Healthy,T_cell,1.0,0.052377,0.076852,False,True,False,False,NA,NA
nhood_907,0.215727,0.826635,31,24,COVID_severe_vs_COVID_mild,T_cell,1.0,0.953089,0.964203,False,False,False,True,NA,NA
nhood_915,-3.494747,0.009398,31,8,COVID_severe_vs_Healthy,Mono_c14,1.0,0.056869,0.079451,False,True,False,False,NA,NA
nhood_915,-3.999973,0.004999,24,8,COVID_mild_vs_Healthy,Mono_c14,1.0,0.052377,0.076852,False,True,False,False,NA,NA
nhood_915,0.505227,0.817836,31,24,COVID_severe_vs_COVID_mild,Mono_c14,1.0,0.952467,0.960333,False,False,False,True,NA,NA
nhood_917,1.215721,0.713657,31,8,COVID_severe_vs_Healthy,Mono_c14,1.0,0.919221,0.901428,False,False,False,False,NA,NA
nhood_917,-1.584937,0.418116,24,8,COVID_mild_vs_Healthy,Mono_c14,1.0,0.631169,0.70748,False,False,False,False,NA,NA
nhood_917,2.800659,0.240352,31,24,COVID_severe_vs_COVID_mild,Mono_c14,1.0,0.707136,0.523035,False,False,False,True,NA,NA
nhood_918,-0.95419,0.233753,31,8,COVID_severe_vs_Healthy,T_cell,1.0,0.500375,0.516947,False,False,False,False,NA,NA
nhood_918,-0.169924,0.9998,24,8,COVID_mild_vs_Healthy,T_cell,1.0,1.0,1.0,False,False,False,False,NA,NA
nhood_918,-0.784266,0.345531,31,24,COVID_severe_vs_COVID_mild,T_cell,1.0,0.741399,0.640606,False,False,False,True,NA,NA
nhood_932,-3.670385,0.024195,31,8,COVID_severe_vs_Healthy,Mono_c14,1.0,0.089597,0.117025,False,True,False,False,NA,NA
nhood_932,-6.108419,0.022795,24,8,COVID_mild_vs_Healthy,Mono_c14,1.0,0.07663,0.114539,False,True,False,False,NA,NA
nhood_932,2.438034,0.35133,31,24,COVID_severe_vs_COVID_mild,Mono_c14,1.0,0.741399,0.644634,False,False,False,True,NA,NA
nhood_934,-2.423672,0.019796,31,8,COVID_severe_vs_Healthy,Mono_c14,1.0,0.081708,0.107299,False,True,False,False,NA,NA
nhood_934,-3.432937,0.012398,24,8,COVID_mild_vs_Healthy,Mono_c14,1.0,0.052377,0.082169,False,True,False,False,NA,NA
nhood_934,1.009265,0.323335,31,24,COVID_severe_vs_COVID_mild,Mono_c14,1.0,0.741399,0.620489,False,False,False,True,NA,NA
nhood_957,-0.21723,0.920616,31,8,COVID_severe_vs_Healthy,Mono_c14,1.0,1.0,1.0,False,False,False,False,NA,NA
nhood_957,-1.169917,0.218156,24,8,COVID_mild_vs_Healthy,Mono_c14,1.0,0.385843,0.502186,False,False,False,False,NA,NA
nhood_957,0.952687,0.338132,31,24,COVID_severe_vs_COVID_mild,Mono_c14,1.0,0.741399,0.63517,False,False,False,True,NA,NA
nhood_969,-5.654572,0.005599,31,8,COVID_severe_vs_Healthy,Mono_c14,1.0,0.054567,0.076852,False,True,False,False,NA,NA
nhood_969,-5.87029,0.008598,24,8,COVID_mild_vs_Healthy,Mono_c14,1.0,0.052377,0.079451,False,True,False,False,NA,NA
nhood_969,0.215718,1.0,31,24,COVID_severe_vs_COVID_mild,Mono_c14,1.0,1.0,1.0,False,False,False,True,NA,NA
nhood_970,-0.632258,0.742252,31,8,COVID_severe_vs_Healthy,T_cell,1.0,0.93076,0.91941,False,False,False,False,NA,NA
nhood_970,2.115463,0.152769,24,8,COVID_mild_vs_Healthy,T_cell,1.0,0.29436,0.403787,False,False,False,False,NA,NA
nhood_970,-2.74772,0.001,31,24,COVID_severe_vs_COVID_mild,T_cell,1.0,0.0948,0.05925,False,True,False,True,NA,NA
nhood_986,2.903755,0.635673,31,8,COVID_severe_vs_Healthy,Mono_c14,1.0,0.902248,0.860876,False,False,False,False,NA,NA
nhood_986,-15.346641,0.237952,24,8,COVID_mild_vs_Healthy,Mono_c14,1.0,0.407181,0.520566,False,False,False,False,NA,NA
nhood_986,18.250395,0.269146,31,24,COVID_severe_vs_COVID_mild,Mono_c14,1.0,0.707136,0.551478,False,False,False,True,NA,NA
nhood_989,-1.847274,0.077984,31,8,COVID_severe_vs_Healthy,Mono_c14,1.0,0.216166,0.260313,False,False,False,False,NA,NA
nhood_989,-3.285378,0.038392,24,8,COVID_mild_vs_Healthy,Mono_c14,1.0,0.105801,0.15963,False,True,False,False,NA,NA
nhood_989,1.438104,0.371526,31,24,COVID_severe_vs_COVID_mild,Mono_c14,1.0,0.741476,0.666217,False,False,False,True,NA,NA
nhood_995,0.531227,0.613277,31,8,COVID_severe_vs_Healthy,Mono_c14,1.0,0.899979,0.854143,False,False,False,False,NA,NA
nhood_995,-0.099535,1.0,24,8,COVID_mild_vs_Healthy,Mono_c14,1.0,1.0,1.0,False,False,False,False,NA,NA
nhood_995,0.630762,0.34893,31,24,COVID_severe_vs_COVID_mild,Mono_c14,1.0,0.741399,0.642718,False,False,False,True,NA,NA
nhood_1000,1.569351,0.342731,31,8,COVID_severe_vs_Healthy,NK,1.0,0.66154,0.63791,False,False,False,False,NA,NA
nhood_1000,1.22238,0.486903,24,8,COVID_mild_vs_Healthy,NK,1.0,0.701496,0.758353,False,False,False,False,NA,NA
nhood_1000,0.346971,0.656069,31,24,COVID_severe_vs_COVID_mild,NK,1.0,0.86623,0.872657,False,False,False,True,NA,NA
nhood_1007,-0.824909,0.254349,31,8,COVID_severe_vs_Healthy,B_cell,1.0,0.526883,0.530746,False,False,False,False,NA,NA
nhood_1007,-0.455677,0.466707,24,8,COVID_mild_vs_Healthy,B_cell,1.0,0.689156,0.752936,False,False,False,False,NA,NA
nhood_1007,-0.369231,0.533093,31,24,COVID_severe_vs_COVID_mild,B_cell,1.0,0.817223,0.799097,False,False,False,True,NA,NA
nhood_1010,-1.106191,0.285943,31,8,COVID_severe_vs_Healthy,B_cell,1.0,0.571886,0.566311,False,False,False,False,NA,NA
nhood_1010,0.341035,0.842831,24,8,COVID_mild_vs_Healthy,B_cell,1.0,0.98181,0.970355,False,False,False,False,NA,NA
nhood_1010,-1.447226,0.042991,31,24,COVID_severe_vs_COVID_mild,B_cell,1.0,0.707136,0.175167,False,True,False,True,NA,NA
nhood_1014,-2.664678,0.018996,31,8,COVID_severe_vs_Healthy,Mono_c14,1.0,0.081118,0.104699,False,True,False,False,NA,NA
nhood_1014,-3.754861,0.012997,24,8,COVID_mild_vs_Healthy,Mono_c14,1.0,0.05357,0.084391,False,True,False,False,NA,NA
nhood_1014,1.090183,0.335733,31,24,COVID_severe_vs_COVID_mild,Mono_c14,1.0,0.741399,0.63225,False,False,False,True,NA,NA
nhood_1015,-4.539128,0.005999,31,8,COVID_severe_vs_Healthy,Mono_c14,1.0,0.054567,0.076852,False,True,False,False,NA,NA
nhood_1015,-5.977193,0.013997,24,8,COVID_mild_vs_Healthy,Mono_c14,1.0,0.055753,0.087297,False,True,False,False,NA,NA
nhood_1015,1.438065,0.379324,31,24,COVID_severe_vs_COVID_mild,Mono_c14,1.0,0.741476,0.66956,False,False,False,True,NA,NA
nhood_1026,-5.024542,0.001,31,8,COVID_severe_vs_Healthy,Mono_c14,1.0,0.0395,0.05925,False,True,True,False,NA,NA
nhood_1026,-5.392261,0.0016,24,8,COVID_mild_vs_Healthy,Mono_c14,1.0,0.052377,0.068945,False,True,False,False,NA,NA
nhood_1026,0.367719,1.0,31,24,COVID_severe_vs_COVID_mild,Mono_c14,1.0,1.0,1.0,False,False,False,True,NA,NA
nhood_1039,-0.632257,0.657868,31,8,COVID_severe_vs_Healthy,T_cell,1.0,0.903433,0.872657,False,False,False,False,NA,NA
nhood_1039,2.16991,0.090782,24,8,COVID_mild_vs_Healthy,T_cell,1.0,0.190401,0.284344,False,False,False,False,NA,NA
nhood_1039,-2.802167,0.0004,31,24,COVID_severe_vs_COVID_mild,T_cell,1.0,0.0948,0.05925,False,True,False,True,NA,NA
nhood_1044,-0.015597,0.9986,31,8,COVID_severe_vs_Healthy,Mono_c14,1.0,1.0,1.0,False,False,False,False,NA,NA
nhood_1044,-0.999993,0.433913,24,8,COVID_mild_vs_Healthy,Mono_c14,1.0,0.652936,0.721666,False,False,False,False,NA,NA
nhood_1044,0.984396,0.218756,31,24,COVID_severe_vs_COVID_mild,Mono_c14,1.0,0.707136,0.502186,False,False,False,True,NA,NA
nhood_1046,1.689646,0.605279,31,8,COVID_severe_vs_Healthy,Mono_c14,1.0,0.891001,0.848839,False,False,False,False,NA,NA
nhood_1046,0.415032,0.908618,24,8,COVID_mild_vs_Healthy,Mono_c14,1.0,1.0,1.0,False,False,False,False,NA,NA
nhood_1046,1.274613,0.418716,31,24,COVID_severe_vs_COVID_mild,Mono_c14,1.0,0.769269,0.70748,False,False,False,True,NA,NA
nhood_1055,-2.632257,0.020396,31,8,COVID_severe_vs_Healthy,Mono_c14,1.0,0.08193,0.108626,False,True,False,False,NA,NA
nhood_1055,-3.263015,0.012597,24,8,COVID_mild_vs_Healthy,Mono_c14,1.0,0.052377,0.082169,False,True,False,False,NA,NA
nhood_1055,0.630759,0.394721,31,24,COVID_severe_vs_COVID_mild,Mono_c14,1.0,0.7594,0.687859,False,False,False,True,NA,NA
nhood_1063,18.260831,0.445711,31,8,COVID_severe_vs_Healthy,Mono_c14,1.0,0.75184,0.731872,False,False,False,False,NA,NA
nhood_1063,13.420738,1.0,24,8,COVID_mild_vs_Healthy,Mono_c14,1.0,1.0,1.0,False,False,False,False,NA,NA
nhood_1063,4.840093,0.224955,31,24,COVID_severe_vs_COVID_mild,Mono_c14,1.0,0.707136,0.507756,False,False,False,True,NA,NA
nhood_1064,-1.337518,0.041992,31,8,COVID_severe_vs_Healthy,T_cell,1.0,0.13727,0.17258,False,True,False,False,NA,NA
nhood_1064,-1.032417,0.072585,24,8,COVID_mild_vs_Healthy,T_cell,1.0,0.162289,0.246339,False,False,False,False,NA,NA
nhood_1064,-0.305101,0.641872,31,24,COVID_severe_vs_COVID_mild,T_cell,1.0,0.852233,0.862705,False,False,False,True,NA,NA
nhood_1073,18.299305,0.213157,31,8,COVID_severe_vs_Healthy,Mono_c14,1.0,0.472133,0.494469,False,False,False,False,NA,NA
nhood_1073,0.0,1.0,24,8,COVID_mild_vs_Healthy,Mono_c14,1.0,1.0,1.0,False,False,False,False,NA,NA
nhood_1073,18.299305,0.135573,31,24,COVID_severe_vs_COVID_mild,Mono_c14,1.0,0.707136,0.372891,False,False,False,True,NA,NA
nhood_1075,0.247436,0.955809,31,8,COVID_severe_vs_Healthy,Mono_c14,1.0,1.0,1.0,False,False,False,False,NA,NA
nhood_1075,-2.906846,0.055189,24,8,COVID_mild_vs_Healthy,Mono_c14,1.0,0.138041,0.209836,False,False,False,False,NA,NA
nhood_1075,3.154282,0.457309,31,24,COVID_severe_vs_COVID_mild,Mono_c14,1.0,0.781703,0.743516,False,False,False,True,NA,NA
nhood_1081,-3.53914,0.008198,31,8,COVID_severe_vs_Healthy,Mono_c14,1.0,0.055512,0.079451,False,True,False,False,NA,NA
nhood_1081,-4.169896,0.010798,24,8,COVID_mild_vs_Healthy,Mono_c14,1.0,0.052377,0.079451,False,True,False,False,NA,NA
nhood_1081,0.630755,0.578084,31,24,COVID_severe_vs_COVID_mild,Mono_c14,1.0,0.833212,0.830694,False,False,False,True,NA,NA
nhood_1082,-6.202031,0.0012,31,8,COVID_severe_vs_Healthy,Mono_c14,1.0,0.040629,0.0632,False,True,True,False,NA,NA
nhood_1082,-5.832819,0.004599,24,8,COVID_mild_vs_Healthy,Mono_c14,1.0,0.052377,0.076852,False,True,False,False,NA,NA
nhood_1082,-0.369213,1.0,31,24,COVID_severe_vs_COVID_mild,Mono_c14,1.0,1.0,1.0,False,False,False,True,NA,NA
nhood_1085,0.569363,0.64987,31,8,COVID_severe_vs_Healthy,DC,1.0,0.903338,0.869346,False,False,False,False,NA,NA
nhood_1085,-0.99999,0.220956,24,8,COVID_mild_vs_Healthy,DC,1.0,0.389343,0.502719,False,False,False,False,NA,NA
nhood_1085,1.569353,0.163367,31,24,COVID_severe_vs_COVID_mild,DC,1.0,0.707136,0.419328,False,False,False,True,NA,NA
nhood_1099,-2.106186,0.013597,31,8,COVID_severe_vs_Healthy,T_cell,1.0,0.067842,0.085553,False,True,False,False,NA,NA
nhood_1099,-0.999996,0.163967,24,8,COVID_mild_vs_Healthy,T_cell,1.0,0.310881,0.42011,False,False,False,False,NA,NA
nhood_1099,-1.10619,0.054389,31,24,COVID_severe_vs_COVID_mild,T_cell,1.0,0.707136,0.209435,False,False,False,True,NA,NA
nhood_1113,-2.160639,0.032394,31,8,COVID_severe_vs_Healthy,Mono_c14,1.0,0.108899,0.141736,False,True,False,False,NA,NA
nhood_1113,-3.906857,0.005799,24,8,COVID_mild_vs_Healthy,Mono_c14,1.0,0.052377,0.076852,False,True,False,False,NA,NA
nhood_1113,1.746218,0.308538,31,24,COVID_severe_vs_COVID_mild,Mono_c14,1.0,0.73491,0.598555,False,False,False,True,NA,NA
nhood_1114,-0.45943,0.787642,31,8,COVID_severe_vs_Healthy,Mono_c14,1.0,0.950222,0.947009,False,False,False,False,NA,NA
nhood_1114,-18.320615,0.066787,24,8,COVID_mild_vs_Healthy,Mono_c14,1.0,0.152933,0.233344,False,False,False,False,NA,NA
nhood_1114,17.861185,0.134773,31,24,COVID_severe_vs_COVID_mild,Mono_c14,1.0,0.707136,0.371409,False,False,False,True,NA,NA
nhood_1116,0.247436,0.846031,31,8,COVID_severe_vs_Healthy,B_cell,1.0,0.968644,0.972004,False,False,False,False,NA,NA
nhood_1116,-0.73696,0.54829,24,8,COVID_mild_vs_Healthy,B_cell,1.0,0.759911,0.80711,False,False,False,False,NA,NA
nhood_1116,0.984396,0.271946,31,24,COVID_severe_vs_COVID_mild,B_cell,1.0,0.707136,0.553229,False,False,False,True,NA,NA
nhood_1120,-1.061105,0.220556,31,8,COVID_severe_vs_Healthy,NK,1.0,0.483998,0.502613,False,False,False,False,NA,NA
nhood_1120,-0.58496,0.479104,24,8,COVID_mild_vs_Healthy,NK,1.0,0.692364,0.755306,False,False,False,False,NA,NA
nhood_1120,-0.476146,0.480904,31,24,COVID_severe_vs_COVID_mild,NK,1.0,0.781703,0.756573,False,False,False,True,NA,NA
nhood_1122,0.630762,0.744451,31,8,COVID_severe_vs_Healthy,NK,1.0,0.931055,0.920224,False,False,False,False,NA,NA
nhood_1122,0.415034,0.902819,24,8,COVID_mild_vs_Healthy,NK,1.0,1.0,1.0,False,False,False,False,NA,NA
nhood_1122,0.215727,0.842631,31,24,COVID_severe_vs_COVID_mild,NK,1.0,0.960113,0.970355,False,False,False,True,NA,NA
nhood_1123,-1.731796,0.063787,31,8,COVID_severe_vs_Healthy,T_cell,1.0,0.187221,0.225635,False,False,False,False,NA,NA
nhood_1123,-1.710485,0.070586,24,8,COVID_mild_vs_Healthy,T_cell,1.0,0.159323,0.241282,False,False,False,False,NA,NA
nhood_1123,-0.02131,1.0,31,24,COVID_severe_vs_COVID_mild,T_cell,1.0,1.0,1.0,False,False,False,True,NA,NA
nhood_1153,-2.253748,0.076785,31,8,COVID_severe_vs_Healthy,Mono_c14,1.0,0.215361,0.25752,False,False,False,False,NA,NA
nhood_1153,-5.584861,0.065187,24,8,COVID_mild_vs_Healthy,Mono_c14,1.0,0.149993,0.228879,False,False,False,False,NA,NA
nhood_1153,3.331112,0.485103,31,24,COVID_severe_vs_COVID_mild,Mono_c14,1.0,0.781703,0.757208,False,False,False,True,NA,NA
nhood_1154,-0.106199,0.979404,31,8,COVID_severe_vs_Healthy,T_cell,1.0,1.0,1.0,False,False,False,False,NA,NA
nhood_1154,-0.906884,0.657868,24,8,COVID_mild_vs_Healthy,T_cell,1.0,0.847363,0.872657,False,False,False,False,NA,NA
nhood_1154,0.800685,0.54989,31,24,COVID_severe_vs_COVID_mild,T_cell,1.0,0.819647,0.808381,False,False,False,True,NA,NA
nhood_1155,-5.861003,0.0024,31,8,COVID_severe_vs_Healthy,Mono_c14,1.0,0.045504,0.076852,False,True,True,False,NA,NA
nhood_1155,-3.90687,0.009398,24,8,COVID_mild_vs_Healthy,Mono_c14,1.0,0.052377,0.079451,False,True,False,False,NA,NA
nhood_1155,-1.954133,0.102579,31,24,COVID_severe_vs_COVID_mild,Mono_c14,1.0,0.707136,0.309041,False,False,False,True,NA,NA
nhood_1172,-2.253748,0.062787,31,8,COVID_severe_vs_Healthy,Mono_c14,1.0,0.186006,0.222651,False,False,False,False,NA,NA
nhood_1172,-5.584861,0.021996,24,8,COVID_mild_vs_Healthy,Mono_c14,1.0,0.0765,0.112918,False,True,False,False,NA,NA
nhood_1172,3.331112,0.194161,31,24,COVID_severe_vs_COVID_mild,Mono_c14,1.0,0.707136,0.474393,False,False,False,True,NA,NA
nhood_1173,-1.243698,0.235753,31,8,COVID_severe_vs_Healthy,T_cell,1.0,0.501107,0.518949,False,False,False,False,NA,NA
nhood_1173,-2.722446,0.130574,24,8,COVID_mild_vs_Healthy,T_cell,1.0,0.257884,0.362649,False,False,False,False,NA,NA
nhood_1173,1.478748,0.289742,31,24,COVID_severe_vs_COVID_mild,T_cell,1.0,0.711594,0.57224,False,False,False,True,NA,NA
nhood_1179,-2.887071,0.028594,31,8,COVID_severe_vs_Healthy,Mono_c14,1.0,0.098931,0.129493,False,True,False,False,NA,NA
nhood_1179,-19.645816,0.011198,24,8,COVID_mild_vs_Healthy,Mono_c14,1.0,0.052377,0.079451,False,True,False,False,NA,NA
nhood_1179,16.758745,0.029194,31,24,COVID_severe_vs_COVID_mild,Mono_c14,1.0,0.637616,0.130959,False,True,False,True,NA,NA
nhood_1200,-3.428112,0.010598,31,8,COVID_severe_vs_Healthy,Mono_c14,1.0,0.058412,0.079451,False,True,False,False,NA,NA
nhood_1200,-19.809892,0.010798,24,8,COVID_mild_vs_Healthy,Mono_c14,1.0,0.052377,0.079451,False,True,False,False,NA,NA
nhood_1200,16.381779,0.259548,31,24,COVID_severe_vs_COVID_mild,Mono_c14,1.0,0.707136,0.53645,False,False,False,True,NA,NA
nhood_1206,0.920267,0.641472,31,8,COVID_severe_vs_Healthy,Mono_c14,1.0,0.902248,0.862705,False,False,False,False,NA,NA
nhood_1206,-0.847988,0.228754,24,8,COVID_mild_vs_Healthy,Mono_c14,1.0,0.395728,0.510656,False,False,False,False,NA,NA
nhood_1206,1.768255,0.14757,31,24,COVID_severe_vs_COVID_mild,Mono_c14,1.0,0.707136,0.393705,False,False,False,True,NA,NA
nhood_1209,0.920264,0.469706,31,8,COVID_severe_vs_Healthy,Mono_c14,1.0,0.775751,0.752936,False,False,False,False,NA,NA
nhood_1209,1.289496,0.140572,24,8,COVID_mild_vs_Healthy,Mono_c14,1.0,0.274202,0.380025,False,False,False,False,NA,NA
nhood_1209,-0.369232,0.492102,31,24,COVID_severe_vs_COVID_mild,Mono_c14,1.0,0.784328,0.762894,False,False,False,True,NA,NA
nhood_1210,-0.29123,0.860028,31,8,COVID_severe_vs_Healthy,B_cell,1.0,0.969889,0.979379,False,False,False,False,NA,NA
nhood_1210,-1.36256,0.128574,24,8,COVID_mild_vs_Healthy,B_cell,1.0,0.254996,0.357793,False,False,False,False,NA,NA
nhood_1210,1.07133,0.24975,31,24,COVID_severe_vs_COVID_mild,B_cell,1.0,0.707136,0.530182,False,False,False,True,NA,NA
nhood_1212,-0.006664,0.975005,31,8,COVID_severe_vs_Healthy,Mono_c14,1.0,1.0,1.0,False,False,False,False,NA,NA
nhood_1212,-0.392315,0.660668,24,8,COVID_mild_vs_Healthy,Mono_c14,1.0,0.848663,0.873887,False,False,False,False,NA,NA
nhood_1212,0.385651,0.546891,31,24,COVID_severe_vs_COVID_mild,Mono_c14,1.0,0.817749,0.805885,False,False,False,True,NA,NA
nhood_1215,-0.079727,0.974405,31,8,COVID_severe_vs_Healthy,T_cell,1.0,1.0,1.0,False,False,False,False,NA,NA
nhood_1215,0.152002,1.0,24,8,COVID_mild_vs_Healthy,T_cell,1.0,1.0,1.0,False,False,False,False,NA,NA
nhood_1215,-0.231729,0.768646,31,24,COVID_severe_vs_COVID_mild,T_cell,1.0,0.921004,0.939186,False,False,False,True,NA,NA
nhood_1216,-2.106191,0.021796,31,8,COVID_severe_vs_Healthy,Mono_c14,1.0,0.084683,0.112705,False,True,False,False,NA,NA
nhood_1216,-3.099516,0.010798,24,8,COVID_mild_vs_Healthy,Mono_c14,1.0,0.052377,0.079451,False,True,False,False,NA,NA
nhood_1216,0.993325,0.412517,31,24,COVID_severe_vs_COVID_mild,Mono_c14,1.0,0.765282,0.705047,False,False,False,True,NA,NA
nhood_1218,18.206196,0.426715,31,8,COVID_severe_vs_Healthy,Mono_c14,1.0,0.735501,0.713861,False,False,False,False,NA,NA
nhood_1218,14.66859,1.0,24,8,COVID_mild_vs_Healthy,Mono_c14,1.0,1.0,1.0,False,False,False,False,NA,NA
nhood_1218,3.537606,0.232354,31,24,COVID_severe_vs_COVID_mild,Mono_c14,1.0,0.707136,0.515456,False,False,False,True,NA,NA
nhood_1220,-3.332692,0.005199,31,8,COVID_severe_vs_Healthy,Mono_c14,1.0,0.054567,0.076852,False,True,False,False,NA,NA
nhood_1220,-4.285369,0.005799,24,8,COVID_mild_vs_Healthy,Mono_c14,1.0,0.052377,0.076852,False,True,False,False,NA,NA
nhood_1220,0.952678,0.409318,31,24,COVID_severe_vs_COVID_mild,Mono_c14,1.0,0.765282,0.702959,False,False,False,True,NA,NA
nhood_1231,1.215717,0.509098,31,8,COVID_severe_vs_Healthy,B_cell,1.0,0.815245,0.776757,False,False,False,False,NA,NA
nhood_1231,1.502487,0.216757,24,8,COVID_mild_vs_Healthy,B_cell,1.0,0.384805,0.500371,False,False,False,False,NA,NA
nhood_1231,-0.28677,0.690262,31,24,COVID_severe_vs_COVID_mild,B_cell,1.0,0.875078,0.88854,False,False,False,True,NA,NA
nhood_1236,-3.243685,0.003399,31,8,COVID_severe_vs_Healthy,Mono_c14,1.0,0.053704,0.076852,False,True,False,False,NA,NA
nhood_1236,-2.722454,0.013397,24,8,COVID_mild_vs_Healthy,Mono_c14,1.0,0.053815,0.085428,False,True,False,False,NA,NA
nhood_1236,-0.521231,0.612078,31,24,COVID_severe_vs_COVID_mild,Mono_c14,1.0,0.846374,0.854143,False,False,False,True,NA,NA
nhood_1242,-4.091675,0.005599,31,8,COVID_severe_vs_Healthy,Mono_c14,1.0,0.054567,0.076852,False,True,False,False,NA,NA
nhood_1242,-4.459399,0.009798,24,8,COVID_mild_vs_Healthy,Mono_c14,1.0,0.052377,0.079451,False,True,False,False,NA,NA
nhood_1242,0.367724,1.0,31,24,COVID_severe_vs_COVID_mild,Mono_c14,1.0,1.0,1.0,False,False,False,True,NA,NA
nhood_1250,0.367729,0.764047,31,8,COVID_severe_vs_Healthy,T_cell,1.0,0.950222,0.937424,False,False,False,False,NA,NA
nhood_1250,0.874463,0.469306,24,8,COVID_mild_vs_Healthy,T_cell,1.0,0.690464,0.752936,False,False,False,False,NA,NA
nhood_1250,-0.506734,0.472306,31,24,COVID_severe_vs_COVID_mild,T_cell,1.0,0.781703,0.752936,False,False,False,True,NA,NA
nhood_1260,-1.40165,0.175765,31,8,COVID_severe_vs_Healthy,Mono_c14,1.0,0.414491,0.443152,False,False,False,False,NA,NA
nhood_1260,-2.906869,0.085783,24,8,COVID_mild_vs_Healthy,Mono_c14,1.0,0.183158,0.275358,False,False,False,False,NA,NA
nhood_1260,1.505219,0.170766,31,24,COVID_severe_vs_COVID_mild,Mono_c14,1.0,0.707136,0.433624,False,False,False,True,NA,NA
nhood_1264,-2.195193,0.007598,31,8,COVID_severe_vs_Healthy,Mono_c14,1.0,0.054567,0.077729,False,True,False,False,NA,NA
nhood_1264,-1.584956,0.024195,24,8,COVID_mild_vs_Healthy,Mono_c14,1.0,0.078017,0.117025,False,True,False,False,NA,NA
nhood_1264,-0.610237,0.380124,31,24,COVID_severe_vs_COVID_mild,Mono_c14,1.0,0.741476,0.66956,False,False,False,True,NA,NA
nhood_1267,-0.87619,0.429114,31,8,COVID_severe_vs_Healthy,Mono_c14,1.0,0.736957,0.715358,False,False,False,False,NA,NA
nhood_1267,-2.432941,0.003199,24,8,COVID_mild_vs_Healthy,Mono_c14,1.0,0.052377,0.076852,False,True,False,False,NA,NA
nhood_1267,1.556751,0.327734,31,24,COVID_severe_vs_COVID_mild,Mono_c14,1.0,0.741399,0.623045,False,False,False,True,NA,NA
nhood_1275,-0.838714,0.254549,31,8,COVID_severe_vs_Healthy,T_cell,1.0,0.526883,0.530746,False,False,False,False,NA,NA
nhood_1275,-0.082462,1.0,24,8,COVID_mild_vs_Healthy,T_cell,1.0,1.0,1.0,False,False,False,False,NA,NA
nhood_1275,-0.756252,0.181564,31,24,COVID_severe_vs_COVID_mild,T_cell,1.0,0.707136,0.452161,False,False,False,True,NA,NA
nhood_1282,-2.30211,0.015997,31,8,COVID_severe_vs_Healthy,T_cell,1.0,0.075075,0.095579,False,True,False,False,NA,NA
nhood_1282,-2.80734,0.014997,24,8,COVID_mild_vs_Healthy,T_cell,1.0,0.058749,0.091527,False,True,False,False,NA,NA
nhood_1282,0.50523,0.607678,31,24,COVID_severe_vs_COVID_mild,T_cell,1.0,0.84469,0.848839,False,False,False,True,NA,NA
nhood_1283,2.903752,0.376925,31,8,COVID_severe_vs_Healthy,Mono_c14,1.0,0.6979,0.668313,False,False,False,False,NA,NA
nhood_1283,0.0,1.0,24,8,COVID_mild_vs_Healthy,Mono_c14,1.0,1.0,1.0,False,False,False,False,NA,NA
nhood_1283,2.903752,0.10018,31,24,COVID_severe_vs_COVID_mild,Mono_c14,1.0,0.707136,0.305001,False,False,False,True,NA,NA
nhood_1284,-1.866727,0.024395,31,8,COVID_severe_vs_Healthy,Mono_c14,1.0,0.089637,0.117195,False,True,False,False,NA,NA
nhood_1284,-3.999961,0.006799,24,8,COVID_mild_vs_Healthy,Mono_c14,1.0,0.052377,0.07697,False,True,False,False,NA,NA
nhood_1284,2.133234,0.020996,31,24,COVID_severe_vs_COVID_mild,Mono_c14,1.0,0.543753,0.11099,False,True,False,True,NA,NA
nhood_1286,-1.036653,0.242751,31,8,COVID_severe_vs_Healthy,T_cell,1.0,0.513678,0.526207,False,False,False,False,NA,NA
nhood_1286,-0.754884,0.291942,24,8,COVID_mild_vs_Healthy,T_cell,1.0,0.473906,0.574193,False,False,False,False,NA,NA
nhood_1286,-0.281769,0.714257,31,24,COVID_severe_vs_COVID_mild,T_cell,1.0,0.895656,0.901428,False,False,False,True,NA,NA
nhood_1287,1.045791,0.688662,31,8,COVID_severe_vs_Healthy,T_cell,1.0,0.919221,0.88854,False,False,False,False,NA,NA
nhood_1287,2.058875,0.156769,24,8,COVID_mild_vs_Healthy,T_cell,1.0,0.299631,0.410081,False,False,False,False,NA,NA
nhood_1287,-1.013084,0.193361,31,24,COVID_severe_vs_COVID_mild,T_cell,1.0,0.707136,0.473252,False,False,False,True,NA,NA
nhood_1308,17.804542,0.25055,31,8,COVID_severe_vs_Healthy,B_cell,1.0,0.52549,0.530182,False,False,False,False,NA,NA
nhood_1308,16.884275,0.461108,24,8,COVID_mild_vs_Healthy,B_cell,1.0,0.683016,0.748511,False,False,False,False,NA,NA
nhood_1308,0.920267,0.577684,31,24,COVID_severe_vs_COVID_mild,B_cell,1.0,0.833212,0.830694,False,False,False,True,NA,NA
nhood_1309,-2.134758,0.019196,31,8,COVID_severe_vs_Healthy,Mono_c14,1.0,0.08124,0.105393,False,True,False,False,NA,NA
nhood_1309,-1.865062,0.024195,24,8,COVID_mild_vs_Healthy,Mono_c14,1.0,0.078017,0.117025,False,True,False,False,NA,NA
nhood_1309,-0.269696,0.80104,31,24,COVID_severe_vs_COVID_mild,Mono_c14,1.0,0.94451,0.952407,False,False,False,True,NA,NA
nhood_1311,-0.674085,0.387323,31,8,COVID_severe_vs_Healthy,NK,1.0,0.705228,0.677458,False,False,False,False,NA,NA
nhood_1311,-1.807343,0.037393,24,8,COVID_mild_vs_Healthy,NK,1.0,0.104202,0.156762,False,True,False,False,NA,NA
nhood_1311,1.133257,0.19776,31,24,COVID_severe_vs_COVID_mild,NK,1.0,0.707136,0.477444,False,False,False,True,NA,NA
nhood_1319,-1.302114,0.20176,31,8,COVID_severe_vs_Healthy,Mono_c14,1.0,0.466508,0.483001,False,False,False,False,NA,NA
nhood_1319,-2.392302,0.005599,24,8,COVID_mild_vs_Healthy,Mono_c14,1.0,0.052377,0.076852,False,True,False,False,NA,NA
nhood_1319,1.090188,0.588482,31,24,COVID_severe_vs_COVID_mild,Mono_c14,1.0,0.837659,0.837659,False,False,False,True,NA,NA
nhood_1321,-1.021307,0.543091,31,8,COVID_severe_vs_Healthy,Mono_c14,1.0,0.842498,0.803616,False,False,False,False,NA,NA
nhood_1321,-18.712932,0.0016,24,8,COVID_mild_vs_Healthy,Mono_c14,1.0,0.052377,0.068945,False,True,False,False,NA,NA
nhood_1321,17.691625,0.096981,31,24,COVID_severe_vs_COVID_mild,Mono_c14,1.0,0.707136,0.2985,False,False,False,True,NA,NA
nhood_1325,1.045797,0.843431,31,8,COVID_severe_vs_Healthy,Mono_c14,1.0,0.968006,0.970355,False,False,False,False,NA,NA
nhood_1325,-0.847987,0.772446,24,8,COVID_mild_vs_Healthy,Mono_c14,1.0,0.940276,0.939473,False,False,False,False,NA,NA
nhood_1325,1.893784,0.468706,31,24,COVID_severe_vs_COVID_mild,Mono_c14,1.0,0.781703,0.752936,False,False,False,True,NA,NA
nhood_1339,-1.71318,0.113977,31,8,COVID_severe_vs_Healthy,Mono_c14,1.0,0.288904,0.330092,False,False,False,False,NA,NA
nhood_1339,-1.584955,0.184963,24,8,COVID_mild_vs_Healthy,Mono_c14,1.0,0.339816,0.457121,False,False,False,False,NA,NA
nhood_1339,-0.128225,0.870026,31,24,COVID_severe_vs_COVID_mild,Mono_c14,1.0,0.972623,0.983448,False,False,False,True,NA,NA
nhood_1348,-0.494763,0.638072,31,8,COVID_severe_vs_Healthy,Mono_c14,1.0,0.902248,0.86167,False,False,False,False,NA,NA
nhood_1348,-2.263015,0.033993,24,8,COVID_mild_vs_Healthy,Mono_c14,1.0,0.097653,0.146924,False,True,False,False,NA,NA
nhood_1348,1.768253,0.106779,31,24,COVID_severe_vs_COVID_mild,Mono_c14,1.0,0.707136,0.314894,False,False,False,True,NA,NA
nhood_1357,-1.217222,0.136373,31,8,COVID_severe_vs_Healthy,T_cell,1.0,0.331251,0.374368,False,False,False,False,NA,NA
nhood_1357,0.078002,1.0,24,8,COVID_mild_vs_Healthy,T_cell,1.0,1.0,1.0,False,False,False,False,NA,NA
nhood_1357,-1.295224,0.042392,31,24,COVID_severe_vs_COVID_mild,T_cell,1.0,0.707136,0.173722,False,True,False,True,NA,NA
nhood_1363,-4.36016,0.004599,31,8,COVID_severe_vs_Healthy,Mono_c14,1.0,0.054567,0.076852,False,True,False,False,NA,NA
nhood_1363,-5.312826,0.006999,24,8,COVID_mild_vs_Healthy,Mono_c14,1.0,0.052377,0.07697,False,True,False,False,NA,NA
nhood_1363,0.952666,0.376325,31,24,COVID_severe_vs_COVID_mild,Mono_c14,1.0,0.741476,0.668083,False,False,False,True,NA,NA
nhood_1374,1.505223,0.542891,31,8,COVID_severe_vs_Healthy,Mono_c14,1.0,0.842498,0.803616,False,False,False,False,NA,NA
nhood_1374,0.736958,0.755249,24,8,COVID_mild_vs_Healthy,Mono_c14,1.0,0.929839,0.928969,False,False,False,False,NA,NA
nhood_1374,0.768265,0.4983,31,24,COVID_severe_vs_COVID_mild,Mono_c14,1.0,0.784698,0.766343,False,False,False,True,NA,NA
nhood_1386,1.268189,0.865427,31,8,COVID_severe_vs_Healthy,Mono_c14,1.0,0.969889,0.981369,False,False,False,False,NA,NA
nhood_1386,-16.884275,0.056189,24,8,COVID_mild_vs_Healthy,Mono_c14,1.0,0.138041,0.210265,False,False,False,False,NA,NA
nhood_1386,18.152464,0.136773,31,24,COVID_severe_vs_COVID_mild,Mono_c14,1.0,0.707136,0.374568,False,False,False,True,NA,NA
nhood_1392,-0.028197,1.0,31,8,COVID_severe_vs_Healthy,Mono_c14,0.976744,1.0,1.0,False,False,False,False,NA,NA
nhood_1392,0.341035,0.9984,24,8,COVID_mild_vs_Healthy,Mono_c14,0.976744,1.0,1.0,False,False,False,False,NA,NA
nhood_1392,-0.369232,0.918616,31,24,COVID_severe_vs_COVID_mild,Mono_c14,0.976744,0.994119,1.0,False,False,False,True,NA,NA
nhood_1401,-0.369231,0.80044,31,8,COVID_severe_vs_Healthy,B_cell,1.0,0.958102,0.952407,False,False,False,False,NA,NA
nhood_1401,0.502498,0.714857,24,8,COVID_mild_vs_Healthy,B_cell,1.0,0.88727,0.901428,False,False,False,False,NA,NA
nhood_1401,-0.871729,0.239752,31,24,COVID_severe_vs_COVID_mild,B_cell,1.0,0.707136,0.522895,False,False,False,True,NA,NA
nhood_1411,-0.95419,0.546491,31,8,COVID_severe_vs_Healthy,T_cell,1.0,0.843768,0.805885,False,False,False,False,NA,NA
nhood_1411,-0.263033,0.875425,24,8,COVID_mild_vs_Healthy,T_cell,1.0,1.0,0.985753,False,False,False,False,NA,NA
nhood_1411,-0.691157,0.484703,31,24,COVID_severe_vs_COVID_mild,T_cell,1.0,0.781703,0.757208,False,False,False,True,NA,NA
nhood_1413,2.438091,0.339732,31,8,COVID_severe_vs_Healthy,B_cell,1.0,0.660748,0.635569,False,False,False,False,NA,NA
nhood_1413,1.73694,0.382124,24,8,COVID_mild_vs_Healthy,B_cell,1.0,0.586171,0.67084,False,False,False,False,NA,NA
nhood_1413,0.701151,0.475305,31,24,COVID_severe_vs_COVID_mild,B_cell,1.0,0.781703,0.754555,False,False,False,True,NA,NA
nhood_1417,-2.461147,0.017596,31,8,COVID_severe_vs_Healthy,Mono_c14,1.0,0.077949,0.100488,False,True,False,False,NA,NA
nhood_1417,-4.754833,0.002799,24,8,COVID_mild_vs_Healthy,Mono_c14,1.0,0.052377,0.076852,False,True,False,False,NA,NA
nhood_1417,2.293686,0.269946,31,24,COVID_severe_vs_COVID_mild,Mono_c14,1.0,0.707136,0.551528,False,False,False,True,NA,NA
nhood_1418,-3.106184,0.011398,31,8,COVID_severe_vs_Healthy,T_cell,1.0,0.060704,0.079451,False,True,False,False,NA,NA
nhood_1418,-3.09952,0.018396,24,8,COVID_mild_vs_Healthy,T_cell,1.0,0.067075,0.102989,False,True,False,False,NA,NA
nhood_1418,-0.006664,0.996401,31,24,COVID_severe_vs_COVID_mild,T_cell,1.0,1.0,1.0,False,False,False,True,NA,NA
nhood_1424,-2.539144,0.0008,31,8,COVID_severe_vs_Healthy,Mono_c14,1.0,0.0395,0.05925,False,True,True,False,NA,NA
nhood_1424,-1.710487,0.008998,24,8,COVID_mild_vs_Healthy,Mono_c14,1.0,0.052377,0.079451,False,True,False,False,NA,NA
nhood_1424,-0.828658,0.271946,31,24,COVID_severe_vs_COVID_mild,Mono_c14,1.0,0.707136,0.553229,False,False,False,True,NA,NA
nhood_1440,0.36773,0.836433,31,8,COVID_severe_vs_Healthy,B_cell,1.0,0.968006,0.967785,False,False,False,False,NA,NA
nhood_1440,-0.584958,0.794441,24,8,COVID_mild_vs_Healthy,B_cell,1.0,0.953526,0.951963,False,False,False,False,NA,NA
nhood_1440,0.952688,0.208358,31,24,COVID_severe_vs_COVID_mild,B_cell,1.0,0.707136,0.491009,False,False,False,True,NA,NA
nhood_1449,0.697877,0.852829,31,8,COVID_severe_vs_Healthy,Mono_c14,1.0,0.969889,0.978002,False,False,False,False,NA,NA
nhood_1449,-2.807302,0.105779,24,8,COVID_mild_vs_Healthy,Mono_c14,1.0,0.21519,0.312719,False,False,False,False,NA,NA
nhood_1449,3.505178,0.35193,31,24,COVID_severe_vs_COVID_mild,Mono_c14,1.0,0.741399,0.644903,False,False,False,True,NA,NA
nhood_1463,-1.397798,0.211758,31,8,COVID_severe_vs_Healthy,Mono_c14,1.0,0.472126,0.493762,False,False,False,False,NA,NA
nhood_1463,-18.948645,0.007998,24,8,COVID_mild_vs_Healthy,Mono_c14,1.0,0.052377,0.079451,False,True,False,False,NA,NA
nhood_1463,17.550847,0.103179,31,24,COVID_severe_vs_COVID_mild,Mono_c14,1.0,0.707136,0.310191,False,False,False,True,NA,NA
nhood_1470,-1.124115,0.154369,31,8,COVID_severe_vs_Healthy,T_cell,1.0,0.36955,0.406505,False,False,False,False,NA,NA
nhood_1470,-0.58496,0.380724,24,8,COVID_mild_vs_Healthy,T_cell,1.0,0.585919,0.66956,False,False,False,False,NA,NA
nhood_1470,-0.539155,0.311738,31,24,COVID_severe_vs_COVID_mild,T_cell,1.0,0.735143,0.602298,False,False,False,True,NA,NA
nhood_1472,-1.85465,0.060388,31,8,COVID_severe_vs_Healthy,T_cell,1.0,0.180025,0.216302,False,False,False,False,NA,NA
nhood_1472,-1.070385,0.168566,24,8,COVID_mild_vs_Healthy,T_cell,1.0,0.315811,0.429571,False,False,False,False,NA,NA
nhood_1472,-0.784265,0.372126,31,24,COVID_severe_vs_COVID_mild,T_cell,1.0,0.741476,0.666452,False,False,False,True,NA,NA
nhood_1473,0.045803,1.0,31,8,COVID_severe_vs_Healthy,NK,1.0,1.0,1.0,False,False,False,False,NA,NA
nhood_1473,0.0,1.0,24,8,COVID_mild_vs_Healthy,NK,1.0,1.0,1.0,False,False,False,False,NA,NA
nhood_1473,0.045803,1.0,31,24,COVID_severe_vs_COVID_mild,NK,1.0,1.0,1.0,False,False,False,True,NA,NA
nhood_1481,0.367727,1.0,31,8,COVID_severe_vs_Healthy,NK,1.0,1.0,1.0,False,False,False,False,NA,NA
nhood_1481,1.999984,0.25215,24,8,COVID_mild_vs_Healthy,NK,1.0,0.417899,0.530465,False,False,False,False,NA,NA
nhood_1481,-1.632257,0.059988,31,24,COVID_severe_vs_COVID_mild,NK,1.0,0.707136,0.215411,False,False,False,True,NA,NA
nhood_1485,-0.674085,0.462108,31,8,COVID_severe_vs_Healthy,Mono_c14,1.0,0.768559,0.749279,False,False,False,False,NA,NA
nhood_1485,-0.80735,0.253949,24,8,COVID_mild_vs_Healthy,Mono_c14,1.0,0.418616,0.530746,False,False,False,False,NA,NA
nhood_1485,0.133266,0.907219,31,24,COVID_severe_vs_COVID_mild,Mono_c14,1.0,0.987718,1.0,False,False,False,True,NA,NA
nhood_1496,-3.302105,0.016997,31,8,COVID_severe_vs_Healthy,Mono_c14,1.0,0.076729,0.098251,False,True,False,False,NA,NA
nhood_1496,-5.392248,0.010598,24,8,COVID_mild_vs_Healthy,Mono_c14,1.0,0.052377,0.079451,False,True,False,False,NA,NA
nhood_1496,2.090143,0.283343,31,24,COVID_severe_vs_COVID_mild,Mono_c14,1.0,0.707136,0.564305,False,False,False,True,NA,NA
nhood_1504,1.133259,0.570886,31,8,COVID_severe_vs_Healthy,B_cell,1.0,0.867308,0.830061,False,False,False,False,NA,NA
nhood_1504,-0.263032,0.773645,24,8,COVID_mild_vs_Healthy,B_cell,1.0,0.940276,0.939473,False,False,False,False,NA,NA
nhood_1504,1.396291,0.233753,31,24,COVID_severe_vs_COVID_mild,B_cell,1.0,0.707136,0.516947,False,False,False,True,NA,NA
nhood_1509,-4.332681,0.034993,31,8,COVID_severe_vs_Healthy,Mono_c14,1.0,0.116808,0.150788,False,True,False,False,NA,NA
nhood_1509,-6.285293,0.059988,24,8,COVID_mild_vs_Healthy,Mono_c14,1.0,0.140071,0.215411,False,False,False,False,NA,NA
nhood_1509,1.952612,0.215957,31,24,COVID_severe_vs_COVID_mild,Mono_c14,1.0,0.707136,0.499335,False,False,False,True,NA,NA
nhood_1520,-3.761531,0.008198,31,8,COVID_severe_vs_Healthy,Mono_c14,1.0,0.055512,0.079451,False,True,False,False,NA,NA
nhood_1520,-4.392284,0.007199,24,8,COVID_mild_vs_Healthy,Mono_c14,1.0,0.052377,0.07697,False,True,False,False,NA,NA
nhood_1520,0.630754,0.667067,31,24,COVID_severe_vs_COVID_mild,Mono_c14,1.0,0.867051,0.877469,False,False,False,True,NA,NA
nhood_1541,-1.036654,0.421516,31,8,COVID_severe_vs_Healthy,Mono_c14,1.0,0.731863,0.708506,False,False,False,False,NA,NA
nhood_1541,-2.754865,0.061588,24,8,COVID_mild_vs_Healthy,Mono_c14,1.0,0.143102,0.219494,False,False,False,False,NA,NA
nhood_1541,1.718211,0.278344,31,24,COVID_severe_vs_COVID_mild,Mono_c14,1.0,0.707136,0.55985,False,False,False,True,NA,NA
nhood_1544,-1.124115,0.228154,31,8,COVID_severe_vs_Healthy,T_cell,1.0,0.493813,0.510118,False,False,False,False,NA,NA
nhood_1544,-0.847993,0.303139,24,8,COVID_mild_vs_Healthy,T_cell,1.0,0.488734,0.590498,False,False,False,False,NA,NA
nhood_1544,-0.276122,0.826635,31,24,COVID_severe_vs_COVID_mild,T_cell,1.0,0.953089,0.964203,False,False,False,True,NA,NA
nhood_1546,-0.539156,0.725055,31,8,COVID_severe_vs_Healthy,Mono_c14,1.0,0.92386,0.907595,False,False,False,False,NA,NA
nhood_1546,-1.169918,0.595281,24,8,COVID_mild_vs_Healthy,Mono_c14,1.0,0.805505,0.843958,False,False,False,False,NA,NA
nhood_1546,0.630762,0.505899,31,24,COVID_severe_vs_COVID_mild,Mono_c14,1.0,0.794027,0.775203,False,False,False,True,NA,NA
nhood_1549,-0.95419,0.492501,31,8,COVID_severe_vs_Healthy,T_cell,1.0,0.802218,0.762894,False,False,False,False,NA,NA
nhood_1549,0.078002,1.0,24,8,COVID_mild_vs_Healthy,T_cell,1.0,1.0,1.0,False,False,False,False,NA,NA
nhood_1549,-1.032192,0.573485,31,24,COVID_severe_vs_COVID_mild,T_cell,1.0,0.833212,0.830694,False,False,False,True,NA,NA
nhood_1553,-1.451689,0.025995,31,8,COVID_severe_vs_Healthy,Mono_c14,1.0,0.094058,0.122129,False,True,False,False,NA,NA
nhood_1553,-1.584955,0.021796,24,8,COVID_mild_vs_Healthy,Mono_c14,1.0,0.0765,0.112705,False,True,False,False,NA,NA
nhood_1553,0.133265,0.884423,31,24,COVID_severe_vs_COVID_mild,Mono_c14,1.0,0.974922,0.990068,False,False,False,True,NA,NA
nhood_1564,1.746219,0.691862,31,8,COVID_severe_vs_Healthy,Mono_c14,1.0,0.919221,0.889181,False,False,False,False,NA,NA
nhood_1564,2.415009,0.625875,24,8,COVID_mild_vs_Healthy,Mono_c14,1.0,0.830852,0.860876,False,False,False,False,NA,NA
nhood_1564,-0.66879,0.667666,31,24,COVID_severe_vs_COVID_mild,Mono_c14,1.0,0.867051,0.877469,False,False,False,True,NA,NA
nhood_1566,0.984397,0.738852,31,8,COVID_severe_vs_Healthy,Mono_c14,1.0,0.93076,0.917596,False,False,False,False,NA,NA
nhood_1566,-0.584956,0.79964,24,8,COVID_mild_vs_Healthy,Mono_c14,1.0,0.953526,0.952407,False,False,False,False,NA,NA
nhood_1566,1.569353,0.332334,31,24,COVID_severe_vs_COVID_mild,Mono_c14,1.0,0.741399,0.626763,False,False,False,True,NA,NA
nhood_1567,-0.310338,0.815637,31,8,COVID_severe_vs_Healthy,T_cell,1.0,0.95957,0.95957,False,False,False,False,NA,NA
nhood_1567,-0.497497,0.664467,24,8,COVID_mild_vs_Healthy,T_cell,1.0,0.848942,0.875692,False,False,False,False,NA,NA
nhood_1567,0.187158,0.910618,31,24,COVID_severe_vs_COVID_mild,T_cell,1.0,0.987718,1.0,False,False,False,True,NA,NA
nhood_1568,17.076918,0.380924,31,8,COVID_severe_vs_Healthy,Mono_c14,1.0,0.699837,0.66956,False,False,False,False,NA,NA
nhood_1568,17.861185,0.095581,24,8,COVID_mild_vs_Healthy,Mono_c14,1.0,0.199583,0.29547,False,False,False,False,NA,NA
nhood_1568,-0.784267,0.374325,31,24,COVID_severe_vs_COVID_mild,Mono_c14,1.0,0.741476,0.667867,False,False,False,True,NA,NA
nhood_1577,-0.575683,0.773645,31,8,COVID_severe_vs_Healthy,Mono_c14,1.0,0.950222,0.939473,False,False,False,False,NA,NA
nhood_1577,-3.906829,0.056589,24,8,COVID_mild_vs_Healthy,Mono_c14,1.0,0.138041,0.210653,False,False,False,False,NA,NA
nhood_1577,3.331147,0.269546,31,24,COVID_severe_vs_COVID_mild,Mono_c14,1.0,0.707136,0.551503,False,False,False,True,NA,NA
nhood_1583,1.548294,0.577085,31,8,COVID_severe_vs_Healthy,Mono_c14,1.0,0.867381,0.830694,False,False,False,False,NA,NA
nhood_1583,-3.169808,0.104579,24,8,COVID_mild_vs_Healthy,Mono_c14,1.0,0.214074,0.310408,False,False,False,False,NA,NA
nhood_1583,4.718102,0.095581,31,24,COVID_severe_vs_COVID_mild,Mono_c14,1.0,0.707136,0.29547,False,False,False,True,NA,NA
nhood_1594,0.045803,0.963607,31,8,COVID_severe_vs_Healthy,B_cell,1.0,1.0,1.0,False,False,False,False,NA,NA
nhood_1594,0.552538,0.59868,24,8,COVID_mild_vs_Healthy,B_cell,1.0,0.805505,0.846245,False,False,False,False,NA,NA
nhood_1594,-0.506734,0.374925,31,24,COVID_severe_vs_COVID_mild,B_cell,1.0,0.741476,0.668083,False,False,False,True,NA,NA
nhood_1599,2.13325,0.654469,31,8,COVID_severe_vs_Healthy,Mono_c14,1.0,0.903433,0.872657,False,False,False,False,NA,NA
nhood_1599,-2.584856,0.246551,24,8,COVID_mild_vs_Healthy,Mono_c14,1.0,0.416565,0.530089,False,False,False,False,NA,NA
nhood_1599,4.718106,0.202959,31,24,COVID_severe_vs_COVID_mild,Mono_c14,1.0,0.707136,0.484241,False,False,False,True,NA,NA
nhood_1606,-1.954187,0.04799,31,8,COVID_severe_vs_Healthy,Mono_c14,1.0,0.152666,0.19169,False,True,False,False,NA,NA
nhood_1606,-2.044384,0.055189,24,8,COVID_mild_vs_Healthy,Mono_c14,1.0,0.138041,0.209836,False,False,False,False,NA,NA
nhood_1606,0.090197,0.995801,31,24,COVID_severe_vs_COVID_mild,Mono_c14,1.0,1.0,1.0,False,False,False,True,NA,NA
nhood_1608,-0.468767,0.645671,31,8,COVID_severe_vs_Healthy,NK,1.0,0.902797,0.865357,False,False,False,False,NA,NA
nhood_1608,-0.20645,1.0,24,8,COVID_mild_vs_Healthy,NK,1.0,1.0,1.0,False,False,False,False,NA,NA
nhood_1608,-0.262317,0.768846,31,24,COVID_severe_vs_COVID_mild,NK,1.0,0.921004,0.939186,False,False,False,True,NA,NA
nhood_1609,-1.65463,0.063987,31,8,COVID_severe_vs_Healthy,Mono_c14,1.0,0.187221,0.22578,False,False,False,False,NA,NA
nhood_1609,-3.700406,0.0014,24,8,COVID_mild_vs_Healthy,Mono_c14,1.0,0.052377,0.06636,False,True,False,False,NA,NA
nhood_1609,2.045776,0.278144,31,24,COVID_severe_vs_COVID_mild,Mono_c14,1.0,0.707136,0.55985,False,False,False,True,NA,NA
nhood_1616,18.253501,0.44951,31,8,COVID_severe_vs_Healthy,Mono_c14,1.0,0.753225,0.735889,False,False,False,False,NA,NA
nhood_1616,13.668645,1.0,24,8,COVID_mild_vs_Healthy,Mono_c14,1.0,1.0,1.0,False,False,False,False,NA,NA
nhood_1616,4.584856,0.132573,31,24,COVID_severe_vs_COVID_mild,Mono_c14,1.0,0.707136,0.366056,False,False,False,True,NA,NA
nhood_1624,-1.451691,0.111378,31,8,COVID_severe_vs_Healthy,Mono_c14,1.0,0.284854,0.325215,False,False,False,False,NA,NA
nhood_1624,-3.584929,0.005799,24,8,COVID_mild_vs_Healthy,Mono_c14,1.0,0.052377,0.076852,False,True,False,False,NA,NA
nhood_1624,2.133238,0.364327,31,24,COVID_severe_vs_COVID_mild,Mono_c14,1.0,0.741476,0.659373,False,False,False,True,NA,NA
nhood_1627,-2.053723,0.075385,31,8,COVID_severe_vs_Healthy,DC,1.0,0.212693,0.254022,False,False,False,False,NA,NA
nhood_1627,-2.321916,0.078984,24,8,COVID_mild_vs_Healthy,DC,1.0,0.173401,0.261912,False,False,False,False,NA,NA
nhood_1627,0.268194,0.873425,31,24,COVID_severe_vs_COVID_mild,DC,1.0,0.973174,0.985753,False,False,False,True,NA,NA
nhood_1629,1.903769,0.184163,31,8,COVID_severe_vs_Healthy,Mono_c14,1.0,0.430016,0.457033,False,False,False,False,NA,NA
nhood_1629,0.222389,1.0,24,8,COVID_mild_vs_Healthy,Mono_c14,1.0,1.0,1.0,False,False,False,False,NA,NA
nhood_1629,1.681379,0.036593,31,24,COVID_severe_vs_COVID_mild,Mono_c14,1.0,0.674411,0.155794,False,True,False,True,NA,NA
nhood_1637,-0.047305,1.0,31,8,COVID_severe_vs_Healthy,NK,1.0,1.0,1.0,False,False,False,False,NA,NA
nhood_1637,1.11547,0.183963,24,8,COVID_mild_vs_Healthy,NK,1.0,0.339294,0.457033,False,False,False,False,NA,NA
nhood_1637,-1.162776,0.043391,31,24,COVID_severe_vs_COVID_mild,NK,1.0,0.707136,0.176291,False,True,False,True,NA,NA
nhood_1652,-1.00666,0.623275,31,8,COVID_severe_vs_Healthy,Mono_c14,1.0,0.902143,0.860876,False,False,False,False,NA,NA
nhood_1652,-4.392247,0.029794,24,8,COVID_mild_vs_Healthy,Mono_c14,1.0,0.087716,0.131985,False,True,False,False,NA,NA
nhood_1652,3.385586,0.469506,31,24,COVID_severe_vs_COVID_mild,Mono_c14,1.0,0.781703,0.752936,False,False,False,True,NA,NA
nhood_1689,-2.341205,0.0002,31,8,COVID_severe_vs_Healthy,T_cell,1.0,0.0316,0.05925,False,True,True,False,NA,NA
nhood_1689,-1.280103,0.026195,24,8,COVID_mild_vs_Healthy,T_cell,1.0,0.080106,0.122129,False,True,False,False,NA,NA
nhood_1689,-1.061102,0.083783,31,24,COVID_severe_vs_COVID_mild,T_cell,1.0,0.707136,0.271388,False,False,False,True,NA,NA
nhood_1696,-0.513621,0.491902,31,8,COVID_severe_vs_Healthy,T_cell,1.0,0.802218,0.762894,False,False,False,False,NA,NA
nhood_1696,-0.691874,0.407319,24,8,COVID_mild_vs_Healthy,T_cell,1.0,0.618812,0.70207,False,False,False,False,NA,NA
nhood_1696,0.178253,0.856629,31,24,COVID_severe_vs_COVID_mild,T_cell,1.0,0.966632,0.978415,False,False,False,True,NA,NA
nhood_1703,-5.998507,0.0022,31,8,COVID_severe_vs_Healthy,Mono_c14,1.0,0.045504,0.076852,False,True,True,False,NA,NA
nhood_1703,-5.044352,0.007199,24,8,COVID_mild_vs_Healthy,Mono_c14,1.0,0.052377,0.07697,False,True,False,False,NA,NA
nhood_1703,-0.954155,0.635473,31,24,COVID_severe_vs_COVID_mild,Mono_c14,1.0,0.846374,0.860876,False,False,False,True,NA,NA
nhood_1723,-0.291229,0.876225,31,8,COVID_severe_vs_Healthy,T_cell,1.0,0.974955,0.985753,False,False,False,False,NA,NA
nhood_1723,0.473928,0.686263,24,8,COVID_mild_vs_Healthy,T_cell,1.0,0.865129,0.888476,False,False,False,False,NA,NA
nhood_1723,-0.765158,0.29854,31,24,COVID_severe_vs_COVID_mild,T_cell,1.0,0.722947,0.584722,False,False,False,True,NA,NA
nhood_1726,-1.302112,0.14837,31,8,COVID_severe_vs_Healthy,T_cell,0.96875,0.356992,0.394359,False,False,False,False,NA,NA
nhood_1726,-0.58496,0.555489,24,8,COVID_mild_vs_Healthy,T_cell,0.96875,0.767644,0.814335,False,False,False,False,NA,NA
nhood_1726,-0.717152,0.326135,31,24,COVID_severe_vs_COVID_mild,T_cell,0.96875,0.741399,0.622739,False,False,False,True,NA,NA
nhood_1729,-0.302118,0.783843,31,8,COVID_severe_vs_Healthy,NK,1.0,0.950222,0.946201,False,False,False,False,NA,NA
nhood_1729,0.067114,1.0,24,8,COVID_mild_vs_Healthy,NK,1.0,1.0,1.0,False,False,False,False,NA,NA
nhood_1729,-0.369231,0.644871,31,24,COVID_severe_vs_COVID_mild,NK,1.0,0.853824,0.865357,False,False,False,True,NA,NA
nhood_1736,18.256236,0.507499,31,8,COVID_severe_vs_Healthy,Epithelial,1.0,0.815245,0.775982,False,False,False,False,NA,NA
nhood_1736,13.581189,1.0,24,8,COVID_mild_vs_Healthy,Epithelial,1.0,1.0,1.0,False,False,False,False,NA,NA
nhood_1736,4.675047,0.170166,31,24,COVID_severe_vs_COVID_mild,Epithelial,1.0,0.707136,0.432873,False,False,False,True,NA,NA
nhood_1737,1.215702,0.967806,31,8,COVID_severe_vs_Healthy,Mono_c14,1.0,1.0,1.0,False,False,False,False,NA,NA
nhood_1737,3.321887,0.779444,24,8,COVID_mild_vs_Healthy,Mono_c14,1.0,0.944901,0.943777,False,False,False,False,NA,NA
nhood_1737,-2.106184,0.328534,31,24,COVID_severe_vs_COVID_mild,Mono_c14,1.0,0.741399,0.623732,False,False,False,True,NA,NA
nhood_1738,-1.567167,0.013197,31,8,COVID_severe_vs_Healthy,T_cell,1.0,0.067842,0.085301,False,True,False,False,NA,NA
nhood_1738,-2.285389,0.006599,24,8,COVID_mild_vs_Healthy,T_cell,1.0,0.052377,0.07697,False,True,False,False,NA,NA
nhood_1738,0.718223,0.395721,31,24,COVID_severe_vs_COVID_mild,T_cell,1.0,0.7594,0.687916,False,False,False,True,NA,NA
nhood_1752,-5.323378,0.005799,31,8,COVID_severe_vs_Healthy,Mono_c14,1.0,0.054567,0.076852,False,True,False,False,NA,NA
nhood_1752,-5.539098,0.010198,24,8,COVID_mild_vs_Healthy,Mono_c14,1.0,0.052377,0.079451,False,True,False,False,NA,NA
nhood_1752,0.21572,1.0,31,24,COVID_severe_vs_COVID_mild,Mono_c14,1.0,1.0,1.0,False,False,False,True,NA,NA
nhood_1756,-1.047299,0.24895,31,8,COVID_severe_vs_Healthy,NK,1.0,0.524455,0.530182,False,False,False,False,NA,NA
nhood_1756,-0.415036,0.80024,24,8,COVID_mild_vs_Healthy,NK,1.0,0.953526,0.952407,False,False,False,False,NA,NA
nhood_1756,-0.632264,0.34773,31,24,COVID_severe_vs_COVID_mild,NK,1.0,0.741399,0.642172,False,False,False,True,NA,NA
nhood_1768,0.853153,0.710058,31,8,COVID_severe_vs_Healthy,T_cell,1.0,0.919221,0.901428,False,False,False,False,NA,NA
nhood_1768,0.289504,0.9976,24,8,COVID_mild_vs_Healthy,T_cell,1.0,1.0,1.0,False,False,False,False,NA,NA
nhood_1768,0.563648,0.667666,31,24,COVID_severe_vs_COVID_mild,T_cell,1.0,0.867051,0.877469,False,False,False,True,NA,NA
nhood_1770,-0.468767,0.723255,31,8,COVID_severe_vs_Healthy,T_cell,1.0,0.92386,0.906939,False,False,False,False,NA,NA
nhood_1770,-0.20645,1.0,24,8,COVID_mild_vs_Healthy,T_cell,1.0,1.0,1.0,False,False,False,False,NA,NA
nhood_1770,-0.262317,0.80044,31,24,COVID_severe_vs_COVID_mild,T_cell,1.0,0.94451,0.952407,False,False,False,True,NA,NA
nhood_1779,0.460837,0.808438,31,8,COVID_severe_vs_Healthy,T_cell,1.0,0.95957,0.955846,False,False,False,False,NA,NA
nhood_1779,1.151995,0.473705,24,8,COVID_mild_vs_Healthy,T_cell,1.0,0.692251,0.754321,False,False,False,False,NA,NA
nhood_1779,-0.691158,0.326535,31,24,COVID_severe_vs_COVID_mild,T_cell,1.0,0.741399,0.622739,False,False,False,True,NA,NA
nhood_1788,0.460838,0.842232,31,8,COVID_severe_vs_Healthy,B_cell,1.0,0.968006,0.970355,False,False,False,False,NA,NA
nhood_1788,0.637425,0.715057,24,8,COVID_mild_vs_Healthy,B_cell,1.0,0.88727,0.901428,False,False,False,False,NA,NA
nhood_1788,-0.176588,0.89802,31,24,COVID_severe_vs_COVID_mild,B_cell,1.0,0.986864,1.0,False,False,False,True,NA,NA
nhood_1791,1.438109,0.414317,31,8,COVID_severe_vs_Healthy,B_cell,1.0,0.731863,0.705579,False,False,False,False,NA,NA
nhood_1791,0.736958,0.796841,24,8,COVID_mild_vs_Healthy,B_cell,1.0,0.953526,0.952407,False,False,False,False,NA,NA
nhood_1791,0.701151,0.40152,31,24,COVID_severe_vs_COVID_mild,B_cell,1.0,0.764339,0.695793,False,False,False,True,NA,NA
nhood_1794,-6.380357,0.005799,31,8,COVID_severe_vs_Healthy,Mono_c14,1.0,0.054567,0.076852,False,True,False,False,NA,NA
nhood_1794,-6.011147,0.011798,24,8,COVID_mild_vs_Healthy,Mono_c14,1.0,0.052377,0.081441,False,True,False,False,NA,NA
nhood_1794,-0.36921,1.0,31,24,COVID_severe_vs_COVID_mild,Mono_c14,1.0,1.0,1.0,False,False,False,True,NA,NA
nhood_1809,-0.890063,0.526495,31,8,COVID_severe_vs_Healthy,Mono_c14,1.0,0.834073,0.793089,False,False,False,False,NA,NA
nhood_1809,-4.044336,0.022595,24,8,COVID_mild_vs_Healthy,Mono_c14,1.0,0.0765,0.113936,False,True,False,False,NA,NA
nhood_1809,3.154273,0.395321,31,24,COVID_severe_vs_COVID_mild,Mono_c14,1.0,0.7594,0.687916,False,False,False,True,NA,NA
nhood_1813,-1.423675,0.036993,31,8,COVID_severe_vs_Healthy,T_cell,1.0,0.12262,0.15656,False,True,False,False,NA,NA
nhood_1813,-1.584955,0.025995,24,8,COVID_mild_vs_Healthy,T_cell,1.0,0.080106,0.122129,False,True,False,False,NA,NA
nhood_1813,0.16128,0.808038,31,24,COVID_severe_vs_COVID_mild,T_cell,1.0,0.946406,0.955846,False,False,False,True,NA,NA
nhood_1819,0.36773,0.885023,31,8,COVID_severe_vs_Healthy,Mono_c14,1.0,0.979183,0.990068,False,False,False,False,NA,NA
nhood_1819,-2.321898,0.139372,24,8,COVID_mild_vs_Healthy,Mono_c14,1.0,0.274118,0.378219,False,False,False,False,NA,NA
nhood_1819,2.689628,0.187962,31,24,COVID_severe_vs_COVID_mild,Mono_c14,1.0,0.707136,0.461627,False,False,False,True,NA,NA
nhood_1821,-2.76154,0.017197,31,8,COVID_severe_vs_Healthy,Mono_c14,1.0,0.0769,0.099005,False,True,False,False,NA,NA
nhood_1821,-4.807303,0.011998,24,8,COVID_mild_vs_Healthy,Mono_c14,1.0,0.052377,0.081632,False,True,False,False,NA,NA
nhood_1821,2.045763,0.281744,31,24,COVID_severe_vs_COVID_mild,Mono_c14,1.0,0.707136,0.563096,False,False,False,True,NA,NA
nhood_1825,-2.828654,0.006999,31,8,COVID_severe_vs_Healthy,Mono_c14,1.0,0.054567,0.07697,False,True,False,False,NA,NA
nhood_1825,-4.459391,0.0008,24,8,COVID_mild_vs_Healthy,Mono_c14,1.0,0.052377,0.05925,False,True,False,False,NA,NA
nhood_1825,1.630737,0.162368,31,24,COVID_severe_vs_COVID_mild,Mono_c14,1.0,0.707136,0.418029,False,False,False,True,NA,NA
nhood_1839,-0.36923,0.865427,31,8,COVID_severe_vs_Healthy,T_cell,1.0,0.969889,0.981369,False,False,False,False,NA,NA
nhood_1839,1.544311,0.194761,24,8,COVID_mild_vs_Healthy,T_cell,1.0,0.355064,0.475043,False,False,False,False,NA,NA
nhood_1839,-1.91354,0.011398,31,24,COVID_severe_vs_COVID_mild,T_cell,1.0,0.415589,0.079451,False,True,False,True,NA,NA
nhood_1846,-3.176572,0.0004,31,8,COVID_severe_vs_Healthy,Mono_c14,1.0,0.03792,0.05925,False,True,True,False,NA,NA
nhood_1846,-3.169909,0.0008,24,8,COVID_mild_vs_Healthy,Mono_c14,1.0,0.052377,0.05925,False,True,False,False,NA,NA
nhood_1846,-0.006664,1.0,31,24,COVID_severe_vs_COVID_mild,Mono_c14,1.0,1.0,1.0,False,False,False,True,NA,NA
nhood_1859,-1.439615,0.155769,31,8,COVID_severe_vs_Healthy,T_cell,1.0,0.371028,0.409433,False,False,False,False,NA,NA
nhood_1859,-0.691875,0.583683,24,8,COVID_mild_vs_Healthy,T_cell,1.0,0.795016,0.833331,False,False,False,False,NA,NA
nhood_1859,-0.74774,0.534893,31,24,COVID_severe_vs_COVID_mild,T_cell,1.0,0.817223,0.799808,False,False,False,True,NA,NA
nhood_1861,-1.561872,0.070186,31,8,COVID_severe_vs_Healthy,Mono_c14,1.0,0.200982,0.241178,False,False,False,False,NA,NA
nhood_1861,-1.999989,0.096381,24,8,COVID_mild_vs_Healthy,Mono_c14,1.0,0.200371,0.297297,False,False,False,False,NA,NA
nhood_1861,0.438117,0.712458,31,24,COVID_severe_vs_COVID_mild,Mono_c14,1.0,0.895656,0.901428,False,False,False,True,NA,NA
nhood_1864,-0.632263,0.576485,31,8,COVID_severe_vs_Healthy,T_cell,1.0,0.867381,0.830694,False,False,False,False,NA,NA
nhood_1864,0.807351,0.512098,24,8,COVID_mild_vs_Healthy,T_cell,1.0,0.72028,0.778827,False,False,False,False,NA,NA
nhood_1864,-1.439613,0.055589,31,24,COVID_severe_vs_COVID_mild,T_cell,1.0,0.707136,0.210265,False,False,False,True,NA,NA
nhood_1888,16.977383,0.435113,31,8,COVID_severe_vs_Healthy,NK,1.0,0.744562,0.722816,False,False,False,False,NA,NA
nhood_1888,17.931574,0.080384,24,8,COVID_mild_vs_Healthy,NK,1.0,0.17478,0.263986,False,False,False,False,NA,NA
nhood_1888,-0.954191,0.264347,31,24,COVID_severe_vs_COVID_mild,NK,1.0,0.707136,0.543996,False,False,False,True,NA,NA
nhood_1893,-3.124108,0.037592,31,8,COVID_severe_vs_Healthy,Mono_c14,1.0,0.12374,0.156762,False,True,False,False,NA,NA
nhood_1893,-6.339713,0.057189,24,8,COVID_mild_vs_Healthy,Mono_c14,1.0,0.138304,0.211228,False,False,False,False,NA,NA
nhood_1893,3.215605,0.247151,31,24,COVID_severe_vs_COVID_mild,Mono_c14,1.0,0.707136,0.530089,False,False,False,True,NA,NA
nhood_1900,2.853129,0.579684,31,8,COVID_severe_vs_Healthy,Mono_c14,1.0,0.867381,0.830694,False,False,False,False,NA,NA
nhood_1900,-1.584893,1.0,24,8,COVID_mild_vs_Healthy,Mono_c14,1.0,1.0,1.0,False,False,False,False,NA,NA
nhood_1900,4.438022,0.125975,31,24,COVID_severe_vs_COVID_mild,Mono_c14,1.0,0.707136,0.354025,False,False,False,True,NA,NA
nhood_1906,-0.539156,0.670066,31,8,COVID_severe_vs_Healthy,T_cell,1.0,0.911025,0.878165,False,False,False,False,NA,NA
nhood_1906,-0.999994,0.317936,24,8,COVID_mild_vs_Healthy,T_cell,1.0,0.507413,0.612608,False,False,False,False,NA,NA
nhood_1906,0.460838,0.618676,31,24,COVID_severe_vs_COVID_mild,T_cell,1.0,0.846374,0.859416,False,False,False,True,NA,NA
nhood_1908,-0.276123,0.886223,31,8,COVID_severe_vs_Healthy,Mono_c14,1.0,0.979183,0.990068,False,False,False,False,NA,NA
nhood_1908,-0.736961,0.887023,24,8,COVID_mild_vs_Healthy,Mono_c14,1.0,1.0,0.990068,False,False,False,False,NA,NA
nhood_1908,0.460838,0.744651,31,24,COVID_severe_vs_COVID_mild,Mono_c14,1.0,0.908783,0.920224,False,False,False,True,NA,NA
nhood_1916,-0.237988,0.881624,31,8,COVID_severe_vs_Healthy,Mono_c14,1.0,0.978665,0.989487,False,False,False,False,NA,NA
nhood_1916,-2.807322,0.075785,24,8,COVID_mild_vs_Healthy,Mono_c14,1.0,0.168648,0.254767,False,False,False,False,NA,NA
nhood_1916,2.569334,0.103779,31,24,COVID_severe_vs_COVID_mild,Mono_c14,1.0,0.707136,0.310408,False,False,False,True,NA,NA
nhood_1919,-6.597915,0.0022,31,8,COVID_severe_vs_Healthy,Mono_c14,1.0,0.045504,0.076852,False,True,True,False,NA,NA
nhood_1919,-3.906871,0.024395,24,8,COVID_mild_vs_Healthy,Mono_c14,1.0,0.07813,0.117195,False,True,False,False,NA,NA
nhood_1919,-2.691045,0.140972,31,24,COVID_severe_vs_COVID_mild,Mono_c14,1.0,0.707136,0.380384,False,False,False,True,NA,NA
nhood_1926,1.800677,0.869626,31,8,COVID_severe_vs_Healthy,Epithelial,1.0,0.969889,0.983448,False,False,False,False,NA,NA
nhood_1926,0.0,1.0,24,8,COVID_mild_vs_Healthy,Epithelial,1.0,1.0,1.0,False,False,False,False,NA,NA
nhood_1926,1.800677,0.861828,31,24,COVID_severe_vs_COVID_mild,Epithelial,1.0,0.966632,0.980416,False,False,False,True,NA,NA
nhood_1929,-0.369232,0.772845,31,8,COVID_severe_vs_Healthy,Mono_c14,1.0,0.950222,0.939473,False,False,False,False,NA,NA
nhood_1929,-1.584951,0.032394,24,8,COVID_mild_vs_Healthy,Mono_c14,1.0,0.094782,0.141736,False,True,False,False,NA,NA
nhood_1929,1.215719,0.466707,31,24,COVID_severe_vs_COVID_mild,Mono_c14,1.0,0.781703,0.752936,False,False,False,True,NA,NA
nhood_1942,-3.207938,0.030994,31,8,COVID_severe_vs_Healthy,Mono_c14,1.0,0.104937,0.13645,False,True,False,False,NA,NA
nhood_1942,-3.954169,0.041392,24,8,COVID_mild_vs_Healthy,Mono_c14,1.0,0.112113,0.170607,False,True,False,False,NA,NA
nhood_1942,0.746232,0.438112,31,24,COVID_severe_vs_COVID_mild,Mono_c14,1.0,0.780696,0.726102,False,False,False,True,NA,NA
nhood_1950,-1.061105,0.179964,31,8,COVID_severe_vs_Healthy,T_cell,1.0,0.422292,0.450544,False,False,False,False,NA,NA
nhood_1950,-0.485425,0.475305,24,8,COVID_mild_vs_Healthy,T_cell,1.0,0.692251,0.754555,False,False,False,False,NA,NA
nhood_1950,-0.575681,0.364927,31,24,COVID_severe_vs_COVID_mild,T_cell,1.0,0.741476,0.659373,False,False,False,True,NA,NA
nhood_1954,-2.65462,0.0014,31,8,COVID_severe_vs_Healthy,T_cell,1.0,0.041475,0.06636,False,True,True,False,NA,NA
nhood_1954,-1.584956,0.029194,24,8,COVID_mild_vs_Healthy,T_cell,1.0,0.086487,0.130959,False,True,False,False,NA,NA
nhood_1954,-1.069664,0.237153,31,24,COVID_severe_vs_COVID_mild,T_cell,1.0,0.707136,0.519617,False,False,False,True,NA,NA
nhood_1963,-5.36918,0.0012,31,8,COVID_severe_vs_Healthy,Mono_c14,1.0,0.040629,0.0632,False,True,True,False,NA,NA
nhood_1963,-5.5849,0.003399,24,8,COVID_mild_vs_Healthy,Mono_c14,1.0,0.052377,0.076852,False,True,False,False,NA,NA
nhood_1963,0.21572,1.0,31,24,COVID_severe_vs_COVID_mild,Mono_c14,1.0,1.0,1.0,False,False,False,True,NA,NA
nhood_1966,1.952669,0.867027,31,8,COVID_severe_vs_Healthy,T_cell,1.0,0.969889,0.9824,False,False,False,False,NA,NA
nhood_1966,2.222365,0.629274,24,8,COVID_mild_vs_Healthy,T_cell,1.0,0.830852,0.860876,False,False,False,False,NA,NA
nhood_1966,-0.269697,0.882424,31,24,COVID_severe_vs_COVID_mild,T_cell,1.0,0.974922,0.989487,False,False,False,True,NA,NA
nhood_1969,3.293691,0.539292,31,8,COVID_severe_vs_Healthy,Mono_c14,1.0,0.842498,0.802764,False,False,False,False,NA,NA
nhood_1969,-14.968139,0.257748,24,8,COVID_mild_vs_Healthy,Mono_c14,1.0,0.422592,0.535574,False,False,False,False,NA,NA
nhood_1969,18.26183,0.196161,31,24,COVID_severe_vs_COVID_mild,Mono_c14,1.0,0.707136,0.476494,False,False,False,True,NA,NA
nhood_1972,-3.954172,0.002,31,8,COVID_severe_vs_Healthy,Mono_c14,1.0,0.045504,0.076852,False,True,True,False,NA,NA
nhood_1972,-3.807333,0.004799,24,8,COVID_mild_vs_Healthy,Mono_c14,1.0,0.052377,0.076852,False,True,False,False,NA,NA
nhood_1972,-0.146839,1.0,31,24,COVID_severe_vs_COVID_mild,Mono_c14,1.0,1.0,1.0,False,False,False,True,NA,NA
nhood_1974,-1.847273,0.021196,31,8,COVID_severe_vs_Healthy,Mono_c14,1.0,0.083724,0.111632,False,True,False,False,NA,NA
nhood_1974,-2.478033,0.004599,24,8,COVID_mild_vs_Healthy,Mono_c14,1.0,0.052377,0.076852,False,True,False,False,NA,NA
nhood_1974,0.63076,0.543091,31,24,COVID_severe_vs_COVID_mild,Mono_c14,1.0,0.817223,0.803616,False,False,False,True,NA,NA
nhood_1984,-3.008631,0.023595,31,8,COVID_severe_vs_Healthy,Mono_c14,1.0,0.088762,0.116097,False,True,False,False,NA,NA
nhood_1984,-4.017893,0.023395,24,8,COVID_mild_vs_Healthy,Mono_c14,1.0,0.077009,0.115513,False,True,False,False,NA,NA
nhood_1984,1.009262,0.369726,31,24,COVID_severe_vs_COVID_mild,Mono_c14,1.0,0.741476,0.665867,False,False,False,True,NA,NA
nhood_2005,-2.570857,0.04779,31,8,COVID_severe_vs_Healthy,Mono_c14,1.0,0.152666,0.191429,False,True,False,False,NA,NA
nhood_2005,-4.10849,0.036193,24,8,COVID_mild_vs_Healthy,Mono_c14,1.0,0.102727,0.154554,False,True,False,False,NA,NA
nhood_2005,1.537633,0.4979,31,24,COVID_severe_vs_COVID_mild,Mono_c14,1.0,0.784698,0.766343,False,False,False,True,NA,NA
nhood_2010,1.569353,0.205959,31,8,COVID_severe_vs_Healthy,B_cell,1.0,0.471616,0.490576,False,False,False,False,NA,NA
nhood_2010,0.584956,0.722655,24,8,COVID_mild_vs_Healthy,B_cell,1.0,0.894356,0.906939,False,False,False,False,NA,NA
nhood_2010,0.984397,0.139172,31,24,COVID_severe_vs_COVID_mild,B_cell,1.0,0.707136,0.378219,False,False,False,True,NA,NA
nhood_2013,-2.691143,0.002799,31,8,COVID_severe_vs_Healthy,T_cell,1.0,0.049138,0.076852,False,True,True,False,NA,NA
nhood_2013,-1.099532,0.108778,24,8,COVID_mild_vs_Healthy,T_cell,1.0,0.220345,0.318933,False,False,False,False,NA,NA
nhood_2013,-1.591611,0.021796,31,24,COVID_severe_vs_COVID_mild,T_cell,1.0,0.543753,0.112705,False,True,False,True,NA,NA
nhood_2016,0.215727,0.856429,31,8,COVID_severe_vs_Healthy,Mono_c14,1.0,0.969889,0.978415,False,False,False,False,NA,NA
nhood_2016,-0.12553,1.0,24,8,COVID_mild_vs_Healthy,Mono_c14,1.0,1.0,1.0,False,False,False,False,NA,NA
nhood_2016,0.341257,0.631874,31,24,COVID_severe_vs_COVID_mild,Mono_c14,1.0,0.846374,0.860876,False,False,False,True,NA,NA
nhood_2020,-3.041635,0.0002,31,8,COVID_severe_vs_Healthy,T_cell,1.0,0.0316,0.05925,False,True,True,False,NA,NA
nhood_2020,-1.028566,0.112777,24,8,COVID_mild_vs_Healthy,T_cell,1.0,0.225554,0.327283,False,False,False,False,NA,NA
nhood_2020,-2.013069,0.009398,31,24,COVID_severe_vs_COVID_mild,T_cell,1.0,0.371221,0.079451,False,True,False,True,NA,NA
nhood_2021,-0.954191,0.117976,31,8,COVID_severe_vs_Healthy,Mono_c14,1.0,0.29526,0.339599,False,False,False,False,NA,NA
nhood_2021,-0.932881,0.223155,24,8,COVID_mild_vs_Healthy,Mono_c14,1.0,0.390315,0.505297,False,False,False,False,NA,NA
nhood_2021,-0.02131,1.0,31,24,COVID_severe_vs_COVID_mild,Mono_c14,1.0,1.0,1.0,False,False,False,True,NA,NA
nhood_2025,-0.895298,0.253349,31,8,COVID_severe_vs_Healthy,T_cell,1.0,0.526883,0.530746,False,False,False,False,NA,NA
nhood_2025,-1.263027,0.037393,24,8,COVID_mild_vs_Healthy,T_cell,1.0,0.104202,0.156762,False,True,False,False,NA,NA
nhood_2025,0.367729,0.678664,31,24,COVID_severe_vs_COVID_mild,T_cell,1.0,0.875078,0.882139,False,False,False,True,NA,NA
nhood_2029,-1.276118,0.030594,31,8,COVID_severe_vs_Healthy,T_cell,1.0,0.104328,0.135108,False,True,False,False,NA,NA
nhood_2029,-0.999995,0.142372,24,8,COVID_mild_vs_Healthy,T_cell,1.0,0.276575,0.383244,False,False,False,False,NA,NA
nhood_2029,-0.276122,0.785643,31,24,COVID_severe_vs_COVID_mild,T_cell,1.0,0.93332,0.946687,False,False,False,True,NA,NA
nhood_2036,-2.276116,0.057788,31,8,COVID_severe_vs_Healthy,Mono_c14,1.0,0.174468,0.21179,False,False,False,False,NA,NA
nhood_2036,-3.906858,0.056189,24,8,COVID_mild_vs_Healthy,Mono_c14,1.0,0.138041,0.210265,False,False,False,False,NA,NA
nhood_2036,1.630743,0.177764,31,24,COVID_severe_vs_COVID_mild,Mono_c14,1.0,0.707136,0.447399,False,False,False,True,NA,NA
nhood_2049,-1.539137,0.208358,31,8,COVID_severe_vs_Healthy,Mono_c14,1.0,0.471648,0.491009,False,False,False,False,NA,NA
nhood_2049,1.35363,0.804639,24,8,COVID_mild_vs_Healthy,Mono_c14,1.0,0.955887,0.954445,False,False,False,False,NA,NA
nhood_2049,-2.892767,0.238552,31,24,COVID_severe_vs_COVID_mild,Mono_c14,1.0,0.707136,0.521077,False,False,False,True,NA,NA
nhood_2057,1.505208,0.657868,31,8,COVID_severe_vs_Healthy,NK,1.0,0.903433,0.872657,False,False,False,False,NA,NA
nhood_2057,2.999964,0.213157,24,8,COVID_mild_vs_Healthy,NK,1.0,0.38127,0.494469,False,False,False,False,NA,NA
nhood_2057,-1.494755,0.09938,31,24,COVID_severe_vs_COVID_mild,NK,1.0,0.707136,0.303258,False,False,False,True,NA,NA
nhood_2062,-4.802158,0.005999,31,8,COVID_severe_vs_Healthy,Mono_c14,1.0,0.054567,0.076852,False,True,False,False,NA,NA
nhood_2062,-20.065871,0.007998,24,8,COVID_mild_vs_Healthy,Mono_c14,1.0,0.052377,0.079451,False,True,False,False,NA,NA
nhood_2062,15.263713,0.122975,31,24,COVID_severe_vs_COVID_mild,Mono_c14,1.0,0.707136,0.348348,False,False,False,True,NA,NA
nhood_2064,-0.866728,0.368926,31,8,COVID_severe_vs_Healthy,T_cell,1.0,0.691189,0.665752,False,False,False,False,NA,NA
nhood_2064,-0.497497,0.579084,24,8,COVID_mild_vs_Healthy,T_cell,1.0,0.793312,0.830694,False,False,False,False,NA,NA
nhood_2064,-0.369231,0.580084,31,24,COVID_severe_vs_COVID_mild,T_cell,1.0,0.833212,0.830694,False,False,False,True,NA,NA
nhood_2065,2.43809,0.712857,31,8,COVID_severe_vs_Healthy,Mono_c14,0.939394,0.919221,0.901428,False,False,False,False,NA,NA
nhood_2065,1.874441,0.847431,24,8,COVID_mild_vs_Healthy,Mono_c14,0.939394,0.984515,0.972596,False,False,False,False,NA,NA
nhood_2065,0.563649,0.729854,31,24,COVID_severe_vs_COVID_mild,Mono_c14,0.939394,0.900914,0.910397,False,False,False,True,NA,NA
nhood_2068,-1.954184,0.017796,31,8,COVID_severe_vs_Healthy,T_cell,1.0,0.078105,0.101224,False,True,False,False,NA,NA
nhood_2068,-0.906887,0.230554,24,8,COVID_mild_vs_Healthy,T_cell,1.0,0.395951,0.513064,False,False,False,False,NA,NA
nhood_2068,-1.047297,0.132374,31,24,COVID_severe_vs_COVID_mild,T_cell,1.0,0.707136,0.366056,False,False,False,True,NA,NA
nhood_2071,-4.676626,0.009598,31,8,COVID_severe_vs_Healthy,Mono_c14,1.0,0.056869,0.079451,False,True,False,False,NA,NA
nhood_2071,-4.629322,0.022396,24,8,COVID_mild_vs_Healthy,Mono_c14,1.0,0.0765,0.113936,False,True,False,False,NA,NA
nhood_2071,-0.047305,1.0,31,24,COVID_severe_vs_COVID_mild,Mono_c14,1.0,1.0,1.0,False,False,False,True,NA,NA
nhood_2085,-0.7318,0.404719,31,8,COVID_severe_vs_Healthy,Mono_c14,1.0,0.727014,0.69878,False,False,False,False,NA,NA
nhood_2085,-1.295448,0.068186,24,8,COVID_mild_vs_Healthy,Mono_c14,1.0,0.155385,0.237067,False,False,False,False,NA,NA
nhood_2085,0.563648,0.573885,31,24,COVID_severe_vs_COVID_mild,Mono_c14,1.0,0.833212,0.830694,False,False,False,True,NA,NA
nhood_2100,1.548295,0.635473,31,8,COVID_severe_vs_Healthy,Mono_c14,1.0,0.902248,0.860876,False,False,False,False,NA,NA
nhood_2100,-16.62902,0.011198,24,8,COVID_mild_vs_Healthy,Mono_c14,1.0,0.052377,0.079451,False,True,False,False,NA,NA
nhood_2100,18.177315,0.088382,31,24,COVID_severe_vs_COVID_mild,Mono_c14,1.0,0.707136,0.280534,False,False,False,True,NA,NA
nhood_2102,1.505226,0.779844,31,8,COVID_severe_vs_Healthy,Mono_c14,1.0,0.950222,0.943777,False,False,False,False,NA,NA
nhood_2102,-3.169811,0.037592,24,8,COVID_mild_vs_Healthy,Mono_c14,1.0,0.104202,0.156762,False,True,False,False,NA,NA
nhood_2102,4.675037,0.083783,31,24,COVID_severe_vs_COVID_mild,Mono_c14,1.0,0.707136,0.271388,False,False,False,True,NA,NA
nhood_2106,-1.591615,0.10158,31,8,COVID_severe_vs_Healthy,T_cell,1.0,0.265596,0.307989,False,False,False,False,NA,NA
nhood_2106,-0.222391,0.80064,24,8,COVID_mild_vs_Healthy,T_cell,1.0,0.953526,0.952407,False,False,False,False,NA,NA
nhood_2106,-1.369223,0.04819,31,24,COVID_severe_vs_COVID_mild,T_cell,1.0,0.707136,0.19195,False,True,False,True,NA,NA
nhood_2108,-0.369231,0.790042,31,8,COVID_severe_vs_Healthy,B_cell,1.0,0.950457,0.948851,False,False,False,False,NA,NA
nhood_2108,0.485424,0.607678,24,8,COVID_mild_vs_Healthy,B_cell,1.0,0.811379,0.848839,False,False,False,False,NA,NA
nhood_2108,-0.854655,0.127574,31,24,COVID_severe_vs_COVID_mild,B_cell,1.0,0.707136,0.356964,False,False,False,True,NA,NA
nhood_2109,18.256236,0.483903,31,8,COVID_severe_vs_Healthy,T_cell,1.0,0.793668,0.757208,False,False,False,False,NA,NA
nhood_2109,13.581189,1.0,24,8,COVID_mild_vs_Healthy,T_cell,1.0,1.0,1.0,False,False,False,False,NA,NA
nhood_2109,4.675047,0.539092,31,24,COVID_severe_vs_COVID_mild,T_cell,1.0,0.817223,0.802764,False,False,False,True,NA,NA
nhood_2114,-0.899744,0.211758,31,8,COVID_severe_vs_Healthy,Mono_c14,1.0,0.472126,0.493762,False,False,False,False,NA,NA
nhood_2114,-1.037469,0.165767,24,8,COVID_mild_vs_Healthy,Mono_c14,1.0,0.313042,0.423958,False,False,False,False,NA,NA
nhood_2114,0.137725,0.828434,31,24,COVID_severe_vs_COVID_mild,Mono_c14,1.0,0.953089,0.964214,False,False,False,True,NA,NA
nhood_2118,-1.761545,0.074985,31,8,COVID_severe_vs_Healthy,Mono_c14,1.0,0.212693,0.253878,False,False,False,False,NA,NA
nhood_2118,-5.392213,0.010198,24,8,COVID_mild_vs_Healthy,Mono_c14,1.0,0.052377,0.079451,False,True,False,False,NA,NA
nhood_2118,3.630668,0.158568,31,24,COVID_severe_vs_COVID_mild,Mono_c14,1.0,0.707136,0.410717,False,False,False,True,NA,NA
nhood_2120,-4.598016,0.003399,31,8,COVID_severe_vs_Healthy,Mono_c14,1.0,0.053704,0.076852,False,True,False,False,NA,NA
nhood_2120,-3.906869,0.010998,24,8,COVID_mild_vs_Healthy,Mono_c14,1.0,0.052377,0.079451,False,True,False,False,NA,NA
nhood_2120,-0.691147,0.469106,31,24,COVID_severe_vs_COVID_mild,Mono_c14,1.0,0.781703,0.752936,False,False,False,True,NA,NA
nhood_2123,-4.276098,0.006999,31,8,COVID_severe_vs_Healthy,Mono_c14,1.0,0.054567,0.07697,False,True,False,False,NA,NA
nhood_2123,-6.228713,0.010398,24,8,COVID_mild_vs_Healthy,Mono_c14,1.0,0.052377,0.079451,False,True,False,False,NA,NA
nhood_2123,1.952615,0.372725,31,24,COVID_severe_vs_COVID_mild,Mono_c14,1.0,0.741476,0.666685,False,False,False,True,NA,NA
nhood_2129,-0.253755,0.830234,31,8,COVID_severe_vs_Healthy,NK,1.0,0.964537,0.964214,False,False,False,False,NA,NA
nhood_2129,0.736961,0.59988,24,8,COVID_mild_vs_Healthy,NK,1.0,0.805505,0.8471,False,False,False,False,NA,NA
nhood_2129,-0.990716,0.227754,31,24,COVID_severe_vs_COVID_mild,NK,1.0,0.707136,0.510118,False,False,False,True,NA,NA
nhood_2130,-2.539129,0.026995,31,8,COVID_severe_vs_Healthy,T_cell,1.0,0.096208,0.124633,False,True,False,False,NA,NA
nhood_2130,0.289505,0.835233,24,8,COVID_mild_vs_Healthy,T_cell,1.0,0.977532,0.967785,False,False,False,False,NA,NA
nhood_2130,-2.828635,0.0006,31,24,COVID_severe_vs_COVID_mild,T_cell,1.0,0.0948,0.05925,False,True,False,True,NA,NA
nhood_2133,-1.954181,0.019996,31,8,COVID_severe_vs_Healthy,T_cell,1.0,0.081708,0.107299,False,True,False,False,NA,NA
nhood_2133,-0.222392,0.843031,24,8,COVID_mild_vs_Healthy,T_cell,1.0,0.98181,0.970355,False,False,False,False,NA,NA
nhood_2133,-1.73179,0.016797,31,24,COVID_severe_vs_COVID_mild,T_cell,1.0,0.497611,0.098251,False,True,False,True,NA,NA
nhood_2137,-2.253738,0.0002,31,8,COVID_severe_vs_Healthy,T_cell,1.0,0.0316,0.05925,False,True,True,False,NA,NA
nhood_2137,-0.299559,0.676265,24,8,COVID_mild_vs_Healthy,T_cell,1.0,0.857085,0.881699,False,False,False,False,NA,NA
nhood_2137,-1.954179,0.002799,31,24,COVID_severe_vs_COVID_mild,T_cell,1.0,0.165841,0.076852,False,True,False,True,NA,NA
nhood_2145,2.952663,0.708458,31,8,COVID_severe_vs_Healthy,Mono_c14,1.0,0.919221,0.901428,False,False,False,False,NA,NA
nhood_2145,-15.299336,0.244151,24,8,COVID_mild_vs_Healthy,Mono_c14,1.0,0.414794,0.527633,False,False,False,False,NA,NA
nhood_2145,18.251999,0.236353,31,24,COVID_severe_vs_COVID_mild,Mono_c14,1.0,0.707136,0.519102,False,False,False,True,NA,NA
nhood_2147,1.268189,0.786243,31,8,COVID_severe_vs_Healthy,Mono_c14,1.0,0.950222,0.946687,False,False,False,False,NA,NA
nhood_2147,-3.169827,0.039192,24,8,COVID_mild_vs_Healthy,Mono_c14,1.0,0.107382,0.162481,False,True,False,False,NA,NA
nhood_2147,4.438015,0.171566,31,24,COVID_severe_vs_COVID_mild,Mono_c14,1.0,0.707136,0.434105,False,False,False,True,NA,NA
nhood_2152,0.36773,0.973605,31,8,COVID_severe_vs_Healthy,Mono_c14,1.0,1.0,1.0,False,False,False,False,NA,NA
nhood_2152,-17.668541,0.004999,24,8,COVID_mild_vs_Healthy,Mono_c14,1.0,0.052377,0.076852,False,True,False,False,NA,NA
nhood_2152,18.036271,0.145371,31,24,COVID_severe_vs_COVID_mild,Mono_c14,1.0,0.707136,0.389299,False,False,False,True,NA,NA
nhood_2158,-2.188654,0.042991,31,8,COVID_severe_vs_Healthy,Mono_c14,1.0,0.139574,0.175167,False,True,False,False,NA,NA
nhood_2158,-4.906825,0.004799,24,8,COVID_mild_vs_Healthy,Mono_c14,1.0,0.052377,0.076852,False,True,False,False,NA,NA
nhood_2158,2.718172,0.207558,31,24,COVID_severe_vs_COVID_mild,Mono_c14,1.0,0.707136,0.491009,False,False,False,True,NA,NA
nhood_2160,-0.866729,0.417317,31,8,COVID_severe_vs_Healthy,Mono_c14,1.0,0.731863,0.70748,False,False,False,False,NA,NA
nhood_2160,-1.263027,0.193361,24,8,COVID_mild_vs_Healthy,Mono_c14,1.0,0.353873,0.473252,False,False,False,False,NA,NA
nhood_2160,0.396298,0.725855,31,24,COVID_severe_vs_COVID_mild,Mono_c14,1.0,0.900668,0.907798,False,False,False,True,NA,NA
nhood_2163,-0.36923,0.732454,31,8,COVID_severe_vs_Healthy,NK,1.0,0.928297,0.91204,False,False,False,False,NA,NA
nhood_2163,1.353629,0.558488,24,8,COVID_mild_vs_Healthy,NK,1.0,0.769545,0.817889,False,False,False,False,NA,NA
nhood_2163,-1.722859,0.09758,31,24,COVID_severe_vs_COVID_mild,NK,1.0,0.707136,0.299695,False,False,False,True,NA,NA
nhood_2172,-2.78426,0.013797,31,8,COVID_severe_vs_Healthy,Mono_c14,1.0,0.068123,0.086429,False,True,False,False,NA,NA
nhood_2172,-5.169859,0.008798,24,8,COVID_mild_vs_Healthy,Mono_c14,1.0,0.052377,0.079451,False,True,False,False,NA,NA
nhood_2172,2.385598,0.139172,31,24,COVID_severe_vs_COVID_mild,Mono_c14,1.0,0.707136,0.378219,False,False,False,True,NA,NA
nhood_2178,-3.31173,0.001,31,8,COVID_severe_vs_Healthy,T_cell,1.0,0.0395,0.05925,False,True,True,False,NA,NA
nhood_2178,-3.035609,0.0012,24,8,COVID_mild_vs_Healthy,T_cell,1.0,0.052377,0.0632,False,True,False,False,NA,NA
nhood_2178,-0.276121,0.686663,31,24,COVID_severe_vs_COVID_mild,T_cell,1.0,0.875078,0.888476,False,False,False,True,NA,NA
nhood_2196,-1.369225,0.086983,31,8,COVID_severe_vs_Healthy,T_cell,1.0,0.236683,0.278581,False,False,False,False,NA,NA
nhood_2196,-0.497497,0.506899,24,8,COVID_mild_vs_Healthy,T_cell,1.0,0.719372,0.775899,False,False,False,False,NA,NA
nhood_2196,-0.871728,0.142571,31,24,COVID_severe_vs_COVID_mild,T_cell,1.0,0.707136,0.383244,False,False,False,True,NA,NA
nhood_2198,-2.575675,0.024995,31,8,COVID_severe_vs_Healthy,Mono_c14,1.0,0.091136,0.119673,False,True,False,False,NA,NA
nhood_2198,-5.906775,0.004799,24,8,COVID_mild_vs_Healthy,Mono_c14,1.0,0.052377,0.076852,False,True,False,False,NA,NA
nhood_2198,3.3311,0.276745,31,24,COVID_severe_vs_COVID_mild,Mono_c14,1.0,0.707136,0.559789,False,False,False,True,NA,NA
nhood_2200,1.045794,0.676065,31,8,COVID_severe_vs_Healthy,T_cell,0.969697,0.911025,0.881699,False,False,False,False,NA,NA
nhood_2200,1.321917,0.30234,24,8,COVID_mild_vs_Healthy,T_cell,0.969697,0.488734,0.58975,False,False,False,False,NA,NA
nhood_2200,-0.276123,0.716257,31,24,COVID_severe_vs_COVID_mild,T_cell,0.969697,0.895794,0.901846,False,False,False,True,NA,NA
nhood_2215,0.782764,0.678464,31,8,COVID_severe_vs_Healthy,Mono_c14,1.0,0.911025,0.882139,False,False,False,False,NA,NA
nhood_2215,0.0,1.0,24,8,COVID_mild_vs_Healthy,Mono_c14,1.0,1.0,1.0,False,False,False,False,NA,NA
nhood_2215,0.782764,0.479104,31,24,COVID_severe_vs_COVID_mild,Mono_c14,1.0,0.781703,0.755306,False,False,False,True,NA,NA
nhood_2216,0.367729,0.903219,31,8,COVID_severe_vs_Healthy,T_cell,0.944444,0.99191,1.0,False,False,False,False,NA,NA
nhood_2216,0.999993,0.373325,24,8,COVID_mild_vs_Healthy,T_cell,0.944444,0.578288,0.66692,False,False,False,False,NA,NA
nhood_2216,-0.632264,0.412118,31,24,COVID_severe_vs_COVID_mild,T_cell,0.944444,0.765282,0.705047,False,False,False,True,NA,NA
nhood_2227,-3.047292,0.007199,31,8,COVID_severe_vs_Healthy,Mono_c14,1.0,0.054567,0.07697,False,True,False,False,NA,NA
nhood_2227,-3.999971,0.009798,24,8,COVID_mild_vs_Healthy,Mono_c14,1.0,0.052377,0.079451,False,True,False,False,NA,NA
nhood_2227,0.95268,0.472306,31,24,COVID_severe_vs_COVID_mild,Mono_c14,1.0,0.781703,0.752936,False,False,False,True,NA,NA
nhood_2230,0.438118,0.815837,31,8,COVID_severe_vs_Healthy,T_cell,1.0,0.95957,0.95957,False,False,False,False,NA,NA
nhood_2230,-0.12553,0.886423,24,8,COVID_mild_vs_Healthy,T_cell,1.0,1.0,0.990068,False,False,False,False,NA,NA
nhood_2230,0.563648,0.631874,31,24,COVID_severe_vs_COVID_mild,T_cell,1.0,0.846374,0.860876,False,False,False,True,NA,NA
nhood_2242,2.999968,0.44971,31,8,COVID_severe_vs_Healthy,Mono_c14,1.0,0.753225,0.735889,False,False,False,False,NA,NA
nhood_2242,-15.253534,0.258548,24,8,COVID_mild_vs_Healthy,Mono_c14,1.0,0.422592,0.535574,False,False,False,False,NA,NA
nhood_2242,18.253501,0.078384,31,24,COVID_severe_vs_COVID_mild,Mono_c14,1.0,0.707136,0.261035,False,False,False,True,NA,NA
nhood_2248,-4.439592,0.009598,31,8,COVID_severe_vs_Healthy,Mono_c14,1.0,0.056869,0.079451,False,True,False,False,NA,NA
nhood_2248,-4.807315,0.009798,24,8,COVID_mild_vs_Healthy,Mono_c14,1.0,0.052377,0.079451,False,True,False,False,NA,NA
nhood_2248,0.367722,1.0,31,24,COVID_severe_vs_COVID_mild,Mono_c14,1.0,1.0,1.0,False,False,False,True,NA,NA
nhood_2258,-0.561877,0.713057,31,8,COVID_severe_vs_Healthy,Mono_c14,1.0,0.919221,0.901428,False,False,False,False,NA,NA
nhood_2258,-2.999968,0.046791,24,8,COVID_mild_vs_Healthy,Mono_c14,1.0,0.125305,0.187957,False,True,False,False,NA,NA
nhood_2258,2.438091,0.325935,31,24,COVID_severe_vs_COVID_mild,Mono_c14,1.0,0.741399,0.622739,False,False,False,True,NA,NA
nhood_2263,-1.887073,0.05179,31,8,COVID_severe_vs_Healthy,Mono_c14,1.0,0.162573,0.20457,False,False,False,False,NA,NA
nhood_2263,-1.889808,0.05219,24,8,COVID_mild_vs_Healthy,Mono_c14,1.0,0.138041,0.205579,False,False,False,False,NA,NA
nhood_2263,0.002735,0.9982,31,24,COVID_severe_vs_COVID_mild,Mono_c14,1.0,1.0,1.0,False,False,False,True,NA,NA
nhood_2266,-0.539155,0.707658,31,8,COVID_severe_vs_Healthy,Mono_c14,1.0,0.919221,0.901428,False,False,False,False,NA,NA
nhood_2266,-0.169924,0.9996,24,8,COVID_mild_vs_Healthy,Mono_c14,1.0,1.0,1.0,False,False,False,False,NA,NA
nhood_2266,-0.369231,0.613277,31,24,COVID_severe_vs_COVID_mild,Mono_c14,1.0,0.846374,0.854143,False,False,False,True,NA,NA
nhood_2268,-1.188657,0.118576,31,8,COVID_severe_vs_Healthy,Mono_c14,1.0,0.29526,0.340637,False,False,False,False,NA,NA
nhood_2268,-2.584944,0.005399,24,8,COVID_mild_vs_Healthy,Mono_c14,1.0,0.052377,0.076852,False,True,False,False,NA,NA
nhood_2268,1.396287,0.115977,31,24,COVID_severe_vs_COVID_mild,Mono_c14,1.0,0.707136,0.335202,False,False,False,True,NA,NA
nhood_2277,-0.494759,0.641072,31,8,COVID_severe_vs_Healthy,NK,1.0,0.902248,0.862705,False,False,False,False,NA,NA
nhood_2277,1.459423,0.158168,24,8,COVID_mild_vs_Healthy,NK,1.0,0.301091,0.410717,False,False,False,False,NA,NA
nhood_2277,-1.954182,0.0008,31,24,COVID_severe_vs_COVID_mild,NK,1.0,0.0948,0.05925,False,True,False,True,NA,NA
nhood_2283,-2.706258,0.027594,31,8,COVID_severe_vs_Healthy,Mono_c14,1.0,0.097609,0.126986,False,True,False,False,NA,NA
nhood_2283,-4.584917,0.017996,24,8,COVID_mild_vs_Healthy,Mono_c14,1.0,0.067075,0.101953,False,True,False,False,NA,NA
nhood_2283,1.878659,0.342332,31,24,COVID_severe_vs_COVID_mild,Mono_c14,1.0,0.741399,0.63791,False,False,False,True,NA,NA
nhood_2289,-2.069664,0.016197,31,8,COVID_severe_vs_Healthy,Mono_c14,1.0,0.075268,0.096369,False,True,False,False,NA,NA
nhood_2289,-2.115467,0.025195,24,8,COVID_mild_vs_Healthy,Mono_c14,1.0,0.079616,0.119824,False,True,False,False,NA,NA
nhood_2289,0.045803,1.0,31,24,COVID_severe_vs_COVID_mild,Mono_c14,1.0,1.0,1.0,False,False,False,True,NA,NA
nhood_2291,2.175066,0.481504,31,8,COVID_severe_vs_Healthy,Mono_c14,1.0,0.792475,0.756573,False,False,False,False,NA,NA
nhood_2291,0.415031,0.876025,24,8,COVID_mild_vs_Healthy,Mono_c14,1.0,1.0,0.985753,False,False,False,False,NA,NA
nhood_2291,1.760035,0.280344,31,24,COVID_severe_vs_COVID_mild,Mono_c14,1.0,0.707136,0.56227,False,False,False,True,NA,NA
nhood_2322,-0.802189,0.346931,31,8,COVID_severe_vs_Healthy,NK,1.0,0.66577,0.642172,False,False,False,False,NA,NA
nhood_2322,-1.054442,0.124575,24,8,COVID_mild_vs_Healthy,NK,1.0,0.248103,0.351479,False,False,False,False,NA,NA
nhood_2322,0.252253,0.755849,31,24,COVID_severe_vs_COVID_mild,NK,1.0,0.91396,0.928969,False,False,False,True,NA,NA
nhood_2334,-20.153962,0.0008,31,8,COVID_severe_vs_Healthy,Mono_c14,1.0,0.0395,0.05925,False,True,True,False,NA,NA
nhood_2334,-5.392267,0.007399,24,8,COVID_mild_vs_Healthy,Mono_c14,1.0,0.052377,0.077363,False,True,False,False,NA,NA
nhood_2334,-14.761696,0.185163,31,24,COVID_severe_vs_COVID_mild,Mono_c14,1.0,0.707136,0.457121,False,False,False,True,NA,NA
nhood_2338,-1.176582,0.127774,31,8,COVID_severe_vs_Healthy,T_cell,1.0,0.315281,0.356964,False,False,False,False,NA,NA
nhood_2338,-0.58496,0.604879,24,8,COVID_mild_vs_Healthy,T_cell,1.0,0.809923,0.848839,False,False,False,False,NA,NA
nhood_2338,-0.591622,0.493101,31,24,COVID_severe_vs_COVID_mild,T_cell,1.0,0.784328,0.762992,False,False,False,True,NA,NA
nhood_2343,-0.369231,0.819636,31,8,COVID_severe_vs_Healthy,B_cell,1.0,0.961652,0.961652,False,False,False,False,NA,NA
nhood_2343,0.263033,0.670666,24,8,COVID_mild_vs_Healthy,B_cell,1.0,0.852267,0.878165,False,False,False,False,NA,NA
nhood_2343,-0.632264,0.221556,31,24,COVID_severe_vs_COVID_mild,B_cell,1.0,0.707136,0.503279,False,False,False,True,NA,NA
nhood_2359,-0.310339,0.856629,31,8,COVID_severe_vs_Healthy,Mono_c14,1.0,0.969889,0.978415,False,False,False,False,NA,NA
nhood_2359,-4.58485,0.023995,24,8,COVID_mild_vs_Healthy,Mono_c14,1.0,0.078017,0.117025,False,True,False,False,NA,NA
nhood_2359,4.274511,0.092581,31,24,COVID_severe_vs_COVID_mild,Mono_c14,1.0,0.707136,0.288707,False,False,False,True,NA,NA
nhood_2360,-1.954185,0.011398,31,8,COVID_severe_vs_Healthy,T_cell,1.0,0.060704,0.079451,False,True,False,False,NA,NA
nhood_2360,-0.947529,0.181564,24,8,COVID_mild_vs_Healthy,T_cell,1.0,0.336177,0.452161,False,False,False,False,NA,NA
nhood_2360,-1.006656,0.187762,31,24,COVID_severe_vs_COVID_mild,T_cell,1.0,0.707136,0.461627,False,False,False,True,NA,NA
nhood_2363,-0.369232,0.640272,31,8,COVID_severe_vs_Healthy,T_cell,1.0,0.902248,0.862705,False,False,False,False,NA,NA
nhood_2363,-0.169924,0.999,24,8,COVID_mild_vs_Healthy,T_cell,1.0,1.0,1.0,False,False,False,False,NA,NA
nhood_2363,-0.199308,0.672865,31,24,COVID_severe_vs_COVID_mild,T_cell,1.0,0.871415,0.880234,False,False,False,True,NA,NA
nhood_2365,-0.539156,0.60088,31,8,COVID_severe_vs_Healthy,Mono_c14,1.0,0.887281,0.84767,False,False,False,False,NA,NA
nhood_2365,-1.169918,0.079384,24,8,COVID_mild_vs_Healthy,Mono_c14,1.0,0.173401,0.261912,False,False,False,False,NA,NA
nhood_2365,0.630762,0.486503,31,24,COVID_severe_vs_COVID_mild,Mono_c14,1.0,0.781703,0.758353,False,False,False,True,NA,NA
nhood_2369,-0.784268,0.403119,31,8,COVID_severe_vs_Healthy,Mono_c14,1.0,0.727014,0.697366,False,False,False,False,NA,NA
nhood_2369,-2.169909,0.018796,24,8,COVID_mild_vs_Healthy,Mono_c14,1.0,0.06801,0.104699,False,True,False,False,NA,NA
nhood_2369,1.385641,0.121976,31,24,COVID_severe_vs_COVID_mild,Mono_c14,1.0,0.707136,0.3469,False,False,False,True,NA,NA
nhood_2373,-1.243695,0.087183,31,8,COVID_severe_vs_Healthy,T_cell,1.0,0.236683,0.278594,False,False,False,False,NA,NA
nhood_2373,-0.237038,0.830634,24,8,COVID_mild_vs_Healthy,T_cell,1.0,0.974556,0.964214,False,False,False,False,NA,NA
nhood_2373,-1.006657,0.180964,31,24,COVID_severe_vs_COVID_mild,T_cell,1.0,0.707136,0.452161,False,False,False,True,NA,NA
nhood_2374,-0.418142,0.785243,31,8,COVID_severe_vs_Healthy,Epithelial,1.0,0.950222,0.946687,False,False,False,False,NA,NA
nhood_2374,-2.584937,0.003199,24,8,COVID_mild_vs_Healthy,Epithelial,1.0,0.052377,0.076852,False,True,False,False,NA,NA
nhood_2374,2.166795,0.157169,31,24,COVID_severe_vs_COVID_mild,Epithelial,1.0,0.707136,0.410081,False,False,False,True,NA,NA
nhood_2375,2.689627,0.566087,31,8,COVID_severe_vs_Healthy,Mono_c14,1.0,0.867308,0.827313,False,False,False,False,NA,NA
nhood_2375,1.415013,0.40172,24,8,COVID_mild_vs_Healthy,Mono_c14,1.0,0.612268,0.695793,False,False,False,False,NA,NA
nhood_2375,1.274614,0.436513,31,24,COVID_severe_vs_COVID_mild,Mono_c14,1.0,0.780696,0.724296,False,False,False,True,NA,NA
nhood_2394,1.56935,0.258748,31,8,COVID_severe_vs_Healthy,NK,1.0,0.533246,0.535574,False,False,False,False,NA,NA
nhood_2394,1.321914,0.344731,24,8,COVID_mild_vs_Healthy,NK,1.0,0.541068,0.639958,False,False,False,False,NA,NA
nhood_2394,0.247436,0.718656,31,24,COVID_severe_vs_COVID_mild,NK,1.0,0.896429,0.903562,False,False,False,True,NA,NA
nhood_2396,-2.468752,0.010198,31,8,COVID_severe_vs_Healthy,Mono_c14,1.0,0.056869,0.079451,False,True,False,False,NA,NA
nhood_2396,-0.906887,0.24975,24,8,COVID_mild_vs_Healthy,Mono_c14,1.0,0.417899,0.530182,False,False,False,False,NA,NA
nhood_2396,-1.561865,0.036993,31,24,COVID_severe_vs_COVID_mild,Mono_c14,1.0,0.674411,0.15656,False,True,False,True,NA,NA
nhood_2401,-0.954191,0.208958,31,8,COVID_severe_vs_Healthy,T_cell,1.0,0.471648,0.491138,False,False,False,False,NA,NA
nhood_2401,-0.362568,0.857429,24,8,COVID_mild_vs_Healthy,T_cell,1.0,0.993695,0.978543,False,False,False,False,NA,NA
nhood_2401,-0.591622,0.471506,31,24,COVID_severe_vs_COVID_mild,T_cell,1.0,0.781703,0.752936,False,False,False,True,NA,NA
nhood_2409,-0.253755,0.815037,31,8,COVID_severe_vs_Healthy,Mono_c14,1.0,0.95957,0.95957,False,False,False,False,NA,NA
nhood_2409,-1.999983,0.082783,24,8,COVID_mild_vs_Healthy,Mono_c14,1.0,0.179174,0.269994,False,False,False,False,NA,NA
nhood_2409,1.746227,0.245351,31,24,COVID_severe_vs_COVID_mild,Mono_c14,1.0,0.707136,0.52862,False,False,False,True,NA,NA
nhood_2410,-0.513619,0.628074,31,8,COVID_severe_vs_Healthy,NK,0.985075,0.902143,0.860876,False,False,False,False,NA,NA
nhood_2410,0.965229,0.635073,24,8,COVID_mild_vs_Healthy,NK,0.985075,0.83156,0.860876,False,False,False,False,NA,NA
nhood_2410,-1.478848,0.107179,31,24,COVID_severe_vs_COVID_mild,NK,0.985075,0.707136,0.314894,False,False,False,True,NA,NA
nhood_2420,-4.06965,0.0004,31,8,COVID_severe_vs_Healthy,Mono_c14,1.0,0.03792,0.05925,False,True,True,False,NA,NA
nhood_2420,-5.285345,0.0006,24,8,COVID_mild_vs_Healthy,Mono_c14,1.0,0.052377,0.05925,False,True,False,False,NA,NA
nhood_2420,1.215695,0.578684,31,24,COVID_severe_vs_COVID_mild,Mono_c14,1.0,0.833212,0.830694,False,False,False,True,NA,NA
nhood_2421,-3.477741,0.010198,31,8,COVID_severe_vs_Healthy,Mono_c14,1.0,0.056869,0.079451,False,True,False,False,NA,NA
nhood_2421,-5.108469,0.004799,24,8,COVID_mild_vs_Healthy,Mono_c14,1.0,0.052377,0.076852,False,True,False,False,NA,NA
nhood_2421,1.630728,0.258748,31,24,COVID_severe_vs_COVID_mild,Mono_c14,1.0,0.707136,0.535574,False,False,False,True,NA,NA
nhood_2422,-4.539127,0.006599,31,8,COVID_severe_vs_Healthy,Mono_c14,1.0,0.054567,0.07697,False,True,False,False,NA,NA
nhood_2422,-5.49179,0.004799,24,8,COVID_mild_vs_Healthy,Mono_c14,1.0,0.052377,0.076852,False,True,False,False,NA,NA
nhood_2422,0.952663,0.681864,31,24,COVID_severe_vs_COVID_mild,Mono_c14,1.0,0.875078,0.884134,False,False,False,True,NA,NA
nhood_2423,0.424313,0.840632,31,8,COVID_severe_vs_Healthy,Mono_c14,1.0,0.968006,0.970355,False,False,False,False,NA,NA
nhood_2423,-3.906787,0.023195,24,8,COVID_mild_vs_Healthy,Mono_c14,1.0,0.076884,0.115326,False,True,False,False,NA,NA
nhood_2423,4.331101,0.021796,31,24,COVID_severe_vs_COVID_mild,Mono_c14,1.0,0.543753,0.112705,False,True,False,True,NA,NA
nhood_2428,-0.146841,0.983603,31,8,COVID_severe_vs_Healthy,DC,1.0,1.0,1.0,False,False,False,False,NA,NA
nhood_2428,-0.169924,0.926615,24,8,COVID_mild_vs_Healthy,DC,1.0,1.0,1.0,False,False,False,False,NA,NA
nhood_2428,0.023083,0.9996,31,24,COVID_severe_vs_COVID_mild,DC,1.0,1.0,1.0,False,False,False,True,NA,NA
nhood_2442,1.670283,0.693461,31,8,COVID_severe_vs_Healthy,Mono_c14,1.0,0.919221,0.889181,False,False,False,False,NA,NA
nhood_2442,-1.169904,0.414117,24,8,COVID_mild_vs_Healthy,Mono_c14,1.0,0.627129,0.705579,False,False,False,False,NA,NA
nhood_2442,2.840187,0.410118,31,24,COVID_severe_vs_COVID_mild,Mono_c14,1.0,0.765282,0.703321,False,False,False,True,NA,NA
nhood_2443,-0.86673,0.266547,31,8,COVID_severe_vs_Healthy,Mono_c14,1.0,0.544583,0.547731,False,False,False,False,NA,NA
nhood_2443,-1.584953,0.054389,24,8,COVID_mild_vs_Healthy,Mono_c14,1.0,0.138041,0.209435,False,False,False,False,NA,NA
nhood_2443,0.718223,0.387323,31,24,COVID_severe_vs_COVID_mild,Mono_c14,1.0,0.752423,0.677458,False,False,False,True,NA,NA
nhood_2448,0.984395,0.534893,31,8,COVID_severe_vs_Healthy,T_cell,1.0,0.839534,0.799808,False,False,False,False,NA,NA
nhood_2448,0.91753,0.581084,24,8,COVID_mild_vs_Healthy,T_cell,1.0,0.793757,0.831289,False,False,False,False,NA,NA
nhood_2448,0.066865,0.941812,31,24,COVID_severe_vs_COVID_mild,T_cell,1.0,1.0,1.0,False,False,False,True,NA,NA
nhood_2449,-0.899745,0.439112,31,8,COVID_severe_vs_Healthy,Mono_c14,1.0,0.746698,0.726728,False,False,False,False,NA,NA
nhood_2449,-3.700394,0.017397,24,8,COVID_mild_vs_Healthy,Mono_c14,1.0,0.065446,0.099752,False,True,False,False,NA,NA
nhood_2449,2.800649,0.081984,31,24,COVID_severe_vs_COVID_mild,Mono_c14,1.0,0.707136,0.268003,False,False,False,True,NA,NA
nhood_2458,-1.613154,0.104579,31,8,COVID_severe_vs_Healthy,Mono_c14,1.0,0.270877,0.310408,False,False,False,False,NA,NA
nhood_2458,-4.491794,0.026395,24,8,COVID_mild_vs_Healthy,Mono_c14,1.0,0.0802,0.122659,False,True,False,False,NA,NA
nhood_2458,2.87864,0.219756,31,24,COVID_severe_vs_COVID_mild,Mono_c14,1.0,0.707136,0.5024,False,False,False,True,NA,NA
nhood_2463,-4.217202,0.007199,31,8,COVID_severe_vs_Healthy,Mono_c14,1.0,0.054567,0.07697,False,True,False,False,NA,NA
nhood_2463,-3.847975,0.011198,24,8,COVID_mild_vs_Healthy,Mono_c14,1.0,0.052377,0.079451,False,True,False,False,NA,NA
nhood_2463,-0.369227,0.661468,31,24,COVID_severe_vs_COVID_mild,Mono_c14,1.0,0.866645,0.873887,False,False,False,True,NA,NA
nhood_2469,-0.21723,0.826835,31,8,COVID_severe_vs_Healthy,T_cell,1.0,0.964537,0.964203,False,False,False,False,NA,NA
nhood_2469,-0.847991,0.477904,24,8,COVID_mild_vs_Healthy,T_cell,1.0,0.692364,0.755088,False,False,False,False,NA,NA
nhood_2469,0.630762,0.336133,31,24,COVID_severe_vs_COVID_mild,T_cell,1.0,0.741399,0.63225,False,False,False,True,NA,NA
nhood_2475,18.299305,0.418316,31,8,COVID_severe_vs_Healthy,Mono_c14,0.969697,0.731863,0.70748,False,False,False,False,NA,NA
nhood_2475,0.0,1.0,24,8,COVID_mild_vs_Healthy,Mono_c14,0.969697,1.0,1.0,False,False,False,False,NA,NA
nhood_2475,18.299305,0.089182,31,24,COVID_severe_vs_COVID_mild,Mono_c14,0.969697,0.707136,0.28119,False,False,False,True,NA,NA
nhood_2480,-0.854655,0.580084,31,8,COVID_severe_vs_Healthy,T_cell,1.0,0.867381,0.830694,False,False,False,False,NA,NA
nhood_2480,-0.304853,0.903219,24,8,COVID_mild_vs_Healthy,T_cell,1.0,1.0,1.0,False,False,False,False,NA,NA
nhood_2480,-0.549802,0.371126,31,24,COVID_severe_vs_COVID_mild,T_cell,1.0,0.741476,0.666217,False,False,False,True,NA,NA
nhood_2489,-6.311651,0.0024,31,8,COVID_severe_vs_Healthy,Mono_c14,1.0,0.045504,0.076852,False,True,True,False,NA,NA
nhood_2489,-6.942363,0.002999,24,8,COVID_mild_vs_Healthy,Mono_c14,1.0,0.052377,0.076852,False,True,False,False,NA,NA
nhood_2489,0.630712,1.0,31,24,COVID_severe_vs_COVID_mild,Mono_c14,1.0,1.0,1.0,False,False,False,True,NA,NA
nhood_2491,-1.833896,0.083183,31,8,COVID_severe_vs_Healthy,Mono_c14,1.0,0.229237,0.270678,False,False,False,False,NA,NA
nhood_2491,-4.523506,0.012398,24,8,COVID_mild_vs_Healthy,Mono_c14,1.0,0.052377,0.082169,False,True,False,False,NA,NA
nhood_2491,2.68961,0.071786,31,24,COVID_severe_vs_COVID_mild,Mono_c14,1.0,0.707136,0.244795,False,False,False,True,NA,NA
nhood_2494,-0.451693,0.670066,31,8,COVID_severe_vs_Healthy,T_cell,1.0,0.911025,0.878165,False,False,False,False,NA,NA
nhood_2494,-0.082462,0.883023,24,8,COVID_mild_vs_Healthy,T_cell,1.0,1.0,0.989487,False,False,False,False,NA,NA
nhood_2494,-0.369231,0.603479,31,24,COVID_severe_vs_COVID_mild,T_cell,1.0,0.84469,0.848839,False,False,False,True,NA,NA
nhood_2495,-5.227167,0.0022,31,8,COVID_severe_vs_Healthy,Mono_c14,1.0,0.045504,0.076852,False,True,True,False,NA,NA
nhood_2495,-6.442831,0.003599,24,8,COVID_mild_vs_Healthy,Mono_c14,1.0,0.052377,0.076852,False,True,False,False,NA,NA
nhood_2495,1.215664,0.629074,31,24,COVID_severe_vs_COVID_mild,Mono_c14,1.0,0.846374,0.860876,False,False,False,True,NA,NA
nhood_2498,-1.706262,0.006599,31,8,COVID_severe_vs_Healthy,T_cell,1.0,0.054567,0.07697,False,True,False,False,NA,NA
nhood_2498,-2.415024,0.002799,24,8,COVID_mild_vs_Healthy,T_cell,1.0,0.052377,0.076852,False,True,False,False,NA,NA
nhood_2498,0.708762,0.35033,31,24,COVID_severe_vs_COVID_mild,T_cell,1.0,0.741399,0.64363,False,False,False,True,NA,NA
nhood_2504,-0.49476,0.829434,31,8,COVID_severe_vs_Healthy,T_cell,1.0,0.964537,0.964214,False,False,False,False,NA,NA
nhood_2504,0.80735,0.539692,24,8,COVID_mild_vs_Healthy,T_cell,1.0,0.750188,0.802764,False,False,False,False,NA,NA
nhood_2504,-1.302111,0.09898,31,24,COVID_severe_vs_COVID_mild,T_cell,1.0,0.707136,0.302687,False,False,False,True,NA,NA
nhood_2515,-1.302114,0.092581,31,8,COVID_severe_vs_Healthy,Mono_c14,1.0,0.247929,0.288707,False,False,False,False,NA,NA
nhood_2515,-2.392302,0.011198,24,8,COVID_mild_vs_Healthy,Mono_c14,1.0,0.052377,0.079451,False,True,False,False,NA,NA
nhood_2515,1.090188,0.287143,31,24,COVID_severe_vs_COVID_mild,Mono_c14,1.0,0.708884,0.567896,False,False,False,True,NA,NA
nhood_2519,-1.539152,0.018996,31,8,COVID_severe_vs_Healthy,T_cell,1.0,0.081118,0.104699,False,True,False,False,NA,NA
nhood_2519,-2.169913,0.011998,24,8,COVID_mild_vs_Healthy,T_cell,1.0,0.052377,0.081632,False,True,False,False,NA,NA
nhood_2519,0.630761,0.452509,31,24,COVID_severe_vs_COVID_mild,T_cell,1.0,0.781703,0.739618,False,False,False,True,NA,NA
nhood_2525,1.045795,0.415717,31,8,COVID_severe_vs_Healthy,NK,1.0,0.731863,0.707117,False,False,False,False,NA,NA
nhood_2525,0.830068,0.637872,24,8,COVID_mild_vs_Healthy,NK,1.0,0.832924,0.86167,False,False,False,False,NA,NA
nhood_2525,0.215727,0.833433,31,24,COVID_severe_vs_COVID_mild,NK,1.0,0.95422,0.966674,False,False,False,True,NA,NA
nhood_2531,3.438076,0.595081,31,8,COVID_severe_vs_Healthy,Mono_c14,1.0,0.88176,0.843958,False,False,False,False,NA,NA
nhood_2531,-14.827282,0.254349,24,8,COVID_mild_vs_Healthy,Mono_c14,1.0,0.418616,0.530746,False,False,False,False,NA,NA
nhood_2531,18.265358,0.207159,31,24,COVID_severe_vs_COVID_mild,Mono_c14,1.0,0.707136,0.491009,False,False,False,True,NA,NA
nhood_2539,-0.890061,0.212158,31,8,COVID_severe_vs_Healthy,T_cell,1.0,0.472126,0.493762,False,False,False,False,NA,NA
nhood_2539,-1.044389,0.156569,24,8,COVID_mild_vs_Healthy,T_cell,1.0,0.299631,0.410081,False,False,False,False,NA,NA
nhood_2539,0.154327,0.825235,31,24,COVID_severe_vs_COVID_mild,T_cell,1.0,0.953089,0.964203,False,False,False,True,NA,NA
nhood_2544,-0.036658,0.9982,31,8,COVID_severe_vs_Healthy,Mono_c14,1.0,1.0,1.0,False,False,False,False,NA,NA
nhood_2544,-3.754815,0.059788,24,8,COVID_mild_vs_Healthy,Mono_c14,1.0,0.140071,0.215411,False,False,False,False,NA,NA
nhood_2544,3.718157,0.270946,31,24,COVID_severe_vs_COVID_mild,Mono_c14,1.0,0.707136,0.552776,False,False,False,True,NA,NA
nhood_2554,-4.124096,0.0018,31,8,COVID_severe_vs_Healthy,Mono_c14,1.0,0.045504,0.075282,False,True,True,False,NA,NA
nhood_2554,-4.754847,0.003599,24,8,COVID_mild_vs_Healthy,Mono_c14,1.0,0.052377,0.076852,False,True,False,False,NA,NA
nhood_2554,0.630751,0.778444,31,24,COVID_severe_vs_COVID_mild,Mono_c14,1.0,0.929427,0.943689,False,False,False,True,NA,NA
nhood_2558,-1.061106,0.208158,31,8,COVID_severe_vs_Healthy,Mono_c14,1.0,0.471648,0.491009,False,False,False,False,NA,NA
nhood_2558,-0.807351,0.375725,24,8,COVID_mild_vs_Healthy,Mono_c14,1.0,0.58011,0.668083,False,False,False,False,NA,NA
nhood_2558,-0.253755,0.709458,31,24,COVID_severe_vs_COVID_mild,Mono_c14,1.0,0.89437,0.901428,False,False,False,True,NA,NA
nhood_2560,-2.276116,0.007598,31,8,COVID_severe_vs_Healthy,Mono_c14,1.0,0.054567,0.077729,False,True,False,False,NA,NA
nhood_2560,-3.906858,0.002999,24,8,COVID_mild_vs_Healthy,Mono_c14,1.0,0.052377,0.076852,False,True,False,False,NA,NA
nhood_2560,1.630743,0.186963,31,24,COVID_severe_vs_COVID_mild,Mono_c14,1.0,0.707136,0.460765,False,False,False,True,NA,NA
nhood_2561,-2.516065,0.007199,31,8,COVID_severe_vs_Healthy,DC,1.0,0.054567,0.07697,False,True,False,False,NA,NA
nhood_2561,-3.731777,0.0002,24,8,COVID_mild_vs_Healthy,DC,1.0,0.052377,0.05925,False,True,False,False,NA,NA
nhood_2561,1.215712,0.196361,31,24,COVID_severe_vs_COVID_mild,DC,1.0,0.707136,0.476494,False,False,False,True,NA,NA
nhood_2567,-4.632235,0.006399,31,8,COVID_severe_vs_Healthy,Mono_c14,1.0,0.054567,0.07697,False,True,False,False,NA,NA
nhood_2567,-5.584896,0.011398,24,8,COVID_mild_vs_Healthy,Mono_c14,1.0,0.052377,0.079451,False,True,False,False,NA,NA
nhood_2567,0.952662,0.626875,31,24,COVID_severe_vs_COVID_mild,Mono_c14,1.0,0.846374,0.860876,False,False,False,True,NA,NA
nhood_2571,-1.506732,0.116777,31,8,COVID_severe_vs_Healthy,Mono_c14,1.0,0.294427,0.336829,False,False,False,False,NA,NA
nhood_2571,-3.044371,0.005399,24,8,COVID_mild_vs_Healthy,Mono_c14,1.0,0.052377,0.076852,False,True,False,False,NA,NA
nhood_2571,1.53764,0.476505,31,24,COVID_severe_vs_COVID_mild,Mono_c14,1.0,0.781703,0.754555,False,False,False,True,NA,NA
nhood_2577,-2.632256,0.009998,31,8,COVID_severe_vs_Healthy,Mono_c14,1.0,0.056869,0.079451,False,True,False,False,NA,NA
nhood_2577,-3.125513,0.010198,24,8,COVID_mild_vs_Healthy,Mono_c14,1.0,0.052377,0.079451,False,True,False,False,NA,NA
nhood_2577,0.493257,0.485103,31,24,COVID_severe_vs_COVID_mild,Mono_c14,1.0,0.781703,0.757208,False,False,False,True,NA,NA
nhood_2580,-4.013065,0.002799,31,8,COVID_severe_vs_Healthy,Mono_c14,1.0,0.049138,0.076852,False,True,True,False,NA,NA
nhood_2580,-3.906867,0.003399,24,8,COVID_mild_vs_Healthy,Mono_c14,1.0,0.052377,0.076852,False,True,False,False,NA,NA
nhood_2580,-0.106197,0.882823,31,24,COVID_severe_vs_COVID_mild,Mono_c14,1.0,0.974922,0.989487,False,False,False,True,NA,NA
nhood_2581,0.215727,0.713057,31,8,COVID_severe_vs_Healthy,NK,1.0,0.919221,0.901428,False,False,False,False,NA,NA
nhood_2581,-0.584958,0.767247,24,8,COVID_mild_vs_Healthy,NK,1.0,0.939729,0.939186,False,False,False,False,NA,NA
nhood_2581,0.800686,0.311138,31,24,COVID_severe_vs_COVID_mild,NK,1.0,0.735143,0.601957,False,False,False,True,NA,NA
nhood_2582,-3.731785,0.009998,31,8,COVID_severe_vs_Healthy,Mono_c14,1.0,0.056869,0.079451,False,True,False,False,NA,NA
nhood_2582,-6.169816,0.003399,24,8,COVID_mild_vs_Healthy,Mono_c14,1.0,0.052377,0.076852,False,True,False,False,NA,NA
nhood_2582,2.438031,0.293541,31,24,COVID_severe_vs_COVID_mild,Mono_c14,1.0,0.717208,0.57654,False,False,False,True,NA,NA
nhood_2584,3.045769,0.595281,31,8,COVID_severe_vs_Healthy,Mono_c14,1.0,0.88176,0.843958,False,False,False,False,NA,NA
nhood_2584,-1.584884,1.0,24,8,COVID_mild_vs_Healthy,Mono_c14,1.0,1.0,1.0,False,False,False,False,NA,NA
nhood_2584,4.630653,0.260348,31,24,COVID_severe_vs_COVID_mild,Mono_c14,1.0,0.707136,0.537322,False,False,False,True,NA,NA
nhood_2587,-2.243689,0.021796,31,8,COVID_severe_vs_Healthy,T_cell,1.0,0.084683,0.112705,False,True,False,False,NA,NA
nhood_2587,-1.137499,0.206359,24,8,COVID_mild_vs_Healthy,T_cell,1.0,0.371917,0.490707,False,False,False,False,NA,NA
nhood_2587,-1.10619,0.094581,31,24,COVID_severe_vs_COVID_mild,T_cell,1.0,0.707136,0.294298,False,False,False,True,NA,NA
nhood_2593,-1.954187,0.016597,31,8,COVID_severe_vs_Healthy,T_cell,1.0,0.075644,0.097929,False,True,False,False,NA,NA
nhood_2593,-2.044384,0.025195,24,8,COVID_mild_vs_Healthy,T_cell,1.0,0.079616,0.119824,False,True,False,False,NA,NA
nhood_2593,0.090197,0.908818,31,24,COVID_severe_vs_COVID_mild,T_cell,1.0,0.987718,1.0,False,False,False,True,NA,NA
nhood_2612,-3.176575,0.054789,31,8,COVID_severe_vs_Healthy,Mono_c14,1.0,0.168636,0.209435,False,False,False,False,NA,NA
nhood_2612,-6.97707,0.022595,24,8,COVID_mild_vs_Healthy,Mono_c14,1.0,0.0765,0.113936,False,True,False,False,NA,NA
nhood_2612,3.800495,0.14977,31,24,COVID_severe_vs_COVID_mild,Mono_c14,1.0,0.707136,0.396598,False,False,False,True,NA,NA
nhood_2628,0.36773,0.853829,31,8,COVID_severe_vs_Healthy,T_cell,1.0,0.969889,0.97836,False,False,False,False,NA,NA
nhood_2628,-1.584946,0.19936,24,8,COVID_mild_vs_Healthy,T_cell,1.0,0.362056,0.480491,False,False,False,False,NA,NA
nhood_2628,1.952676,0.158568,31,24,COVID_severe_vs_COVID_mild,T_cell,1.0,0.707136,0.410717,False,False,False,True,NA,NA
nhood_2633,-1.165697,0.532494,31,8,COVID_severe_vs_Healthy,Mono_c14,1.0,0.838545,0.799097,False,False,False,False,NA,NA
nhood_2633,-18.806041,0.007798,24,8,COVID_mild_vs_Healthy,Mono_c14,1.0,0.052377,0.079205,False,True,False,False,NA,NA
nhood_2633,17.640344,0.220356,31,24,COVID_severe_vs_COVID_mild,Mono_c14,1.0,0.707136,0.502613,False,False,False,True,NA,NA
nhood_2637,-0.188661,0.995601,31,8,COVID_severe_vs_Healthy,T_cell,1.0,1.0,1.0,False,False,False,False,NA,NA
nhood_2637,-0.906885,0.44791,24,8,COVID_mild_vs_Healthy,T_cell,1.0,0.667639,0.734634,False,False,False,False,NA,NA
nhood_2637,0.718224,0.417117,31,24,COVID_severe_vs_COVID_mild,T_cell,1.0,0.769269,0.70748,False,False,False,True,NA,NA
nhood_2641,-0.091699,0.943411,31,8,COVID_severe_vs_Healthy,Mono_c14,1.0,1.0,1.0,False,False,False,False,NA,NA
nhood_2641,-3.459375,0.059388,24,8,COVID_mild_vs_Healthy,Mono_c14,1.0,0.140071,0.215411,False,False,False,False,NA,NA
nhood_2641,3.367675,0.014397,31,24,COVID_severe_vs_COVID_mild,Mono_c14,1.0,0.487441,0.089011,False,True,False,True,NA,NA
nhood_2648,-3.828643,0.005799,31,8,COVID_severe_vs_Healthy,Mono_c14,1.0,0.054567,0.076852,False,True,False,False,NA,NA
nhood_2648,-3.722445,0.009598,24,8,COVID_mild_vs_Healthy,Mono_c14,1.0,0.052377,0.079451,False,True,False,False,NA,NA
nhood_2648,-0.106198,1.0,31,24,COVID_severe_vs_COVID_mild,Mono_c14,1.0,1.0,1.0,False,False,False,True,NA,NA
nhood_2652,1.630754,0.677864,31,8,COVID_severe_vs_Healthy,Epithelial,1.0,0.911025,0.882139,False,False,False,False,NA,NA
nhood_2652,-0.584954,1.0,24,8,COVID_mild_vs_Healthy,Epithelial,1.0,1.0,1.0,False,False,False,False,NA,NA
nhood_2652,2.215708,0.25135,31,24,COVID_severe_vs_COVID_mild,Epithelial,1.0,0.707136,0.530465,False,False,False,True,NA,NA
nhood_2673,-1.954187,0.009198,31,8,COVID_severe_vs_Healthy,T_cell,1.0,0.056869,0.079451,False,True,False,False,NA,NA
nhood_2673,-1.847988,0.018196,24,8,COVID_mild_vs_Healthy,T_cell,1.0,0.067075,0.102677,False,True,False,False,NA,NA
nhood_2673,-0.106199,0.878624,31,24,COVID_severe_vs_COVID_mild,T_cell,1.0,0.974922,0.987671,False,False,False,True,NA,NA
nhood_2687,-1.061106,0.20136,31,8,COVID_severe_vs_Healthy,Mono_c14,0.969697,0.466508,0.482857,False,False,False,False,NA,NA
nhood_2687,-0.691874,0.357928,24,8,COVID_mild_vs_Healthy,Mono_c14,0.969697,0.558085,0.651695,False,False,False,False,NA,NA
nhood_2687,-0.369231,0.55169,31,24,COVID_severe_vs_COVID_mild,Mono_c14,0.969697,0.819753,0.809601,False,False,False,True,NA,NA
nhood_2695,-0.954188,0.357728,31,8,COVID_severe_vs_Healthy,T_cell,1.0,0.673246,0.651695,False,False,False,False,NA,NA
nhood_2695,0.736962,0.532893,24,8,COVID_mild_vs_Healthy,T_cell,1.0,0.742916,0.799097,False,False,False,False,NA,NA
nhood_2695,-1.69115,0.015997,31,24,COVID_severe_vs_COVID_mild,T_cell,1.0,0.497611,0.095579,False,True,False,True,NA,NA
nhood_2702,0.74624,0.936613,31,8,COVID_severe_vs_Healthy,Mono_c14,1.0,1.0,1.0,False,False,False,False,NA,NA
nhood_2702,-17.346615,0.011398,24,8,COVID_mild_vs_Healthy,Mono_c14,1.0,0.052377,0.079451,False,True,False,False,NA,NA
nhood_2702,18.092855,0.244151,31,24,COVID_severe_vs_COVID_mild,Mono_c14,1.0,0.707136,0.527633,False,False,False,True,NA,NA
nhood_2712,18.054193,0.418916,31,8,COVID_severe_vs_Healthy,T_cell,1.0,0.731863,0.70748,False,False,False,False,NA,NA
nhood_2712,15.990484,1.0,24,8,COVID_mild_vs_Healthy,T_cell,1.0,1.0,1.0,False,False,False,False,NA,NA
nhood_2712,2.063709,0.471906,31,24,COVID_severe_vs_COVID_mild,T_cell,1.0,0.781703,0.752936,False,False,False,True,NA,NA
nhood_2713,1.630751,0.340132,31,8,COVID_severe_vs_Healthy,B_cell,1.0,0.660748,0.635569,False,False,False,False,NA,NA
nhood_2713,1.115465,0.628274,24,8,COVID_mild_vs_Healthy,B_cell,1.0,0.830852,0.860876,False,False,False,False,NA,NA
nhood_2713,0.515286,0.541292,31,24,COVID_severe_vs_COVID_mild,B_cell,1.0,0.817223,0.803616,False,False,False,True,NA,NA
nhood_2717,-3.346497,0.026795,31,8,COVID_severe_vs_Healthy,Mono_c14,1.0,0.096208,0.124112,False,True,False,False,NA,NA
nhood_2717,-3.65533,0.033793,24,8,COVID_mild_vs_Healthy,Mono_c14,1.0,0.097653,0.146505,False,True,False,False,NA,NA
nhood_2717,0.308834,0.813837,31,24,COVID_severe_vs_COVID_mild,Mono_c14,1.0,0.950145,0.95957,False,False,False,True,NA,NA
nhood_2723,-1.079721,0.291942,31,8,COVID_severe_vs_Healthy,Mono_c14,1.0,0.581431,0.574193,False,False,False,False,NA,NA
nhood_2723,-0.469483,0.620476,24,8,COVID_mild_vs_Healthy,Mono_c14,1.0,0.826139,0.86079,False,False,False,False,NA,NA
nhood_2723,-0.610238,0.456309,31,24,COVID_severe_vs_COVID_mild,Mono_c14,1.0,0.781703,0.743516,False,False,False,True,NA,NA
nhood_2745,2.045786,0.380724,31,8,COVID_severe_vs_Healthy,Mono_c14,1.0,0.699837,0.66956,False,False,False,False,NA,NA
nhood_2745,0.0,1.0,24,8,COVID_mild_vs_Healthy,Mono_c14,1.0,1.0,1.0,False,False,False,False,NA,NA
nhood_2745,2.045786,0.068586,31,24,COVID_severe_vs_COVID_mild,Mono_c14,1.0,0.707136,0.237298,False,False,False,True,NA,NA
nhood_2749,1.161273,0.781244,31,8,COVID_severe_vs_Healthy,Mono_c14,1.0,0.950222,0.944667,False,False,False,False,NA,NA
nhood_2749,-0.584956,1.0,24,8,COVID_mild_vs_Healthy,Mono_c14,1.0,1.0,1.0,False,False,False,False,NA,NA
nhood_2749,1.746229,0.635673,31,24,COVID_severe_vs_COVID_mild,Mono_c14,1.0,0.846374,0.860876,False,False,False,True,NA,NA
nhood_2756,-0.237988,0.931414,31,8,COVID_severe_vs_Healthy,Mono_c14,1.0,1.0,1.0,False,False,False,False,NA,NA
nhood_2756,-2.392294,0.059988,24,8,COVID_mild_vs_Healthy,Mono_c14,1.0,0.140071,0.215411,False,False,False,False,NA,NA
nhood_2756,2.154305,0.347331,31,24,COVID_severe_vs_COVID_mild,Mono_c14,1.0,0.741399,0.642172,False,False,False,True,NA,NA
nhood_2764,0.505232,0.728254,31,8,COVID_severe_vs_Healthy,Mono_c14,0.885714,0.925449,0.909199,False,False,False,False,NA,NA
nhood_2764,-0.415034,0.797041,24,8,COVID_mild_vs_Healthy,Mono_c14,0.885714,0.953526,0.952407,False,False,False,False,NA,NA
nhood_2764,0.920266,0.24995,31,24,COVID_severe_vs_COVID_mild,Mono_c14,0.885714,0.707136,0.530182,False,False,False,True,NA,NA
nhood_2767,-1.253748,0.087383,31,8,COVID_severe_vs_Healthy,T_cell,1.0,0.236683,0.278607,False,False,False,False,NA,NA
nhood_2767,-0.263033,0.793841,24,8,COVID_mild_vs_Healthy,T_cell,1.0,0.953526,0.951963,False,False,False,False,NA,NA
nhood_2767,-0.990715,0.171166,31,24,COVID_severe_vs_COVID_mild,T_cell,1.0,0.707136,0.433865,False,False,False,True,NA,NA
nhood_2771,-0.632265,0.618876,31,8,COVID_severe_vs_Healthy,Mono_c14,1.0,0.902143,0.859416,False,False,False,False,NA,NA
nhood_2771,-0.999994,0.222356,24,8,COVID_mild_vs_Healthy,Mono_c14,1.0,0.390315,0.504291,False,False,False,False,NA,NA
nhood_2771,0.367729,0.830434,31,24,COVID_severe_vs_COVID_mild,Mono_c14,1.0,0.953089,0.964214,False,False,False,True,NA,NA
nhood_2774,-1.43961,0.059988,31,8,COVID_severe_vs_Healthy,T_cell,0.955556,0.179964,0.215411,False,False,False,False,NA,NA
nhood_2774,0.415036,0.663267,24,8,COVID_mild_vs_Healthy,T_cell,0.955556,0.848942,0.874922,False,False,False,False,NA,NA
nhood_2774,-1.854646,0.002599,31,24,COVID_severe_vs_COVID_mild,T_cell,0.955556,0.165841,0.076852,False,True,False,True,NA,NA
nhood_2790,1.569351,0.383523,31,8,COVID_severe_vs_Healthy,Mono_c14,1.0,0.701892,0.672466,False,False,False,False,NA,NA
nhood_2790,1.115465,0.688662,24,8,COVID_mild_vs_Healthy,Mono_c14,1.0,0.865851,0.88854,False,False,False,False,NA,NA
nhood_2790,0.453886,0.624675,31,24,COVID_severe_vs_COVID_mild,Mono_c14,1.0,0.846374,0.860876,False,False,False,True,NA,NA
nhood_2799,-1.719724,0.070386,31,8,COVID_severe_vs_Healthy,Mono_c14,1.0,0.200982,0.241178,False,False,False,False,NA,NA
nhood_2799,-2.865052,0.004999,24,8,COVID_mild_vs_Healthy,Mono_c14,1.0,0.052377,0.076852,False,True,False,False,NA,NA
nhood_2799,1.145327,0.604079,31,24,COVID_severe_vs_COVID_mild,Mono_c14,1.0,0.84469,0.848839,False,False,False,True,NA,NA
nhood_2815,-0.691155,0.521496,31,8,COVID_severe_vs_Healthy,T_cell,1.0,0.829494,0.787226,False,False,False,False,NA,NA
nhood_2815,0.951085,0.215957,24,8,COVID_mild_vs_Healthy,T_cell,1.0,0.384805,0.499335,False,False,False,False,NA,NA
nhood_2815,-1.642241,0.005999,31,24,COVID_severe_vs_COVID_mild,T_cell,1.0,0.284353,0.076852,False,True,False,True,NA,NA
nhood_2820,-0.591623,0.645071,31,8,COVID_severe_vs_Healthy,Mono_c14,1.0,0.902797,0.865357,False,False,False,False,NA,NA
nhood_2820,-1.392309,0.111178,24,8,COVID_mild_vs_Healthy,Mono_c14,1.0,0.224248,0.325215,False,False,False,False,NA,NA
nhood_2820,0.800685,0.463507,31,24,COVID_severe_vs_COVID_mild,Mono_c14,1.0,0.781703,0.750691,False,False,False,True,NA,NA
nhood_2824,0.708764,0.624275,31,8,COVID_severe_vs_Healthy,B_cell,1.0,0.902143,0.860876,False,False,False,False,NA,NA
nhood_2824,0.152002,1.0,24,8,COVID_mild_vs_Healthy,B_cell,1.0,1.0,1.0,False,False,False,False,NA,NA
nhood_2824,0.556762,0.481504,31,24,COVID_severe_vs_COVID_mild,B_cell,1.0,0.781703,0.756573,False,False,False,True,NA,NA
nhood_2827,-2.954183,0.012198,31,8,COVID_severe_vs_Healthy,Mono_c14,1.0,0.064243,0.081819,False,True,False,False,NA,NA
nhood_2827,-4.044364,0.003799,24,8,COVID_mild_vs_Healthy,Mono_c14,1.0,0.052377,0.076852,False,True,False,False,NA,NA
nhood_2827,1.090181,0.579684,31,24,COVID_severe_vs_COVID_mild,Mono_c14,1.0,0.833212,0.830694,False,False,False,True,NA,NA
nhood_2833,-4.954157,0.005999,31,8,COVID_severe_vs_Healthy,Mono_c14,1.0,0.054567,0.076852,False,True,False,False,NA,NA
nhood_2833,-7.392097,0.009998,24,8,COVID_mild_vs_Healthy,Mono_c14,1.0,0.052377,0.079451,False,True,False,False,NA,NA
nhood_2833,2.43794,0.472106,31,24,COVID_severe_vs_COVID_mild,Mono_c14,1.0,0.781703,0.752936,False,False,False,True,NA,NA
nhood_2840,-2.998577,0.019996,31,8,COVID_severe_vs_Healthy,Mono_c14,1.0,0.081708,0.107299,False,True,False,False,NA,NA
nhood_2840,-4.307393,0.019596,24,8,COVID_mild_vs_Healthy,Mono_c14,1.0,0.070367,0.107175,False,True,False,False,NA,NA
nhood_2840,1.308816,0.377524,31,24,COVID_severe_vs_COVID_mild,Mono_c14,1.0,0.741476,0.668542,False,False,False,True,NA,NA
nhood_2842,-2.114653,0.009398,31,8,COVID_severe_vs_Healthy,T_cell,1.0,0.056869,0.079451,False,True,False,False,NA,NA
nhood_2842,-3.832858,0.003999,24,8,COVID_mild_vs_Healthy,T_cell,1.0,0.052377,0.076852,False,True,False,False,NA,NA
nhood_2842,1.718205,0.184763,31,24,COVID_severe_vs_COVID_mild,T_cell,1.0,0.707136,0.457121,False,False,False,True,NA,NA
nhood_2845,1.569349,0.357928,31,8,COVID_severe_vs_Healthy,Mono_c14,1.0,0.673246,0.651695,False,False,False,False,NA,NA
nhood_2845,1.662948,0.329734,24,8,COVID_mild_vs_Healthy,Mono_c14,1.0,0.519879,0.625101,False,False,False,False,NA,NA
nhood_2845,-0.093599,0.89942,31,24,COVID_severe_vs_COVID_mild,Mono_c14,1.0,0.986864,1.0,False,False,False,True,NA,NA
nhood_2847,-1.276117,0.136973,31,8,COVID_severe_vs_Healthy,T_cell,1.0,0.331251,0.374568,False,False,False,False,NA,NA
nhood_2847,-0.58496,0.4985,24,8,COVID_mild_vs_Healthy,T_cell,1.0,0.711714,0.766343,False,False,False,False,NA,NA
nhood_2847,-0.691157,0.364527,31,24,COVID_severe_vs_COVID_mild,T_cell,1.0,0.741476,0.659373,False,False,False,True,NA,NA
nhood_2853,2.215698,0.712258,31,8,COVID_severe_vs_Healthy,Mono_c14,1.0,0.919221,0.901428,False,False,False,False,NA,NA
nhood_2853,2.321897,0.811438,24,8,COVID_mild_vs_Healthy,Mono_c14,1.0,0.961554,0.958359,False,False,False,False,NA,NA
nhood_2853,-0.106199,0.94961,31,24,COVID_severe_vs_COVID_mild,Mono_c14,1.0,1.0,1.0,False,False,False,True,NA,NA
nhood_2855,-1.674079,0.019996,31,8,COVID_severe_vs_Healthy,T_cell,1.0,0.081708,0.107299,False,True,False,False,NA,NA
nhood_2855,-0.932882,0.173765,24,8,COVID_mild_vs_Healthy,T_cell,1.0,0.32427,0.438888,False,False,False,False,NA,NA
nhood_2855,-0.741197,0.160768,31,24,COVID_severe_vs_COVID_mild,T_cell,1.0,0.707136,0.415658,False,False,False,True,NA,NA
nhood_2862,-0.079727,0.993001,31,8,COVID_severe_vs_Healthy,B_cell,1.0,1.0,1.0,False,False,False,False,NA,NA
nhood_2862,-0.710489,0.5023,24,8,COVID_mild_vs_Healthy,B_cell,1.0,0.714986,0.771351,False,False,False,False,NA,NA
nhood_2862,0.630762,0.441712,31,24,COVID_severe_vs_COVID_mild,B_cell,1.0,0.781237,0.727314,False,False,False,True,NA,NA
nhood_2869,0.045803,0.934013,31,8,COVID_severe_vs_Healthy,Mono_c14,1.0,1.0,1.0,False,False,False,False,NA,NA
nhood_2869,-1.584949,0.085783,24,8,COVID_mild_vs_Healthy,Mono_c14,1.0,0.183158,0.275358,False,False,False,False,NA,NA
nhood_2869,1.630752,0.075385,31,24,COVID_severe_vs_COVID_mild,Mono_c14,1.0,0.707136,0.254022,False,False,False,True,NA,NA
nhood_2872,-2.316755,0.0014,31,8,COVID_severe_vs_Healthy,Mono_c14,1.0,0.041475,0.06636,False,True,True,False,NA,NA
nhood_2872,-2.054439,0.004799,24,8,COVID_mild_vs_Healthy,Mono_c14,1.0,0.052377,0.076852,False,True,False,False,NA,NA
nhood_2872,-0.262316,0.744851,31,24,COVID_severe_vs_COVID_mild,Mono_c14,1.0,0.908783,0.920224,False,False,False,True,NA,NA
nhood_2885,16.912289,0.439512,31,8,COVID_severe_vs_Healthy,NK,1.0,0.746698,0.726728,False,False,False,False,NA,NA
nhood_2885,17.973394,0.04899,24,8,COVID_mild_vs_Healthy,NK,1.0,0.130457,0.194592,False,True,False,False,NA,NA
nhood_2885,-1.061105,0.158168,31,24,COVID_severe_vs_COVID_mild,NK,1.0,0.707136,0.410717,False,False,False,True,NA,NA
nhood_2887,0.045803,0.965607,31,8,COVID_severe_vs_Healthy,T_cell,1.0,1.0,1.0,False,False,False,False,NA,NA
nhood_2887,0.736961,0.668866,24,8,COVID_mild_vs_Healthy,T_cell,1.0,0.852265,0.878165,False,False,False,False,NA,NA
nhood_2887,-0.691158,0.380124,31,24,COVID_severe_vs_COVID_mild,T_cell,1.0,0.741476,0.66956,False,False,False,True,NA,NA
nhood_2889,-2.691124,0.014397,31,8,COVID_severe_vs_Healthy,T_cell,1.0,0.070352,0.089011,False,True,False,False,NA,NA
nhood_2889,0.552539,0.490102,24,8,COVID_mild_vs_Healthy,T_cell,1.0,0.703965,0.761667,False,False,False,False,NA,NA
nhood_2889,-3.243663,0.0008,31,24,COVID_severe_vs_COVID_mild,T_cell,1.0,0.0948,0.05925,False,True,False,True,NA,NA
nhood_2899,-0.146841,1.0,31,8,COVID_severe_vs_Healthy,Mono_c14,1.0,1.0,1.0,False,False,False,False,NA,NA
nhood_2899,-0.469482,0.692861,24,8,COVID_mild_vs_Healthy,Mono_c14,1.0,0.868784,0.889181,False,False,False,False,NA,NA
nhood_2899,0.322642,0.592881,31,24,COVID_severe_vs_COVID_mild,Mono_c14,1.0,0.841394,0.843077,False,False,False,True,NA,NA
nhood_2903,2.505204,0.273945,31,8,COVID_severe_vs_Healthy,Mono_c14,1.0,0.557296,0.5565,False,False,False,False,NA,NA
nhood_2903,1.736939,0.327135,24,8,COVID_mild_vs_Healthy,Mono_c14,1.0,0.518602,0.622739,False,False,False,False,NA,NA
nhood_2903,0.768265,0.432114,31,24,COVID_severe_vs_COVID_mild,Mono_c14,1.0,0.775841,0.719515,False,False,False,True,NA,NA
nhood_2916,2.133236,0.227355,31,8,COVID_severe_vs_Healthy,B_cell,0.941176,0.493813,0.510118,False,False,False,False,NA,NA
nhood_2916,2.415006,0.390922,24,8,COVID_mild_vs_Healthy,B_cell,0.941176,0.597732,0.682075,False,False,False,False,NA,NA
nhood_2916,-0.281769,0.74805,31,24,COVID_severe_vs_COVID_mild,B_cell,0.941176,0.908783,0.922573,False,False,False,True,NA,NA
nhood_2919,0.045803,0.94921,31,8,COVID_severe_vs_Healthy,Mono_c14,1.0,1.0,1.0,False,False,False,False,NA,NA
nhood_2919,0.485424,0.772645,24,8,COVID_mild_vs_Healthy,Mono_c14,1.0,0.940276,0.939473,False,False,False,False,NA,NA
nhood_2919,-0.43962,0.536493,31,24,COVID_severe_vs_COVID_mild,Mono_c14,1.0,0.817223,0.800517,False,False,False,True,NA,NA
nhood_2921,-3.606252,0.107179,31,8,COVID_severe_vs_Healthy,Mono_c14,1.0,0.276102,0.314894,False,False,False,False,NA,NA
nhood_2921,-3.459413,0.139972,24,8,COVID_mild_vs_Healthy,Mono_c14,1.0,0.27416,0.379124,False,False,False,False,NA,NA
nhood_2921,-0.146839,1.0,31,24,COVID_severe_vs_COVID_mild,Mono_c14,1.0,1.0,1.0,False,False,False,True,NA,NA
nhood_2922,-2.369224,0.004599,31,8,COVID_severe_vs_Healthy,T_cell,1.0,0.054567,0.076852,False,True,False,False,NA,NA
nhood_2922,-3.999966,0.0006,24,8,COVID_mild_vs_Healthy,T_cell,1.0,0.052377,0.05925,False,True,False,False,NA,NA
nhood_2922,1.630742,0.079984,31,24,COVID_severe_vs_COVID_mild,T_cell,1.0,0.707136,0.263281,False,False,False,True,NA,NA
nhood_2925,0.075551,0.95141,31,8,COVID_severe_vs_Healthy,Epithelial,1.0,1.0,1.0,False,False,False,False,NA,NA
nhood_2925,-2.58493,0.009398,24,8,COVID_mild_vs_Healthy,Epithelial,1.0,0.052377,0.079451,False,True,False,False,NA,NA
nhood_2925,2.660481,0.029394,31,24,COVID_severe_vs_COVID_mild,Epithelial,1.0,0.637616,0.131029,False,True,False,True,NA,NA
nhood_2932,1.670282,0.503899,31,8,COVID_severe_vs_Healthy,Mono_c14,1.0,0.815181,0.772971,False,False,False,False,NA,NA
nhood_2932,-0.584954,0.736853,24,8,COVID_mild_vs_Healthy,Mono_c14,1.0,0.909553,0.916162,False,False,False,False,NA,NA
nhood_2932,2.255236,0.154169,31,24,COVID_severe_vs_COVID_mild,Mono_c14,1.0,0.707136,0.406505,False,False,False,True,NA,NA
nhood_2933,-2.176578,0.007598,31,8,COVID_severe_vs_Healthy,Mono_c14,1.0,0.054567,0.077729,False,True,False,False,NA,NA
nhood_2933,-2.169915,0.002799,24,8,COVID_mild_vs_Healthy,Mono_c14,1.0,0.052377,0.076852,False,True,False,False,NA,NA
nhood_2933,-0.006664,1.0,31,24,COVID_severe_vs_COVID_mild,Mono_c14,1.0,1.0,1.0,False,False,False,True,NA,NA
nhood_2950,2.903751,0.202959,31,8,COVID_severe_vs_Healthy,B_cell,1.0,0.467003,0.484241,False,False,False,False,NA,NA
nhood_2950,0.415028,1.0,24,8,COVID_mild_vs_Healthy,B_cell,1.0,1.0,1.0,False,False,False,False,NA,NA
nhood_2950,2.488723,0.061188,31,24,COVID_severe_vs_COVID_mild,B_cell,1.0,0.707136,0.218616,False,False,False,True,NA,NA
nhood_2968,-1.591621,0.218956,31,8,COVID_severe_vs_Healthy,Mono_c14,1.0,0.482722,0.502186,False,False,False,False,NA,NA
nhood_2968,-4.392261,0.011798,24,8,COVID_mild_vs_Healthy,Mono_c14,1.0,0.052377,0.081441,False,True,False,False,NA,NA
nhood_2968,2.800641,0.680064,31,24,COVID_severe_vs_COVID_mild,Mono_c14,1.0,0.875078,0.883152,False,False,False,True,NA,NA
nhood_2972,-0.276123,0.921016,31,8,COVID_severe_vs_Healthy,Mono_c14,0.978723,1.0,1.0,False,False,False,False,NA,NA
nhood_2972,-2.584935,0.033193,24,8,COVID_mild_vs_Healthy,Mono_c14,0.978723,0.096524,0.144344,False,True,False,False,NA,NA
nhood_2972,2.308812,0.490102,31,24,COVID_severe_vs_COVID_mild,Mono_c14,0.978723,0.784328,0.761667,False,False,False,True,NA,NA
nhood_2982,3.090163,0.577684,31,8,COVID_severe_vs_Healthy,Mono_c14,1.0,0.867381,0.830694,False,False,False,False,NA,NA
nhood_2982,-15.166073,0.242352,24,8,COVID_mild_vs_Healthy,Mono_c14,1.0,0.413219,0.526144,False,False,False,False,NA,NA
nhood_2982,18.256236,0.19976,31,24,COVID_severe_vs_COVID_mild,Mono_c14,1.0,0.707136,0.480641,False,False,False,True,NA,NA
nhood_2991,-6.346414,0.008198,31,8,COVID_severe_vs_Healthy,Mono_c14,1.0,0.055512,0.079451,False,True,False,False,NA,NA
nhood_2991,-6.977125,0.012597,24,8,COVID_mild_vs_Healthy,Mono_c14,1.0,0.052377,0.082169,False,True,False,False,NA,NA
nhood_2991,0.630711,1.0,31,24,COVID_severe_vs_COVID_mild,Mono_c14,1.0,1.0,1.0,False,False,False,True,NA,NA
nhood_2998,-0.302118,0.89842,31,8,COVID_severe_vs_Healthy,Mono_c14,1.0,0.990351,1.0,False,False,False,False,NA,NA
nhood_2998,-3.392269,0.053789,24,8,COVID_mild_vs_Healthy,Mono_c14,1.0,0.138041,0.209435,False,False,False,False,NA,NA
nhood_2998,3.09015,0.630074,31,24,COVID_severe_vs_COVID_mild,Mono_c14,1.0,0.846374,0.860876,False,False,False,True,NA,NA
