source,target,ligand,ligand_complex,receptor,receptor_complex,lr_mean,lr_max,lr_min,n_databases,pval_min,lr_rank,significant,gene_set_version,score_version
Macrophage,B_cell,MIF,MIF,CD74,CD74,2.8956282,2.8956282,2.8956282,1,0.0,1.0,True,NA,NA
NK,B_cell,MIF,MIF,CD74,CD74,2.7632966,2.7632966,2.7632966,1,0.0,2.0,True,NA,NA
T_cell,B_cell,MIF,MIF,CD74,CD74,2.7497988,2.7497988,2.7497988,1,0.0,3.0,True,NA,NA
Macrophage,DC,MIF,MIF,CD74,CD74,2.7113853,2.7113853,2.7113853,1,0.0,4.0,True,NA,NA
Epithelial,B_cell,MIF,MIF,CD74,CD74,2.7011085,2.7011085,2.7011085,1,0.0,5.0,True,NA,NA
Club,B_cell,MIF,MIF,CD74,CD74,2.6916862,2.6916862,2.6916862,1,0.0,6.0,True,NA,NA
DC,B_cell,MIF,MIF,CD74,CD74,2.677382,2.677382,2.677382,1,0.0,7.0,True,NA,NA
B_cell,B_cell,MIF,MIF,CD74,CD74,2.6488142,2.6488142,2.6488142,1,0.0,8.0,True,NA,NA
Mono_c14,B_cell,MIF,MIF,CD74,CD74,2.579337,2.579337,2.579337,1,0.0,9.0,True,NA,NA
NK,DC,MIF,MIF,CD74,CD74,2.5790536,2.5790536,2.5790536,1,0.0,10.0,True,NA,NA
T_cell,DC,MIF,MIF,CD74,CD74,2.5655556,2.5655556,2.5655556,1,0.0,11.0,True,NA,NA
Epithelial,DC,MIF,MIF,CD74,CD74,2.5168655,2.5168655,2.5168655,1,0.0,12.0,True,NA,NA
Club,DC,MIF,MIF,CD74,CD74,2.5074432,2.5074432,2.5074432,1,0.0,13.0,True,NA,NA
DC,DC,MIF,MIF,CD74,CD74,2.4931388,2.4931388,2.4931388,1,0.0,14.0,True,NA,NA
B_cell,DC,MIF,MIF,CD74,CD74,2.4645712,2.4645712,2.4645712,1,0.0,15.0,True,NA,NA
Epithelial,B_cell,APP,APP,CD74,CD74,2.4081428,2.4081428,2.4081428,1,0.0,16.0,True,NA,NA
T_cell,Macrophage,RPS19,RPS19,C5AR1,C5AR1,2.4059787,2.4059787,2.4059787,1,0.0,17.0,True,NA,NA
Mono_c14,DC,MIF,MIF,CD74,CD74,2.3950937,2.3950937,2.3950937,1,0.0,18.0,True,NA,NA
Macrophage,Mono_c14,MIF,MIF,CD74,CD74,2.3902574,2.3902574,2.3902574,1,0.0,19.0,True,NA,NA
B_cell,Macrophage,RPS19,RPS19,C5AR1,C5AR1,2.38991,2.38991,2.38991,1,0.0,20.0,True,NA,NA
Macrophage,B_cell,COPA,COPA,CD74,CD74,2.3399117,2.3399117,2.3399117,1,0.0,21.0,True,NA,NA
NK,Macrophage,RPS19,RPS19,C5AR1,C5AR1,2.3289402,2.3289402,2.3289402,1,0.0,22.0,True,NA,NA
Macrophage,B_cell,APP,APP,CD74,CD74,2.2828887,2.2828887,2.2828887,1,0.0,23.0,True,NA,NA
Macrophage,Macrophage,MIF,MIF,CD74,CD74,2.2786925,2.2786925,2.2786925,1,0.0,24.0,True,NA,NA
NK,Mono_c14,MIF,MIF,CD74,CD74,2.257926,2.257926,2.257926,1,0.0,25.0,True,NA,NA
T_cell,Mono_c14,MIF,MIF,CD74,CD74,2.2444277,2.2444277,2.2444277,1,0.0,26.0,True,NA,NA
DC,B_cell,APP,APP,CD74,CD74,2.242919,2.242919,2.242919,1,0.0,27.0,True,NA,NA
DC,B_cell,COPA,COPA,CD74,CD74,2.242631,2.242631,2.242631,1,0.0,28.0,True,NA,NA
Epithelial,DC,APP,APP,CD74,CD74,2.2238996,2.2238996,2.2238996,1,0.0,29.0,True,NA,NA
DC,DC,TNFSF13B,TNFSF13B,HLA-DPB1,HLA-DPB1,2.211269,2.211269,2.211269,1,0.0,30.0,True,NA,NA
Epithelial,B_cell,COPA,COPA,CD74,CD74,2.2089498,2.2089498,2.2089498,1,0.0,31.0,True,NA,NA
NK,Macrophage,CCL5,CCL5,CCR1,CCR1,2.1987772,2.1987772,2.1987772,1,0.0,32.0,True,NA,NA
Epithelial,Mono_c14,MIF,MIF,CD74,CD74,2.1957378,2.1957378,2.1957378,1,0.0,33.0,True,NA,NA
Mono_c14,B_cell,COPA,COPA,CD74,CD74,2.1923728,2.1923728,2.1923728,1,0.0,34.0,True,NA,NA
B_cell,B_cell,COPA,COPA,CD74,CD74,2.1887956,2.1887956,2.1887956,1,0.0,35.0,True,NA,NA
Club,Mono_c14,MIF,MIF,CD74,CD74,2.1863153,2.1863153,2.1863153,1,0.0,36.0,True,NA,NA
DC,Mono_c14,MIF,MIF,CD74,CD74,2.172011,2.172011,2.172011,1,0.0,37.0,True,NA,NA
Mono_c14,DC,TNFSF13B,TNFSF13B,HLA-DPB1,HLA-DPB1,2.160741,2.160741,2.160741,1,0.0,38.0,True,NA,NA
NK,DC,TNFSF13B,TNFSF13B,HLA-DPB1,HLA-DPB1,2.1599221,2.1599221,2.1599221,1,0.0,39.0,True,NA,NA
Macrophage,DC,COPA,COPA,CD74,CD74,2.1556687,2.1556687,2.1556687,1,0.0,40.0,True,NA,NA
NK,B_cell,COPA,COPA,CD74,CD74,2.1499305,2.1499305,2.1499305,1,0.0,41.0,True,NA,NA
T_cell,B_cell,COPA,COPA,CD74,CD74,2.1468256,2.1468256,2.1468256,1,0.0,42.0,True,NA,NA
NK,Macrophage,MIF,MIF,CD74,CD74,2.1463609,2.1463609,2.1463609,1,0.005,43.0,True,NA,NA
Mono_c14,B_cell,APP,APP,CD74,CD74,2.1445422,2.1445422,2.1445422,1,0.0,44.0,True,NA,NA
B_cell,Mono_c14,MIF,MIF,CD74,CD74,2.1434433,2.1434433,2.1434433,1,0.0,45.0,True,NA,NA
T_cell,Macrophage,MIF,MIF,CD74,CD74,2.1328628,2.1328628,2.1328628,1,0.005,46.0,True,NA,NA
T_cell,Mono_c14,RPS19,RPS19,C5AR1,C5AR1,2.119903,2.119903,2.119903,1,0.0,47.0,True,NA,NA
Macrophage,DC,TNFSF13B,TNFSF13B,HLA-DPB1,HLA-DPB1,2.105525,2.105525,2.105525,1,0.0,48.0,True,NA,NA
B_cell,Mono_c14,RPS19,RPS19,C5AR1,C5AR1,2.1038344,2.1038344,2.1038344,1,0.0,49.0,True,NA,NA
Macrophage,DC,APP,APP,CD74,CD74,2.0986454,2.0986454,2.0986454,1,0.0,50.0,True,NA,NA
Club,Macrophage,RPS19,RPS19,C5AR1,C5AR1,2.0758364,2.0758364,2.0758364,1,0.0,52.0,True,NA,NA
Mono_c14,Mono_c14,MIF,MIF,CD74,CD74,2.073966,2.073966,2.073966,1,0.0,54.0,True,NA,NA
Epithelial,NK,FAM3C,FAM3C,HLA-C,HLA-C,2.0737975,2.0737975,2.0737975,1,0.0,55.0,True,NA,NA
DC,Macrophage,RPS19,RPS19,C5AR1,C5AR1,2.0731592,2.0731592,2.0731592,1,0.0,56.0,True,NA,NA
DC,DC,APP,APP,CD74,CD74,2.0586758,2.0586758,2.0586758,1,0.0,58.0,True,NA,NA
DC,DC,COPA,COPA,CD74,CD74,2.058388,2.058388,2.058388,1,0.0,59.0,True,NA,NA
NK,Mono_c14,RPS19,RPS19,C5AR1,C5AR1,2.0428646,2.0428646,2.0428646,1,0.0,60.0,True,NA,NA
NK,NK,HLA-B,HLA-B,KIR3DL2,KIR3DL2,2.0400846,2.0400846,2.0400846,1,0.0,61.0,True,NA,NA
Epithelial,DC,COPA,COPA,CD74,CD74,2.0247066,2.0247066,2.0247066,1,0.0,64.0,True,NA,NA
T_cell,DC,TNFSF13B,TNFSF13B,HLA-DPB1,HLA-DPB1,2.0156462,2.0156462,2.0156462,1,0.0,65.0,True,NA,NA
Macrophage,NK,FAM3C,FAM3C,HLA-C,HLA-C,2.0136874,2.0136874,2.0136874,1,0.0,66.0,True,NA,NA
Mono_c14,DC,COPA,COPA,CD74,CD74,2.0081298,2.0081298,2.0081298,1,0.0,67.0,True,NA,NA
NK,NK,HLA-C,HLA-C,KIR2DL3,KIR2DL3,2.0049117,2.0049117,2.0049117,1,0.0,68.0,True,NA,NA
B_cell,DC,COPA,COPA,CD74,CD74,2.0045524,2.0045524,2.0045524,1,0.0,69.0,True,NA,NA
NK,Mono_c14,CCL5,CCL5,CCR1,CCR1,2.0009494,2.0009494,2.0009494,1,0.0,70.0,True,NA,NA
B_cell,NK,FAM3C,FAM3C,HLA-C,HLA-C,1.9694709,1.9694709,1.9694709,1,0.0,71.0,True,NA,NA
NK,DC,COPA,COPA,CD74,CD74,1.9656873,1.9656873,1.9656873,1,0.0,72.0,True,NA,NA
T_cell,DC,COPA,COPA,CD74,CD74,1.9625825,1.9625825,1.9625825,1,0.0,73.0,True,NA,NA
Mono_c14,DC,APP,APP,CD74,CD74,1.960299,1.960299,1.960299,1,0.0,75.0,True,NA,NA
T_cell,DC,RPS19,RPS19,C5AR1,C5AR1,1.958006,1.958006,1.958006,1,0.0,76.0,True,NA,NA
B_cell,DC,RPS19,RPS19,C5AR1,C5AR1,1.9419373,1.9419373,1.9419373,1,0.0,77.0,True,NA,NA
NK,NK,HLA-A,HLA-A,KIR3DL1,KIR3DL1,1.9396279,1.9396279,1.9396279,1,0.0,78.0,True,NA,NA
Mono_c14,Macrophage,RPS19,RPS19,C5AR1,C5AR1,1.9246378,1.9246378,1.9246378,1,0.0,79.0,True,NA,NA
NK,NK,HLA-C,HLA-C,KIR2DL1,KIR2DL1,1.9134687,1.9134687,1.9134687,1,0.0,80.0,True,NA,NA
NK,DC,CCL5,CCL5,CCR1,CCR1,1.9092083,1.9092083,1.9092083,1,0.0,81.0,True,NA,NA
Macrophage,Macrophage,CCL18,CCL18,CCR1,CCR1,1.9067149,1.9067149,1.9067149,1,0.0,82.0,True,NA,NA
Epithelial,Mono_c14,APP,APP,CD74,CD74,1.9027718,1.9027718,1.9027718,1,0.0,83.0,True,NA,NA
DC,Macrophage,TNFSF13B,TNFSF13B,HLA-DPB1,HLA-DPB1,1.9010547,1.9010547,1.9010547,1,0.0,84.0,True,NA,NA
NK,NK,FAM3C,FAM3C,HLA-C,HLA-C,1.8830613,1.8830613,1.8830613,1,0.0,86.0,True,NA,NA
NK,DC,RPS19,RPS19,C5AR1,C5AR1,1.8809675,1.8809675,1.8809675,1,0.0,87.0,True,NA,NA
DC,NK,FAM3C,FAM3C,HLA-C,HLA-C,1.8764075,1.8764075,1.8764075,1,0.0,89.0,True,NA,NA
Macrophage,Macrophage,RPS19,RPS19,C5AR1,C5AR1,1.8685031,1.8685031,1.8685031,1,0.0,90.0,True,NA,NA
Mono_c14,NK,FAM3C,FAM3C,HLA-C,HLA-C,1.86393,1.86393,1.86393,1,0.0,91.0,True,NA,NA
T_cell,Epithelial,RPS19,RPS19,C5AR1,C5AR1,1.8630316,1.8630316,1.8630316,1,0.0,92.0,True,NA,NA
Mono_c14,Macrophage,TNFSF13B,TNFSF13B,HLA-DPB1,HLA-DPB1,1.850527,1.850527,1.850527,1,0.0,93.0,True,NA,NA
NK,Macrophage,TNFSF13B,TNFSF13B,HLA-DPB1,HLA-DPB1,1.8497078,1.8497078,1.8497078,1,0.0,94.0,True,NA,NA
B_cell,Epithelial,RPS19,RPS19,C5AR1,C5AR1,1.8469629,1.8469629,1.8469629,1,0.0,95.0,True,NA,NA
Macrophage,Mono_c14,COPA,COPA,CD74,CD74,1.8345408,1.8345408,1.8345408,1,0.0,97.0,True,NA,NA
B_cell,DC,TNFSF13B,TNFSF13B,HLA-DPB1,HLA-DPB1,1.8137529,1.8137529,1.8137529,1,0.0,100.0,True,NA,NA
T_cell,NK,HLA-B,HLA-B,KIR3DL2,KIR3DL2,1.8029885,1.8029885,1.8029885,1,0.0,102.0,True,NA,NA
Epithelial,T_cell,FAM3C,FAM3C,HLA-C,HLA-C,1.7986888,1.7986888,1.7986888,1,0.0,103.0,True,NA,NA
Macrophage,Macrophage,TNFSF13B,TNFSF13B,HLA-DPB1,HLA-DPB1,1.7953107,1.7953107,1.7953107,1,0.0,104.0,True,NA,NA
Epithelial,Macrophage,APP,APP,CD74,CD74,1.7912068,1.7912068,1.7912068,1,0.0,105.0,True,NA,NA
Club,Mono_c14,RPS19,RPS19,C5AR1,C5AR1,1.7897608,1.7897608,1.7897608,1,0.0,106.0,True,NA,NA
DC,Macrophage,TNFSF13B,TNFSF13B,TFRC,TFRC,1.7889163,1.7889163,1.7889163,1,0.0,107.0,True,NA,NA
DC,Mono_c14,RPS19,RPS19,C5AR1,C5AR1,1.7870837,1.7870837,1.7870837,1,0.0,108.0,True,NA,NA
NK,NK,HLA-E,HLA-E,KLRC1,KLRC1,1.7867805,1.7867805,1.7867805,1,0.0,109.5,True,NA,NA
NK,NK,HLA-E,HLA-E,KLRC1,KLRC1_KLRD1,1.7867805,1.7867805,1.7867805,1,0.0,109.5,True,NA,NA
NK,Epithelial,RPS19,RPS19,C5AR1,C5AR1,1.7859931,1.7859931,1.7859931,1,0.0,111.0,True,NA,NA
Macrophage,Mono_c14,APP,APP,CD74,CD74,1.7775178,1.7775178,1.7775178,1,0.0,114.0,True,NA,NA
DC,B_cell,TNFSF13B,TNFSF13B,HLA-DPB1,HLA-DPB1,1.7764503,1.7764503,1.7764503,1,0.0,115.0,True,NA,NA
NK,DC,CCL5,CCL5,CCR5,CCR5,1.7588067,1.7588067,1.7588067,1,0.0,116.0,True,NA,NA
DC,Mono_c14,TNFSF13B,TNFSF13B,HLA-DPB1,HLA-DPB1,1.7458422,1.7458422,1.7458422,1,0.0,117.0,True,NA,NA
Macrophage,T_cell,FAM3C,FAM3C,HLA-C,HLA-C,1.7385786,1.7385786,1.7385786,1,0.0,118.0,True,NA,NA
Mono_c14,Macrophage,TNFSF13B,TNFSF13B,TFRC,TFRC,1.7383887,1.7383887,1.7383887,1,0.0,119.0,True,NA,NA
NK,Macrophage,TNFSF13B,TNFSF13B,TFRC,TFRC,1.7375696,1.7375696,1.7375696,1,0.0,120.0,True,NA,NA
DC,Mono_c14,APP,APP,CD74,CD74,1.7375481,1.7375481,1.7375481,1,0.0,121.0,True,NA,NA
DC,Mono_c14,COPA,COPA,CD74,CD74,1.7372601,1.7372601,1.7372601,1,0.0,122.0,True,NA,NA
Macrophage,Macrophage,ANXA1,ANXA1,FPR3,FPR3,1.7360072,1.7360072,1.7360072,1,0.0,123.0,True,NA,NA
T_cell,NK,HLA-C,HLA-C,KIR2DL3,KIR2DL3,1.7298028,1.7298028,1.7298028,1,0.0,124.0,True,NA,NA
Mono_c14,B_cell,TNFSF13B,TNFSF13B,HLA-DPB1,HLA-DPB1,1.7259226,1.7259226,1.7259226,1,0.0,125.0,True,NA,NA
NK,B_cell,TNFSF13B,TNFSF13B,HLA-DPB1,HLA-DPB1,1.7251034,1.7251034,1.7251034,1,0.0,126.0,True,NA,NA
Macrophage,Macrophage,COPA,COPA,CD74,CD74,1.722976,1.722976,1.722976,1,0.0,127.0,True,NA,NA
Macrophage,Mono_c14,CCL18,CCL18,CCR1,CCR1,1.7088869,1.7088869,1.7088869,1,0.0,130.0,True,NA,NA
T_cell,Macrophage,TNFSF13B,TNFSF13B,HLA-DPB1,HLA-DPB1,1.7054322,1.7054322,1.7054322,1,0.0,131.0,True,NA,NA
Epithelial,Mono_c14,COPA,COPA,CD74,CD74,1.703579,1.703579,1.703579,1,0.0,132.0,True,NA,NA
Epithelial,DC,TNFSF13B,TNFSF13B,HLA-DPB1,HLA-DPB1,1.6972948,1.6972948,1.6972948,1,0.0,135.0,True,NA,NA
Mono_c14,Mono_c14,TNFSF13B,TNFSF13B,HLA-DPB1,HLA-DPB1,1.6953144,1.6953144,1.6953144,1,0.0,136.0,True,NA,NA
NK,Mono_c14,TNFSF13B,TNFSF13B,HLA-DPB1,HLA-DPB1,1.6944954,1.6944954,1.6944954,1,0.0,137.0,True,NA,NA
B_cell,T_cell,FAM3C,FAM3C,HLA-C,HLA-C,1.694362,1.694362,1.694362,1,0.0,138.0,True,NA,NA
Mono_c14,Mono_c14,COPA,COPA,CD74,CD74,1.687002,1.687002,1.687002,1,0.0,139.0,True,NA,NA
NK,NK,HLA-E,HLA-E,KLRC2,KLRC2_KLRD1,1.6834638,1.6834638,1.6834638,1,0.0,140.5,True,NA,NA
NK,NK,HLA-E,HLA-E,KLRC2,KLRC2,1.6834638,1.6834638,1.6834638,1,0.0,140.5,True,NA,NA
B_cell,Mono_c14,COPA,COPA,CD74,CD74,1.6834246,1.6834246,1.6834246,1,0.0,142.0,True,NA,NA
Macrophage,Macrophage,TNFSF13B,TNFSF13B,TFRC,TFRC,1.6831725,1.6831725,1.6831725,1,0.0,143.0,True,NA,NA
NK,Macrophage,CD99,CD99,PILRA,PILRA,1.6808834,1.6808834,1.6808834,1,0.0,144.0,True,NA,NA
Macrophage,B_cell,TNFSF13B,TNFSF13B,HLA-DPB1,HLA-DPB1,1.6707063,1.6707063,1.6707063,1,0.0,145.0,True,NA,NA
Macrophage,Macrophage,APP,APP,CD74,CD74,1.6659528,1.6659528,1.6659528,1,0.0,146.0,True,NA,NA
NK,Macrophage,CCL5,CCL5,CCR5,CCR5,1.6618118,1.6618118,1.6618118,1,0.0,147.0,True,NA,NA
Club,Macrophage,ANXA1,ANXA1,FPR3,FPR3,1.6548166,1.6548166,1.6548166,1,0.0,149.0,True,NA,NA
Club,Macrophage,SCGB3A1,SCGB3A1,MARCO,MARCO,1.648772,1.648772,1.648772,1,0.0,152.0,True,NA,NA
T_cell,NK,HLA-A,HLA-A,KIR3DL1,KIR3DL1,1.6484587,1.6484587,1.6484587,1,0.0,153.0,True,NA,NA
NK,Mono_c14,COPA,COPA,CD74,CD74,1.6445596,1.6445596,1.6445596,1,0.0,154.0,True,NA,NA
NK,Macrophage,PTPRC,PTPRC,MRC1,MRC1,1.6427107,1.6427107,1.6427107,1,0.0,155.0,True,NA,NA
T_cell,Mono_c14,COPA,COPA,CD74,CD74,1.6414547,1.6414547,1.6414547,1,0.0,156.0,True,NA,NA
B_cell,NK,HLA-B,HLA-B,KIR3DL2,KIR3DL2,1.6409974,1.6409974,1.6409974,1,0.0,157.0,True,NA,NA
Macrophage,Mono_c14,TNFSF13B,TNFSF13B,HLA-DPB1,HLA-DPB1,1.6400982,1.6400982,1.6400982,1,0.0,158.0,True,NA,NA
Mono_c14,Mono_c14,APP,APP,CD74,CD74,1.6391714,1.6391714,1.6391714,1,0.0,160.0,True,NA,NA
T_cell,NK,HLA-C,HLA-C,KIR2DL1,KIR2DL1,1.6383599,1.6383599,1.6383599,1,0.0,162.0,True,NA,NA
Epithelial,Macrophage,ANXA1,ANXA1,FPR3,FPR3,1.637167,1.637167,1.637167,1,0.0,163.0,True,NA,NA
Club,DC,TNFSF13B,TNFSF13B,HLA-DPB1,HLA-DPB1,1.6317416,1.6317416,1.6317416,1,0.0,165.0,True,NA,NA
DC,Macrophage,APP,APP,CD74,CD74,1.6259831,1.6259831,1.6259831,1,0.005,167.0,True,NA,NA
DC,Macrophage,COPA,COPA,CD74,CD74,1.6256951,1.6256951,1.6256951,1,0.04,168.0,True,NA,NA
Macrophage,Macrophage,LGALS9,LGALS9,CD44,CD44,1.6203151,1.6203151,1.6203151,1,0.0,171.0,True,NA,NA
Macrophage,DC,CCL18,CCL18,CCR1,CCR1,1.6171458,1.6171458,1.6171458,1,0.0,172.0,True,NA,NA
Mono_c14,NK,HLA-B,HLA-B,KIR3DL2,KIR3DL2,1.6158946,1.6158946,1.6158946,1,0.0,173.0,True,NA,NA
Epithelial,Mono_c14,FAM3C,FAM3C,HLA-C,HLA-C,1.611794,1.611794,1.611794,1,0.0,174.0,True,NA,NA
Mono_c14,Macrophage,ANXA1,ANXA1,FPR3,FPR3,1.6089396,1.6089396,1.6089396,1,0.0,175.0,True,NA,NA
NK,T_cell,FAM3C,FAM3C,HLA-C,HLA-C,1.6079525,1.6079525,1.6079525,1,0.0,176.0,True,NA,NA
DC,T_cell,FAM3C,FAM3C,HLA-C,HLA-C,1.6012987,1.6012987,1.6012987,1,0.0,177.0,True,NA,NA
T_cell,Macrophage,TNFSF13B,TNFSF13B,TFRC,TFRC,1.5932938,1.5932938,1.5932938,1,0.0,179.0,True,NA,NA
Mono_c14,T_cell,FAM3C,FAM3C,HLA-C,HLA-C,1.5888212,1.5888212,1.5888212,1,0.0,181.0,True,NA,NA
T_cell,B_cell,TNFSF13B,TNFSF13B,HLA-DPB1,HLA-DPB1,1.5808277,1.5808277,1.5808277,1,0.0,184.0,True,NA,NA
NK,NK,HLA-E,HLA-E,KLRC3,KLRC3_KLRD1,1.5796849,1.5796849,1.5796849,1,0.0,185.0,True,NA,NA
Macrophage,Mono_c14,FAM3C,FAM3C,HLA-C,HLA-C,1.5516837,1.5516837,1.5516837,1,0.0,192.0,True,NA,NA
Epithelial,Macrophage,FAM3C,FAM3C,HLA-C,HLA-C,1.5512414,1.5512414,1.5512414,1,0.005,193.0,True,NA,NA
T_cell,Mono_c14,TNFSF13B,TNFSF13B,HLA-DPB1,HLA-DPB1,1.5502195,1.5502195,1.5502195,1,0.0,194.0,True,NA,NA
Epithelial,DC,FAM3C,FAM3C,HLA-C,HLA-C,1.550004,1.550004,1.550004,1,0.005,195.0,True,NA,NA
Epithelial,Epithelial,FAM3C,FAM3C,HLA-C,HLA-C,1.5483438,1.5483438,1.5483438,1,0.01,196.0,True,NA,NA
Macrophage,Macrophage,GRN,GRN,TNFRSF1A,TNFRSF1A,1.5473235,1.5473235,1.5473235,1,0.0,197.0,True,NA,NA
T_cell,NK,HLA-E,HLA-E,KLRC1,KLRC1,1.5467777,1.5467777,1.5467777,1,0.0,198.5,True,NA,NA
T_cell,NK,HLA-E,HLA-E,KLRC1,KLRC1_KLRD1,1.5467777,1.5467777,1.5467777,1,0.0,198.5,True,NA,NA
Mono_c14,NK,HLA-C,HLA-C,KIR2DL3,KIR2DL3,1.542908,1.542908,1.542908,1,0.0,200.0,True,NA,NA
T_cell,Macrophage,PTPRC,PTPRC,MRC1,MRC1,1.5425677,1.5425677,1.5425677,1,0.0,201.0,True,NA,NA
Epithelial,NK,APP,APP,CD74,CD74,1.5385094,1.5385094,1.5385094,1,0.01,202.0,True,NA,NA
NK,Macrophage,ANXA1,ANXA1,FPR3,FPR3,1.5325018,1.5325018,1.5325018,1,0.0,206.0,True,NA,NA
Macrophage,Mono_c14,LGALS9,LGALS9,CD44,CD44,1.5279924,1.5279924,1.5279924,1,0.0,210.0,True,NA,NA
Macrophage,Macrophage,GRN,GRN,SORT1,SORT1,1.5273283,1.5273283,1.5273283,1,0.0,212.0,True,NA,NA
Macrophage,Macrophage,CD99,CD99,PILRA,PILRA,1.5190158,1.5190158,1.5190158,1,0.0,214.0,True,NA,NA
B_cell,Mono_c14,FAM3C,FAM3C,HLA-C,HLA-C,1.5074673,1.5074673,1.5074673,1,0.0,216.0,True,NA,NA
DC,Macrophage,ANXA1,ANXA1,FPR3,FPR3,1.4976847,1.4976847,1.4976847,1,0.0,221.0,True,NA,NA
Macrophage,NK,HLA-C,HLA-C,KIR2DL3,KIR2DL3,1.4823554,1.4823554,1.4823554,1,0.0,227.0,True,NA,NA
DC,NK,HLA-C,HLA-C,KIR2DL3,KIR2DL3,1.481118,1.481118,1.481118,1,0.0,228.0,True,NA,NA
Macrophage,Macrophage,LGALS9,LGALS9,CD47,CD47,1.4800503,1.4800503,1.4800503,1,0.0,229.0,True,NA,NA
Epithelial,NK,HLA-C,HLA-C,KIR2DL3,KIR2DL3,1.4794579,1.4794579,1.4794579,1,0.0,230.0,True,NA,NA
Mono_c14,NK,HLA-A,HLA-A,KIR3DL1,KIR3DL1,1.4737492,1.4737492,1.4737492,1,0.0,232.0,True,NA,NA
Macrophage,T_cell,FN1,FN1,ITGB1,ITGA4_ITGB1,1.4711192,1.4711192,1.4711192,1,0.0,233.0,True,NA,NA
T_cell,Macrophage,CCL5,CCL5,CCR1,CCR1,1.4700053,1.4700053,1.4700053,1,0.0,235.0,True,NA,NA
Macrophage,DC,GRN,GRN,TNFRSF1A,TNFRSF1A,1.4672015,1.4672015,1.4672015,1,0.0,236.0,True,NA,NA
Macrophage,DC,GRN,GRN,TNFRSF1B,TNFRSF1B,1.4670273,1.4670273,1.4670273,1,0.0,237.0,True,NA,NA
DC,Macrophage,LGALS9,LGALS9,CD44,CD44,1.4614712,1.4614712,1.4614712,1,0.0,239.0,True,NA,NA
Macrophage,Macrophage,FN1,FN1,ITGA5,ITGA5_ITGB1,1.4595023,1.4595023,1.4595023,1,0.0,240.0,True,NA,NA
Mono_c14,NK,HLA-C,HLA-C,KIR2DL1,KIR2DL1,1.4514651,1.4514651,1.4514651,1,0.0,242.0,True,NA,NA
Mono_c14,Macrophage,GRN,GRN,TNFRSF1A,TNFRSF1A,1.4465151,1.4465151,1.4465151,1,0.0,244.0,True,NA,NA
Macrophage,DC,ANXA1,ANXA1,FPR3,FPR3,1.4461524,1.4461524,1.4461524,1,0.0,245.0,True,NA,NA
T_cell,NK,HLA-E,HLA-E,KLRC2,KLRC2_KLRD1,1.4434611,1.4434611,1.4434611,1,0.0,249.5,True,NA,NA
T_cell,NK,HLA-E,HLA-E,KLRC2,KLRC2,1.4434611,1.4434611,1.4434611,1,0.0,249.5,True,NA,NA
Macrophage,Mono_c14,ANXA1,ANXA1,FPR1,FPR1,1.4429771,1.4429771,1.4429771,1,0.0,251.0,True,NA,NA
B_cell,NK,HLA-C,HLA-C,KIR2DL3,KIR2DL3,1.4350677,1.4350677,1.4350677,1,0.005,252.0,True,NA,NA
Macrophage,Macrophage,LGALS9,LGALS9,HAVCR2,HAVCR2,1.4344927,1.4344927,1.4344927,1,0.0,253.0,True,NA,NA
Macrophage,Mono_c14,GRN,GRN,TNFRSF1B,TNFRSF1B,1.4339515,1.4339515,1.4339515,1,0.0,255.0,True,NA,NA
T_cell,Macrophage,CD99,CD99,PILRA,PILRA,1.4334474,1.4334474,1.4334474,1,0.0,256.0,True,NA,NA
Macrophage,DC,FN1,FN1,ITGA4,ITGA4_ITGB1,1.4315629,1.4315629,1.4315629,1,0.0,257.0,True,NA,NA
B_cell,NK,HLA-A,HLA-A,KIR3DL1,KIR3DL1,1.4303191,1.4303191,1.4303191,1,0.005,258.0,True,NA,NA
Macrophage,NK,FN1,FN1,ITGA4,ITGA4_ITGB1,1.4284458,1.4284458,1.4284458,1,0.0,259.5,True,NA,NA
Macrophage,NK,FN1,FN1,ITGA4,ITGA4_ITGB7,1.4284458,1.4284458,1.4284458,1,0.0,259.5,True,NA,NA
Epithelial,Macrophage,SCGB3A1,SCGB3A1,MARCO,MARCO,1.4276885,1.4276885,1.4276885,1,0.0,261.0,True,NA,NA
Mono_c14,Macrophage,GRN,GRN,SORT1,SORT1,1.4265199,1.4265199,1.4265199,1,0.0,262.0,True,NA,NA
Macrophage,Mono_c14,GRN,GRN,TNFRSF1A,TNFRSF1A,1.4112403,1.4112403,1.4112403,1,0.0,267.0,True,NA,NA
Macrophage,NK,GRN,GRN,TNFRSF1B,TNFRSF1B,1.396149,1.396149,1.396149,1,0.0,271.0,True,NA,NA
Macrophage,Macrophage,CCL3,CCL3,CCR1,CCR1,1.3961139,1.3961139,1.3961139,1,0.0,272.0,True,NA,NA
B_cell,Macrophage,TNFSF13B,TNFSF13B,TFRC,TFRC,1.3914003,1.3914003,1.3914003,1,0.0,273.0,True,NA,NA
T_cell,Macrophage,ANXA1,ANXA1,FPR3,FPR3,1.3847699,1.3847699,1.3847699,1,0.0,279.0,True,NA,NA
Macrophage,NK,HLA-E,HLA-E,KLRC1,KLRC1,1.3820018,1.3820018,1.3820018,1,0.0,280.5,True,NA,NA
Macrophage,NK,HLA-E,HLA-E,KLRC1,KLRC1_KLRD1,1.3820018,1.3820018,1.3820018,1,0.0,280.5,True,NA,NA
DC,Macrophage,GRN,GRN,TNFRSF1A,TNFRSF1A,1.3808236,1.3808236,1.3808236,1,0.0,283.0,True,NA,NA
NK,Mono_c14,CD99,CD99,PILRA,PILRA,1.3763657,1.3763657,1.3763657,1,0.0,285.0,True,NA,NA
Mono_c14,Macrophage,LGALS9,LGALS9,CD44,CD44,1.3761673,1.3761673,1.3761673,1,0.0,286.0,True,NA,NA
Macrophage,T_cell,FN1,FN1,ITGB7,ITGA4_ITGB7,1.3734083,1.3734083,1.3734083,1,0.0,289.0,True,NA,NA
DC,Mono_c14,LGALS9,LGALS9,CD44,CD44,1.3691485,1.3691485,1.3691485,1,0.0,292.0,True,NA,NA
Mono_c14,DC,GRN,GRN,TNFRSF1A,TNFRSF1A,1.3663931,1.3663931,1.3663931,1,0.0,293.0,True,NA,NA
Mono_c14,DC,GRN,GRN,TNFRSF1B,TNFRSF1B,1.3662189,1.3662189,1.3662189,1,0.0,294.0,True,NA,NA
Club,DC,ANXA1,ANXA1,FPR3,FPR3,1.3649619,1.3649619,1.3649619,1,0.0,295.0,True,NA,NA
NK,Mono_c14,PTPRC,PTPRC,MRC1,MRC1,1.3631449,1.3631449,1.3631449,1,0.0,296.0,True,NA,NA
Club,Mono_c14,ANXA1,ANXA1,FPR1,FPR1,1.3617865,1.3617865,1.3617865,1,0.0,297.0,True,NA,NA
DC,Macrophage,GRN,GRN,SORT1,SORT1,1.3608284,1.3608284,1.3608284,1,0.0,298.0,True,NA,NA
Macrophage,Macrophage,LGALS9,LGALS9,LRP1,LRP1,1.3564377,1.3564377,1.3564377,1,0.0,303.0,True,NA,NA
Macrophage,DC,LGALS9,LGALS9,CD44,CD44,1.3549745,1.3549745,1.3549745,1,0.0,305.0,True,NA,NA
Macrophage,Macrophage,MIF,MIF,TNFRSF14,TNFRSF14,1.3541989,1.3541989,1.3541989,1,0.0,306.0,True,NA,NA
Epithelial,DC,ANXA1,ANXA1,FPR3,FPR3,1.3473122,1.3473122,1.3473122,1,0.0,311.0,True,NA,NA
Macrophage,DC,FN1,FN1,ITGA5,ITGA5_ITGB1,1.3458115,1.3458115,1.3458115,1,0.0,312.0,True,NA,NA
Epithelial,Mono_c14,ANXA1,ANXA1,FPR1,FPR1,1.3441368,1.3441368,1.3441368,1,0.0,313.0,True,NA,NA
DC,Macrophage,PTPRC,PTPRC,MRC1,MRC1,1.3423119,1.3423119,1.3423119,1,0.0,315.0,True,NA,NA
Macrophage,Mono_c14,FN1,FN1,ITGA5,ITGA5_ITGB1,1.3403826,1.3403826,1.3403826,1,0.0,317.0,True,NA,NA
T_cell,NK,HLA-E,HLA-E,KLRC3,KLRC3_KLRD1,1.3396821,1.3396821,1.3396821,1,0.0,319.0,True,NA,NA
Macrophage,Macrophage,LILRB4,LILRB4,LAIR1,LAIR1,1.3388109,1.3388109,1.3388109,1,0.0,321.0,True,NA,NA
Epithelial,NK,HLA-E,HLA-E,KLRC1,KLRC1_KLRD1,1.3371991,1.3371991,1.3371991,1,0.0,323.5,True,NA,NA
Epithelial,NK,HLA-E,HLA-E,KLRC1,KLRC1,1.3371991,1.3371991,1.3371991,1,0.0,323.5,True,NA,NA
Mono_c14,Mono_c14,GRN,GRN,TNFRSF1B,TNFRSF1B,1.3331431,1.3331431,1.3331431,1,0.0,325.0,True,NA,NA
Epithelial,Macrophage,CD99,CD99,PILRA,PILRA,1.3310614,1.3310614,1.3310614,1,0.0,326.0,True,NA,NA
Macrophage,Epithelial,GRN,GRN,TNFRSF1A,TNFRSF1A,1.3239708,1.3239708,1.3239708,1,0.0,328.0,True,NA,NA
Macrophage,T_cell,LGALS9,LGALS9,CD44,CD44,1.3212899,1.3212899,1.3212899,1,0.0,331.0,True,NA,NA
Macrophage,T_cell,GRN,GRN,TNFRSF1B,TNFRSF1B,1.3212632,1.3212632,1.3212632,1,0.0,332.0,True,NA,NA
DC,Macrophage,LGALS9,LGALS9,CD47,CD47,1.3212065,1.3212065,1.3212065,1,0.0,333.0,True,NA,NA
Mono_c14,DC,ANXA1,ANXA1,FPR3,FPR3,1.3190849,1.3190849,1.3190849,1,0.0,335.0,True,NA,NA
Mono_c14,Mono_c14,ANXA1,ANXA1,FPR1,FPR1,1.3159096,1.3159096,1.3159096,1,0.0,337.0,True,NA,NA
Macrophage,NK,LGALS9,LGALS9,CD47,CD47,1.3156555,1.3156555,1.3156555,1,0.0,338.0,True,NA,NA
NK,B_cell,PTPRC,PTPRC,CD22,CD22,1.3130388,1.3130388,1.3130388,1,0.0,340.0,True,NA,NA
Mono_c14,Mono_c14,GRN,GRN,TNFRSF1A,TNFRSF1A,1.310432,1.310432,1.310432,1,0.0,341.0,True,NA,NA
Macrophage,B_cell,FN1,FN1,ITGB1,ITGA4_ITGB1,1.306765,1.306765,1.306765,1,0.0,342.0,True,NA,NA
Mono_c14,NK,HLA-E,HLA-E,KLRC1,KLRC1_KLRD1,1.3059555,1.3059555,1.3059555,1,0.0,344.5,True,NA,NA
Mono_c14,NK,HLA-E,HLA-E,KLRC1,KLRC1,1.3059555,1.3059555,1.3059555,1,0.0,344.5,True,NA,NA
Macrophage,Macrophage,GRN,GRN,TNFRSF1B,TNFRSF1B,1.3024989,1.3024989,1.3024989,1,0.0,346.0,True,NA,NA
Macrophage,Macrophage,ANXA1,ANXA1,FPR1,FPR1,1.3019209,1.3019209,1.3019209,1,0.0,347.0,True,NA,NA
DC,DC,GRN,GRN,TNFRSF1A,TNFRSF1A,1.3007016,1.3007016,1.3007016,1,0.0,348.0,True,NA,NA
DC,DC,GRN,GRN,TNFRSF1B,TNFRSF1B,1.3005275,1.3005275,1.3005275,1,0.0,349.0,True,NA,NA
Mono_c14,NK,GRN,GRN,TNFRSF1B,TNFRSF1B,1.2953407,1.2953407,1.2953407,1,0.0,351.0,True,NA,NA
B_cell,NK,HLA-E,HLA-E,KLRC1,KLRC1_KLRD1,1.293349,1.293349,1.293349,1,0.0,354.5,True,NA,NA
B_cell,NK,HLA-E,HLA-E,KLRC1,KLRC1,1.293349,1.293349,1.293349,1,0.0,354.5,True,NA,NA
Macrophage,Macrophage,FN1,FN1,ITGAV,ITGAV_ITGB1,1.2909157,1.2909157,1.2909157,1,0.0,356.0,True,NA,NA
Macrophage,Macrophage,MDK,MDK,LRP1,LRP1,1.285475,1.285475,1.285475,1,0.0,358.0,True,NA,NA
Macrophage,DC,FN1,FN1,ITGB7,ITGA4_ITGB7,1.2842225,1.2842225,1.2842225,1,0.0,359.0,True,NA,NA
Mono_c14,Mono_c14,LGALS9,LGALS9,CD44,CD44,1.2838447,1.2838447,1.2838447,1,0.0,360.0,True,NA,NA
DC,Macrophage,TNFSF13B,TNFSF13B,CD40,CD40,1.2809957,1.2809957,1.2809957,1,0.0,361.0,True,NA,NA
Macrophage,Epithelial,FN1,FN1,ITGA3,ITGA3_ITGB1,1.2798804,1.2798804,1.2798804,1,0.0,363.0,True,NA,NA
NK,DC,CD99,CD99,PILRA,PILRA,1.2786921,1.2786921,1.2786921,1,0.0,364.0,True,NA,NA
Macrophage,NK,HLA-E,HLA-E,KLRC2,KLRC2,1.2786851,1.2786851,1.2786851,1,0.0,365.5,True,NA,NA
Macrophage,NK,HLA-E,HLA-E,KLRC2,KLRC2_KLRD1,1.2786851,1.2786851,1.2786851,1,0.0,365.5,True,NA,NA
Macrophage,Macrophage,PTPRC,PTPRC,MRC1,MRC1,1.2783056,1.2783056,1.2783056,1,0.0,367.0,True,NA,NA
DC,Macrophage,LGALS9,LGALS9,HAVCR2,HAVCR2,1.2756488,1.2756488,1.2756488,1,0.0,369.0,True,NA,NA
Epithelial,Macrophage,TNFSF13B,TNFSF13B,TFRC,TFRC,1.2749423,1.2749423,1.2749423,1,0.0,370.0,True,NA,NA
Macrophage,Epithelial,FN1,FN1,ITGB3,ITGA2B_ITGB3,1.2738928,1.2738928,1.2738928,1,0.0,372.0,True,NA,NA
T_cell,Mono_c14,CCL5,CCL5,CCR1,CCR1,1.2721772,1.2721772,1.2721772,1,0.0,373.0,True,NA,NA
T_cell,DC,CD52,CD52,SIGLEC10,SIGLEC10,1.2694093,1.2694093,1.2694093,1,0.0,374.0,True,NA,NA
DC,Mono_c14,GRN,GRN,TNFRSF1B,TNFRSF1B,1.2674516,1.2674516,1.2674516,1,0.0,375.0,True,NA,NA
Macrophage,NK,GRN,GRN,TNFRSF1A,TNFRSF1A,1.2657661,1.2657661,1.2657661,1,0.0,376.0,True,NA,NA
Club,Mono_c14,SCGB3A1,SCGB3A1,MARCO,MARCO,1.2639866,1.2639866,1.2639866,1,0.0,379.0,True,NA,NA
Mono_c14,Macrophage,PTPRC,PTPRC,MRC1,MRC1,1.2637746,1.2637746,1.2637746,1,0.0,380.0,True,NA,NA
T_cell,Mono_c14,PTPRC,PTPRC,MRC1,MRC1,1.263002,1.263002,1.263002,1,0.0,381.0,True,NA,NA
Macrophage,DC,LGALS9,LGALS9,CD47,CD47,1.2625625,1.2625625,1.2625625,1,0.0,382.0,True,NA,NA
T_cell,Mono_c14,CD52,CD52,SIGLEC10,SIGLEC10,1.2625623,1.2625623,1.2625623,1,0.0,383.0,True,NA,NA
Macrophage,Epithelial,GRN,GRN,SORT1,SORT1,1.2606882,1.2606882,1.2606882,1,0.0,385.0,True,NA,NA
Macrophage,Mono_c14,GRN,GRN,SORT1,SORT1,1.2570639,1.2570639,1.2570639,1,0.0,386.0,True,NA,NA
Macrophage,DC,ANXA1,ANXA1,FPR1,FPR1,1.2561868,1.2561868,1.2561868,1,0.0,387.0,True,NA,NA
DC,NK,HLA-E,HLA-E,KLRC1,KLRC1_KLRD1,1.249677,1.249677,1.249677,1,0.0,388.5,True,NA,NA
DC,NK,HLA-E,HLA-E,KLRC1,KLRC1,1.249677,1.249677,1.249677,1,0.0,388.5,True,NA,NA
B_cell,Macrophage,PTPRC,PTPRC,MRC1,MRC1,1.2480193,1.2480193,1.2480193,1,0.0,390.0,True,NA,NA
DC,Mono_c14,GRN,GRN,TNFRSF1A,TNFRSF1A,1.2447405,1.2447405,1.2447405,1,0.0,391.0,True,NA,NA
Macrophage,DC,MIF,MIF,TNFRSF14,TNFRSF14,1.244444,1.244444,1.244444,1,0.0,392.0,True,NA,NA
NK,DC,ANXA1,ANXA1,FPR3,FPR3,1.242647,1.242647,1.242647,1,0.0,393.0,True,NA,NA
Macrophage,Epithelial,GRN,GRN,EGFR,EGFR,1.2424734,1.2424734,1.2424734,1,0.0,394.0,True,NA,NA
NK,DC,PTPRC,PTPRC,MRC1,MRC1,1.241174,1.241174,1.241174,1,0.0,395.0,True,NA,NA
Macrophage,DC,GRN,GRN,SORT1,SORT1,1.2397135,1.2397135,1.2397135,1,0.0,396.0,True,NA,NA
NK,Mono_c14,ANXA1,ANXA1,FPR1,FPR1,1.2394718,1.2394718,1.2394718,1,0.0,397.0,True,NA,NA
Macrophage,Mono_c14,LGALS9,LGALS9,CD47,CD47,1.2382295,1.2382295,1.2382295,1,0.0,398.0,True,NA,NA
Macrophage,B_cell,FN1,FN1,ITGB7,ITGA4_ITGB7,1.2364815,1.2364815,1.2364815,1,0.0,400.0,True,NA,NA
Mono_c14,Macrophage,LGALS9,LGALS9,CD47,CD47,1.2359025,1.2359025,1.2359025,1,0.0,401.0,True,NA,NA
Macrophage,NK,FN1,FN1,ITGA5,ITGA5_ITGB1,1.2346114,1.2346114,1.2346114,1,0.0,402.0,True,NA,NA
Epithelial,NK,HLA-E,HLA-E,KLRC2,KLRC2,1.2338824,1.2338824,1.2338824,1,0.0,403.5,True,NA,NA
Epithelial,NK,HLA-E,HLA-E,KLRC2,KLRC2_KLRD1,1.2338824,1.2338824,1.2338824,1,0.0,403.5,True,NA,NA
Mono_c14,Macrophage,TNFSF13B,TNFSF13B,CD40,CD40,1.230468,1.230468,1.230468,1,0.0,407.0,True,NA,NA
DC,NK,GRN,GRN,TNFRSF1B,TNFRSF1B,1.2296492,1.2296492,1.2296492,1,0.0,408.0,True,NA,NA
NK,Macrophage,TNFSF13B,TNFSF13B,CD40,CD40,1.229649,1.229649,1.229649,1,0.0,409.0,True,NA,NA
Macrophage,DC,FN1,FN1,ITGAV,ITGAV_ITGB1,1.2259374,1.2259374,1.2259374,1,0.0,412.0,True,NA,NA
Mono_c14,Epithelial,GRN,GRN,TNFRSF1A,TNFRSF1A,1.2231624,1.2231624,1.2231624,1,0.0,414.0,True,NA,NA
Macrophage,Mono_c14,FN1,FN1,ITGA4,ITGA4_ITGB1,1.2219874,1.2219874,1.2219874,1,0.0,415.0,True,NA,NA
NK,Macrophage,MIF,MIF,TNFRSF14,TNFRSF14,1.2218674,1.2218674,1.2218674,1,0.0,416.0,True,NA,NA
Macrophage,Macrophage,FN1,FN1,ITGA3,ITGA3_ITGB1,1.2208456,1.2208456,1.2208456,1,0.0,417.0,True,NA,NA
Club,Macrophage,ANXA1,ANXA1,FPR1,FPR1,1.2207303,1.2207303,1.2207303,1,0.0,418.0,True,NA,NA
Mono_c14,T_cell,GRN,GRN,TNFRSF1B,TNFRSF1B,1.2204548,1.2204548,1.2204548,1,0.0,419.0,True,NA,NA
Macrophage,Mono_c14,ANXA1,ANXA1,FPR3,FPR3,1.2199486,1.2199486,1.2199486,1,0.0,420.0,True,NA,NA
Macrophage,T_cell,GRN,GRN,TNFRSF1A,TNFRSF1A,1.2175807,1.2175807,1.2175807,1,0.0,421.0,True,NA,NA
DC,Macrophage,LILRB4,LILRB4,LAIR1,LAIR1,1.215483,1.215483,1.215483,1,0.0,423.0,True,NA,NA
Macrophage,Mono_c14,CD99,CD99,PILRA,PILRA,1.214498,1.214498,1.214498,1,0.0,424.0,True,NA,NA
Macrophage,Macrophage,ALOX5,ALOX5,ALOX5AP,ALOX5AP,1.2133343,1.2133343,1.2133343,1,0.0,425.0,True,NA,NA
T_cell,B_cell,PTPRC,PTPRC,CD22,CD22,1.2128959,1.2128959,1.2128959,1,0.0,426.0,True,NA,NA
DC,B_cell,TNFSF13B,TNFSF13B,TNFRSF13C,TNFRSF13C,1.2120478,1.2120478,1.2120478,1,0.0,427.0,True,NA,NA
Macrophage,B_cell,GRN,GRN,TNFRSF1B,TNFRSF1B,1.2117119,1.2117119,1.2117119,1,0.0,429.0,True,NA,NA
Club,Macrophage,TNFSF13B,TNFSF13B,TFRC,TFRC,1.2093892,1.2093892,1.2093892,1,0.0,431.0,True,NA,NA
T_cell,Macrophage,MIF,MIF,TNFRSF14,TNFRSF14,1.2083694,1.2083694,1.2083694,1,0.0,432.0,True,NA,NA
Macrophage,NK,MIF,MIF,TNFRSF14,TNFRSF14,1.2079031,1.2079031,1.2079031,1,0.0,433.0,True,NA,NA
DC,DC,ANXA1,ANXA1,FPR3,FPR3,1.20783,1.20783,1.20783,1,0.0,434.0,True,NA,NA
DC,Mono_c14,ANXA1,ANXA1,FPR1,FPR1,1.2046547,1.2046547,1.2046547,1,0.0,435.0,True,NA,NA
Epithelial,Macrophage,ANXA1,ANXA1,FPR1,FPR1,1.2030807,1.2030807,1.2030807,1,0.0,436.0,True,NA,NA
Mono_c14,NK,HLA-E,HLA-E,KLRC2,KLRC2,1.2026389,1.2026389,1.2026389,1,0.0,437.5,True,NA,NA
Mono_c14,NK,HLA-E,HLA-E,KLRC2,KLRC2_KLRD1,1.2026389,1.2026389,1.2026389,1,0.0,437.5,True,NA,NA
Mono_c14,Macrophage,GRN,GRN,TNFRSF1B,TNFRSF1B,1.2016906,1.2016906,1.2016906,1,0.0,439.0,True,NA,NA
DC,Macrophage,CD99,CD99,PILRA,PILRA,1.2015848,1.2015848,1.2015848,1,0.0,440.0,True,NA,NA
Macrophage,T_cell,LGALS9,LGALS9,CD47,CD47,1.2014879,1.2014879,1.2014879,1,0.0,441.0,True,NA,NA
Macrophage,DC,LGALS9,LGALS9,HAVCR2,HAVCR2,1.2013807,1.2013807,1.2013807,1,0.0,442.0,True,NA,NA
Macrophage,Mono_c14,CCL3,CCL3,CCR1,CCR1,1.1982858,1.1982858,1.1982858,1,0.0,443.0,True,NA,NA
Macrophage,Epithelial,FN1,FN1,ITGAV,ITGAV_ITGB1,1.1978922,1.1978922,1.1978922,1,0.0,444.5,True,NA,NA
Macrophage,Epithelial,FN1,FN1,ITGAV,ITGAV_ITGB3,1.1978922,1.1978922,1.1978922,1,0.0,444.5,True,NA,NA
DC,Macrophage,LGALS9,LGALS9,LRP1,LRP1,1.1975938,1.1975938,1.1975938,1,0.0,446.0,True,NA,NA
DC,DC,LGALS9,LGALS9,CD44,CD44,1.1961308,1.1961308,1.1961308,1,0.0,448.0,True,NA,NA
NK,Macrophage,KLRF1,KLRF1,CLEC2B,CLEC2B,1.1953275,1.1953275,1.1953275,1,0.0,449.5,True,NA,NA
Macrophage,NK,CLEC2B,CLEC2B,KLRF1,KLRF1,1.1953275,1.1953275,1.1953275,1,0.0,449.5,True,NA,NA
Mono_c14,Macrophage,LGALS9,LGALS9,HAVCR2,HAVCR2,1.190345,1.190345,1.190345,1,0.0,454.0,True,NA,NA
B_cell,NK,HLA-E,HLA-E,KLRC2,KLRC2_KLRD1,1.1900324,1.1900324,1.1900324,1,0.0,455.5,True,NA,NA
B_cell,NK,HLA-E,HLA-E,KLRC2,KLRC2,1.1900324,1.1900324,1.1900324,1,0.0,455.5,True,NA,NA
T_cell,DC,CCL5,CCL5,CCR1,CCR1,1.1804361,1.1804361,1.1804361,1,0.0,458.0,True,NA,NA
Mono_c14,Macrophage,CCL3,CCL3,CCR1,CCR1,1.1801486,1.1801486,1.1801486,1,0.0,459.0,True,NA,NA
Macrophage,T_cell,MIF,MIF,TNFRSF14,TNFRSF14,1.1780119,1.1780119,1.1780119,1,0.0,460.0,True,NA,NA
Macrophage,Macrophage,TNFSF13B,TNFSF13B,CD40,CD40,1.1752517,1.1752517,1.1752517,1,0.0,461.0,True,NA,NA
Club,DC,ANXA1,ANXA1,FPR1,FPR1,1.1749963,1.1749963,1.1749963,1,0.0,463.0,True,NA,NA
Macrophage,NK,HLA-E,HLA-E,KLRC3,KLRC3_KLRD1,1.1749061,1.1749061,1.1749061,1,0.005,464.0,True,NA,NA
Mono_c14,Macrophage,ANXA1,ANXA1,FPR1,FPR1,1.1748533,1.1748533,1.1748533,1,0.0,465.0,True,NA,NA
Epithelial,Macrophage,FAM3C,FAM3C,LAMP1,LAMP1,1.1739595,1.1739595,1.1739595,1,0.0,467.0,True,NA,NA
Mono_c14,Macrophage,SPP1,SPP1,CD44,CD44,1.1703352,1.1703352,1.1703352,1,0.0,468.0,True,NA,NA
Macrophage,Epithelial,LGALS9,LGALS9,CD47,CD47,1.1675916,1.1675916,1.1675916,1,0.0,470.0,True,NA,NA
Mono_c14,NK,GRN,GRN,TNFRSF1A,TNFRSF1A,1.1649578,1.1649578,1.1649578,1,0.0,472.0,True,NA,NA
Macrophage,Mono_c14,MIF,MIF,TNFRSF14,TNFRSF14,1.1627903,1.1627903,1.1627903,1,0.0,473.0,True,NA,NA
DC,T_cell,LGALS9,LGALS9,CD44,CD44,1.162446,1.162446,1.162446,1,0.0,474.0,True,NA,NA
Mono_c14,B_cell,TNFSF13B,TNFSF13B,TNFRSF13C,TNFRSF13C,1.1615201,1.1615201,1.1615201,1,0.0,475.0,True,NA,NA
Macrophage,Mono_c14,ANXA1,ANXA1,FPR2,FPR2,1.1608664,1.1608664,1.1608664,1,0.0,476.0,True,NA,NA
NK,B_cell,TNFSF13B,TNFSF13B,TNFRSF13C,TNFRSF13C,1.160701,1.160701,1.160701,1,0.0,477.0,True,NA,NA
Mono_c14,Epithelial,GRN,GRN,SORT1,SORT1,1.1598798,1.1598798,1.1598798,1,0.0,478.0,True,NA,NA
Epithelial,Macrophage,MIF,MIF,TNFRSF14,TNFRSF14,1.1596793,1.1596793,1.1596793,1,0.0,479.0,True,NA,NA
DC,Epithelial,GRN,GRN,TNFRSF1A,TNFRSF1A,1.157471,1.157471,1.157471,1,0.0,480.0,True,NA,NA
Epithelial,DC,ANXA1,ANXA1,FPR1,FPR1,1.1573466,1.1573466,1.1573466,1,0.0,481.0,True,NA,NA
DC,NK,LGALS9,LGALS9,CD47,CD47,1.1568117,1.1568117,1.1568117,1,0.0,483.0,True,NA,NA
Mono_c14,Mono_c14,GRN,GRN,SORT1,SORT1,1.1562555,1.1562555,1.1562555,1,0.0,484.0,True,NA,NA
NK,NK,KLRF1,KLRF1,CLEC2B,CLEC2B,1.1560597,1.1560597,1.1560597,1,0.0,485.5,True,NA,NA
NK,NK,CLEC2B,CLEC2B,KLRF1,KLRF1,1.1560597,1.1560597,1.1560597,1,0.0,485.5,True,NA,NA
DC,T_cell,GRN,GRN,TNFRSF1B,TNFRSF1B,1.1547633,1.1547633,1.1547633,1,0.0,487.0,True,NA,NA
Mono_c14,Macrophage,CD99,CD99,PILRA,PILRA,1.1521547,1.1521547,1.1521547,1,0.0,488.0,True,NA,NA
Macrophage,NK,LGALS9,LGALS9,CD44,CD44,1.1504843,1.1504843,1.1504843,1,0.005,489.0,True,NA,NA
Club,Macrophage,MIF,MIF,TNFRSF14,TNFRSF14,1.1502569,1.1502569,1.1502569,1,0.0,490.0,True,NA,NA
Macrophage,B_cell,LGALS9,LGALS9,CD44,CD44,1.1470748,1.1470748,1.1470748,1,0.0,492.0,True,NA,NA
Macrophage,Macrophage,ANXA1,ANXA1,FPR2,FPR2,1.145035,1.145035,1.145035,1,0.0,495.0,True,NA,NA
Mono_c14,Epithelial,GRN,GRN,EGFR,EGFR,1.141665,1.141665,1.141665,1,0.0,496.0,True,NA,NA
T_cell,DC,PTPRC,PTPRC,MRC1,MRC1,1.1410311,1.1410311,1.1410311,1,0.0,497.0,True,NA,NA
Macrophage,Macrophage,HEBP1,HEBP1,FPR3,FPR3,1.1404991,1.1404991,1.1404991,1,0.0,498.0,True,NA,NA
Macrophage,B_cell,LGALS9,LGALS9,CD47,CD47,1.1394883,1.1394883,1.1394883,1,0.0,500.0,True,NA,NA
Mono_c14,DC,GRN,GRN,SORT1,SORT1,1.1389052,1.1389052,1.1389052,1,0.0,501.0,True,NA,NA
Club,Mono_c14,ANXA1,ANXA1,FPR3,FPR3,1.1387581,1.1387581,1.1387581,1,0.0,502.0,True,NA,NA
DC,Macrophage,GRN,GRN,TNFRSF1B,TNFRSF1B,1.1359991,1.1359991,1.1359991,1,0.0,505.0,True,NA,NA
DC,Macrophage,MIF,MIF,TNFRSF14,TNFRSF14,1.1359526,1.1359526,1.1359526,1,0.0,506.0,True,NA,NA
Epithelial,Macrophage,LGALS9,LGALS9,CD44,CD44,1.1348577,1.1348577,1.1348577,1,0.025,507.0,True,NA,NA
Macrophage,DC,CD52,CD52,SIGLEC10,SIGLEC10,1.1321778,1.1321778,1.1321778,1,0.0,508.0,True,NA,NA
DC,Mono_c14,TNFSF13B,TNFSF13B,TFRC,TFRC,1.1299858,1.1299858,1.1299858,1,0.0,510.0,True,NA,NA
Mono_c14,DC,ANXA1,ANXA1,FPR1,FPR1,1.1291193,1.1291193,1.1291193,1,0.0,512.0,True,NA,NA
T_cell,Mono_c14,CD99,CD99,PILRA,PILRA,1.1289296,1.1289296,1.1289296,1,0.0,514.0,True,NA,NA
Macrophage,Mono_c14,CD52,CD52,SIGLEC10,SIGLEC10,1.1253308,1.1253308,1.1253308,1,0.0,515.0,True,NA,NA
T_cell,NK,CLEC2D,CLEC2D,KLRB1,KLRB1,1.1234999,1.1234999,1.1234999,1,0.0,516.0,True,NA,NA
Epithelial,Mono_c14,ANXA1,ANXA1,FPR3,FPR3,1.1211084,1.1211084,1.1211084,1,0.0,517.0,True,NA,NA
Macrophage,Mono_c14,LGALS9,LGALS9,LRP1,LRP1,1.117878,1.117878,1.117878,1,0.0,520.0,True,NA,NA
NK,Macrophage,PTPRC,PTPRC,CD22,CD22,1.1169261,1.1169261,1.1169261,1,0.0,522.0,True,NA,NA
Macrophage,DC,CD99,CD99,PILRA,PILRA,1.1168244,1.1168244,1.1168244,1,0.0,523.0,True,NA,NA
Mono_c14,T_cell,GRN,GRN,TNFRSF1A,TNFRSF1A,1.1167723,1.1167723,1.1167723,1,0.0,524.0,True,NA,NA
Macrophage,Epithelial,MIF,MIF,TNFRSF14,TNFRSF14,1.1166513,1.1166513,1.1166513,1,0.0,525.0,True,NA,NA
DC,DC,TNFSF13B,TNFSF13B,CD40,CD40,1.1150227,1.1150227,1.1150227,1,0.0,527.0,True,NA,NA
Macrophage,Macrophage,FAM3C,FAM3C,LAMP1,LAMP1,1.1138493,1.1138493,1.1138493,1,0.0,528.0,True,NA,NA
Mono_c14,Macrophage,LGALS9,LGALS9,LRP1,LRP1,1.1122899,1.1122899,1.1122899,1,0.0,529.0,True,NA,NA
NK,DC,MIF,MIF,TNFRSF14,TNFRSF14,1.1121124,1.1121124,1.1121124,1,0.0,530.0,True,NA,NA
Macrophage,NK,ALOX5,ALOX5,ALOX5AP,ALOX5AP,1.1118524,1.1118524,1.1118524,1,0.0,531.0,True,NA,NA
Mono_c14,B_cell,GRN,GRN,TNFRSF1B,TNFRSF1B,1.1109035,1.1109035,1.1109035,1,0.0,532.0,True,NA,NA
Mono_c14,DC,LGALS9,LGALS9,CD44,CD44,1.1108268,1.1108268,1.1108268,1,0.02,533.0,True,NA,NA
B_cell,Macrophage,MIF,MIF,TNFRSF14,TNFRSF14,1.1073849,1.1073849,1.1073849,1,0.0,534.0,True,NA,NA
Macrophage,DC,CCL3,CCL3,CCR1,CCR1,1.1065449,1.1065449,1.1065449,1,0.0,536.0,True,NA,NA
Macrophage,B_cell,TNFSF13B,TNFSF13B,TNFRSF13C,TNFRSF13C,1.1063038,1.1063038,1.1063038,1,0.0,537.0,True,NA,NA
DC,DC,LGALS9,LGALS9,CD47,CD47,1.1037186,1.1037186,1.1037186,1,0.0,538.0,True,NA,NA
Mono_c14,Macrophage,CCL3L1,CCL3L1,CCR1,CCR1,1.1003557,1.1003557,1.1003557,1,0.0,539.0,True,NA,NA
Macrophage,B_cell,MIF,MIF,TNFRSF14,TNFRSF14,1.1003437,1.1003437,1.1003437,1,0.0,540.0,True,NA,NA
DC,NK,GRN,GRN,TNFRSF1A,TNFRSF1A,1.0992663,1.0992663,1.0992663,1,0.0,542.0,True,NA,NA
T_cell,DC,MIF,MIF,TNFRSF14,TNFRSF14,1.0986143,1.0986143,1.0986143,1,0.0,544.0,True,NA,NA
NK,Macrophage,ANXA1,ANXA1,FPR1,FPR1,1.0984155,1.0984155,1.0984155,1,0.035,545.0,True,NA,NA
T_cell,DC,ANXA1,ANXA1,FPR3,FPR3,1.0949152,1.0949152,1.0949152,1,0.0,548.0,True,NA,NA
DC,Epithelial,GRN,GRN,SORT1,SORT1,1.0941883,1.0941883,1.0941883,1,0.0,550.0,True,NA,NA
Mono_c14,Macrophage,ALOX5,ALOX5,ALOX5AP,ALOX5AP,1.0930481,1.0930481,1.0930481,1,0.0,551.0,True,NA,NA
Mono_c14,Mono_c14,ANXA1,ANXA1,FPR3,FPR3,1.0928811,1.0928811,1.0928811,1,0.0,552.0,True,NA,NA
B_cell,DC,CD52,CD52,SIGLEC10,SIGLEC10,1.0917429,1.0917429,1.0917429,1,0.0,554.0,True,NA,NA
T_cell,Mono_c14,ANXA1,ANXA1,FPR1,FPR1,1.0917399,1.0917399,1.0917399,1,0.0,555.0,True,NA,NA
DC,Mono_c14,GRN,GRN,SORT1,SORT1,1.090564,1.090564,1.090564,1,0.0,556.0,True,NA,NA
DC,B_cell,TNFSF13B,TNFSF13B,CD40,CD40,1.0890714,1.0890714,1.0890714,1,0.0,558.0,True,NA,NA
T_cell,Macrophage,TNFSF13B,TNFSF13B,CD40,CD40,1.0853732,1.0853732,1.0853732,1,0.0,561.0,True,NA,NA
B_cell,Mono_c14,CD52,CD52,SIGLEC10,SIGLEC10,1.0848958,1.0848958,1.0848958,1,0.0,562.0,True,NA,NA
DC,Macrophage,SPP1,SPP1,CD44,CD44,1.0803286,1.0803286,1.0803286,1,0.0,563.0,True,NA,NA
Club,Mono_c14,ANXA1,ANXA1,FPR2,FPR2,1.0796758,1.0796758,1.0796758,1,0.0,564.0,True,NA,NA
Mono_c14,Mono_c14,TNFSF13B,TNFSF13B,TFRC,TFRC,1.079458,1.079458,1.079458,1,0.0,565.0,True,NA,NA
DC,Mono_c14,LGALS9,LGALS9,CD47,CD47,1.0793858,1.0793858,1.0793858,1,0.0,566.0,True,NA,NA
NK,Mono_c14,TNFSF13B,TNFSF13B,TFRC,TFRC,1.0786389,1.0786389,1.0786389,1,0.0,568.0,True,NA,NA
Mono_c14,Mono_c14,SPP1,SPP1,CD44,CD44,1.0780125,1.0780125,1.0780125,1,0.0,569.0,True,NA,NA
Epithelial,Macrophage,MDK,MDK,LRP1,LRP1,1.0775402,1.0775402,1.0775402,1,0.0,570.0,True,NA,NA
Mono_c14,T_cell,LGALS9,LGALS9,CD44,CD44,1.0771422,1.0771422,1.0771422,1,0.0,571.0,True,NA,NA
DC,Epithelial,GRN,GRN,EGFR,EGFR,1.0759735,1.0759735,1.0759735,1,0.0,572.0,True,NA,NA
NK,NK,MIF,MIF,TNFRSF14,TNFRSF14,1.0755715,1.0755715,1.0755715,1,0.0,573.0,True,NA,NA
Macrophage,Macrophage,SPP1,SPP1,CD44,CD44,1.0737886,1.0737886,1.0737886,1,0.0,575.0,True,NA,NA
DC,DC,GRN,GRN,SORT1,SORT1,1.0732137,1.0732137,1.0732137,1,0.0,576.0,True,NA,NA
Mono_c14,NK,LGALS9,LGALS9,CD47,CD47,1.0715079,1.0715079,1.0715079,1,0.0,577.0,True,NA,NA
Macrophage,Macrophage,CCL3L1,CCL3L1,CCR1,CCR1,1.0704023,1.0704023,1.0704023,1,0.0,578.0,True,NA,NA
B_cell,Macrophage,FAM3C,FAM3C,LAMP1,LAMP1,1.0696328,1.0696328,1.0696328,1,0.0,579.0,True,NA,NA
Mono_c14,DC,TNFSF13B,TNFSF13B,CD40,CD40,1.064495,1.064495,1.064495,1,0.0,581.0,True,NA,NA
Club,Macrophage,ANXA1,ANXA1,FPR2,FPR2,1.0638444,1.0638444,1.0638444,1,0.0,582.0,True,NA,NA
NK,DC,TNFSF13B,TNFSF13B,CD40,CD40,1.0636759,1.0636759,1.0636759,1,0.0,584.0,True,NA,NA
Macrophage,Mono_c14,ALOX5,ALOX5,ALOX5AP,ALOX5AP,1.0632278,1.0632278,1.0632278,1,0.0,586.0,True,NA,NA
DC,Mono_c14,PTPRC,PTPRC,MRC1,MRC1,1.0627463,1.0627463,1.0627463,1,0.0,587.0,True,NA,NA
T_cell,NK,MIF,MIF,TNFRSF14,TNFRSF14,1.0620735,1.0620735,1.0620735,1,0.0,588.0,True,NA,NA
Epithelial,Mono_c14,ANXA1,ANXA1,FPR2,FPR2,1.0620261,1.0620261,1.0620261,1,0.0,589.0,True,NA,NA
Mono_c14,Macrophage,CCL8,CCL8,CCR1,CCR1,1.0619973,1.0619973,1.0619973,1,0.0,590.0,True,NA,NA
NK,DC,KLRF1,KLRF1,CLEC2B,CLEC2B,1.0597177,1.0597177,1.0597177,1,0.0,591.5,True,NA,NA
DC,NK,CLEC2B,CLEC2B,KLRF1,KLRF1,1.0597177,1.0597177,1.0597177,1,0.0,591.5,True,NA,NA
T_cell,Macrophage,LTB,LTB,LTBR,LTBR,1.0570138,1.0570138,1.0570138,1,0.0,593.0,True,NA,NA
B_cell,Macrophage,LTB,LTB,LTBR,LTBR,1.0554199,1.0554199,1.0554199,1,0.0,594.0,True,NA,NA
DC,T_cell,GRN,GRN,TNFRSF1A,TNFRSF1A,1.0510808,1.0510808,1.0510808,1,0.0,597.0,True,NA,NA
Epithelial,DC,MIF,MIF,TNFRSF14,TNFRSF14,1.0499243,1.0499243,1.0499243,1,0.0,600.0,True,NA,NA
B_cell,NK,CLEC2D,CLEC2D,KLRB1,KLRB1,1.0487934,1.0487934,1.0487934,1,0.0,601.0,True,NA,NA
Mono_c14,Macrophage,LILRB4,LILRB4,LAIR1,LAIR1,1.0476251,1.0476251,1.0476251,1,0.0,602.0,True,NA,NA
Macrophage,Mono_c14,MDK,MDK,LRP1,LRP1,1.0469153,1.0469153,1.0469153,1,0.0,603.0,True,NA,NA
Epithelial,Macrophage,ANXA1,ANXA1,FPR2,FPR2,1.0461948,1.0461948,1.0461948,1,0.0,604.0,True,NA,NA
NK,T_cell,MIF,MIF,TNFRSF14,TNFRSF14,1.0456804,1.0456804,1.0456804,1,0.0,605.0,True,NA,NA
DC,B_cell,GRN,GRN,TNFRSF1B,TNFRSF1B,1.045212,1.045212,1.045212,1,0.005,606.0,True,NA,NA
Club,Macrophage,SPP1,SPP1,CD44,CD44,1.0447152,1.0447152,1.0447152,1,0.0,607.0,True,NA,NA
Epithelial,Mono_c14,SCGB3A1,SCGB3A1,MARCO,MARCO,1.042903,1.042903,1.042903,1,0.0,608.0,True,NA,NA
DC,T_cell,LGALS9,LGALS9,CD47,CD47,1.0426441,1.0426441,1.0426441,1,0.0,609.0,True,NA,NA
DC,DC,LGALS9,LGALS9,HAVCR2,HAVCR2,1.042537,1.042537,1.042537,1,0.0,611.0,True,NA,NA
Macrophage,Mono_c14,LGALS9,LGALS9,HAVCR2,HAVCR2,1.0421953,1.0421953,1.0421953,1,0.0,614.0,True,NA,NA
Club,DC,MIF,MIF,TNFRSF14,TNFRSF14,1.040502,1.040502,1.040502,1,0.0,615.0,True,NA,NA
Mono_c14,B_cell,TNFSF13B,TNFSF13B,CD40,CD40,1.0385437,1.0385437,1.0385437,1,0.0,616.0,True,NA,NA
Mono_c14,Macrophage,MIF,MIF,TNFRSF14,TNFRSF14,1.0379076,1.0379076,1.0379076,1,0.0,617.0,True,NA,NA
NK,B_cell,TNFSF13B,TNFSF13B,CD40,CD40,1.0377246,1.0377246,1.0377246,1,0.0,618.0,True,NA,NA
DC,DC,TNFSF13B,TNFSF13B,TFRC,TFRC,1.0352091,1.0352091,1.0352091,1,0.01,620.0,True,NA,NA
Macrophage,Macrophage,HBEGF,HBEGF,CD44,CD44,1.034901,1.034901,1.034901,1,0.0,621.0,True,NA,NA
Mono_c14,Mono_c14,ANXA1,ANXA1,FPR2,FPR2,1.0337989,1.0337989,1.0337989,1,0.0,622.0,True,NA,NA
T_cell,T_cell,MIF,MIF,TNFRSF14,TNFRSF14,1.0321823,1.0321823,1.0321823,1,0.0,624.0,True,NA,NA
T_cell,DC,CD99,CD99,PILRA,PILRA,1.031256,1.031256,1.031256,1,0.0,627.0,True,NA,NA
NK,Mono_c14,MIF,MIF,TNFRSF14,TNFRSF14,1.0304588,1.0304588,1.0304588,1,0.0,630.0,True,NA,NA
T_cell,DC,CCL5,CCL5,CCR5,CCR5,1.0300347,1.0300347,1.0300347,1,0.0,632.0,True,NA,NA
Epithelial,Mono_c14,CD99,CD99,PILRA,PILRA,1.0265436,1.0265436,1.0265436,1,0.0,633.0,True,NA,NA
DC,DC,MIF,MIF,TNFRSF14,TNFRSF14,1.0261976,1.0261976,1.0261976,1,0.0,634.0,True,NA,NA
Mono_c14,Macrophage,HBEGF,HBEGF,CD44,CD44,1.025145,1.025145,1.025145,1,0.0,635.0,True,NA,NA
NK,T_cell,KLRF1,KLRF1,CLEC2B,CLEC2B,1.0249627,1.0249627,1.0249627,1,0.0,636.5,True,NA,NA
T_cell,NK,CLEC2B,CLEC2B,KLRF1,KLRF1,1.0249627,1.0249627,1.0249627,1,0.0,636.5,True,NA,NA
Macrophage,Mono_c14,TNFSF13B,TNFSF13B,TFRC,TFRC,1.0242417,1.0242417,1.0242417,1,0.0,638.0,True,NA,NA
Macrophage,DC,ALOX5,ALOX5,ALOX5AP,ALOX5AP,1.0212876,1.0212876,1.0212876,1,0.0,639.0,True,NA,NA
DC,Mono_c14,TNFSF13B,TNFSF13B,CD40,CD40,1.0202956,1.0202956,1.0202956,1,0.0,640.0,True,NA,NA
NK,Mono_c14,HLA-F,HLA-F,LILRB2,LILRB2,1.0192589,1.0192589,1.0192589,1,0.0,641.0,True,NA,NA
Mono_c14,DC,LGALS9,LGALS9,CD47,CD47,1.0184147,1.0184147,1.0184147,1,0.0,642.0,True,NA,NA
Mono_c14,Macrophage,ANXA1,ANXA1,FPR2,FPR2,1.0179675,1.0179675,1.0179675,1,0.0,643.0,True,NA,NA
Macrophage,Mono_c14,LILRB4,LILRB4,LAIR1,LAIR1,1.017256,1.017256,1.017256,1,0.0,645.0,True,NA,NA
T_cell,Mono_c14,MIF,MIF,TNFRSF14,TNFRSF14,1.0169607,1.0169607,1.0169607,1,0.0,646.0,True,NA,NA
T_cell,Macrophage,PTPRC,PTPRC,CD22,CD22,1.0167831,1.0167831,1.0167831,1,0.0,647.0,True,NA,NA
NK,Mono_c14,ANXA1,ANXA1,FPR3,FPR3,1.0164433,1.0164433,1.0164433,1,0.0,648.0,True,NA,NA
T_cell,B_cell,TNFSF13B,TNFSF13B,TNFRSF13C,TNFRSF13C,1.0164253,1.0164253,1.0164253,1,0.0,649.0,True,NA,NA
Epithelial,NK,MIF,MIF,TNFRSF14,TNFRSF14,1.0133834,1.0133834,1.0133834,1,0.0,651.0,True,NA,NA
DC,B_cell,PTPRC,PTPRC,CD22,CD22,1.01264,1.01264,1.01264,1,0.0,652.0,True,NA,NA
Macrophage,DC,TNFSF13B,TNFSF13B,CD40,CD40,1.0092787,1.0092787,1.0092787,1,0.0,654.0,True,NA,NA
Macrophage,Epithelial,MIF,MIF,EGFR,EGFR,1.0092407,1.0092407,1.0092407,1,0.0,655.0,True,NA,NA
Mono_c14,NK,CLEC2B,CLEC2B,KLRF1,KLRF1,1.0088304,1.0088304,1.0088304,1,0.0,656.5,True,NA,NA
NK,Mono_c14,KLRF1,KLRF1,CLEC2B,CLEC2B,1.0088304,1.0088304,1.0088304,1,0.0,656.5,True,NA,NA
DC,Epithelial,LGALS9,LGALS9,CD47,CD47,1.0087478,1.0087478,1.0087478,1,0.0,658.0,True,NA,NA
NK,DC,CCL4,CCL4,CCR5,CCR5,1.0056204,1.0056204,1.0056204,1,0.0,659.0,True,NA,NA
Club,NK,MIF,MIF,TNFRSF14,TNFRSF14,1.0039611,1.0039611,1.0039611,1,0.0,660.0,True,NA,NA
B_cell,Macrophage,CD99,CD99,PILRA,PILRA,1.0008593,1.0008593,1.0008593,1,0.0,661.0,True,NA,NA
Macrophage,Mono_c14,PTPRC,PTPRC,MRC1,MRC1,0.99873996,0.99873996,0.99873996,1,0.02,663.0,True,NA,NA
B_cell,DC,MIF,MIF,TNFRSF14,TNFRSF14,0.99763,0.99763,0.99763,1,0.005,664.0,True,NA,NA
Epithelial,Macrophage,LGALS9,LGALS9,CD47,CD47,0.9945929,0.9945929,0.9945929,1,0.0,666.0,True,NA,NA
Mono_c14,Mono_c14,LGALS9,LGALS9,CD47,CD47,0.9940819,0.9940819,0.9940819,1,0.0,667.0,True,NA,NA
Club,Macrophage,CD99,CD99,PILRA,PILRA,0.99392784,0.99392784,0.99392784,1,0.0,668.0,True,NA,NA
DC,B_cell,TNFSF13B,TNFSF13B,TNFRSF13B,TNFRSF13B,0.9926139,0.9926139,0.9926139,1,0.0,669.0,True,NA,NA
Mono_c14,NK,ALOX5,ALOX5,ALOX5AP,ALOX5AP,0.99156606,0.99156606,0.99156606,1,0.0,672.0,True,NA,NA
Macrophage,DC,LGALS9,LGALS9,LRP1,LRP1,0.9914186,0.9914186,0.9914186,1,0.0,673.0,True,NA,NA
DC,Macrophage,HBEGF,HBEGF,CD44,CD44,0.99098885,0.99098885,0.99098885,1,0.0,675.0,True,NA,NA
DC,NK,MIF,MIF,TNFRSF14,TNFRSF14,0.9896567,0.9896567,0.9896567,1,0.01,676.0,True,NA,NA
DC,Mono_c14,SPP1,SPP1,CD44,CD44,0.98800594,0.98800594,0.98800594,1,0.0,678.0,True,NA,NA
Macrophage,Epithelial,LGALS9,LGALS9,MET,MET,0.98739374,0.98739374,0.98739374,1,0.0,679.0,True,NA,NA
DC,Macrophage,CCL3,CCL3,CCR1,CCR1,0.98728955,0.98728955,0.98728955,1,0.0,680.0,True,NA,NA
Macrophage,Macrophage,CCL8,CCL8,CCR1,CCR1,0.9856196,0.9856196,0.9856196,1,0.0,681.0,True,NA,NA
Mono_c14,DC,TNFSF13B,TNFSF13B,TFRC,TFRC,0.9846813,0.9846813,0.9846813,1,0.025,682.0,True,NA,NA
NK,Epithelial,MIF,MIF,TNFRSF14,TNFRSF14,0.9843197,0.9843197,0.9843197,1,0.0,683.0,True,NA,NA
Mono_c14,Mono_c14,PTPRC,PTPRC,MRC1,MRC1,0.98420894,0.98420894,0.98420894,1,0.0,684.0,True,NA,NA
Epithelial,Macrophage,SPP1,SPP1,CD44,CD44,0.9841823,0.9841823,0.9841823,1,0.005,685.0,True,NA,NA
NK,DC,TNFSF13B,TNFSF13B,TFRC,TFRC,0.9838622,0.9838622,0.9838622,1,0.045,686.0,True,NA,NA
Epithelial,T_cell,MIF,MIF,TNFRSF14,TNFRSF14,0.98349226,0.98349226,0.98349226,1,0.005,687.0,True,NA,NA
Macrophage,B_cell,TNFSF13B,TNFSF13B,CD40,CD40,0.9833274,0.9833274,0.9833274,1,0.0,688.0,True,NA,NA
NK,Macrophage,FAM3C,FAM3C,LAMP1,LAMP1,0.9832233,0.9832233,0.9832233,1,0.0,689.0,True,NA,NA
Mono_c14,Mono_c14,CCL3,CCL3,CCR1,CCR1,0.9823206,0.9823206,0.9823206,1,0.0,690.0,True,NA,NA
DC,Mono_c14,ANXA1,ANXA1,FPR3,FPR3,0.98162615,0.98162615,0.98162615,1,0.01,691.0,True,NA,NA
Macrophage,Mono_c14,SPP1,SPP1,CD44,CD44,0.981466,0.981466,0.981466,1,0.0,692.0,True,NA,NA
DC,B_cell,LGALS9,LGALS9,CD47,CD47,0.98064446,0.98064446,0.98064446,1,0.0,693.0,True,NA,NA
Macrophage,DC,LILRB4,LILRB4,LAIR1,LAIR1,0.97742826,0.97742826,0.97742826,1,0.0,695.0,True,NA,NA
DC,Macrophage,FAM3C,FAM3C,LAMP1,LAMP1,0.9765695,0.9765695,0.9765695,1,0.0,696.0,True,NA,NA
Macrophage,Mono_c14,HLA-F,HLA-F,LILRB2,LILRB2,0.9738581,0.9738581,0.9738581,1,0.0,698.0,True,NA,NA
T_cell,Epithelial,MIF,MIF,TNFRSF14,TNFRSF14,0.9708216,0.9708216,0.9708216,1,0.01,699.0,True,NA,NA
Mono_c14,Mono_c14,TNFSF13B,TNFSF13B,CD40,CD40,0.9697679,0.9697679,0.9697679,1,0.0,700.0,True,NA,NA
NK,DC,HLA-F,HLA-F,LILRB2,LILRB2,0.96923774,0.96923774,0.96923774,1,0.0,701.0,True,NA,NA
NK,Mono_c14,TNFSF13B,TNFSF13B,CD40,CD40,0.96894884,0.96894884,0.96894884,1,0.0,702.0,True,NA,NA
B_cell,Mono_c14,PTPRC,PTPRC,MRC1,MRC1,0.96845365,0.96845365,0.96845365,1,0.02,703.0,True,NA,NA
Epithelial,Mono_c14,MIF,MIF,TNFRSF14,TNFRSF14,0.96827066,0.96827066,0.96827066,1,0.035,704.0,True,NA,NA
NK,B_cell,MIF,MIF,TNFRSF14,TNFRSF14,0.9680121,0.9680121,0.9680121,1,0.0,705.0,True,NA,NA
Macrophage,DC,NAMPT,NAMPT,P2RY6,P2RY6,0.96434194,0.96434194,0.96434194,1,0.0,706.0,True,NA,NA
Mono_c14,Macrophage,FAM3C,FAM3C,LAMP1,LAMP1,0.9640919,0.9640919,0.9640919,1,0.0,707.0,True,NA,NA
DC,Macrophage,ALOX5,ALOX5,ALOX5AP,ALOX5AP,0.9626768,0.9626768,0.9626768,1,0.0,708.0,True,NA,NA
B_cell,NK,MIF,MIF,TNFRSF14,TNFRSF14,0.96108913,0.96108913,0.96108913,1,0.025,709.0,True,NA,NA
DC,Mono_c14,LGALS9,LGALS9,LRP1,LRP1,0.9590342,0.9590342,0.9590342,1,0.0,711.0,True,NA,NA
Macrophage,Macrophage,CSF1,CSF1,SIRPA,SIRPA,0.9579653,0.9579653,0.9579653,1,0.0,713.0,True,NA,NA
Epithelial,Macrophage,HBEGF,HBEGF,CD44,CD44,0.95775044,0.95775044,0.95775044,1,0.0,714.0,True,NA,NA
NK,Mono_c14,ANXA1,ANXA1,FPR2,FPR2,0.9573611,0.9573611,0.9573611,1,0.0,716.0,True,NA,NA
Mono_c14,T_cell,LGALS9,LGALS9,CD47,CD47,0.95734024,0.95734024,0.95734024,1,0.0,717.0,True,NA,NA
Mono_c14,DC,LGALS9,LGALS9,HAVCR2,HAVCR2,0.95723313,0.95723313,0.95723313,1,0.0,718.0,True,NA,NA
Macrophage,T_cell,CD58,CD58,CD2,CD2,0.9570942,0.9570942,0.9570942,1,0.0,719.0,True,NA,NA
Macrophage,DC,CCL3,CCL3,CCR5,CCR5,0.95614326,0.95614326,0.95614326,1,0.0,720.0,True,NA,NA
Mono_c14,DC,NAMPT,NAMPT,P2RY6,P2RY6,0.9548429,0.9548429,0.9548429,1,0.0,721.0,True,NA,NA
T_cell,B_cell,MIF,MIF,TNFRSF14,TNFRSF14,0.954514,0.954514,0.954514,1,0.005,722.0,True,NA,NA
Club,Mono_c14,SPP1,SPP1,CD44,CD44,0.95239246,0.95239246,0.95239246,1,0.005,724.0,True,NA,NA
Epithelial,Macrophage,CCL5,CCL5,CCR1,CCR1,0.9518922,0.9518922,0.9518922,1,0.0,726.0,True,NA,NA
Epithelial,Macrophage,LGALS9,LGALS9,HAVCR2,HAVCR2,0.9490353,0.9490353,0.9490353,1,0.0,728.0,True,NA,NA
Macrophage,B_cell,PTPRC,PTPRC,CD22,CD22,0.9486338,0.9486338,0.9486338,1,0.0,729.0,True,NA,NA
DC,B_cell,TNFSF13B,TNFSF13B,TNFRSF17,TNFRSF17,0.94520634,0.94520634,0.94520634,1,0.0,731.0,True,NA,NA
Mono_c14,Mono_c14,ALOX5,ALOX5,ALOX5AP,ALOX5AP,0.9429414,0.9429414,0.9429414,1,0.0,733.0,True,NA,NA
Macrophage,Mono_c14,HBEGF,HBEGF,CD44,CD44,0.9425784,0.9425784,0.9425784,1,0.0,734.0,True,NA,NA
Mono_c14,B_cell,TNFSF13B,TNFSF13B,TNFRSF13B,TNFRSF13B,0.94208616,0.94208616,0.94208616,1,0.0,735.0,True,NA,NA
Mono_c14,Macrophage,CCL7,CCL7,CCR1,CCR1,0.94187176,0.94187176,0.94187176,1,0.0,736.0,True,NA,NA
NK,Macrophage,ANXA1,ANXA1,FPR2,FPR2,0.9415297,0.9415297,0.9415297,1,0.005,737.0,True,NA,NA
NK,B_cell,TNFSF13B,TNFSF13B,TNFRSF13B,TNFRSF13B,0.9412671,0.9412671,0.9412671,1,0.0,738.0,True,NA,NA
Macrophage,Macrophage,MIF,MIF,TNFRSF10D,TNFRSF10D,0.9407347,0.9407347,0.9407347,1,0.0,740.0,True,NA,NA
Macrophage,Club,LGALS9,LGALS9,CD47,CD47,0.9404685,0.9404685,0.9404685,1,0.015,741.0,True,NA,NA
NK,Macrophage,CCL3,CCL3,CCR1,CCR1,0.93981624,0.93981624,0.93981624,1,0.0,742.0,True,NA,NA
DC,Macrophage,HEBP1,HEBP1,FPR3,FPR3,0.93811935,0.93811935,0.93811935,1,0.0,746.0,True,NA,NA
NK,NK,CLEC2D,CLEC2D,KLRB1,KLRB1,0.9374341,0.9374341,0.9374341,1,0.0,747.0,True,NA,NA
Macrophage,NK,MDK,MDK,SORL1,SORL1,0.93675673,0.93675673,0.93675673,1,0.0,748.0,True,NA,NA
DC,Epithelial,TNFSF13B,TNFSF13B,CD40,CD40,0.9346737,0.9346737,0.9346737,1,0.035,751.0,True,NA,NA
Mono_c14,B_cell,PTPRC,PTPRC,CD22,CD22,0.9341028,0.9341028,0.9341028,1,0.0,753.0,True,NA,NA
DC,Macrophage,CCL8,CCL8,CCR1,CCR1,0.9331932,0.9331932,0.9331932,1,0.0,754.0,True,NA,NA
T_cell,Macrophage,CCL5,CCL5,CCR5,CCR5,0.93303984,0.93303984,0.93303984,1,0.0,755.0,True,NA,NA
Mono_c14,Mono_c14,HBEGF,HBEGF,CD44,CD44,0.93282235,0.93282235,0.93282235,1,0.0,756.0,True,NA,NA
T_cell,T_cell,LCK,LCK,CD8B,CD8A_CD8B,0.93227696,0.93227696,0.93227696,1,0.0,757.0,True,NA,NA
Mono_c14,Macrophage,HEBP1,HEBP1,FPR3,FPR3,0.930819,0.930819,0.930819,1,0.0,759.0,True,NA,NA
Epithelial,DC,CD99,CD99,PILRA,PILRA,0.92886996,0.92886996,0.92886996,1,0.0,763.0,True,NA,NA
Macrophage,DC,HLA-F,HLA-F,LILRB2,LILRB2,0.923837,0.923837,0.923837,1,0.0,765.0,True,NA,NA
Macrophage,Macrophage,SEMA3C,SEMA3C,NRP2,NRP2,0.92362213,0.92362213,0.92362213,1,0.0,766.0,True,NA,NA
Mono_c14,Epithelial,LGALS9,LGALS9,CD47,CD47,0.9234439,0.9234439,0.9234439,1,0.005,767.0,True,NA,NA
DC,Mono_c14,ANXA1,ANXA1,FPR2,FPR2,0.922544,0.922544,0.922544,1,0.015,768.0,True,NA,NA
Macrophage,T_cell,CXCL10,CXCL10,CXCR3,CXCR3,0.9216242,0.9216242,0.9216242,1,0.0,770.0,True,NA,NA
Macrophage,Epithelial,LGALS9,LGALS9,PTPRK,PTPRK,0.9208065,0.9208065,0.9208065,1,0.0,771.0,True,NA,NA
Macrophage,DC,MDK,MDK,LRP1,LRP1,0.92045593,0.92045593,0.92045593,1,0.0,772.0,True,NA,NA
T_cell,DC,TNFSF13B,TNFSF13B,CD40,CD40,0.9194001,0.9194001,0.9194001,1,0.0,774.0,True,NA,NA
Macrophage,Macrophage,LGALS9,LGALS9,COLEC12,COLEC12,0.91935146,0.91935146,0.91935146,1,0.0,775.0,True,NA,NA
B_cell,B_cell,PTPRC,PTPRC,CD22,CD22,0.9183475,0.9183475,0.9183475,1,0.0,777.0,True,NA,NA
T_cell,DC,LTB,LTB,LTBR,LTBR,0.9149971,0.9149971,0.9149971,1,0.0,780.0,True,NA,NA
Macrophage,Mono_c14,TNFSF13B,TNFSF13B,CD40,CD40,0.9145517,0.9145517,0.9145517,1,0.02,781.0,True,NA,NA
B_cell,DC,LTB,LTB,LTBR,LTBR,0.9134033,0.9134033,0.9134033,1,0.0,782.0,True,NA,NA
NK,Macrophage,CCL4,CCL4,CCR5,CCR5,0.9086256,0.9086256,0.9086256,1,0.0,785.0,True,NA,NA
Macrophage,T_cell,ALOX5,ALOX5,ALOX5AP,ALOX5AP,0.90749407,0.90749407,0.90749407,1,0.0,786.0,True,NA,NA
Macrophage,Epithelial,LGALS9,LGALS9,SLC1A5,SLC1A5,0.90656465,0.90656465,0.90656465,1,0.0,788.0,True,NA,NA
NK,Epithelial,CCL4,CCL4,SLC7A1,SLC7A1,0.90583205,0.90583205,0.90583205,1,0.0,790.0,True,NA,NA
DC,Macrophage,CCL3L1,CCL3L1,CCR1,CCR1,0.9030483,0.9030483,0.9030483,1,0.0,794.0,True,NA,NA
Mono_c14,Mono_c14,CCL3L1,CCL3L1,CCR1,CCR1,0.9025277,0.9025277,0.9025277,1,0.0,796.0,True,NA,NA
Mono_c14,DC,ALOX5,ALOX5,ALOX5AP,ALOX5AP,0.9010013,0.9010013,0.9010013,1,0.0,797.0,True,NA,NA
DC,Mono_c14,HBEGF,HBEGF,CD44,CD44,0.8986662,0.8986662,0.8986662,1,0.0,798.0,True,NA,NA
DC,Mono_c14,CD99,CD99,PILRA,PILRA,0.89706707,0.89706707,0.89706707,1,0.0,800.0,True,NA,NA
Mono_c14,B_cell,LGALS9,LGALS9,CD47,CD47,0.8953407,0.8953407,0.8953407,1,0.0,804.0,True,NA,NA
Mono_c14,B_cell,TNFSF13B,TNFSF13B,TNFRSF17,TNFRSF17,0.8946786,0.8946786,0.8946786,1,0.0,805.0,True,NA,NA
DC,Mono_c14,LILRB4,LILRB4,LAIR1,LAIR1,0.893928,0.893928,0.893928,1,0.0,807.0,True,NA,NA
NK,B_cell,TNFSF13B,TNFSF13B,TNFRSF17,TNFRSF17,0.8938595,0.8938595,0.8938595,1,0.0,808.0,True,NA,NA
B_cell,NK,SELL,SELL,SELPLG,SELPLG,0.8937654,0.8937654,0.8937654,1,0.0,809.0,True,NA,NA
T_cell,B_cell,TNFSF13B,TNFSF13B,CD40,CD40,0.89344877,0.89344877,0.89344877,1,0.0,810.0,True,NA,NA
NK,B_cell,CCL4,CCL4,CNR2,CNR2,0.89149284,0.89149284,0.89149284,1,0.0,816.0,True,NA,NA
Mono_c14,DC,CCL3,CCL3,CCR1,CCR1,0.8905796,0.8905796,0.8905796,1,0.0,818.0,True,NA,NA
DC,T_cell,CD58,CD58,CD2,CD2,0.8902062,0.8902062,0.8902062,1,0.0,819.0,True,NA,NA
Macrophage,B_cell,TNFSF13B,TNFSF13B,TNFRSF13B,TNFRSF13B,0.8868699,0.8868699,0.8868699,1,0.0,820.0,True,NA,NA
Macrophage,Club,LGALS9,LGALS9,MET,MET,0.8862836,0.8862836,0.8862836,1,0.0,821.0,True,NA,NA
Macrophage,Macrophage,LGALS9,LGALS9,SLC1A5,SLC1A5,0.8860951,0.8860951,0.8860951,1,0.0,822.0,True,NA,NA
NK,Macrophage,CCL4,CCL4,SLC7A1,SLC7A1,0.8844443,0.8844443,0.8844443,1,0.0,826.0,True,NA,NA
Macrophage,NK,LGALS9,LGALS9,HAVCR2,HAVCR2,0.88380176,0.88380176,0.88380176,1,0.0,828.0,True,NA,NA
DC,Mono_c14,LGALS9,LGALS9,HAVCR2,HAVCR2,0.88335145,0.88335145,0.88335145,1,0.0,830.0,True,NA,NA
Club,Macrophage,MDK,MDK,LRP1,LRP1,0.8829309,0.8829309,0.8829309,1,0.0,832.0,True,NA,NA
NK,Epithelial,MIF,MIF,EGFR,EGFR,0.87690926,0.87690926,0.87690926,1,0.0,834.0,True,NA,NA
Macrophage,T_cell,CXCL10,CXCL10,DPP4,DPP4,0.87543595,0.87543595,0.87543595,1,0.0,836.0,True,NA,NA
Mono_c14,Mono_c14,LGALS9,LGALS9,LRP1,LRP1,0.87373036,0.87373036,0.87373036,1,0.0,837.0,True,NA,NA
Macrophage,NK,TGFB1,TGFB1,TGFBR3,TGFBR3,0.8728576,0.8728576,0.8728576,1,0.0,838.0,True,NA,NA
Macrophage,Mono_c14,CCL3L1,CCL3L1,CCR1,CCR1,0.8725742,0.8725742,0.8725742,1,0.0,839.0,True,NA,NA
Epithelial,Macrophage,LGALS9,LGALS9,LRP1,LRP1,0.87098026,0.87098026,0.87098026,1,0.0,841.0,True,NA,NA
Macrophage,T_cell,MDK,MDK,SORL1,SORL1,0.87038636,0.87038636,0.87038636,1,0.0,842.0,True,NA,NA
B_cell,Macrophage,ALOX5,ALOX5,ALOX5AP,ALOX5AP,0.8696357,0.8696357,0.8696357,1,0.0,844.0,True,NA,NA
T_cell,Mono_c14,LTB,LTB,LTBR,LTBR,0.8678492,0.8678492,0.8678492,1,0.0,847.0,True,NA,NA
B_cell,Mono_c14,LTB,LTB,LTBR,LTBR,0.86625534,0.86625534,0.86625534,1,0.0,848.0,True,NA,NA
Epithelial,Mono_c14,HBEGF,HBEGF,CD44,CD44,0.8654278,0.8654278,0.8654278,1,0.0,849.0,True,NA,NA
Mono_c14,Mono_c14,CCL8,CCL8,CCR1,CCR1,0.86416924,0.86416924,0.86416924,1,0.0,850.0,True,NA,NA
T_cell,Epithelial,MIF,MIF,EGFR,EGFR,0.8634112,0.8634112,0.8634112,1,0.0,851.0,True,NA,NA
DC,NK,ALOX5,ALOX5,ALOX5AP,ALOX5AP,0.86119485,0.86119485,0.86119485,1,0.0,854.0,True,NA,NA
Macrophage,Macrophage,CCL3,CCL3,CCR5,CCR5,0.8591485,0.8591485,0.8591485,1,0.0,855.0,True,NA,NA
T_cell,NK,CD48,CD48,CD244,CD244,0.85834455,0.85834455,0.85834455,1,0.0,857.0,True,NA,NA
DC,DC,LILRB4,LILRB4,LAIR1,LAIR1,0.85410017,0.85410017,0.85410017,1,0.0,858.0,True,NA,NA
NK,T_cell,LCK,LCK,CD8B,CD8A_CD8B,0.8535689,0.8535689,0.8535689,1,0.0,859.0,True,NA,NA
Epithelial,NK,CLEC2B,CLEC2B,KLRF1,KLRF1,0.8533248,0.8533248,0.8533248,1,0.0,861.5,True,NA,NA
NK,Epithelial,KLRF1,KLRF1,CLEC2B,CLEC2B,0.8533248,0.8533248,0.8533248,1,0.0,861.5,True,NA,NA
T_cell,NK,SELL,SELL,SELPLG,SELPLG,0.85071385,0.85071385,0.85071385,1,0.0,863.0,True,NA,NA
Macrophage,DC,HEBP1,HEBP1,FPR3,FPR3,0.85064435,0.85064435,0.85064435,1,0.0,864.0,True,NA,NA
Macrophage,Epithelial,LGALS9,LGALS9,LRP1,LRP1,0.84796417,0.84796417,0.84796417,1,0.0,865.0,True,NA,NA
Mono_c14,Mono_c14,CD99,CD99,PILRA,PILRA,0.84763694,0.84763694,0.84763694,1,0.0,866.0,True,NA,NA
NK,NK,ITGAL,ITGAL_ITGB2,ICAM3,ICAM3,0.84695625,0.84695625,0.84695625,1,0.0,867.0,True,NA,NA
T_cell,Macrophage,LGALS9,LGALS9,HAVCR2,HAVCR2,0.84626454,0.84626454,0.84626454,1,0.0,871.0,True,NA,NA
NK,Macrophage,LGALS9,LGALS9,HAVCR2,HAVCR2,0.8462027,0.8462027,0.8462027,1,0.0,872.0,True,NA,NA
Club,DC,SCGB3A1,SCGB3A1,MARCO,MARCO,0.84549016,0.84549016,0.84549016,1,0.0,873.0,True,NA,NA
B_cell,Macrophage,LGALS9,LGALS9,HAVCR2,HAVCR2,0.8450276,0.8450276,0.8450276,1,0.0,874.0,True,NA,NA
Epithelial,Macrophage,HEBP1,HEBP1,FPR3,FPR3,0.84356946,0.84356946,0.84356946,1,0.0,875.0,True,NA,NA
T_cell,Macrophage,SIRPG,SIRPG,CD47,CD47,0.8428339,0.8428339,0.8428339,1,0.0,876.0,True,NA,NA
T_cell,Mono_c14,HLA-F,HLA-F,LILRB2,LILRB2,0.8397702,0.8397702,0.8397702,1,0.0,878.0,True,NA,NA
Macrophage,B_cell,TNFSF13B,TNFSF13B,TNFRSF17,TNFRSF17,0.83946234,0.83946234,0.83946234,1,0.0,880.0,True,NA,NA
Macrophage,NK,LILRB4,LILRB4,LAIR1,LAIR1,0.8392623,0.8392623,0.8392623,1,0.0,881.0,True,NA,NA
Epithelial,Mono_c14,MDK,MDK,LRP1,LRP1,0.83898056,0.83898056,0.83898056,1,0.0,882.0,True,NA,NA
T_cell,Epithelial,LTB,LTB,LTBR,LTBR,0.8379028,0.8379028,0.8379028,1,0.0,883.0,True,NA,NA
Mono_c14,Macrophage,CCL18,CCL18,CCR1,CCR1,0.83715653,0.83715653,0.83715653,1,0.0,884.0,True,NA,NA
B_cell,Epithelial,LTB,LTB,LTBR,LTBR,0.83630896,0.83630896,0.83630896,1,0.0,885.0,True,NA,NA
DC,NK,CLEC2D,CLEC2D,KLRB1,KLRB1,0.8357187,0.8357187,0.8357187,1,0.0,887.0,True,NA,NA
DC,DC,LGALS9,LGALS9,LRP1,LRP1,0.8325748,0.8325748,0.8325748,1,0.0,888.0,True,NA,NA
NK,NK,HLA-F,HLA-F,KIR3DL2,KIR3DL2,0.8306054,0.8306054,0.8306054,1,0.0,889.0,True,NA,NA
DC,Epithelial,LGALS9,LGALS9,MET,MET,0.8285499,0.8285499,0.8285499,1,0.0,893.0,True,NA,NA
NK,NK,HLA-F,HLA-F,KIR3DL1,KIR3DL1,0.822951,0.822951,0.822951,1,0.0,899.0,True,NA,NA
Macrophage,DC,LGALS9,LGALS9,SLC1A5,SLC1A5,0.82106614,0.82106614,0.82106614,1,0.0,900.0,True,NA,NA
Mono_c14,T_cell,CD58,CD58,CD2,CD2,0.8164161,0.8164161,0.8164161,1,0.0,903.0,True,NA,NA
Epithelial,Epithelial,MIF,MIF,EGFR,EGFR,0.8147211,0.8147211,0.8147211,1,0.0,905.0,True,NA,NA
B_cell,B_cell,TNFSF13B,TNFSF13B,TNFRSF13C,TNFRSF13C,0.8145318,0.8145318,0.8145318,1,0.0,906.0,True,NA,NA
Macrophage,DC,CSF1,CSF1,CSF1R,CSF1R,0.8141828,0.8141828,0.8141828,1,0.0,907.0,True,NA,NA
B_cell,NK,CLEC2B,CLEC2B,KLRF1,KLRF1,0.8140157,0.8140157,0.8140157,1,0.0,908.5,True,NA,NA
NK,B_cell,KLRF1,KLRF1,CLEC2B,CLEC2B,0.8140157,0.8140157,0.8140157,1,0.0,908.5,True,NA,NA
DC,Mono_c14,ALOX5,ALOX5,ALOX5AP,ALOX5AP,0.8125702,0.8125702,0.8125702,1,0.0,910.0,True,NA,NA
Mono_c14,DC,CCL3L1,CCL3L1,CCR1,CCR1,0.8107867,0.8107867,0.8107867,1,0.0,911.0,True,NA,NA
NK,Macrophage,MIF,MIF,TNFRSF10D,TNFRSF10D,0.80840313,0.80840313,0.80840313,1,0.0,915.0,True,NA,NA
Macrophage,DC,MDK,MDK,SORL1,SORL1,0.8082378,0.8082378,0.8082378,1,0.0,916.0,True,NA,NA
Club,Epithelial,MIF,MIF,EGFR,EGFR,0.80529875,0.80529875,0.80529875,1,0.0,917.0,True,NA,NA
Macrophage,Macrophage,CCL7,CCL7,CCR1,CCR1,0.8050517,0.8050517,0.8050517,1,0.0,918.0,True,NA,NA
NK,Macrophage,HLA-F,HLA-F,LILRB2,LILRB2,0.8041228,0.8041228,0.8041228,1,0.0,919.0,True,NA,NA
NK,T_cell,ITGAL,ITGAL_ITGB2,ICAM3,ICAM3,0.8010118,0.8010118,0.8010118,1,0.0,921.0,True,NA,NA
Macrophage,NK,CD58,CD58,CD2,CD2,0.799557,0.799557,0.799557,1,0.0,923.0,True,NA,NA
Club,Epithelial,SCGB3A1,SCGB3A1,NOTCH3,NOTCH3,0.79818314,0.79818314,0.79818314,1,0.0,925.0,True,NA,NA
Mono_c14,Mono_c14,LGALS9,LGALS9,HAVCR2,HAVCR2,0.79804766,0.79804766,0.79804766,1,0.0,926.0,True,NA,NA
T_cell,B_cell,TNFSF13B,TNFSF13B,TNFRSF13B,TNFRSF13B,0.7969913,0.7969913,0.7969913,1,0.0,927.0,True,NA,NA
NK,NK,CD48,CD48,CD244,CD244,0.7969751,0.7969751,0.7969751,1,0.0,928.0,True,NA,NA
T_cell,Macrophage,MIF,MIF,TNFRSF10D,TNFRSF10D,0.79490507,0.79490507,0.79490507,1,0.0,929.0,True,NA,NA
NK,Macrophage,SPN,SPN,ICAM1,ICAM1,0.7915789,0.7915789,0.7915789,1,0.0,931.0,True,NA,NA
DC,Epithelial,MIF,MIF,EGFR,EGFR,0.7909944,0.7909944,0.7909944,1,0.0,932.0,True,NA,NA
T_cell,DC,HLA-F,HLA-F,LILRB2,LILRB2,0.7897491,0.7897491,0.7897491,1,0.0,933.0,True,NA,NA
DC,Mono_c14,CCL3,CCL3,CCR1,CCR1,0.7894615,0.7894615,0.7894615,1,0.0,934.0,True,NA,NA
Macrophage,Mono_c14,CCL8,CCL8,CCR1,CCR1,0.78779155,0.78779155,0.78779155,1,0.0,935.0,True,NA,NA
Mono_c14,T_cell,ALOX5,ALOX5,ALOX5AP,ALOX5AP,0.7872078,0.7872078,0.7872078,1,0.0,936.0,True,NA,NA
Macrophage,NK,HLA-F,HLA-F,KIR3DL2,KIR3DL2,0.78520465,0.78520465,0.78520465,1,0.0,937.0,True,NA,NA
DC,DC,NAMPT,NAMPT,P2RY6,P2RY6,0.78384054,0.78384054,0.78384054,1,0.0,939.0,True,NA,NA
Macrophage,DC,CCL3L1,CCL3L1,CCR1,CCR1,0.78083324,0.78083324,0.78083324,1,0.0,942.0,True,NA,NA
Macrophage,Mono_c14,MDK,MDK,SORL1,SORL1,0.7804264,0.7804264,0.7804264,1,0.0,943.0,True,NA,NA
NK,T_cell,CD58,CD58,CD2,CD2,0.77767926,0.77767926,0.77767926,1,0.0,945.0,True,NA,NA
Macrophage,NK,HLA-F,HLA-F,KIR3DL1,KIR3DL1,0.7775503,0.7775503,0.7775503,1,0.0,946.0,True,NA,NA
Macrophage,Epithelial,MDK,MDK,LRP1,LRP1,0.7770015,0.7770015,0.7770015,1,0.0,948.0,True,NA,NA
Mono_c14,DC,CCL8,CCL8,CCR1,CCR1,0.77242815,0.77242815,0.77242815,1,0.0,950.0,True,NA,NA
Club,Macrophage,CCL5,CCL5,CCR1,CCR1,0.77110803,0.77110803,0.77110803,1,0.015,951.0,True,NA,NA
DC,NK,SELL,SELL,SELPLG,SELPLG,0.7684494,0.7684494,0.7684494,1,0.0,954.0,True,NA,NA
T_cell,Macrophage,LGALS9,LGALS9,LRP1,LRP1,0.76820946,0.76820946,0.76820946,1,0.0,955.0,True,NA,NA
NK,Macrophage,LGALS9,LGALS9,LRP1,LRP1,0.7681476,0.7681476,0.7681476,1,0.0,957.0,True,NA,NA
NK,Club,KLRF1,KLRF1,CLEC2B,CLEC2B,0.7671244,0.7671244,0.7671244,1,0.0,958.5,True,NA,NA
Club,NK,CLEC2B,CLEC2B,KLRF1,KLRF1,0.7671244,0.7671244,0.7671244,1,0.0,958.5,True,NA,NA
B_cell,Macrophage,LGALS9,LGALS9,LRP1,LRP1,0.76697254,0.76697254,0.76697254,1,0.0,961.0,True,NA,NA
Macrophage,Macrophage,CCL23,CCL23,CCR1,CCR1,0.76486665,0.76486665,0.76486665,1,0.0,965.0,True,NA,NA
DC,Mono_c14,HLA-F,HLA-F,LILRB2,LILRB2,0.76348627,0.76348627,0.76348627,1,0.0,966.0,True,NA,NA
B_cell,Epithelial,MIF,MIF,EGFR,EGFR,0.7624268,0.7624268,0.7624268,1,0.0,967.0,True,NA,NA
DC,Epithelial,LGALS9,LGALS9,PTPRK,PTPRK,0.7619628,0.7619628,0.7619628,1,0.0,968.0,True,NA,NA
Macrophage,Epithelial,MDK,MDK,SORL1,SORL1,0.7618466,0.7618466,0.7618466,1,0.0,969.0,True,NA,NA
Macrophage,Macrophage,TNFSF10,TNFSF10,TNFRSF10B,TNFRSF10B,0.7617318,0.7617318,0.7617318,1,0.0,970.0,True,NA,NA
NK,NK,SELL,SELL,SELPLG,SELPLG,0.76095265,0.76095265,0.76095265,1,0.0,971.0,True,NA,NA
DC,Macrophage,LGALS9,LGALS9,COLEC12,COLEC12,0.76050764,0.76050764,0.76050764,1,0.0,972.0,True,NA,NA
Macrophage,Macrophage,HLA-F,HLA-F,LILRB2,LILRB2,0.75872207,0.75872207,0.75872207,1,0.005,974.0,True,NA,NA
Epithelial,Mono_c14,CCL5,CCL5,CCR1,CCR1,0.75406414,0.75406414,0.75406414,1,0.0,975.0,True,NA,NA
Macrophage,Macrophage,TNFSF13,TNFSF13,TNFRSF14,TNFRSF14,0.75385046,0.75385046,0.75385046,1,0.0,976.0,True,NA,NA
Macrophage,DC,CCL4,CCL4,CCR5,CCR5,0.7528614,0.7528614,0.7528614,1,0.0,977.0,True,NA,NA
T_cell,B_cell,TNFSF13B,TNFSF13B,TNFRSF17,TNFRSF17,0.7495837,0.7495837,0.7495837,1,0.02,982.0,True,NA,NA
NK,Macrophage,ITGAL,ITGAL_ITGB2,ICAM1,ICAM1,0.74939156,0.74939156,0.74939156,1,0.0,983.0,True,NA,NA
NK,Epithelial,ITGAL,ITGAL_ITGB2,F11R,F11R,0.74775493,0.74775493,0.74775493,1,0.0,984.0,True,NA,NA
DC,Epithelial,LGALS9,LGALS9,SLC1A5,SLC1A5,0.74772084,0.74772084,0.74772084,1,0.0,985.0,True,NA,NA
Mono_c14,DC,LGALS9,LGALS9,LRP1,LRP1,0.74727094,0.74727094,0.74727094,1,0.0,986.0,True,NA,NA
Macrophage,Epithelial,MDK,MDK,PTPRZ1,PTPRZ1,0.7467444,0.7467444,0.7467444,1,0.0,987.0,True,NA,NA
Epithelial,Macrophage,MIF,MIF,TNFRSF10D,TNFRSF10D,0.746215,0.746215,0.746215,1,0.0,988.0,True,NA,NA
Mono_c14,Macrophage,TNFSF10,TNFSF10,TNFRSF10B,TNFRSF10B,0.7443766,0.7443766,0.7443766,1,0.0,990.0,True,NA,NA
Mono_c14,Mono_c14,CCL7,CCL7,CCR1,CCR1,0.7440437,0.7440437,0.7440437,1,0.0,991.0,True,NA,NA
Epithelial,Macrophage,CCL3L1,CCL3L1,CCR1,CCR1,0.74383765,0.74383765,0.74383765,1,0.0,992.0,True,NA,NA
Mono_c14,Epithelial,LGALS9,LGALS9,MET,MET,0.7432461,0.7432461,0.7432461,1,0.0,994.0,True,NA,NA
NK,Mono_c14,CCL3,CCL3,CCR1,CCR1,0.7419882,0.7419882,0.7419882,1,0.0,995.0,True,NA,NA
Macrophage,DC,TNFSF10,TNFSF10,RIPK1,RIPK1,0.7402281,0.7402281,0.7402281,1,0.0,997.0,True,NA,NA
Mono_c14,DC,CCL3,CCL3,CCR5,CCR5,0.740178,0.740178,0.740178,1,0.0,998.0,True,NA,NA
Macrophage,DC,IL1RN,IL1RN,IL1RAP,IL1B_IL1R2_IL1RAP,0.73942673,0.73942673,0.73942673,1,0.0,999.0,True,NA,NA
Macrophage,Macrophage,COPA,COPA,SORT1,SORT1,0.7383791,0.7383791,0.7383791,1,0.0,1001.0,True,NA,NA
Club,Macrophage,MIF,MIF,TNFRSF10D,TNFRSF10D,0.7367926,0.7367926,0.7367926,1,0.04,1003.0,True,NA,NA
DC,Mono_c14,CCL8,CCL8,CCR1,CCR1,0.73536515,0.73536515,0.73536515,1,0.0,1006.0,True,NA,NA
Mono_c14,Mono_c14,HLA-F,HLA-F,LILRB2,LILRB2,0.734333,0.734333,0.734333,1,0.0,1008.0,True,NA,NA
DC,Macrophage,CCL18,CCL18,CCR1,CCR1,0.7341394,0.7341394,0.7341394,1,0.0,1009.0,True,NA,NA
DC,NK,CD58,CD58,CD2,CD2,0.7326691,0.7326691,0.7326691,1,0.0,1012.0,True,NA,NA
Epithelial,Macrophage,CCL3,CCL3,CCR1,CCR1,0.73176116,0.73176116,0.73176116,1,0.045,1015.0,True,NA,NA
DC,Macrophage,TNFSF10,TNFSF10,TNFRSF10B,TNFRSF10B,0.7304036,0.7304036,0.7304036,1,0.0,1016.0,True,NA,NA
B_cell,Macrophage,CCL5,CCL5,CCR1,CCR1,0.73025984,0.73025984,0.73025984,1,0.0,1017.0,True,NA,NA
B_cell,T_cell,SELL,SELL,SELPLG,SELPLG,0.73022723,0.73022723,0.73022723,1,0.0,1018.0,True,NA,NA
T_cell,T_cell,CD58,CD58,CD2,CD2,0.7288679,0.7288679,0.7288679,1,0.0,1019.0,True,NA,NA
Epithelial,NK,MDK,MDK,SORL1,SORL1,0.7288219,0.7288219,0.7288219,1,0.0,1020.0,True,NA,NA
DC,Club,LGALS9,LGALS9,MET,MET,0.72743976,0.72743976,0.72743976,1,0.0,1021.0,True,NA,NA
DC,Macrophage,LGALS9,LGALS9,SLC1A5,SLC1A5,0.7272513,0.7272513,0.7272513,1,0.0,1024.0,True,NA,NA
Mono_c14,Mono_c14,LILRB4,LILRB4,LAIR1,LAIR1,0.72607017,0.72607017,0.72607017,1,0.0,1027.0,True,NA,NA
Epithelial,Macrophage,SEMA3C,SEMA3C,NRP2,NRP2,0.7259931,0.7259931,0.7259931,1,0.0,1028.0,True,NA,NA
Epithelial,Macrophage,CCL8,CCL8,CCR1,CCR1,0.72580624,0.72580624,0.72580624,1,0.0,1029.0,True,NA,NA
DC,NK,LGALS9,LGALS9,HAVCR2,HAVCR2,0.72495794,0.72495794,0.72495794,1,0.0,1031.0,True,NA,NA
Macrophage,Epithelial,TNFSF10,TNFSF10,TNFRSF10B,TNFRSF10B,0.72423273,0.72423273,0.72423273,1,0.0,1032.0,True,NA,NA
Macrophage,DC,IL15RA,IL15RA,AXL,AXL,0.7242297,0.7242297,0.7242297,1,0.0,1033.0,True,NA,NA
Epithelial,T_cell,CD58,CD58,CD2,CD2,0.7236511,0.7236511,0.7236511,1,0.0,1035.0,True,NA,NA
NK,Macrophage,CCL3L1,CCL3L1,CCR1,CCR1,0.72351897,0.72351897,0.72351897,1,0.0,1036.0,True,NA,NA
Mono_c14,DC,TNFSF10,TNFSF10,RIPK1,RIPK1,0.7228729,0.7228729,0.7228729,1,0.0,1038.0,True,NA,NA
DC,Macrophage,MIF,MIF,TNFRSF10D,TNFRSF10D,0.7224883,0.7224883,0.7224883,1,0.005,1039.0,True,NA,NA
Mono_c14,NK,SELL,SELL,SELPLG,SELPLG,0.72246355,0.72246355,0.72246355,1,0.0,1040.0,True,NA,NA
Macrophage,Macrophage,TNFSF10,TNFSF10,RIPK1,RIPK1,0.72188807,0.72188807,0.72188807,1,0.0,1042.0,True,NA,NA
Macrophage,Macrophage,MDK,MDK,SORL1,SORL1,0.7186913,0.7186913,0.7186913,1,0.0,1045.0,True,NA,NA
Macrophage,B_cell,LILRB4,LILRB4,LAIR1,LAIR1,0.7186242,0.7186242,0.7186242,1,0.0,1046.0,True,NA,NA
B_cell,Macrophage,SELL,SELL,SELPLG,SELPLG,0.7174573,0.7174573,0.7174573,1,0.0,1049.0,True,NA,NA
Epithelial,Mono_c14,FAM3C,FAM3C,LAMP1,LAMP1,0.7170432,0.7170432,0.7170432,1,0.0,1050.0,True,NA,NA
DC,NK,TGFB1,TGFB1,TGFBR3,TGFBR3,0.716928,0.716928,0.716928,1,0.0,1051.0,True,NA,NA
DC,NK,LILRB4,LILRB4,LAIR1,LAIR1,0.7159342,0.7159342,0.7159342,1,0.0,1053.0,True,NA,NA
Epithelial,DC,LGALS9,LGALS9,HAVCR2,HAVCR2,0.7159234,0.7159234,0.7159234,1,0.0,1054.0,True,NA,NA
Mono_c14,Macrophage,MDK,MDK,LRP1,LRP1,0.71530294,0.71530294,0.71530294,1,0.0,1055.0,True,NA,NA
DC,Macrophage,CCL7,CCL7,CCR1,CCR1,0.714773,0.714773,0.714773,1,0.0,1056.0,True,NA,NA
Macrophage,Macrophage,ITGAX,ITGAX_ITGB2,ICAM1,ICAM1,0.714008,0.714008,0.714008,1,0.0,1057.0,True,NA,NA
Macrophage,Macrophage,TNFSF13,TNFSF13,TNFRSF1A,TNFRSF1A,0.7137424,0.7137424,0.7137424,1,0.0,1058.0,True,NA,NA
DC,DC,HLA-F,HLA-F,LILRB2,LILRB2,0.7134651,0.7134651,0.7134651,1,0.02,1059.0,True,NA,NA
NK,NK,TGFB1,TGFB1,TGFBR3,TGFBR3,0.7134367,0.7134367,0.7134367,1,0.0,1060.0,True,NA,NA
Macrophage,T_cell,LILRB4,LILRB4,LAIR1,LAIR1,0.7132293,0.7132293,0.7132293,1,0.0,1061.0,True,NA,NA
Epithelial,DC,MDK,MDK,LRP1,LRP1,0.7125211,0.7125211,0.7125211,1,0.0,1062.0,True,NA,NA
DC,Macrophage,CXCL9,CXCL9,FCGR2A,FCGR2A,0.7092038,0.7092038,0.7092038,1,0.0,1064.0,True,NA,NA
DC,DC,TNFSF10,TNFSF10,RIPK1,RIPK1,0.7088999,0.7088999,0.7088999,1,0.0,1065.0,True,NA,NA
DC,Macrophage,MDK,MDK,LRP1,LRP1,0.7083848,0.7083848,0.7083848,1,0.0,1066.0,True,NA,NA
NK,DC,SPN,SPN,ICAM1,ICAM1,0.70774627,0.70774627,0.70774627,1,0.0,1068.0,True,NA,NA
Macrophage,Macrophage,TGFB1,TGFB1,TGFBR1,TGFBR1_TGFBR2,0.70768946,0.70768946,0.70768946,1,0.0,1069.0,True,NA,NA
Mono_c14,NK,TGFB1,TGFB1,TGFBR3,TGFBR3,0.7071893,0.7071893,0.7071893,1,0.0,1070.0,True,NA,NA
Macrophage,DC,TGFB1,TGFB1,TGFBR1,TGFBR1_TGFBR2,0.70707196,0.70707196,0.70707196,1,0.0,1071.0,True,NA,NA
Mono_c14,Epithelial,TNFSF10,TNFSF10,TNFRSF10B,TNFRSF10B,0.7068775,0.7068775,0.7068775,1,0.0,1072.0,True,NA,NA
DC,Mono_c14,CCL3L1,CCL3L1,CCR1,CCR1,0.7052202,0.7052202,0.7052202,1,0.0,1073.0,True,NA,NA
Mono_c14,Macrophage,TNFSF10,TNFSF10,RIPK1,RIPK1,0.70453286,0.70453286,0.70453286,1,0.0,1074.0,True,NA,NA
DC,NK,CD48,CD48,CD244,CD244,0.7034279,0.7034279,0.7034279,1,0.0,1075.0,True,NA,NA
Epithelial,Epithelial,CD24,CD24,SELP,SELP,0.703082,0.703082,0.703082,1,0.0,1076.0,True,NA,NA
Mono_c14,DC,CCL2,CCL2,CCR2,CCR2,0.7019396,0.7019396,0.7019396,1,0.0,1077.0,True,NA,NA
Macrophage,NK,TNFSF10,TNFSF10,RIPK1,RIPK1,0.6998807,0.6998807,0.6998807,1,0.0,1080.0,True,NA,NA
DC,Macrophage,VEGFA,VEGFA,NRP2,NRP2,0.69968724,0.69968724,0.69968724,1,0.0,1081.0,True,NA,NA
Macrophage,Mono_c14,CSF1,CSF1,SIRPA,SIRPA,0.6994151,0.6994151,0.6994151,1,0.0,1082.0,True,NA,NA
NK,Mono_c14,SPN,SPN,ICAM1,ICAM1,0.6983217,0.6983217,0.6983217,1,0.0,1083.0,True,NA,NA
Macrophage,Macrophage,CXCL9,CXCL9,FCGR2A,FCGR2A,0.69806963,0.69806963,0.69806963,1,0.0,1085.0,True,NA,NA
Macrophage,DC,CCL8,CCL8,CCR1,CCR1,0.6960505,0.6960505,0.6960505,1,0.0,1090.0,True,NA,NA
B_cell,Macrophage,MIF,MIF,TNFRSF10D,TNFRSF10D,0.6939207,0.6939207,0.6939207,1,0.035,1091.0,True,NA,NA
Mono_c14,Epithelial,MIF,MIF,EGFR,EGFR,0.69294935,0.69294935,0.69294935,1,0.0,1092.0,True,NA,NA
DC,Epithelial,TNFSF10,TNFSF10,TNFRSF10B,TNFRSF10B,0.69290453,0.69290453,0.69290453,1,0.0,1093.0,True,NA,NA
DC,Macrophage,TNFSF13,TNFSF13,TNFRSF14,TNFRSF14,0.69163966,0.69163966,0.69163966,1,0.0,1096.0,True,NA,NA
DC,Macrophage,TNFSF10,TNFSF10,RIPK1,RIPK1,0.69055986,0.69055986,0.69055986,1,0.0,1098.0,True,NA,NA
Macrophage,Epithelial,TGFB1,TGFB1,EGFR,EGFR,0.68990785,0.68990785,0.68990785,1,0.0,1099.0,True,NA,NA
DC,Epithelial,LGALS9,LGALS9,LRP1,LRP1,0.68912035,0.68912035,0.68912035,1,0.005,1101.0,True,NA,NA
Macrophage,Macrophage,TNFSF10,TNFSF10,TNFRSF10A,TNFRSF10A,0.6883487,0.6883487,0.6883487,1,0.0,1102.0,True,NA,NA
Epithelial,T_cell,FAM3C,FAM3C,CLEC2D,CLEC2D,0.6880989,0.6880989,0.6880989,1,0.0,1103.0,True,NA,NA
T_cell,T_cell,SELL,SELL,SELPLG,SELPLG,0.68717575,0.68717575,0.68717575,1,0.0,1104.0,True,NA,NA
Macrophage,T_cell,TNFSF10,TNFSF10,RIPK1,RIPK1,0.6871053,0.6871053,0.6871053,1,0.0,1105.0,True,NA,NA
Epithelial,Mono_c14,HLA-F,HLA-F,LILRB2,LILRB2,0.6869818,0.6869818,0.6869818,1,0.025,1106.0,True,NA,NA
Macrophage,DC,TNFSF10,TNFSF10,TNFRSF10B,TNFRSF10B,0.6866383,0.6866383,0.6866383,1,0.0,1107.0,True,NA,NA
Mono_c14,DC,LILRB4,LILRB4,LAIR1,LAIR1,0.68624234,0.68624234,0.68624234,1,0.0,1108.0,True,NA,NA
Macrophage,Epithelial,TNFSF10,TNFSF10,RIPK1,RIPK1,0.68512785,0.68512785,0.68512785,1,0.0,1110.0,True,NA,NA
Macrophage,Macrophage,SPN,SPN,ICAM1,ICAM1,0.68509054,0.68509054,0.68509054,1,0.0,1111.0,True,NA,NA
Mono_c14,DC,HLA-F,HLA-F,LILRB2,LILRB2,0.68431187,0.68431187,0.68431187,1,0.02,1112.0,True,NA,NA
Mono_c14,NK,TNFSF10,TNFSF10,RIPK1,RIPK1,0.6825255,0.6825255,0.6825255,1,0.0,1113.0,True,NA,NA
Macrophage,DC,CSF1,CSF1,SIRPA,SIRPA,0.68023026,0.68023026,0.68023026,1,0.0,1115.0,True,NA,NA
DC,Macrophage,ITGAX,ITGAX_ITGB2,ICAM1,ICAM1,0.67992294,0.67992294,0.67992294,1,0.0,1116.0,True,NA,NA
Macrophage,Mono_c14,TNFSF10,TNFSF10,TNFRSF10B,TNFRSF10B,0.6794212,0.6794212,0.6794212,1,0.0,1117.0,True,NA,NA
Mono_c14,T_cell,FN1,FN1,ITGB1,ITGA4_ITGB1,0.6793932,0.6793932,0.6793932,1,0.0,1118.0,True,NA,NA
Macrophage,T_cell,TGFB1,TGFB1,TGFBR3,TGFBR3,0.67884886,0.67884886,0.67884886,1,0.0,1119.0,True,NA,NA
T_cell,NK,SIRPG,SIRPG,CD47,CD47,0.67843914,0.67843914,0.67843914,1,0.0,1120.0,True,NA,NA
Mono_c14,Epithelial,LGALS9,LGALS9,PTPRK,PTPRK,0.67665887,0.67665887,0.67665887,1,0.0,1122.0,True,NA,NA
Mono_c14,Macrophage,LGALS9,LGALS9,COLEC12,COLEC12,0.6752038,0.6752038,0.6752038,1,0.0,1123.0,True,NA,NA
T_cell,Macrophage,SELL,SELL,SELPLG,SELPLG,0.6744057,0.6744057,0.6744057,1,0.0,1124.0,True,NA,NA
B_cell,Macrophage,FCER2,FCER2,ITGAX,ITGAX_ITGB2,0.6729675,0.6729675,0.6729675,1,0.0,1128.0,True,NA,NA
Macrophage,NK,TGFB1,TGFB1,TGFBR1,TGFBR1_TGFBR2,0.67264646,0.67264646,0.67264646,1,0.0,1129.0,True,NA,NA
Mono_c14,Macrophage,TNFSF10,TNFSF10,TNFRSF10A,TNFRSF10A,0.6709935,0.6709935,0.6709935,1,0.0,1130.0,True,NA,NA
Epithelial,Macrophage,VEGFA,VEGFA,NRP2,NRP2,0.66998875,0.66998875,0.66998875,1,0.0,1131.0,True,NA,NA
Mono_c14,T_cell,TNFSF10,TNFSF10,RIPK1,RIPK1,0.6697501,0.6697501,0.6697501,1,0.0,1132.0,True,NA,NA
Mono_c14,DC,TNFSF10,TNFSF10,TNFRSF10B,TNFRSF10B,0.6692831,0.6692831,0.6692831,1,0.0,1133.0,True,NA,NA
DC,NK,TNFSF10,TNFSF10,RIPK1,RIPK1,0.6685525,0.6685525,0.6685525,1,0.0,1134.0,True,NA,NA
Mono_c14,Macrophage,FN1,FN1,ITGA5,ITGA5_ITGB1,0.6677763,0.6677763,0.6677763,1,0.0,1135.0,True,NA,NA
Mono_c14,Epithelial,TNFSF10,TNFSF10,RIPK1,RIPK1,0.66777265,0.66777265,0.66777265,1,0.0,1136.0,True,NA,NA
NK,DC,ITGAL,ITGAL_ITGB2,ICAM1,ICAM1,0.66555893,0.66555893,0.66555893,1,0.0,1138.0,True,NA,NA
Macrophage,Macrophage,TNFSF10,TNFSF10,TNFRSF10D,TNFRSF10D,0.6651097,0.6651097,0.6651097,1,0.0,1139.0,True,NA,NA
Epithelial,T_cell,MDK,MDK,SORL1,SORL1,0.66245157,0.66245157,0.66245157,1,0.0,1143.0,True,NA,NA
Mono_c14,Epithelial,LGALS9,LGALS9,SLC1A5,SLC1A5,0.662417,0.662417,0.662417,1,0.0,1144.0,True,NA,NA
DC,DC,LGALS9,LGALS9,SLC1A5,SLC1A5,0.6622223,0.6622223,0.6622223,1,0.0,1146.0,True,NA,NA
T_cell,T_cell,CLEC2D,CLEC2D,KLRB1,KLRB1,0.6621784,0.6621784,0.6621784,1,0.0,1147.0,True,NA,NA
Mono_c14,Mono_c14,TNFSF10,TNFSF10,TNFRSF10B,TNFRSF10B,0.662066,0.662066,0.662066,1,0.0,1148.0,True,NA,NA
NK,B_cell,ITGAL,ITGAL_ITGB2,ICAM3,ICAM3,0.6604966,0.6604966,0.6604966,1,0.0,1150.0,True,NA,NA
T_cell,NK,ITGAL,ITGAL_ITGB2,ICAM3,ICAM3,0.6603592,0.6603592,0.6603592,1,0.0,1151.0,True,NA,NA
Mono_c14,NK,CD58,CD58,CD2,CD2,0.6588789,0.6588789,0.6588789,1,0.0,1153.0,True,NA,NA
DC,Macrophage,TNFSF10,TNFSF10,TNFRSF10A,TNFRSF10A,0.6570205,0.6570205,0.6570205,1,0.0,1155.0,True,NA,NA
Macrophage,Mono_c14,FAM3C,FAM3C,LAMP1,LAMP1,0.65693295,0.65693295,0.65693295,1,0.0,1156.0,True,NA,NA
NK,Mono_c14,ITGAL,ITGAL_ITGB2,ICAM1,ICAM1,0.65613437,0.65613437,0.65613437,1,0.0,1158.0,True,NA,NA
B_cell,Mono_c14,HLA-F,HLA-F,LILRB2,LILRB2,0.6560649,0.6560649,0.6560649,1,0.045,1159.0,True,NA,NA
Macrophage,Macrophage,CCL4,CCL4,CCR5,CCR5,0.65586656,0.65586656,0.65586656,1,0.0,1160.0,True,NA,NA
DC,T_cell,TNFSF10,TNFSF10,RIPK1,RIPK1,0.6557771,0.6557771,0.6557771,1,0.0,1161.0,True,NA,NA
DC,DC,TNFSF10,TNFSF10,TNFRSF10B,TNFRSF10B,0.6553101,0.6553101,0.6553101,1,0.0,1162.0,True,NA,NA
Epithelial,Macrophage,C3,C3,C3AR1,C3AR1,0.65493846,0.65493846,0.65493846,1,0.0,1163.0,True,NA,NA
DC,Epithelial,TNFSF10,TNFSF10,RIPK1,RIPK1,0.65379965,0.65379965,0.65379965,1,0.0,1165.0,True,NA,NA
Macrophage,Epithelial,CCL4,CCL4,SLC7A1,SLC7A1,0.653073,0.653073,0.653073,1,0.0,1166.0,True,NA,NA
Mono_c14,DC,CCL7,CCL7,CCR1,CCR1,0.6523027,0.6523027,0.6523027,1,0.0,1167.0,True,NA,NA
DC,Macrophage,TNFSF13,TNFSF13,TNFRSF1A,TNFRSF1A,0.65153164,0.65153164,0.65153164,1,0.0,1168.0,True,NA,NA
T_cell,NK,HLA-F,HLA-F,KIR3DL2,KIR3DL2,0.6511167,0.6511167,0.6511167,1,0.0,1169.0,True,NA,NA
DC,DC,GAS6,GAS6,AXL,AXL,0.6499254,0.6499254,0.6499254,1,0.0,1173.0,True,NA,NA
Mono_c14,Macrophage,CSF1,CSF1,SIRPA,SIRPA,0.64940673,0.64940673,0.64940673,1,0.0,1174.0,True,NA,NA
Macrophage,Macrophage,IL15RA,IL15RA,AXL,AXL,0.64938945,0.64938945,0.64938945,1,0.0,1175.0,True,NA,NA
Mono_c14,Macrophage,SEMA3C,SEMA3C,NRP2,NRP2,0.64842856,0.64842856,0.64842856,1,0.0,1177.0,True,NA,NA
DC,DC,HEBP1,HEBP1,FPR3,FPR3,0.6482646,0.6482646,0.6482646,1,0.0,1178.0,True,NA,NA
DC,Mono_c14,TNFSF10,TNFSF10,TNFRSF10B,TNFRSF10B,0.648093,0.648093,0.648093,1,0.0,1179.0,True,NA,NA
Mono_c14,Macrophage,ITGAX,ITGAX_ITGB2,ICAM1,ICAM1,0.6477858,0.6477858,0.6477858,1,0.0,1180.0,True,NA,NA
Mono_c14,Macrophage,TNFSF10,TNFSF10,TNFRSF10D,TNFRSF10D,0.6477545,0.6477545,0.6477545,1,0.0,1181.0,True,NA,NA
DC,Macrophage,SEMA3C,SEMA3C,NRP2,NRP2,0.6468975,0.6468975,0.6468975,1,0.0,1182.0,True,NA,NA
Epithelial,DC,FAM3C,FAM3C,LAMP1,LAMP1,0.6462856,0.6462856,0.6462856,1,0.0,1183.0,True,NA,NA
Club,Mono_c14,MDK,MDK,LRP1,LRP1,0.6443713,0.6443713,0.6443713,1,0.0,1187.0,True,NA,NA
Macrophage,DC,TNFSF13,TNFSF13,TNFRSF14,TNFRSF14,0.6440954,0.6440954,0.6440954,1,0.0,1188.0,True,NA,NA
Mono_c14,T_cell,CXCL10,CXCL10,CXCR3,CXCR3,0.6440555,0.6440555,0.6440555,1,0.0,1189.0,True,NA,NA
DC,DC,CCL8,CCL8,CCR1,CCR1,0.6436242,0.6436242,0.6436242,1,0.03,1190.0,True,NA,NA
T_cell,NK,HLA-F,HLA-F,KIR3DL1,KIR3DL1,0.64346236,0.64346236,0.64346236,1,0.0,1191.0,True,NA,NA
Mono_c14,Macrophage,CCL3,CCL3,CCR5,CCR5,0.64318323,0.64318323,0.64318323,1,0.0,1192.0,True,NA,NA
Macrophage,Macrophage,TGFB1,TGFB1,ACVR1,ACVR1_TGFBR2,0.6430582,0.6430582,0.6430582,1,0.0,1193.0,True,NA,NA
Mono_c14,DC,IL1RN,IL1RN,IL1RAP,IL1B_IL1R2_IL1RAP,0.64230585,0.64230585,0.64230585,1,0.0,1194.0,True,NA,NA
Mono_c14,Club,LGALS9,LGALS9,MET,MET,0.6421359,0.6421359,0.6421359,1,0.0,1195.0,True,NA,NA
Mono_c14,Macrophage,LGALS9,LGALS9,SLC1A5,SLC1A5,0.64194745,0.64194745,0.64194745,1,0.0,1196.0,True,NA,NA
DC,Macrophage,COPA,COPA,SORT1,SORT1,0.6410984,0.6410984,0.6410984,1,0.0,1197.0,True,NA,NA
Mono_c14,DC,HEBP1,HEBP1,FPR3,FPR3,0.6409642,0.6409642,0.6409642,1,0.0,1198.0,True,NA,NA
Mono_c14,DC,FN1,FN1,ITGA4,ITGA4_ITGB1,0.6398369,0.6398369,0.6398369,1,0.0,1199.0,True,NA,NA
Mono_c14,NK,LGALS9,LGALS9,HAVCR2,HAVCR2,0.6396541,0.6396541,0.6396541,1,0.0,1200.0,True,NA,NA
Mono_c14,Mono_c14,CCL18,CCL18,CCR1,CCR1,0.6393285,0.6393285,0.6393285,1,0.0,1201.0,True,NA,NA
B_cell,DC,FCER2,FCER2,ITGAX,ITGAX_ITGB2,0.63888246,0.63888246,0.63888246,1,0.0,1202.0,True,NA,NA
Macrophage,B_cell,CCL4,CCL4,CNR2,CNR2,0.6387338,0.6387338,0.6387338,1,0.0,1203.0,True,NA,NA
Epithelial,Macrophage,SEMA3F,SEMA3F,NRP2,NRP2,0.63707477,0.63707477,0.63707477,1,0.0,1205.0,True,NA,NA
Mono_c14,NK,FN1,FN1,ITGA4,ITGA4_ITGB1,0.6367197,0.6367197,0.6367197,1,0.0,1207.5,True,NA,NA
Mono_c14,NK,FN1,FN1,ITGA4,ITGA4_ITGB7,0.6367197,0.6367197,0.6367197,1,0.0,1207.5,True,NA,NA
DC,Mono_c14,CXCL9,CXCL9,FCGR2A,FCGR2A,0.6362759,0.6362759,0.6362759,1,0.0,1209.0,True,NA,NA
DC,Macrophage,TNFSF10,TNFSF10,TNFRSF10D,TNFRSF10D,0.6337815,0.6337815,0.6337815,1,0.0,1210.0,True,NA,NA
Macrophage,DC,TNFSF13,TNFSF13,TNFRSF1A,TNFRSF1A,0.6336203,0.6336203,0.6336203,1,0.0,1211.0,True,NA,NA
Mono_c14,T_cell,SPP1,SPP1,ITGB1,ITGA4_ITGB1,0.63342464,0.63342464,0.63342464,1,0.0,1212.0,True,NA,NA
DC,T_cell,CXCL10,CXCL10,CXCR3,CXCR3,0.6322312,0.6322312,0.6322312,1,0.0,1215.0,True,NA,NA
Macrophage,Macrophage,CCL4,CCL4,SLC7A1,SLC7A1,0.63168526,0.63168526,0.63168526,1,0.0,1216.0,True,NA,NA
NK,Epithelial,SEMA4D,SEMA4D,PLXNB2,PLXNB2,0.63035655,0.63035655,0.63035655,1,0.0,1217.0,True,NA,NA
Macrophage,DC,ITGAX,ITGAX_ITGB2,ICAM1,ICAM1,0.6301754,0.6301754,0.6301754,1,0.0,1219.0,True,NA,NA
Macrophage,Epithelial,TGFB1,TGFB1,ACVR1,ACVR1_TGFBR2,0.63011897,0.63011897,0.63011897,1,0.0,1220.0,True,NA,NA
Macrophage,T_cell,FAM3C,FAM3C,CLEC2D,CLEC2D,0.62798864,0.62798864,0.62798864,1,0.0,1221.0,True,NA,NA
Club,DC,CXCL17,CXCL17,GPR35,GPR35,0.6264248,0.6264248,0.6264248,1,0.0,1222.0,True,NA,NA
T_cell,DC,SIRPG,SIRPG,CD47,CD47,0.62534606,0.62534606,0.62534606,1,0.0,1223.0,True,NA,NA
Macrophage,NK,BAG6,BAG6,NCR3,NCR3,0.6253339,0.6253339,0.6253339,1,0.0,1224.0,True,NA,NA
Macrophage,Mono_c14,CXCL9,CXCL9,FCGR2A,FCGR2A,0.62514174,0.62514174,0.62514174,1,0.0,1225.0,True,NA,NA
Macrophage,Mono_c14,HEBP1,HEBP1,FPR3,FPR3,0.6244406,0.6244406,0.6244406,1,0.0,1228.0,True,NA,NA
Epithelial,DC,SCGB3A1,SCGB3A1,MARCO,MARCO,0.62440664,0.62440664,0.62440664,1,0.0,1229.0,True,NA,NA
Macrophage,Macrophage,VEGFA,VEGFA,NRP2,NRP2,0.6235251,0.6235251,0.6235251,1,0.0,1230.0,True,NA,NA
T_cell,DC,CD28,CD28,CD86,CD86,0.6230463,0.6230463,0.6230463,1,0.0,1231.0,True,NA,NA
B_cell,NK,CD48,CD48,CD244,CD244,0.6228574,0.6228574,0.6228574,1,0.0,1232.0,True,NA,NA
Mono_c14,DC,CCL8,CCL8,CCR5,CCR5,0.6220266,0.6220266,0.6220266,1,0.0,1234.0,True,NA,NA
Macrophage,Mono_c14,ITGAX,ITGAX_ITGB2,ICAM1,ICAM1,0.6207509,0.6207509,0.6207509,1,0.0,1235.0,True,NA,NA
NK,NK,CD58,CD58,CD2,CD2,0.6201421,0.6201421,0.6201421,1,0.0,1236.0,True,NA,NA
B_cell,Mono_c14,SELL,SELL,SELPLG,SELPLG,0.61870646,0.61870646,0.61870646,1,0.0,1237.0,True,NA,NA
Macrophage,Mono_c14,CSF1,CSF1,CSF1R,CSF1R,0.6155149,0.6155149,0.6155149,1,0.0,1239.0,True,NA,NA
T_cell,T_cell,ITGAL,ITGAL_ITGB2,ICAM3,ICAM3,0.6144147,0.6144147,0.6144147,1,0.0,1240.0,True,NA,NA
Epithelial,B_cell,FAM3C,FAM3C,CLEC2D,CLEC2D,0.6133924,0.6133924,0.6133924,1,0.0,1242.0,True,NA,NA
B_cell,Mono_c14,FAM3C,FAM3C,LAMP1,LAMP1,0.6127165,0.6127165,0.6127165,1,0.0,1247.0,True,NA,NA
NK,DC,ITGAL,ITGAL_ITGB2,ICAM3,ICAM3,0.61109674,0.61109674,0.61109674,1,0.0,1250.0,True,NA,NA
NK,Macrophage,ITGAL,ITGAL_ITGB2,F11R,F11R,0.61043936,0.61043936,0.61043936,1,0.0,1252.0,True,NA,NA
Mono_c14,NK,CD48,CD48,CD244,CD244,0.6096381,0.6096381,0.6096381,1,0.0,1253.0,True,NA,NA
Macrophage,NK,TNFSF13,TNFSF13,TNFRSF14,TNFRSF14,0.60755455,0.60755455,0.60755455,1,0.0,1255.0,True,NA,NA
Epithelial,Macrophage,COPA,COPA,SORT1,SORT1,0.60741717,0.60741717,0.60741717,1,0.0,1256.0,True,NA,NA
Macrophage,Mono_c14,CCL7,CCL7,CCR1,CCR1,0.60722363,0.60722363,0.60722363,1,0.0,1257.0,True,NA,NA
Club,Epithelial,CEACAM6,CEACAM6,CEACAM5,CEACAM5,0.60692155,0.60692155,0.60692155,1,0.0,1259.0,True,NA,NA
B_cell,Mono_c14,FCER2,FCER2,ITGAX,ITGAX_ITGB2,0.60674524,0.60674524,0.60674524,1,0.0,1260.0,True,NA,NA
Epithelial,NK,SELP,SELP,SELPLG,SELPLG,0.60579103,0.60579103,0.60579103,1,0.0,1262.0,True,NA,NA
DC,T_cell,SELL,SELL,SELPLG,SELPLG,0.6049113,0.6049113,0.6049113,1,0.0,1263.0,True,NA,NA
Epithelial,NK,PPBP,PPBP,CXCR2,CXCR2,0.6048925,0.6048925,0.6048925,1,0.0,1264.0,True,NA,NA
Epithelial,Epithelial,CDH1,CDH1,ITGA2,ITGA2_ITGB1,0.60253066,0.60253066,0.60253066,1,0.0,1268.0,True,NA,NA
Macrophage,DC,SPN,SPN,ICAM1,ICAM1,0.6012579,0.6012579,0.6012579,1,0.0,1269.0,True,NA,NA
T_cell,Mono_c14,SIRPG,SIRPG,CD47,CD47,0.6010132,0.6010132,0.6010132,1,0.0,1272.0,True,NA,NA
B_cell,DC,SELL,SELL,SELPLG,SELPLG,0.6004597,0.6004597,0.6004597,1,0.0,1274.0,True,NA,NA
Epithelial,DC,MDK,MDK,SORL1,SORL1,0.600303,0.600303,0.600303,1,0.0,1275.0,True,NA,NA
Mono_c14,T_cell,CXCL10,CXCL10,DPP4,DPP4,0.59786725,0.59786725,0.59786725,1,0.0,1277.0,True,NA,NA
NK,T_cell,SELL,SELL,SELPLG,SELPLG,0.5974145,0.5974145,0.5974145,1,0.0,1278.0,True,NA,NA
DC,DC,ITGAX,ITGAX_ITGB2,ICAM1,ICAM1,0.5960904,0.5960904,0.5960904,1,0.0,1279.0,True,NA,NA
Mono_c14,Macrophage,TNFSF13,TNFSF13,TNFRSF14,TNFRSF14,0.5956994,0.5956994,0.5956994,1,0.0,1280.0,True,NA,NA
Epithelial,Epithelial,FAM3C,FAM3C,LAMP1,LAMP1,0.5953406,0.5953406,0.5953406,1,0.0,1281.0,True,NA,NA
DC,B_cell,LILRB4,LILRB4,LAIR1,LAIR1,0.5952961,0.5952961,0.5952961,1,0.0,1282.0,True,NA,NA
Macrophage,NK,ITGAL,ITGAL_ITGB2,ICAM3,ICAM3,0.59476894,0.59476894,0.59476894,1,0.0,1284.0,True,NA,NA
Mono_c14,DC,SPP1,SPP1,ITGA4,ITGA4_ITGB1,0.5938683,0.5938683,0.5938683,1,0.0,1285.0,True,NA,NA
T_cell,Epithelial,SEMA4D,SEMA4D,PLXNB2,PLXNB2,0.59284025,0.59284025,0.59284025,1,0.0,1286.0,True,NA,NA
Club,Club,CEACAM6,CEACAM6,CEACAM5,CEACAM5,0.59218293,0.59218293,0.59218293,1,0.0,1288.0,True,NA,NA
DC,Macrophage,SELL,SELL,SELPLG,SELPLG,0.59214133,0.59214133,0.59214133,1,0.02,1289.0,True,NA,NA
Epithelial,Epithelial,CEACAM6,CEACAM6,CEACAM5,CEACAM5,0.5920087,0.5920087,0.5920087,1,0.0,1290.0,True,NA,NA
Macrophage,Mono_c14,SPN,SPN,ICAM1,ICAM1,0.59183335,0.59183335,0.59183335,1,0.0,1291.0,True,NA,NA
Macrophage,DC,CCL2,CCL2,CCR2,CCR2,0.5909469,0.5909469,0.5909469,1,0.005,1293.0,True,NA,NA
Mono_c14,Macrophage,COPA,COPA,SORT1,SORT1,0.5908402,0.5908402,0.5908402,1,0.0,1294.0,True,NA,NA
Mono_c14,NK,SPP1,SPP1,ITGA4,ITGA4_ITGB1,0.5907512,0.5907512,0.5907512,1,0.0,1295.0,True,NA,NA
DC,T_cell,LILRB4,LILRB4,LAIR1,LAIR1,0.5899012,0.5899012,0.5899012,1,0.0,1296.0,True,NA,NA
B_cell,T_cell,CLEC2D,CLEC2D,KLRB1,KLRB1,0.5874719,0.5874719,0.5874719,1,0.0,1297.0,True,NA,NA
B_cell,Macrophage,COPA,COPA,SORT1,SORT1,0.58726287,0.58726287,0.58726287,1,0.0,1298.0,True,NA,NA
DC,Mono_c14,ITGAX,ITGAX_ITGB2,ICAM1,ICAM1,0.58666587,0.58666587,0.58666587,1,0.0,1299.0,True,NA,NA
Mono_c14,DC,CCL4,CCL4,CCR5,CCR5,0.5862007,0.5862007,0.5862007,1,0.0,1300.0,True,NA,NA
Macrophage,DC,FAM3C,FAM3C,LAMP1,LAMP1,0.5861753,0.5861753,0.5861753,1,0.0,1301.0,True,NA,NA
DC,T_cell,CXCL10,CXCL10,DPP4,DPP4,0.58604294,0.58604294,0.58604294,1,0.0,1302.0,True,NA,NA
NK,Macrophage,SELL,SELL,SELPLG,SELPLG,0.58464456,0.58464456,0.58464456,1,0.01,1304.0,True,NA,NA
B_cell,T_cell,FAM3C,FAM3C,CLEC2D,CLEC2D,0.5837722,0.5837722,0.5837722,1,0.0,1305.0,True,NA,NA
Mono_c14,Macrophage,SPP1,SPP1,PTGER4,PTGER4,0.58348215,0.58348215,0.58348215,1,0.0,1306.0,True,NA,NA
Epithelial,DC,CXCL17,CXCL17,GPR35,GPR35,0.5823194,0.5823194,0.5823194,1,0.0,1307.0,True,NA,NA
Epithelial,Macrophage,TNFSF10,TNFSF10,TNFRSF10B,TNFRSF10B,0.5823014,0.5823014,0.5823014,1,0.015,1308.0,True,NA,NA
DC,DC,TNFSF13,TNFSF13,TNFRSF14,TNFRSF14,0.5818847,0.5818847,0.5818847,1,0.0,1309.0,True,NA,NA
Mono_c14,T_cell,FN1,FN1,ITGB7,ITGA4_ITGB7,0.5816823,0.5816823,0.5816823,1,0.0,1310.0,True,NA,NA
T_cell,Macrophage,SPN,SPN,ICAM1,ICAM1,0.58029413,0.58029413,0.58029413,1,0.0,1311.0,True,NA,NA
Macrophage,NK,IL15RA,IL15RA,AXL,AXL,0.5792637,0.5792637,0.5792637,1,0.0,1314.0,True,NA,NA
Epithelial,NK,CX3CL1,CX3CL1,CX3CR1,CX3CR1,0.57795805,0.57795805,0.57795805,1,0.0,1316.0,True,NA,NA
Macrophage,T_cell,TNFSF13,TNFSF13,TNFRSF14,TNFRSF14,0.5776634,0.5776634,0.5776634,1,0.0,1317.0,True,NA,NA
Macrophage,Mono_c14,TNFSF13,TNFSF13,TNFRSF1A,TNFRSF1A,0.5776593,0.5776593,0.5776593,1,0.0,1318.0,True,NA,NA
Epithelial,Club,CEACAM6,CEACAM6,CEACAM5,CEACAM5,0.5772701,0.5772701,0.5772701,1,0.0,1319.0,True,NA,NA
Epithelial,Epithelial,SCGB3A1,SCGB3A1,NOTCH3,NOTCH3,0.5770996,0.5770996,0.5770996,1,0.0,1320.0,True,NA,NA
Mono_c14,DC,LGALS9,LGALS9,SLC1A5,SLC1A5,0.5769185,0.5769185,0.5769185,1,0.0,1321.0,True,NA,NA
Macrophage,Mono_c14,IL15RA,IL15RA,AXL,AXL,0.5758208,0.5758208,0.5758208,1,0.0,1322.0,True,NA,NA
T_cell,Mono_c14,SELL,SELL,SELPLG,SELPLG,0.5756549,0.5756549,0.5756549,1,0.0,1323.0,True,NA,NA
DC,Macrophage,GAS6,GAS6,AXL,AXL,0.57508516,0.57508516,0.57508516,1,0.0,1325.0,True,NA,NA
DC,NK,HLA-F,HLA-F,KIR3DL2,KIR3DL2,0.5748328,0.5748328,0.5748328,1,0.0,1327.0,True,NA,NA
NK,Macrophage,ITGAM,ITGAM_ITGB2,ICAM1,ICAM1,0.57366025,0.57366025,0.57366025,1,0.0,1328.0,True,NA,NA
Epithelial,Mono_c14,MDK,MDK,SORL1,SORL1,0.5724916,0.5724916,0.5724916,1,0.0,1330.0,True,NA,NA
DC,DC,TNFSF13,TNFSF13,TNFRSF1A,TNFRSF1A,0.5714095,0.5714095,0.5714095,1,0.0,1332.0,True,NA,NA
T_cell,NK,CD58,CD58,CD2,CD2,0.5713307,0.5713307,0.5713307,1,0.0,1333.0,True,NA,NA
Epithelial,NK,FAM3C,FAM3C,LAMP1,LAMP1,0.57037246,0.57037246,0.57037246,1,0.0,1334.0,True,NA,NA
Epithelial,Epithelial,MDK,MDK,LRP1,LRP1,0.56906664,0.56906664,0.56906664,1,0.0,1336.0,True,NA,NA
DC,DC,IL15RA,IL15RA,AXL,AXL,0.56824803,0.56824803,0.56824803,1,0.0,1338.0,True,NA,NA
DC,NK,HLA-F,HLA-F,KIR3DL1,KIR3DL1,0.56717837,0.56717837,0.56717837,1,0.0,1340.0,True,NA,NA
Macrophage,Mono_c14,CCL23,CCL23,CCR1,CCR1,0.5670386,0.5670386,0.5670386,1,0.0,1341.0,True,NA,NA
Epithelial,NK,CD58,CD58,CD2,CD2,0.56611395,0.56611395,0.56611395,1,0.0,1342.0,True,NA,NA
Macrophage,Macrophage,CSF1,CSF1,CSF1R,CSF1R,0.5650941,0.5650941,0.5650941,1,0.0,1345.0,True,NA,NA
DC,Macrophage,C3,C3,C3AR1,C3AR1,0.56460655,0.56460655,0.56460655,1,0.0,1347.0,True,NA,NA
T_cell,T_cell,SIRPG,SIRPG,CD47,CD47,0.56427157,0.56427157,0.56427157,1,0.0,1348.0,True,NA,NA
DC,Macrophage,AREG,AREG,ICAM1,ICAM1,0.5641148,0.5641148,0.5641148,1,0.0,1349.0,True,NA,NA
T_cell,NK,TGFB1,TGFB1,TGFBR3,TGFBR3,0.56400716,0.56400716,0.56400716,1,0.0,1350.0,True,NA,NA
Mono_c14,DC,ITGAX,ITGAX_ITGB2,ICAM1,ICAM1,0.5639532,0.5639532,0.5639532,1,0.0,1351.0,True,NA,NA
NK,Mono_c14,ITGAL,ITGAL_ITGB2,ICAM3,ICAM3,0.56339306,0.56339306,0.56339306,1,0.0,1353.0,True,NA,NA
T_cell,Macrophage,ITGAL,ITGAL_ITGB2,ICAM1,ICAM1,0.56279445,0.56279445,0.56279445,1,0.0,1354.0,True,NA,NA
Macrophage,Mono_c14,TNFSF13,TNFSF13,TNFRSF14,TNFRSF14,0.5624418,0.5624418,0.5624418,1,0.0,1355.0,True,NA,NA
Epithelial,Mono_c14,APP,APP,FPR2,FPR2,0.5617113,0.5617113,0.5617113,1,0.0,1358.0,True,NA,NA
T_cell,Epithelial,ITGAL,ITGAL_ITGB2,F11R,F11R,0.56115794,0.56115794,0.56115794,1,0.0,1360.0,True,NA,NA
DC,DC,CXCL9,CXCL9,FCGR2A,FCGR2A,0.5607438,0.5607438,0.5607438,1,0.0,1363.0,True,NA,NA
Epithelial,NK,TGFB1,TGFB1,TGFBR3,TGFBR3,0.5596807,0.5596807,0.5596807,1,0.0,1364.0,True,NA,NA
NK,Epithelial,SPN,SPN,ICAM1,ICAM1,0.5589992,0.5589992,0.5589992,1,0.0,1365.0,True,NA,NA
Mono_c14,T_cell,SELL,SELL,SELPLG,SELPLG,0.5589254,0.5589254,0.5589254,1,0.0,1366.0,True,NA,NA
Epithelial,NK,BAG6,BAG6,NCR3,NCR3,0.5588459,0.5588459,0.5588459,1,0.0,1368.0,True,NA,NA
Mono_c14,NK,ITGAL,ITGAL_ITGB2,ICAM3,ICAM3,0.5582328,0.5582328,0.5582328,1,0.0,1370.0,True,NA,NA
T_cell,DC,SELL,SELL,SELPLG,SELPLG,0.55740815,0.55740815,0.55740815,1,0.035,1372.0,True,NA,NA
Macrophage,Macrophage,ITGAM,ITGAM_ITGB2,ICAM1,ICAM1,0.55608106,0.55608106,0.55608106,1,0.0,1374.0,True,NA,NA
Mono_c14,Macrophage,TNFSF13,TNFSF13,TNFRSF1A,TNFRSF1A,0.5555914,0.5555914,0.5555914,1,0.0,1375.0,True,NA,NA
DC,Epithelial,SEMA4D,SEMA4D,PLXNB2,PLXNB2,0.5553068,0.5553068,0.5553068,1,0.0,1377.0,True,NA,NA
Mono_c14,Mono_c14,ITGAX,ITGAX_ITGB2,ICAM1,ICAM1,0.55452865,0.55452865,0.55452865,1,0.0,1378.0,True,NA,NA
Mono_c14,DC,FN1,FN1,ITGA5,ITGA5_ITGB1,0.55408543,0.55408543,0.55408543,1,0.0,1379.0,True,NA,NA
Epithelial,Epithelial,MDK,MDK,SORL1,SORL1,0.55391175,0.55391175,0.55391175,1,0.0,1380.0,True,NA,NA
Epithelial,DC,HEBP1,HEBP1,FPR3,FPR3,0.5537147,0.5537147,0.5537147,1,0.0,1381.0,True,NA,NA
Macrophage,B_cell,FAM3C,FAM3C,CLEC2D,CLEC2D,0.55328214,0.55328214,0.55328214,1,0.0,1382.0,True,NA,NA
T_cell,Macrophage,CD28,CD28,CD86,CD86,0.55225754,0.55225754,0.55225754,1,0.0,1384.0,True,NA,NA
DC,Macrophage,TGFB1,TGFB1,TGFBR1,TGFBR1_TGFBR2,0.55175984,0.55175984,0.55175984,1,0.0,1386.0,True,NA,NA
DC,DC,TGFB1,TGFB1,TGFBR1,TGFBR1_TGFBR2,0.55114233,0.55114233,0.55114233,1,0.0,1389.0,True,NA,NA
Macrophage,DC,CXCL9,CXCL9,FCGR2A,FCGR2A,0.54960966,0.54960966,0.54960966,1,0.0,1392.0,True,NA,NA
Macrophage,T_cell,ITGAL,ITGAL_ITGB2,ICAM3,ICAM3,0.5488244,0.5488244,0.5488244,1,0.0,1395.0,True,NA,NA
Mono_c14,Mono_c14,FN1,FN1,ITGA5,ITGA5_ITGB1,0.5486565,0.5486565,0.5486565,1,0.0,1396.0,True,NA,NA
DC,Macrophage,SPN,SPN,ICAM1,ICAM1,0.5484443,0.5484443,0.5484443,1,0.0,1397.0,True,NA,NA
NK,Macrophage,COPA,COPA,SORT1,SORT1,0.5483978,0.5483978,0.5483978,1,0.0,1398.0,True,NA,NA
NK,Macrophage,TGFB1,TGFB1,TGFBR1,TGFBR1_TGFBR2,0.5482686,0.5482686,0.5482686,1,0.0,1400.0,True,NA,NA
Mono_c14,NK,LILRB4,LILRB4,LAIR1,LAIR1,0.54807633,0.54807633,0.54807633,1,0.0,1401.0,True,NA,NA
NK,DC,TGFB1,TGFB1,TGFBR1,TGFBR1_TGFBR2,0.5476511,0.5476511,0.5476511,1,0.0,1403.0,True,NA,NA
Mono_c14,DC,CCL18,CCL18,CCR1,CCR1,0.54758745,0.54758745,0.54758745,1,0.0,1404.0,True,NA,NA
DC,DC,CCL3,CCL3,CCR5,CCR5,0.54731894,0.54731894,0.54731894,1,0.0,1405.0,True,NA,NA
NK,Macrophage,FASLG,FASLG,TNFRSF1A,TNFRSF1A,0.54652447,0.54652447,0.54652447,1,0.0,1406.0,True,NA,NA
Epithelial,Macrophage,APP,APP,FPR2,FPR2,0.54587996,0.54587996,0.54587996,1,0.0,1410.0,True,NA,NA
Mono_c14,NK,HLA-F,HLA-F,KIR3DL2,KIR3DL2,0.5456795,0.5456795,0.5456795,1,0.0,1411.0,True,NA,NA
Macrophage,DC,CCL8,CCL8,CCR5,CCR5,0.54564893,0.54564893,0.54564893,1,0.0,1412.0,True,NA,NA
Epithelial,T_cell,PF4,PF4,CXCR3,CXCR3,0.5454231,0.5454231,0.5454231,1,0.0,1413.0,True,NA,NA
DC,NK,TNFSF13,TNFSF13,TNFRSF14,TNFRSF14,0.5453438,0.5453438,0.5453438,1,0.0,1414.0,True,NA,NA
T_cell,Macrophage,COPA,COPA,SORT1,SORT1,0.5452929,0.5452929,0.5452929,1,0.0,1415.0,True,NA,NA
Mono_c14,DC,IL15RA,IL15RA,AXL,AXL,0.54455256,0.54455256,0.54455256,1,0.0,1417.0,True,NA,NA
Mono_c14,Macrophage,TGFB1,TGFB1,TGFBR1,TGFBR1_TGFBR2,0.54202116,0.54202116,0.54202116,1,0.0,1421.0,True,NA,NA
B_cell,DC,FAM3C,FAM3C,LAMP1,LAMP1,0.54195887,0.54195887,0.54195887,1,0.0,1422.0,True,NA,NA
Mono_c14,DC,TGFB1,TGFB1,TGFBR1,TGFBR1_TGFBR2,0.54140365,0.54140365,0.54140365,1,0.0,1423.0,True,NA,NA
Epithelial,Epithelial,MDK,MDK,PTPRZ1,PTPRZ1,0.53880954,0.53880954,0.53880954,1,0.0,1424.0,True,NA,NA
DC,Macrophage,LTB,LTB,LTBR,LTBR,0.5381998,0.5381998,0.5381998,1,0.0,1426.0,True,NA,NA
Mono_c14,NK,HLA-F,HLA-F,KIR3DL1,KIR3DL1,0.53802514,0.53802514,0.53802514,1,0.0,1427.0,True,NA,NA
DC,Epithelial,TNFSF12,TNFSF12,TNFRSF12A,TNFRSF12A,0.53778934,0.53778934,0.53778934,1,0.0,1428.0,True,NA,NA
Mono_c14,DC,SPP1,SPP1,PTGER4,PTGER4,0.53778774,0.53778774,0.53778774,1,0.0,1429.0,True,NA,NA
Epithelial,DC,PROS1,PROS1,AXL,AXL,0.53756255,0.53756255,0.53756255,1,0.0,1430.0,True,NA,NA
DC,Mono_c14,CCL18,CCL18,CCR1,CCR1,0.5363113,0.5363113,0.5363113,1,0.0,1433.0,True,NA,NA
Macrophage,Epithelial,FAM3C,FAM3C,LAMP1,LAMP1,0.53523034,0.53523034,0.53523034,1,0.0,1436.0,True,NA,NA
Macrophage,DC,COPA,COPA,P2RY6,P2RY6,0.534696,0.534696,0.534696,1,0.0,1437.0,True,NA,NA
Mono_c14,Macrophage,ITGAM,ITGAM_ITGB2,ICAM1,ICAM1,0.5344903,0.5344903,0.5344903,1,0.0,1438.0,True,NA,NA
Macrophage,Epithelial,SEMA4D,SEMA4D,PLXNB2,PLXNB2,0.5342516,0.5342516,0.5342516,1,0.0,1439.0,True,NA,NA
Club,NK,MDK,MDK,SORL1,SORL1,0.5342126,0.5342126,0.5342126,1,0.0,1440.0,True,NA,NA
DC,Epithelial,TGFB1,TGFB1,EGFR,EGFR,0.5339782,0.5339782,0.5339782,1,0.0,1441.0,True,NA,NA
B_cell,NK,FCER2,FCER2,ITGAM,ITGAM_ITGB2,0.5326198,0.5326198,0.5326198,1,0.0,1444.0,True,NA,NA
Mono_c14,Epithelial,SEMA4D,SEMA4D,PLXNB2,PLXNB2,0.53154576,0.53154576,0.53154576,1,0.0,1447.0,True,NA,NA
NK,Epithelial,TGFB1,TGFB1,EGFR,EGFR,0.530487,0.530487,0.530487,1,0.0,1448.0,True,NA,NA
Macrophage,Epithelial,SEMA3C,SEMA3C,NRP2,NRP2,0.53035545,0.53035545,0.53035545,1,0.0,1450.0,True,NA,NA
Club,Epithelial,CD24,CD24,SELP,SELP,0.5296723,0.5296723,0.5296723,1,0.0,1451.0,True,NA,NA
DC,NK,BAG6,BAG6,NCR3,NCR3,0.5296056,0.5296056,0.5296056,1,0.0,1453.0,True,NA,NA
DC,DC,IL1RN,IL1RN,IL1RAP,IL1B_IL1R2_IL1RAP,0.52765363,0.52765363,0.52765363,1,0.0,1459.0,True,NA,NA
Macrophage,Epithelial,TNFSF12,TNFSF12,TNFRSF12A,TNFRSF12A,0.5268366,0.5268366,0.5268366,1,0.0,1460.0,True,NA,NA
NK,Mono_c14,FAM3C,FAM3C,LAMP1,LAMP1,0.526307,0.526307,0.526307,1,0.0,1461.0,True,NA,NA
Mono_c14,Macrophage,CCL8,CCL8,CCR5,CCR5,0.5250318,0.5250318,0.5250318,1,0.0,1463.0,True,NA,NA
Mono_c14,Epithelial,TGFB1,TGFB1,EGFR,EGFR,0.52423954,0.52423954,0.52423954,1,0.0,1465.0,True,NA,NA
Macrophage,DC,SEMA3C,SEMA3C,NRP2,NRP2,0.5239198,0.5239198,0.5239198,1,0.0,1466.0,True,NA,NA
T_cell,DC,CCL4,CCL4,CCR5,CCR5,0.52363145,0.52363145,0.52363145,1,0.0,1467.0,True,NA,NA
DC,T_cell,TGFB1,TGFB1,TGFBR3,TGFBR3,0.5229193,0.5229193,0.5229193,1,0.0,1468.0,True,NA,NA
Macrophage,Macrophage,TNFSF13,TNFSF13,FAS,FAS,0.5214596,0.5214596,0.5214596,1,0.0,1470.0,True,NA,NA
DC,Mono_c14,FAM3C,FAM3C,LAMP1,LAMP1,0.5196532,0.5196532,0.5196532,1,0.0,1475.0,True,NA,NA
NK,T_cell,TGFB1,TGFB1,TGFBR3,TGFBR3,0.519428,0.519428,0.519428,1,0.0,1476.0,True,NA,NA
T_cell,Macrophage,CD40LG,CD40LG,CD40,CD40,0.51916707,0.51916707,0.51916707,1,0.0,1478.0,True,NA,NA
Epithelial,T_cell,CDH1,CDH1,KLRG1,KLRG1,0.5187586,0.5187586,0.5187586,1,0.0,1479.0,True,NA,NA
Club,DC,MDK,MDK,LRP1,LRP1,0.5179118,0.5179118,0.5179118,1,0.0,1480.0,True,NA,NA
Epithelial,Epithelial,SEMA4D,SEMA4D,PLXNB2,PLXNB2,0.5176957,0.5176957,0.5176957,1,0.0,1482.0,True,NA,NA
DC,NK,ITGAL,ITGAL_ITGB2,ICAM3,ICAM3,0.5176691,0.5176691,0.5176691,1,0.0,1483.0,True,NA,NA
NK,Epithelial,ITGAL,ITGAL_ITGB2,ICAM1,ICAM1,0.51681185,0.51681185,0.51681185,1,0.0,1487.0,True,NA,NA
DC,NK,TGFB1,TGFB1,TGFBR1,TGFBR1_TGFBR2,0.51671684,0.51671684,0.51671684,1,0.0,1488.0,True,NA,NA
Club,Macrophage,LTB,LTB,LTBR,LTBR,0.5165441,0.5165441,0.5165441,1,0.0,1489.0,True,NA,NA
Macrophage,Epithelial,TNFSF13,TNFSF13,TNFRSF14,TNFRSF14,0.5163027,0.5163027,0.5163027,1,0.0,1490.0,True,NA,NA
DC,T_cell,TNFSF13,TNFSF13,TNFRSF14,TNFRSF14,0.5154526,0.5154526,0.5154526,1,0.0,1492.0,True,NA,NA
DC,Mono_c14,TNFSF13,TNFSF13,TNFRSF1A,TNFRSF1A,0.5154485,0.5154485,0.5154485,1,0.0,1493.0,True,NA,NA
B_cell,Macrophage,FCER2,FCER2,ITGAM,ITGAM_ITGB2,0.5150405,0.5150405,0.5150405,1,0.0,1494.0,True,NA,NA
Mono_c14,NK,CXCL8,CXCL8,CXCR2,CXCR2,0.5148753,0.5148753,0.5148753,1,0.0,1496.0,True,NA,NA
NK,Macrophage,SEMA4D,SEMA4D,PLXNB2,PLXNB2,0.51483977,0.51483977,0.51483977,1,0.0,1497.0,True,NA,NA
NK,NK,TGFB1,TGFB1,TGFBR1,TGFBR1_TGFBR2,0.5132256,0.5132256,0.5132256,1,0.0,1499.0,True,NA,NA
Mono_c14,T_cell,TGFB1,TGFB1,TGFBR3,TGFBR3,0.5131806,0.5131806,0.5131806,1,0.0,1500.0,True,NA,NA
Macrophage,T_cell,IL15RA,IL15RA,AXL,AXL,0.5127073,0.5127073,0.5127073,1,0.0,1502.0,True,NA,NA
Mono_c14,T_cell,ITGAL,ITGAL_ITGB2,ICAM3,ICAM3,0.51228833,0.51228833,0.51228833,1,0.0,1503.0,True,NA,NA
Epithelial,DC,CCL5,CCL5,CCR5,CCR5,0.5119215,0.5119215,0.5119215,1,0.005,1504.0,True,NA,NA
Epithelial,Macrophage,MDK,MDK,SORL1,SORL1,0.5107565,0.5107565,0.5107565,1,0.0,1506.0,True,NA,NA
Macrophage,NK,FAM3C,FAM3C,LAMP1,LAMP1,0.51026225,0.51026225,0.51026225,1,0.0,1507.0,True,NA,NA
Mono_c14,DC,CCL8,CCL8,CCR2,CCR2,0.50978243,0.50978243,0.50978243,1,0.0,1508.0,True,NA,NA
B_cell,B_cell,FAM3C,FAM3C,CLEC2D,CLEC2D,0.5090657,0.5090657,0.5090657,1,0.0,1510.0,True,NA,NA
Mono_c14,Mono_c14,FAM3C,FAM3C,LAMP1,LAMP1,0.5071756,0.5071756,0.5071756,1,0.0,1515.0,True,NA,NA
Mono_c14,NK,TGFB1,TGFB1,TGFBR1,TGFBR1_TGFBR2,0.50697815,0.50697815,0.50697815,1,0.0,1516.0,True,NA,NA
Epithelial,NK,CDH1,CDH1,KLRG1,KLRG1,0.5064856,0.5064856,0.5064856,1,0.0,1517.0,True,NA,NA
Mono_c14,DC,CSF1,CSF1,CSF1R,CSF1R,0.50562423,0.50562423,0.50562423,1,0.0,1522.0,True,NA,NA
DC,Macrophage,FN1,FN1,ITGA5,ITGA5_ITGB1,0.5055151,0.5055151,0.5055151,1,0.0,1523.0,True,NA,NA
DC,NK,GAS6,GAS6,AXL,AXL,0.50495934,0.50495934,0.50495934,1,0.0,1526.0,True,NA,NA
DC,Mono_c14,CD1D,CD1D,LILRB2,LILRB2,0.5045805,0.5045805,0.5045805,1,0.0,1527.0,True,NA,NA
DC,DC,SPP1,SPP1,ITGA4,ITGA4_ITGB1,0.5038618,0.5038618,0.5038618,1,0.0,1528.0,True,NA,NA
Epithelial,Macrophage,AREG,AREG,ICAM1,ICAM1,0.5029324,0.5029324,0.5029324,1,0.0,1529.0,True,NA,NA
Epithelial,T_cell,FAM3C,FAM3C,LAMP1,LAMP1,0.5022844,0.5022844,0.5022844,1,0.0,1531.0,True,NA,NA
Epithelial,NK,FAM3C,FAM3C,CLEC2D,CLEC2D,0.502033,0.502033,0.502033,1,0.0,1533.0,True,NA,NA
Epithelial,Epithelial,LGALS9,LGALS9,MET,MET,0.5019363,0.5019363,0.5019363,1,0.0,1534.0,True,NA,NA
Mono_c14,DC,CCL7,CCL7,CCR5,CCR5,0.50190115,0.50190115,0.50190115,1,0.0,1535.0,True,NA,NA
DC,Mono_c14,GAS6,GAS6,AXL,AXL,0.50151646,0.50151646,0.50151646,1,0.0,1536.0,True,NA,NA
DC,NK,SPP1,SPP1,ITGA4,ITGA4_ITGB1,0.5007446,0.5007446,0.5007446,1,0.0,1537.0,True,NA,NA
DC,Mono_c14,TNFSF13,TNFSF13,TNFRSF14,TNFRSF14,0.500231,0.500231,0.500231,1,0.0,1538.0,True,NA,NA
Macrophage,Macrophage,C3,C3,C3AR1,C3AR1,0.5002128,0.5002128,0.5002128,1,0.0,1539.0,True,NA,NA
Macrophage,B_cell,TNFSF13,TNFSF13,TNFRSF14,TNFRSF14,0.4999951,0.4999951,0.4999951,1,0.0,1540.0,True,NA,NA
Macrophage,Macrophage,IL15,IL15,IL15RA,IL15RA,0.49992433,0.49992433,0.49992433,1,0.0,1542.0,True,NA,NA
NK,DC,CCL3,CCL3,CCR5,CCR5,0.49984556,0.49984556,0.49984556,1,0.005,1543.0,True,NA,NA
Mono_c14,Macrophage,SPN,SPN,ICAM1,ICAM1,0.49969476,0.49969476,0.49969476,1,0.0,1544.0,True,NA,NA
Macrophage,Mono_c14,TNF,TNF,VSIR,VSIR,0.49967825,0.49967825,0.49967825,1,0.0,1545.0,True,NA,NA
Mono_c14,Macrophage,FN1,FN1,ITGAV,ITGAV_ITGB1,0.49918962,0.49918962,0.49918962,1,0.0,1546.0,True,NA,NA
Epithelial,NK,HLA-F,HLA-F,KIR3DL2,KIR3DL2,0.4983283,0.4983283,0.4983283,1,0.01,1548.0,True,NA,NA
NK,DC,ITGAL,ITGAL_ITGB2,F11R,F11R,0.49785465,0.49785465,0.49785465,1,0.0,1549.0,True,NA,NA
NK,T_cell,FAM3C,FAM3C,CLEC2D,CLEC2D,0.49736267,0.49736267,0.49736267,1,0.0,1550.0,True,NA,NA
Macrophage,DC,SPP1,SPP1,ITGA4,ITGA4_ITGB1,0.4973218,0.4973218,0.4973218,1,0.0,1551.0,True,NA,NA
Macrophage,Macrophage,ITGAL,ITGAL_ITGB2,ICAM1,ICAM1,0.4972042,0.4972042,0.4972042,1,0.0,1552.0,True,NA,NA
Epithelial,NK,FAM3C,FAM3C,KIR2DL3,KIR2DL3,0.49704126,0.49704126,0.49704126,1,0.0,1553.0,True,NA,NA
Mono_c14,T_cell,SPP1,SPP1,PTGER4,PTGER4,0.4964955,0.4964955,0.4964955,1,0.0,1554.0,True,NA,NA
T_cell,DC,SPN,SPN,ICAM1,ICAM1,0.49646157,0.49646157,0.49646157,1,0.0,1555.0,True,NA,NA
NK,Macrophage,TIGIT,TIGIT,NECTIN2,NECTIN2,0.4961403,0.4961403,0.4961403,1,0.0,1556.0,True,NA,NA
Macrophage,Epithelial,ITGAL,ITGAL_ITGB2,F11R,F11R,0.49556765,0.49556765,0.49556765,1,0.0,1558.0,True,NA,NA
Macrophage,NK,SPP1,SPP1,ITGA4,ITGA4_ITGB1,0.49420467,0.49420467,0.49420467,1,0.0,1560.0,True,NA,NA
DC,Macrophage,SPP1,SPP1,PTGER4,PTGER4,0.4934756,0.4934756,0.4934756,1,0.0,1561.0,True,NA,NA
B_cell,Mono_c14,FCER2,FCER2,ITGAM,ITGAM_ITGB2,0.4934498,0.4934498,0.4934498,1,0.0,1562.0,True,NA,NA
DC,Macrophage,IL15RA,IL15RA,AXL,AXL,0.49340776,0.49340776,0.49340776,1,0.0,1563.0,True,NA,NA
DC,DC,CCL8,CCL8,CCR5,CCR5,0.4932226,0.4932226,0.4932226,1,0.0,1565.0,True,NA,NA
Mono_c14,DC,FN1,FN1,ITGB7,ITGA4_ITGB7,0.49249643,0.49249643,0.49249643,1,0.0,1567.0,True,NA,NA
B_cell,Epithelial,FAM3C,FAM3C,LAMP1,LAMP1,0.49101385,0.49101385,0.49101385,1,0.02,1568.0,True,NA,NA
DC,T_cell,FAM3C,FAM3C,CLEC2D,CLEC2D,0.49070883,0.49070883,0.49070883,1,0.0,1569.0,True,NA,NA
Epithelial,NK,HLA-F,HLA-F,KIR3DL1,KIR3DL1,0.49067393,0.49067393,0.49067393,1,0.015,1570.0,True,NA,NA
Macrophage,Epithelial,TNFSF13,TNFSF13,TNFRSF1A,TNFRSF1A,0.49038965,0.49038965,0.49038965,1,0.0,1571.0,True,NA,NA
NK,DC,ITGAM,ITGAM_ITGB2,ICAM1,ICAM1,0.4898277,0.4898277,0.4898277,1,0.0,1572.0,True,NA,NA
Mono_c14,Macrophage,CCL4,CCL4,CCR5,CCR5,0.48920593,0.48920593,0.48920593,1,0.02,1573.0,True,NA,NA
Macrophage,NK,CXCL3,CXCL3,CXCR2,CXCR2,0.48890567,0.48890567,0.48890567,1,0.0,1575.0,True,NA,NA
Epithelial,Epithelial,PTN,PTN,PLXNB2,PLXNB2,0.4887037,0.4887037,0.4887037,1,0.0,1577.0,True,NA,NA
Mono_c14,Epithelial,FN1,FN1,ITGA3,ITGA3_ITGB1,0.4881544,0.4881544,0.4881544,1,0.0,1578.0,True,NA,NA
Macrophage,Epithelial,CSF1,CSF1,SLC7A1,SLC7A1,0.48815304,0.48815304,0.48815304,1,0.0,1579.0,True,NA,NA
DC,Macrophage,TGFB1,TGFB1,ACVR1,ACVR1_TGFBR2,0.48712856,0.48712856,0.48712856,1,0.0,1581.0,True,NA,NA
T_cell,Mono_c14,SPN,SPN,ICAM1,ICAM1,0.48703703,0.48703703,0.48703703,1,0.0,1582.0,True,NA,NA
Macrophage,Macrophage,SPP1,SPP1,PTGER4,PTGER4,0.48693565,0.48693565,0.48693565,1,0.0,1583.0,True,NA,NA
Mono_c14,Epithelial,CCL4,CCL4,SLC7A1,SLC7A1,0.48641238,0.48641238,0.48641238,1,0.0,1584.0,True,NA,NA
Mono_c14,Epithelial,TNFSF12,TNFSF12,TNFRSF12A,TNFRSF12A,0.4863452,0.4863452,0.4863452,1,0.0,1585.0,True,NA,NA
Mono_c14,DC,TNFSF13,TNFSF13,TNFRSF14,TNFRSF14,0.48594445,0.48594445,0.48594445,1,0.0,1586.0,True,NA,NA
T_cell,Macrophage,TIGIT,TIGIT,NECTIN2,NECTIN2,0.48525396,0.48525396,0.48525396,1,0.0,1589.0,True,NA,NA
NK,Macrophage,TGFB1,TGFB1,ACVR1,ACVR1_TGFBR2,0.4836373,0.4836373,0.4836373,1,0.0,1591.0,True,NA,NA
Club,Epithelial,CEACAM6,CEACAM6,CEACAM1,CEACAM1,0.4831288,0.4831288,0.4831288,1,0.0,1592.0,True,NA,NA
Mono_c14,Epithelial,FN1,FN1,ITGB3,ITGA2B_ITGB3,0.4821667,0.4821667,0.4821667,1,0.0,1593.0,True,NA,NA
Macrophage,Epithelial,ITGAX,ITGAX_ITGB2,ICAM1,ICAM1,0.48142833,0.48142833,0.48142833,1,0.0,1595.0,True,NA,NA
NK,Mono_c14,ITGAM,ITGAM_ITGB2,ICAM1,ICAM1,0.48040316,0.48040316,0.48040316,1,0.0,1596.0,True,NA,NA
DC,DC,AREG,AREG,ICAM1,ICAM1,0.4802822,0.4802822,0.4802822,1,0.0,1597.0,True,NA,NA
Epithelial,DC,CDH1,CDH1,ITGAE,ITGAE_ITGB7,0.47964996,0.47964996,0.47964996,1,0.0,1598.0,True,NA,NA
T_cell,DC,ITGAL,ITGAL_ITGB2,ICAM1,ICAM1,0.47896188,0.47896188,0.47896188,1,0.0,1599.0,True,NA,NA
Mono_c14,T_cell,FAM3C,FAM3C,CLEC2D,CLEC2D,0.47823128,0.47823128,0.47823128,1,0.0,1601.0,True,NA,NA
DC,DC,FN1,FN1,ITGA4,ITGA4_ITGB1,0.47757572,0.47757572,0.47757572,1,0.0,1602.0,True,NA,NA
Mono_c14,Macrophage,TGFB1,TGFB1,ACVR1,ACVR1_TGFBR2,0.47738987,0.47738987,0.47738987,1,0.0,1604.0,True,NA,NA
T_cell,Macrophage,SEMA4D,SEMA4D,PLXNB2,PLXNB2,0.47732347,0.47732347,0.47732347,1,0.0,1605.0,True,NA,NA
Macrophage,Macrophage,VEGFB,VEGFB,NRP1,NRP1,0.4771171,0.4771171,0.4771171,1,0.0,1606.0,True,NA,NA
Mono_c14,Mono_c14,MDK,MDK,LRP1,LRP1,0.47674334,0.47674334,0.47674334,1,0.0,1607.0,True,NA,NA
NK,T_cell,CLEC2D,CLEC2D,KLRB1,KLRB1,0.47611248,0.47611248,0.47611248,1,0.0,1608.0,True,NA,NA
Mono_c14,DC,TNFSF13,TNFSF13,TNFRSF1A,TNFRSF1A,0.47546932,0.47546932,0.47546932,1,0.0,1609.0,True,NA,NA
Macrophage,DC,CCL23,CCL23,CCR1,CCR1,0.47529757,0.47529757,0.47529757,1,0.0,1610.0,True,NA,NA
DC,NK,FN1,FN1,ITGA4,ITGA4_ITGB1,0.47445858,0.47445858,0.47445858,1,0.005,1612.5,True,NA,NA
DC,NK,FN1,FN1,ITGA4,ITGA4_ITGB7,0.47445858,0.47445858,0.47445858,1,0.005,1612.5,True,NA,NA
DC,Epithelial,TGFB1,TGFB1,ACVR1,ACVR1_TGFBR2,0.47418937,0.47418937,0.47418937,1,0.0,1614.0,True,NA,NA
NK,Macrophage,ITGAX,ITGAX_ITGB2,ICAM1,ICAM1,0.4739229,0.4739229,0.4739229,1,0.0,1615.0,True,NA,NA
T_cell,B_cell,ITGAL,ITGAL_ITGB2,ICAM3,ICAM3,0.4738995,0.4738995,0.4738995,1,0.0,1616.0,True,NA,NA
Macrophage,DC,TNF,TNF,VSIR,VSIR,0.47291517,0.47291517,0.47291517,1,0.0,1617.0,True,NA,NA
Epithelial,Macrophage,JAG1,JAG1,CD46,CD46,0.4723848,0.4723848,0.4723848,1,0.0,1618.0,True,NA,NA
Macrophage,DC,ITGAM,ITGAM_ITGB2,ICAM1,ICAM1,0.47224846,0.47224846,0.47224846,1,0.0,1620.0,True,NA,NA
Mono_c14,B_cell,CCL4,CCL4,CNR2,CNR2,0.47207317,0.47207317,0.47207317,1,0.0,1623.0,True,NA,NA
Macrophage,Epithelial,COPA,COPA,SORT1,SORT1,0.47173905,0.47173905,0.47173905,1,0.0,1625.0,True,NA,NA
DC,T_cell,ITGAL,ITGAL_ITGB2,ICAM3,ICAM3,0.47172457,0.47172457,0.47172457,1,0.0,1626.0,True,NA,NA
DC,Mono_c14,AREG,AREG,ICAM1,ICAM1,0.47085765,0.47085765,0.47085765,1,0.0,1627.0,True,NA,NA
NK,Epithelial,TGFB1,TGFB1,ACVR1,ACVR1_TGFBR2,0.47069812,0.47069812,0.47069812,1,0.0,1628.0,True,NA,NA
DC,Mono_c14,MDK,MDK,LRP1,LRP1,0.4698252,0.4698252,0.4698252,1,0.0,1629.0,True,NA,NA
Mono_c14,NK,SPP1,SPP1,PTGER4,PTGER4,0.46975756,0.46975756,0.46975756,1,0.0,1630.0,True,NA,NA
Mono_c14,Macrophage,IL15RA,IL15RA,AXL,AXL,0.4697123,0.4697123,0.4697123,1,0.0,1631.0,True,NA,NA
T_cell,Mono_c14,ITGAL,ITGAL_ITGB2,ICAM1,ICAM1,0.46953735,0.46953735,0.46953735,1,0.0,1632.0,True,NA,NA
Club,DC,SPP1,SPP1,ITGA4,ITGA4_ITGB1,0.46824828,0.46824828,0.46824828,1,0.01,1634.0,True,NA,NA
Epithelial,Epithelial,CEACAM6,CEACAM6,CEACAM1,CEACAM1,0.46821594,0.46821594,0.46821594,1,0.0,1635.0,True,NA,NA
Macrophage,Mono_c14,COPA,COPA,SORT1,SORT1,0.4681148,0.4681148,0.4681148,1,0.0,1636.0,True,NA,NA
Club,T_cell,MDK,MDK,SORL1,SORL1,0.46784228,0.46784228,0.46784228,1,0.0,1637.0,True,NA,NA
B_cell,NK,HLA-F,HLA-F,KIR3DL2,KIR3DL2,0.46741146,0.46741146,0.46741146,1,0.015,1641.0,True,NA,NA
Mono_c14,NK,BAG6,BAG6,NCR3,NCR3,0.46714142,0.46714142,0.46714142,1,0.0,1642.0,True,NA,NA
Epithelial,NK,C3,C3,ITGAM,ITGAM_ITGB2,0.4668044,0.4668044,0.4668044,1,0.0,1643.0,True,NA,NA
Macrophage,Macrophage,CSF1,CSF1,SLC7A1,SLC7A1,0.46676528,0.46676528,0.46676528,1,0.0,1644.0,True,NA,NA
NK,DC,FASLG,FASLG,TNFRSF1A,TNFRSF1A,0.4664024,0.4664024,0.4664024,1,0.0,1645.0,True,NA,NA
B_cell,NK,FAM3C,FAM3C,LAMP1,LAMP1,0.46604574,0.46604574,0.46604574,1,0.015,1646.0,True,NA,NA
Club,NK,SPP1,SPP1,ITGA4,ITGA4_ITGB1,0.46513113,0.46513113,0.46513113,1,0.005,1647.0,True,NA,NA
Mono_c14,Macrophage,CCL4,CCL4,SLC7A1,SLC7A1,0.4650246,0.4650246,0.4650246,1,0.0,1648.0,True,NA,NA
DC,DC,SPN,SPN,ICAM1,ICAM1,0.46461168,0.46461168,0.46461168,1,0.0,1651.0,True,NA,NA
Mono_c14,Epithelial,TGFB1,TGFB1,ACVR1,ACVR1_TGFBR2,0.4644507,0.4644507,0.4644507,1,0.0,1652.0,True,NA,NA
Macrophage,Epithelial,TNF,TNF,VSIR,VSIR,0.4643278,0.4643278,0.4643278,1,0.0,1653.0,True,NA,NA
Macrophage,Mono_c14,ITGAM,ITGAM_ITGB2,ICAM1,ICAM1,0.46282393,0.46282393,0.46282393,1,0.0,1656.0,True,NA,NA
Epithelial,Macrophage,PROS1,PROS1,AXL,AXL,0.46272227,0.46272227,0.46272227,1,0.0,1657.0,True,NA,NA
Macrophage,NK,TNF,TNF,VSIR,VSIR,0.46219093,0.46219093,0.46219093,1,0.0,1660.0,True,NA,NA
Mono_c14,Macrophage,ITGAL,ITGAL_ITGB2,ICAM1,ICAM1,0.46066806,0.46066806,0.46066806,1,0.0,1662.0,True,NA,NA
B_cell,NK,HLA-F,HLA-F,KIR3DL1,KIR3DL1,0.4597571,0.4597571,0.4597571,1,0.025,1663.0,True,NA,NA
DC,Macrophage,TNFSF13,TNFSF13,FAS,FAS,0.4592488,0.4592488,0.4592488,1,0.0,1664.0,True,NA,NA
Epithelial,NK,CDH1,CDH1,ITGAE,ITGAE_ITGB7,0.45920575,0.45920575,0.45920575,1,0.0,1665.0,True,NA,NA
Mono_c14,Epithelial,ITGAL,ITGAL_ITGB2,F11R,F11R,0.4590315,0.4590315,0.4590315,1,0.0,1666.0,True,NA,NA
Club,Epithelial,CDH1,CDH1,ITGA2,ITGA2_ITGB1,0.45901603,0.45901603,0.45901603,1,0.0,1667.0,True,NA,NA
Macrophage,B_cell,IL15RA,IL15RA,AXL,AXL,0.45884812,0.45884812,0.45884812,1,0.0,1668.0,True,NA,NA
Macrophage,Mono_c14,SEMA3C,SEMA3C,NRP2,NRP2,0.45792997,0.45792997,0.45792997,1,0.0,1669.0,True,NA,NA
B_cell,NK,TGFB1,TGFB1,TGFBR3,TGFBR3,0.45792627,0.45792627,0.45792627,1,0.0,1670.0,True,NA,NA
Club,Macrophage,SPP1,SPP1,PTGER4,PTGER4,0.4578621,0.4578621,0.4578621,1,0.0,1671.0,True,NA,NA
Mono_c14,Mono_c14,SPP1,SPP1,PTGER4,PTGER4,0.4553422,0.4553422,0.4553422,1,0.0,1677.0,True,NA,NA
DC,Mono_c14,SPN,SPN,ICAM1,ICAM1,0.45518714,0.45518714,0.45518714,1,0.0,1678.0,True,NA,NA
DC,DC,CD1D,CD1D,LILRB2,LILRB2,0.4545594,0.4545594,0.4545594,1,0.0,1680.0,True,NA,NA
DC,Epithelial,TNFSF13,TNFSF13,TNFRSF14,TNFRSF14,0.4540919,0.4540919,0.4540919,1,0.0,1682.0,True,NA,NA
DC,Macrophage,SEMA4A,SEMA4A,PLXND1,PLXND1,0.4534564,0.4534564,0.4534564,1,0.0,1686.0,True,NA,NA
T_cell,DC,FLT3LG,FLT3LG,FLT3,FLT3,0.45342228,0.45342228,0.45342228,1,0.0,1687.0,True,NA,NA
NK,Macrophage,LTB,LTB,LTBR,LTBR,0.45314914,0.45314914,0.45314914,1,0.0,1688.0,True,NA,NA
Macrophage,Epithelial,SPN,SPN,ICAM1,ICAM1,0.45251083,0.45251083,0.45251083,1,0.005,1691.0,True,NA,NA
Macrophage,DC,COPA,COPA,SORT1,SORT1,0.4507645,0.4507645,0.4507645,1,0.0,1692.0,True,NA,NA
Mono_c14,DC,ITGAM,ITGAM_ITGB2,ICAM1,ICAM1,0.45065773,0.45065773,0.45065773,1,0.0,1693.0,True,NA,NA
Mono_c14,NK,TNFSF13,TNFSF13,TNFRSF14,TNFRSF14,0.44940358,0.44940358,0.44940358,1,0.0,1696.0,True,NA,NA
Epithelial,Macrophage,C3,C3,ITGAM,ITGAM_ITGB2,0.44922513,0.44922513,0.44922513,1,0.0,1697.0,True,NA,NA
Macrophage,Macrophage,CCL8,CCL8,CCR5,CCR5,0.44865417,0.44865417,0.44865417,1,0.02,1699.0,True,NA,NA
Epithelial,T_cell,CDH1,CDH1,ITGAE,ITGAE_ITGB7,0.447954,0.447954,0.447954,1,0.0,1700.0,True,NA,NA
DC,DC,SPP1,SPP1,PTGER4,PTGER4,0.4477812,0.4477812,0.4477812,1,0.01,1701.0,True,NA,NA
DC,Macrophage,ITGAM,ITGAM_ITGB2,ICAM1,ICAM1,0.4477698,0.4477698,0.4477698,1,0.0,1702.0,True,NA,NA
T_cell,NK,BAG6,BAG6,NCR3,NCR3,0.44734484,0.44734484,0.44734484,1,0.0,1704.0,True,NA,NA
DC,Epithelial,ITGAX,ITGAX_ITGB2,ICAM1,ICAM1,0.4473433,0.4473433,0.4473433,1,0.005,1705.0,True,NA,NA
NK,Macrophage,AREG,AREG,ICAM1,ICAM1,0.44505653,0.44505653,0.44505653,1,0.0,1709.0,True,NA,NA
Mono_c14,B_cell,FN1,FN1,ITGB7,ITGA4_ITGB7,0.44475552,0.44475552,0.44475552,1,0.0,1710.0,True,NA,NA
Mono_c14,NK,FN1,FN1,ITGA5,ITGA5_ITGB1,0.44288537,0.44288537,0.44288537,1,0.0,1712.0,True,NA,NA
Epithelial,T_cell,SELP,SELP,SELPLG,SELPLG,0.44225287,0.44225287,0.44225287,1,0.0,1713.0,True,NA,NA
Macrophage,NK,FAM3C,FAM3C,CLEC2D,CLEC2D,0.44192275,0.44192275,0.44192275,1,0.0,1716.0,True,NA,NA
DC,Mono_c14,TNF,TNF,VSIR,VSIR,0.4415732,0.4415732,0.4415732,1,0.0,1718.0,True,NA,NA
Macrophage,DC,SPP1,SPP1,PTGER4,PTGER4,0.44124126,0.44124126,0.44124126,1,0.02,1719.0,True,NA,NA
Mono_c14,Mono_c14,ITGAM,ITGAM_ITGB2,ICAM1,ICAM1,0.44123316,0.44123316,0.44123316,1,0.0,1720.0,True,NA,NA
Epithelial,DC,C3,C3,C3AR1,C3AR1,0.4411481,0.4411481,0.4411481,1,0.0,1721.0,True,NA,NA
DC,Macrophage,SEMA4D,SEMA4D,PLXNB2,PLXNB2,0.43979,0.43979,0.43979,1,0.0,1725.0,True,NA,NA
DC,T_cell,GAS6,GAS6,AXL,AXL,0.43840298,0.43840298,0.43840298,1,0.0,1729.0,True,NA,NA
Mono_c14,Mono_c14,TNF,TNF,VSIR,VSIR,0.43803906,0.43803906,0.43803906,1,0.0,1730.0,True,NA,NA
DC,B_cell,TNFSF13,TNFSF13,TNFRSF14,TNFRSF14,0.43778434,0.43778434,0.43778434,1,0.0,1731.0,True,NA,NA
DC,DC,COPA,COPA,P2RY6,P2RY6,0.43741518,0.43741518,0.43741518,1,0.0,1732.0,True,NA,NA
Macrophage,NK,FAM3C,FAM3C,KIR2DL3,KIR2DL3,0.436931,0.436931,0.436931,1,0.0,1733.0,True,NA,NA
Macrophage,Mono_c14,APP,APP,FPR2,FPR2,0.43645722,0.43645722,0.43645722,1,0.0,1734.0,True,NA,NA
Epithelial,Epithelial,LGALS9,LGALS9,PTPRK,PTPRK,0.43534917,0.43534917,0.43534917,1,0.005,1738.0,True,NA,NA
NK,NK,BAG6,BAG6,NCR3,NCR3,0.4351474,0.4351474,0.4351474,1,0.0,1739.0,True,NA,NA
Mono_c14,DC,FN1,FN1,ITGAV,ITGAV_ITGB1,0.43421134,0.43421134,0.43421134,1,0.0,1741.0,True,NA,NA
Macrophage,DC,CCL8,CCL8,CCR2,CCR2,0.43340477,0.43340477,0.43340477,1,0.0,1744.0,True,NA,NA
B_cell,NK,FCER2,FCER2,ITGAX,ITGAX_ITGB2,0.43288243,0.43288243,0.43288243,1,0.0,1746.0,True,NA,NA
B_cell,Epithelial,COL19A1,COL19A1,ITGA2,ITGA2_ITGB1,0.43268013,0.43268013,0.43268013,1,0.0,1748.0,True,NA,NA
Epithelial,B_cell,CDH1,CDH1,ITGB7,ITGAE_ITGB7,0.43261003,0.43261003,0.43261003,1,0.0,1749.0,True,NA,NA
Macrophage,NK,TNFSF13,TNFSF13,TNFRSF1A,TNFRSF1A,0.432185,0.432185,0.432185,1,0.0,1750.0,True,NA,NA
Epithelial,Mono_c14,C3,C3,C3AR1,C3AR1,0.43105668,0.43105668,0.43105668,1,0.0,1753.0,True,NA,NA
Epithelial,NK,CXCL8,CXCL8,CXCR2,CXCR2,0.43068492,0.43068492,0.43068492,1,0.0,1754.0,True,NA,NA
DC,Macrophage,IL15,IL15,IL15RA,IL15RA,0.43063366,0.43063366,0.43063366,1,0.0,1755.0,True,NA,NA
Mono_c14,Mono_c14,FN1,FN1,ITGA4,ITGA4_ITGB1,0.43026134,0.43026134,0.43026134,1,0.0,1756.0,True,NA,NA
Macrophage,B_cell,TNFSF13,TNFSF13,TNFRSF13B,TNFRSF13B,0.43004715,0.43004715,0.43004715,1,0.0,1757.0,True,NA,NA
Macrophage,T_cell,PVR,PVR,CD96,CD96,0.4296254,0.4296254,0.4296254,1,0.0,1758.0,True,NA,NA
Epithelial,Macrophage,SELP,SELP,SELPLG,SELPLG,0.42948288,0.42948288,0.42948288,1,0.0,1759.0,True,NA,NA
Mono_c14,Macrophage,FN1,FN1,ITGA3,ITGA3_ITGB1,0.42911953,0.42911953,0.42911953,1,0.0,1762.0,True,NA,NA
Epithelial,Mono_c14,FAM3C,FAM3C,FFAR2,FFAR2,0.4288479,0.4288479,0.4288479,1,0.0,1763.0,True,NA,NA
Macrophage,Mono_c14,HLA-G,HLA-G,LILRB2,LILRB2,0.42838395,0.42838395,0.42838395,1,0.0,1765.0,True,NA,NA
DC,Epithelial,TNFSF13,TNFSF13,TNFRSF1A,TNFRSF1A,0.42817888,0.42817888,0.42817888,1,0.0,1766.0,True,NA,NA
Epithelial,Mono_c14,C3,C3,ITGAM,ITGAM_ITGB2,0.42763442,0.42763442,0.42763442,1,0.0,1767.0,True,NA,NA
Macrophage,Macrophage,TNF,TNF,FAS,FAS,0.4272424,0.4272424,0.4272424,1,0.0,1769.0,True,NA,NA
Epithelial,NK,GP1BA,GP1BA,ITGAM,ITGAM_ITGB2,0.4257372,0.4257372,0.4257372,1,0.0,1771.0,True,NA,NA
T_cell,DC,ITGAL,ITGAL_ITGB2,ICAM3,ICAM3,0.42449966,0.42449966,0.42449966,1,0.04,1774.0,True,NA,NA
B_cell,NK,BAG6,BAG6,NCR3,NCR3,0.42415455,0.42415455,0.42415455,1,0.0,1775.0,True,NA,NA
T_cell,Macrophage,ITGAL,ITGAL_ITGB2,F11R,F11R,0.4238423,0.4238423,0.4238423,1,0.0,1778.0,True,NA,NA
DC,NK,IL15RA,IL15RA,AXL,AXL,0.423282,0.423282,0.423282,1,0.0,1780.0,True,NA,NA
NK,B_cell,FAM3C,FAM3C,CLEC2D,CLEC2D,0.4226562,0.4226562,0.4226562,1,0.0,1781.0,True,NA,NA
DC,Mono_c14,HEBP1,HEBP1,FPR3,FPR3,0.4220608,0.4220608,0.4220608,1,0.0,1782.0,True,NA,NA
T_cell,Macrophage,CD40LG,CD40LG,ITGA5,ITGA5_ITGB1,0.42168564,0.42168564,0.42168564,1,0.0,1785.0,True,NA,NA
Macrophage,Macrophage,APP,APP,FPR2,FPR2,0.42062584,0.42062584,0.42062584,1,0.0,1788.0,True,NA,NA
DC,Macrophage,ITGAL,ITGAL_ITGB2,ICAM1,ICAM1,0.42010432,0.42010432,0.42010432,1,0.005,1789.0,True,NA,NA
DC,Mono_c14,IL15RA,IL15RA,AXL,AXL,0.41983908,0.41983908,0.41983908,1,0.0,1790.0,True,NA,NA
Macrophage,NK,PVR,PVR,CD96,CD96,0.41973743,0.41973743,0.41973743,1,0.0,1791.0,True,NA,NA
Mono_c14,T_cell,TNFSF13,TNFSF13,TNFRSF14,TNFRSF14,0.4195124,0.4195124,0.4195124,1,0.0,1792.0,True,NA,NA
Mono_c14,Mono_c14,TNFSF13,TNFSF13,TNFRSF1A,TNFRSF1A,0.4195083,0.4195083,0.4195083,1,0.0,1793.0,True,NA,NA
DC,T_cell,FN1,FN1,ITGB7,ITGA4_ITGB7,0.41942117,0.41942117,0.41942117,1,0.0,1794.0,True,NA,NA
Epithelial,DC,AREG,AREG,ICAM1,ICAM1,0.41909987,0.41909987,0.41909987,1,0.0,1795.0,True,NA,NA
NK,DC,TIGIT,TIGIT,NECTIN2,NECTIN2,0.41889817,0.41889817,0.41889817,1,0.0,1796.0,True,NA,NA
Macrophage,Macrophage,SEMA4D,SEMA4D,PLXNB2,PLXNB2,0.4187348,0.4187348,0.4187348,1,0.0,1797.0,True,NA,NA
DC,Epithelial,ITGAL,ITGAL_ITGB2,F11R,F11R,0.41846776,0.41846776,0.41846776,1,0.0,1798.0,True,NA,NA
Macrophage,T_cell,TNF,TNF,VSIR,VSIR,0.41843605,0.41843605,0.41843605,1,0.015,1799.0,True,NA,NA
Mono_c14,Macrophage,SEMA4D,SEMA4D,PLXNB2,PLXNB2,0.41602898,0.41602898,0.41602898,1,0.0,1803.0,True,NA,NA
DC,B_cell,FAM3C,FAM3C,CLEC2D,CLEC2D,0.41600236,0.41600236,0.41600236,1,0.0,1804.0,True,NA,NA
Mono_c14,DC,SPN,SPN,ICAM1,ICAM1,0.4158622,0.4158622,0.4158622,1,0.005,1805.0,True,NA,NA
Macrophage,DC,TNFSF13,TNFSF13,FAS,FAS,0.41532093,0.41532093,0.41532093,1,0.0,1806.0,True,NA,NA
Mono_c14,Epithelial,ITGAX,ITGAX_ITGB2,ICAM1,ICAM1,0.41520613,0.41520613,0.41520613,1,0.01,1807.0,True,NA,NA
Mono_c14,Mono_c14,HEBP1,HEBP1,FPR3,FPR3,0.4147604,0.4147604,0.4147604,1,0.0,1810.0,True,NA,NA
Mono_c14,Mono_c14,CD1D,CD1D,LILRB2,LILRB2,0.41420853,0.41420853,0.41420853,1,0.0,1811.0,True,NA,NA
Macrophage,DC,ITGAL,ITGAL_ITGB2,ICAM1,ICAM1,0.41337162,0.41337162,0.41337162,1,0.01,1813.0,True,NA,NA
Macrophage,Macrophage,LILRB1,LILRB1,HLA-G,HLA-G,0.41326445,0.41326445,0.41326445,1,0.0,1814.0,True,NA,NA
Epithelial,NK,PLXNB1,PLXNB1,SEMA4D,SEMA4D,0.41231835,0.41231835,0.41231835,1,0.0,1816.0,True,NA,NA
NK,Mono_c14,FASLG,FASLG,TNFRSF1A,TNFRSF1A,0.4104414,0.4104414,0.4104414,1,0.0,1819.0,True,NA,NA
DC,NK,CD72,CD72,SEMA4D,SEMA4D,0.4099812,0.4099812,0.4099812,1,0.0,1820.0,True,NA,NA
Epithelial,Mono_c14,AREG,AREG,ICAM1,ICAM1,0.4096753,0.4096753,0.4096753,1,0.0,1821.0,True,NA,NA
T_cell,B_cell,CCL4,CCL4,CNR2,CNR2,0.40950394,0.40950394,0.40950394,1,0.0,1822.0,True,NA,NA
NK,Epithelial,TIGIT,TIGIT,NECTIN2,NECTIN2,0.4093492,0.4093492,0.4093492,1,0.0,1823.0,True,NA,NA
Macrophage,Epithelial,IL15RA,IL15RA,AXL,AXL,0.40847012,0.40847012,0.40847012,1,0.005,1824.0,True,NA,NA
Mono_c14,Epithelial,SPP1,SPP1,PTGER4,PTGER4,0.40839252,0.40839252,0.40839252,1,0.0,1825.0,True,NA,NA
Epithelial,Macrophage,GP1BA,GP1BA,ITGAM,ITGAM_ITGB2,0.40815794,0.40815794,0.40815794,1,0.0,1827.0,True,NA,NA
T_cell,DC,TIGIT,TIGIT,NECTIN2,NECTIN2,0.40801182,0.40801182,0.40801182,1,0.0,1829.0,True,NA,NA
Macrophage,NK,CXCL8,CXCL8,CXCR2,CXCR2,0.4071648,0.4071648,0.4071648,1,0.0,1831.0,True,NA,NA
Macrophage,T_cell,TNFSF13,TNFSF13,FAS,FAS,0.4070233,0.4070233,0.4070233,1,0.0,1832.0,True,NA,NA
B_cell,DC,FCER2,FCER2,ITGAM,ITGAM_ITGB2,0.40672928,0.40672928,0.40672928,1,0.0,1833.0,True,NA,NA
Mono_c14,Mono_c14,SPN,SPN,ICAM1,ICAM1,0.40643764,0.40643764,0.40643764,1,0.0,1836.0,True,NA,NA
Mono_c14,Epithelial,FN1,FN1,ITGAV,ITGAV_ITGB3,0.40616608,0.40616608,0.40616608,1,0.0,1838.5,True,NA,NA
Mono_c14,Epithelial,FN1,FN1,ITGAV,ITGAV_ITGB1,0.40616608,0.40616608,0.40616608,1,0.0,1838.5,True,NA,NA
Club,DC,MDK,MDK,SORL1,SORL1,0.4056937,0.4056937,0.4056937,1,0.0,1840.0,True,NA,NA
Mono_c14,Macrophage,CCL7,CCL7,CCR5,CCR5,0.40490633,0.40490633,0.40490633,1,0.0,1841.0,True,NA,NA
Mono_c14,Mono_c14,TNFSF13,TNFSF13,TNFRSF14,TNFRSF14,0.40429083,0.40429083,0.40429083,1,0.0,1844.0,True,NA,NA
Macrophage,Mono_c14,ITGAL,ITGAL_ITGB2,ICAM1,ICAM1,0.4039471,0.4039471,0.4039471,1,0.0,1846.0,True,NA,NA
Macrophage,T_cell,CXCL11,CXCL11,CXCR3,CXCR3,0.4038775,0.4038775,0.4038775,1,0.0,1847.0,True,NA,NA
Epithelial,DC,COPA,COPA,P2RY6,P2RY6,0.403734,0.403734,0.403734,1,0.0,1848.0,True,NA,NA
Mono_c14,B_cell,FAM3C,FAM3C,CLEC2D,CLEC2D,0.40352482,0.40352482,0.40352482,1,0.0,1849.0,True,NA,NA
DC,Club,TNFSF12,TNFSF12,TNFRSF12A,TNFRSF12A,0.40219396,0.40219396,0.40219396,1,0.0,1856.0,True,NA,NA
Epithelial,Macrophage,SEMA4D,SEMA4D,PLXNB2,PLXNB2,0.40217894,0.40217894,0.40217894,1,0.0,1857.0,True,NA,NA
Mono_c14,NK,IL1B,IL1B,ADRB2,ADRB2,0.4009213,0.4009213,0.4009213,1,0.0,1861.0,True,NA,NA
Mono_c14,NK,TNF,TNF,VSIR,VSIR,0.40055174,0.40055174,0.40055174,1,0.005,1864.0,True,NA,NA
Epithelial,DC,FAM3C,FAM3C,CLEC2D,CLEC2D,0.4003176,0.4003176,0.4003176,1,0.0,1865.0,True,NA,NA
Mono_c14,NK,IL15RA,IL15RA,AXL,AXL,0.39958653,0.39958653,0.39958653,1,0.0,1867.0,True,NA,NA
T_cell,Epithelial,LGALS9,LGALS9,MET,MET,0.39916557,0.39916557,0.39916557,1,0.0,1868.0,True,NA,NA
NK,Epithelial,LGALS9,LGALS9,MET,MET,0.3991037,0.3991037,0.3991037,1,0.025,1869.0,True,NA,NA
T_cell,Epithelial,TIGIT,TIGIT,NECTIN2,NECTIN2,0.39846283,0.39846283,0.39846283,1,0.0,1871.0,True,NA,NA
B_cell,Epithelial,LGALS9,LGALS9,MET,MET,0.39792866,0.39792866,0.39792866,1,0.045,1876.0,True,NA,NA
B_cell,NK,FAM3C,FAM3C,CLEC2D,CLEC2D,0.39770627,0.39770627,0.39770627,1,0.0,1877.0,True,NA,NA
Epithelial,Macrophage,JAG1,JAG1,NOTCH2,NOTCH2,0.39739144,0.39739144,0.39739144,1,0.0,1878.0,True,NA,NA
DC,Mono_c14,APP,APP,FPR2,FPR2,0.3964876,0.3964876,0.3964876,1,0.0,1880.0,True,NA,NA
Mono_c14,Mono_c14,IL15RA,IL15RA,AXL,AXL,0.39614362,0.39614362,0.39614362,1,0.0,1883.0,True,NA,NA
Macrophage,Macrophage,AREG,AREG,ICAM1,ICAM1,0.394314,0.394314,0.394314,1,0.0,1886.0,True,NA,NA
Epithelial,NK,FAM3C,FAM3C,ADGRG5,ADGRG5,0.39415738,0.39415738,0.39415738,1,0.0,1888.0,True,NA,NA
Macrophage,T_cell,CXCL2,CXCL2,DPP4,DPP4,0.39323482,0.39323482,0.39323482,1,0.0,1890.0,True,NA,NA
Epithelial,Macrophage,CDH1,CDH1,ITGB7,ITGAE_ITGB7,0.39312255,0.39312255,0.39312255,1,0.0,1892.0,True,NA,NA
B_cell,NK,FAM3C,FAM3C,KIR2DL3,KIR2DL3,0.39271453,0.39271453,0.39271453,1,0.0,1893.0,True,NA,NA
Epithelial,NK,PROS1,PROS1,AXL,AXL,0.3925965,0.3925965,0.3925965,1,0.0,1894.0,True,NA,NA
DC,Epithelial,CD1D,CD1D,CEACAM5,CEACAM5,0.39228016,0.39228016,0.39228016,1,0.0,1895.0,True,NA,NA
Macrophage,NK,CD72,CD72,SEMA4D,SEMA4D,0.39136985,0.39136985,0.39136985,1,0.0,1898.0,True,NA,NA
Macrophage,Club,TNFSF12,TNFSF12,TNFRSF12A,TNFRSF12A,0.39124125,0.39124125,0.39124125,1,0.0,1899.0,True,NA,NA
Mono_c14,Mono_c14,CSF1,CSF1,SIRPA,SIRPA,0.39085653,0.39085653,0.39085653,1,0.0,1900.0,True,NA,NA
T_cell,Mono_c14,CD28,CD28,CD86,CD86,0.39050192,0.39050192,0.39050192,1,0.0,1901.0,True,NA,NA
Mono_c14,DC,CCL7,CCL7,CCR2,CCR2,0.38965693,0.38965693,0.38965693,1,0.0,1906.0,True,NA,NA
Epithelial,Mono_c14,PROS1,PROS1,AXL,AXL,0.3891536,0.3891536,0.3891536,1,0.0,1908.0,True,NA,NA
DC,Macrophage,VEGFA,VEGFA,NRP1,NRP1,0.387258,0.387258,0.387258,1,0.0,1910.0,True,NA,NA
Mono_c14,DC,COPA,COPA,P2RY6,P2RY6,0.38715702,0.38715702,0.38715702,1,0.0,1911.0,True,NA,NA
Mono_c14,Macrophage,IL15,IL15,IL15RA,IL15RA,0.38675454,0.38675454,0.38675454,1,0.0,1912.0,True,NA,NA
Epithelial,Mono_c14,GP1BA,GP1BA,ITGAM,ITGAM_ITGB2,0.38656723,0.38656723,0.38656723,1,0.0,1913.0,True,NA,NA
Macrophage,Epithelial,COL8A2,COL8A2,ITGA2,ITGA2_ITGB1,0.3863606,0.3863606,0.3863606,1,0.0,1915.0,True,NA,NA
DC,B_cell,GAS6,GAS6,AXL,AXL,0.38454384,0.38454384,0.38454384,1,0.0,1917.0,True,NA,NA
Mono_c14,Mono_c14,SPP1,SPP1,ITGA4,ITGA4_ITGB1,0.38429278,0.38429278,0.38429278,1,0.0,1918.0,True,NA,NA
Macrophage,T_cell,TNFSF13,TNFSF13,TNFRSF1A,TNFRSF1A,0.38399956,0.38399956,0.38399956,1,0.0,1919.0,True,NA,NA
B_cell,DC,COPA,COPA,P2RY6,P2RY6,0.38357967,0.38357967,0.38357967,1,0.0,1920.0,True,NA,NA
Macrophage,T_cell,BAG6,BAG6,NCR3,NCR3,0.38311145,0.38311145,0.38311145,1,0.0,1922.0,True,NA,NA
DC,Macrophage,LILRB1,LILRB1,HLA-G,HLA-G,0.38281113,0.38281113,0.38281113,1,0.0,1923.0,True,NA,NA
Macrophage,NK,CXCL2,CXCL2,CXCR2,CXCR2,0.38267815,0.38267815,0.38267815,1,0.0,1924.0,True,NA,NA
Macrophage,B_cell,TNFSF13,TNFSF13,TNFRSF17,TNFRSF17,0.3826396,0.3826396,0.3826396,1,0.0,1925.0,True,NA,NA
Macrophage,Epithelial,TNFSF13,TNFSF13,FAS,FAS,0.38247144,0.38247144,0.38247144,1,0.0,1926.0,True,NA,NA
Epithelial,Mono_c14,SAA1,SAA1,FPR2,FPR2,0.38210285,0.38210285,0.38210285,1,0.0,1927.0,True,NA,NA
T_cell,Epithelial,TGFB1,TGFB1,EGFR,EGFR,0.38105738,0.38105738,0.38105738,1,0.0,1930.0,True,NA,NA
DC,DC,CCL8,CCL8,CCR2,CCR2,0.3809784,0.3809784,0.3809784,1,0.01,1931.0,True,NA,NA
DC,Macrophage,APP,APP,FPR2,FPR2,0.38065618,0.38065618,0.38065618,1,0.0,1933.0,True,NA,NA
DC,T_cell,CXCL11,CXCL11,CXCR3,CXCR3,0.37914965,0.37914965,0.37914965,1,0.0,1937.0,True,NA,NA
Macrophage,DC,HLA-G,HLA-G,LILRB2,LILRB2,0.37836283,0.37836283,0.37836283,1,0.0,1940.0,True,NA,NA
Club,Mono_c14,MDK,MDK,SORL1,SORL1,0.3778823,0.3778823,0.3778823,1,0.0,1941.0,True,NA,NA
DC,Club,CD1D,CD1D,CEACAM5,CEACAM5,0.37754154,0.37754154,0.37754154,1,0.0,1942.0,True,NA,NA
Mono_c14,DC,ITGAL,ITGAL_ITGB2,ICAM1,ICAM1,0.37683547,0.37683547,0.37683547,1,0.02,1943.0,True,NA,NA
NK,DC,SEMA4D,SEMA4D,PLXNB2,PLXNB2,0.37674713,0.37674713,0.37674713,1,0.0,1945.0,True,NA,NA
DC,NK,C3,C3,ITGAM,ITGAM_ITGB2,0.3764725,0.3764725,0.3764725,1,0.0,1947.0,True,NA,NA
Epithelial,Macrophage,SEMA3A,SEMA3A,NRP1,NRP1,0.3761984,0.3761984,0.3761984,1,0.0,1949.0,True,NA,NA
DC,Macrophage,VEGFB,VEGFB,NRP1,NRP1,0.37560767,0.37560767,0.37560767,1,0.0,1950.0,True,NA,NA
Club,T_cell,CDH1,CDH1,KLRG1,KLRG1,0.37524396,0.37524396,0.37524396,1,0.0,1952.0,True,NA,NA
Epithelial,T_cell,PLXNB1,PLXNB1,SEMA4D,SEMA4D,0.37480205,0.37480205,0.37480205,1,0.0,1953.0,True,NA,NA
Macrophage,Mono_c14,TNFSF13,TNFSF13,FAS,FAS,0.3745084,0.3745084,0.3745084,1,0.0,1955.0,True,NA,NA
DC,Epithelial,COPA,COPA,SORT1,SORT1,0.37445828,0.37445828,0.37445828,1,0.0,1956.0,True,NA,NA
Club,Epithelial,MDK,MDK,LRP1,LRP1,0.37445736,0.37445736,0.37445736,1,0.035,1957.0,True,NA,NA
DC,T_cell,CLEC2D,CLEC2D,KLRB1,KLRB1,0.3743971,0.3743971,0.3743971,1,0.0,1958.0,True,NA,NA
Epithelial,Macrophage,PTN,PTN,PLXNB2,PLXNB2,0.37318692,0.37318692,0.37318692,1,0.0,1960.0,True,NA,NA
DC,T_cell,CD72,CD72,SEMA4D,SEMA4D,0.3724649,0.3724649,0.3724649,1,0.0,1963.0,True,NA,NA
Mono_c14,DC,CSF1,CSF1,SIRPA,SIRPA,0.37167168,0.37167168,0.37167168,1,0.0,1965.0,True,NA,NA
DC,Mono_c14,COPA,COPA,SORT1,SORT1,0.37083402,0.37083402,0.37083402,1,0.0,1967.0,True,NA,NA
Macrophage,NK,VEGFB,VEGFB,ADRB2,ADRB2,0.37006187,0.37006187,0.37006187,1,0.0,1968.0,True,NA,NA
DC,NK,TNFSF13,TNFSF13,TNFRSF1A,TNFRSF1A,0.36997423,0.36997423,0.36997423,1,0.0,1970.0,True,NA,NA
DC,Macrophage,TNF,TNF,FAS,FAS,0.36913735,0.36913735,0.36913735,1,0.0,1971.0,True,NA,NA
Epithelial,Epithelial,THBS1,THBS1,ITGA3,ITGA3_ITGB1,0.36892837,0.36892837,0.36892837,1,0.0,1972.0,True,NA,NA
Macrophage,Mono_c14,FAM3C,FAM3C,FFAR2,FFAR2,0.3687377,0.3687377,0.3687377,1,0.0,1973.0,True,NA,NA
DC,B_cell,TNFSF13,TNFSF13,TNFRSF13B,TNFRSF13B,0.36783636,0.36783636,0.36783636,1,0.0,1975.0,True,NA,NA
T_cell,Macrophage,CD28,CD28,CD80,CD80,0.36759412,0.36759412,0.36759412,1,0.0,1976.0,True,NA,NA
Mono_c14,Mono_c14,ITGAL,ITGAL_ITGB2,ICAM1,ICAM1,0.36741093,0.36741093,0.36741093,1,0.0,1977.0,True,NA,NA
Mono_c14,NK,MDK,MDK,SORL1,SORL1,0.36658472,0.36658472,0.36658472,1,0.0,1979.0,True,NA,NA
Macrophage,Epithelial,COL6A1,COL6A1,ITGA2,ITGA2_ITGB1,0.36656314,0.36656314,0.36656314,1,0.0,1980.0,True,NA,NA
Epithelial,Macrophage,SAA1,SAA1,FPR2,FPR2,0.36627147,0.36627147,0.36627147,1,0.0,1981.0,True,NA,NA
Mono_c14,Macrophage,TNF,TNF,FAS,FAS,0.3656032,0.3656032,0.3656032,1,0.0,1984.0,True,NA,NA
Macrophage,Epithelial,DSC2,DSC2,DSG2,DSG2,0.3654128,0.3654128,0.3654128,1,0.0,1985.0,True,NA,NA
Macrophage,DC,CCL7,CCL7,CCR5,CCR5,0.36508104,0.36508104,0.36508104,1,0.005,1987.0,True,NA,NA
Mono_c14,DC,CD1D,CD1D,LILRB2,LILRB2,0.36418742,0.36418742,0.36418742,1,0.0,1988.0,True,NA,NA
DC,DC,ITGAM,ITGAM_ITGB2,ICAM1,ICAM1,0.3639372,0.3639372,0.3639372,1,0.035,1989.0,True,NA,NA
DC,Epithelial,AREG,AREG,EGFR,EGFR,0.3635149,0.3635149,0.3635149,1,0.0,1991.0,True,NA,NA
Mono_c14,Macrophage,TNFSF13,TNFSF13,FAS,FAS,0.3633086,0.3633086,0.3633086,1,0.0,1992.0,True,NA,NA
Mono_c14,Epithelial,IL1B,IL1B,ADRB2,ADRB2,0.3631277,0.3631277,0.3631277,1,0.0,1993.0,True,NA,NA
Club,NK,CDH1,CDH1,KLRG1,KLRG1,0.36297092,0.36297092,0.36297092,1,0.0,1994.0,True,NA,NA
Epithelial,Epithelial,THBS1,THBS1,ITGB3,ITGA2B_ITGB3,0.36294067,0.36294067,0.36294067,1,0.0,1995.0,True,NA,NA
Macrophage,Macrophage,TNF,TNF,NOTCH1,NOTCH1,0.36252704,0.36252704,0.36252704,1,0.0,1996.0,True,NA,NA
NK,DC,AREG,AREG,ICAM1,ICAM1,0.36122394,0.36122394,0.36122394,1,0.0,1999.0,True,NA,NA
Macrophage,Macrophage,SEMA4A,SEMA4A,PLXND1,PLXND1,0.36085504,0.36085504,0.36085504,1,0.0,2000.0,True,NA,NA
Mono_c14,Epithelial,SPP1,SPP1,ITGAV,ITGAV_ITGB3,0.36019754,0.36019754,0.36019754,1,0.0,2003.0,True,NA,NA
DC,NK,MDK,MDK,SORL1,SORL1,0.3596666,0.3596666,0.3596666,1,0.0,2005.0,True,NA,NA
Club,Epithelial,MDK,MDK,SORL1,SORL1,0.35930246,0.35930246,0.35930246,1,0.0,2008.0,True,NA,NA
DC,Macrophage,C3,C3,ITGAM,ITGAM_ITGB2,0.35889328,0.35889328,0.35889328,1,0.0,2010.0,True,NA,NA
Macrophage,Macrophage,ITGAL,ITGAL_ITGB2,F11R,F11R,0.35825205,0.35825205,0.35825205,1,0.0,2012.0,True,NA,NA
Macrophage,T_cell,CXCL11,CXCL11,DPP4,DPP4,0.35768926,0.35768926,0.35768926,1,0.0,2014.0,True,NA,NA
Epithelial,Macrophage,VEGFA,VEGFA,NRP1,NRP1,0.35755944,0.35755944,0.35755944,1,0.0,2015.0,True,NA,NA
DC,Mono_c14,ITGAM,ITGAM_ITGB2,ICAM1,ICAM1,0.35451266,0.35451266,0.35451266,1,0.01,2021.0,True,NA,NA
NK,Macrophage,FASLG,FASLG,FAS,FAS,0.35424167,0.35424167,0.35424167,1,0.0,2022.0,True,NA,NA
Macrophage,T_cell,CD72,CD72,SEMA4D,SEMA4D,0.35385352,0.35385352,0.35385352,1,0.0,2023.0,True,NA,NA
B_cell,Epithelial,FCER2,FCER2,ITGAV,ITGAV_ITGB3,0.35361654,0.35361654,0.35361654,1,0.0,2024.0,True,NA,NA
DC,DC,COPA,COPA,SORT1,SORT1,0.35348374,0.35348374,0.35348374,1,0.0,2025.0,True,NA,NA
Epithelial,Epithelial,COL16A1,COL16A1,ITGA2,ITGA2_ITGB1,0.35337162,0.35337162,0.35337162,1,0.0,2026.0,True,NA,NA
T_cell,DC,CD40LG,CD40LG,CD40,CD40,0.35319397,0.35319397,0.35319397,1,0.0,2027.0,True,NA,NA
DC,DC,TNFSF13,TNFSF13,FAS,FAS,0.35311016,0.35311016,0.35311016,1,0.0,2028.0,True,NA,NA
Mono_c14,Macrophage,SEMA4A,SEMA4A,PLXND1,PLXND1,0.35242304,0.35242304,0.35242304,1,0.0,2030.0,True,NA,NA
NK,Mono_c14,AREG,AREG,ICAM1,ICAM1,0.3517994,0.3517994,0.3517994,1,0.0,2035.0,True,NA,NA
NK,Mono_c14,SEMA4D,SEMA4D,PLXNB2,PLXNB2,0.35164467,0.35164467,0.35164467,1,0.0,2036.0,True,NA,NA
DC,DC,C3,C3,C3AR1,C3AR1,0.35081625,0.35081625,0.35081625,1,0.0,2039.0,True,NA,NA
Mono_c14,Club,TNFSF12,TNFSF12,TNFRSF12A,TNFRSF12A,0.35074988,0.35074988,0.35074988,1,0.0,2040.0,True,NA,NA
Epithelial,Epithelial,JAG1,JAG1,CD46,CD46,0.34893513,0.34893513,0.34893513,1,0.0,2045.0,True,NA,NA
B_cell,NK,CD72,CD72,SEMA4D,SEMA4D,0.34792078,0.34792078,0.34792078,1,0.0,2046.0,True,NA,NA
NK,Epithelial,COL8A1,COL8A1,ITGA2,ITGA2_ITGB1,0.3474088,0.3474088,0.3474088,1,0.0,2048.0,True,NA,NA
Mono_c14,Macrophage,VEGFB,VEGFB,NRP1,NRP1,0.3451823,0.3451823,0.3451823,1,0.0,2050.0,True,NA,NA
DC,T_cell,TNFSF13,TNFSF13,FAS,FAS,0.3448125,0.3448125,0.3448125,1,0.0,2053.0,True,NA,NA
NK,DC,COPA,COPA,P2RY6,P2RY6,0.34471464,0.34471464,0.34471464,1,0.0,2054.0,True,NA,NA
Club,Epithelial,MDK,MDK,PTPRZ1,PTPRZ1,0.34420025,0.34420025,0.34420025,1,0.0,2055.0,True,NA,NA
Macrophage,DC,IL15,IL15,IL15RA,IL15RA,0.34394264,0.34394264,0.34394264,1,0.0,2057.0,True,NA,NA
Mono_c14,Macrophage,LILRB1,LILRB1,HLA-G,HLA-G,0.34361553,0.34361553,0.34361553,1,0.0,2058.0,True,NA,NA
DC,NK,CXCL9,CXCL9,KIR2DL3,KIR2DL3,0.3432992,0.3432992,0.3432992,1,0.0,2061.0,True,NA,NA
T_cell,DC,COPA,COPA,P2RY6,P2RY6,0.34160972,0.34160972,0.34160972,1,0.0,2066.0,True,NA,NA
Epithelial,DC,C3,C3,ITGAM,ITGAM_ITGB2,0.3409139,0.3409139,0.3409139,1,0.0,2068.0,True,NA,NA
Epithelial,Epithelial,COPA,COPA,SORT1,SORT1,0.3407771,0.3407771,0.3407771,1,0.0,2069.0,True,NA,NA
DC,Mono_c14,C3,C3,C3AR1,C3AR1,0.34072483,0.34072483,0.34072483,1,0.0,2071.0,True,NA,NA
Mono_c14,T_cell,CXCL11,CXCL11,CXCR3,CXCR3,0.3404628,0.3404628,0.3404628,1,0.0,2072.0,True,NA,NA
Macrophage,DC,FAM3C,FAM3C,CLEC2D,CLEC2D,0.34020737,0.34020737,0.34020737,1,0.0,2073.0,True,NA,NA
T_cell,DC,SEMA4D,SEMA4D,PLXNB2,PLXNB2,0.33923084,0.33923084,0.33923084,1,0.0,2075.0,True,NA,NA
Macrophage,DC,VEGFB,VEGFB,NRP1,NRP1,0.33900994,0.33900994,0.33900994,1,0.0,2076.0,True,NA,NA
Macrophage,Mono_c14,TNF,TNF,FFAR2,FFAR2,0.33875337,0.33875337,0.33875337,1,0.0,2077.0,True,NA,NA
DC,Epithelial,ENTPD1,ENTPD1,ADORA2B,ADORA2B,0.33873373,0.33873373,0.33873373,1,0.0,2078.0,True,NA,NA
DC,Epithelial,COL9A2,COL9A2,ITGA2,ITGA2_ITGB1,0.33814105,0.33814105,0.33814105,1,0.0,2080.0,True,NA,NA
DC,Mono_c14,C3,C3,ITGAM,ITGAM_ITGB2,0.3373025,0.3373025,0.3373025,1,0.0,2082.0,True,NA,NA
Epithelial,DC,PLXNB1,PLXNB1,SEMA4D,SEMA4D,0.3372686,0.3372686,0.3372686,1,0.0,2083.0,True,NA,NA
Epithelial,Mono_c14,COPA,COPA,SORT1,SORT1,0.33715284,0.33715284,0.33715284,1,0.0,2084.0,True,NA,NA
DC,Macrophage,FN1,FN1,ITGAV,ITGAV_ITGB1,0.3369285,0.3369285,0.3369285,1,0.02,2085.0,True,NA,NA
Club,DC,CDH1,CDH1,ITGAE,ITGAE_ITGB7,0.3361353,0.3361353,0.3361353,1,0.0,2087.0,True,NA,NA
DC,DC,CD72,CD72,SEMA4D,SEMA4D,0.33493143,0.33493143,0.33493143,1,0.0,2090.0,True,NA,NA
DC,Epithelial,GAS6,GAS6,AXL,AXL,0.3341658,0.3341658,0.3341658,1,0.03,2092.0,True,NA,NA
Macrophage,NK,FAM3C,FAM3C,ADGRG5,ADGRG5,0.33404714,0.33404714,0.33404714,1,0.0,2093.0,True,NA,NA
Macrophage,NK,CXCL5,CXCL5,CXCR2,CXCR2,0.33347517,0.33347517,0.33347517,1,0.0,2094.0,True,NA,NA
Macrophage,T_cell,TNF,TNF,ICOS,ICOS,0.3330336,0.3330336,0.3330336,1,0.0,2095.0,True,NA,NA
DC,T_cell,CXCL11,CXCL11,DPP4,DPP4,0.33296144,0.33296144,0.33296144,1,0.0,2097.0,True,NA,NA
Epithelial,Epithelial,SEMA3C,SEMA3C,NRP2,NRP2,0.33272642,0.33272642,0.33272642,1,0.0,2098.0,True,NA,NA
Macrophage,Epithelial,VEGFB,VEGFB,ADRB2,ADRB2,0.3322683,0.3322683,0.3322683,1,0.0,2101.0,True,NA,NA
Macrophage,NK,CXCL9,CXCL9,KIR2DL3,KIR2DL3,0.33216503,0.33216503,0.33216503,1,0.0,2103.0,True,NA,NA
Mono_c14,DC,IL1B,IL1B,IL1RAP,IL1B_IL1R2_IL1RAP,0.33181477,0.33181477,0.33181477,1,0.0,2104.0,True,NA,NA
DC,Epithelial,AREG,AREG,ICAM1,ICAM1,0.3315351,0.3315351,0.3315351,1,0.0,2105.0,True,NA,NA
Macrophage,NK,IL1B,IL1B,ADRB2,ADRB2,0.33084136,0.33084136,0.33084136,1,0.0,2111.0,True,NA,NA
Epithelial,Mono_c14,SELP,SELP,SELPLG,SELPLG,0.3307321,0.3307321,0.3307321,1,0.0,2112.0,True,NA,NA
Epithelial,Mono_c14,HEBP1,HEBP1,FPR3,FPR3,0.32751092,0.32751092,0.32751092,1,0.02,2120.0,True,NA,NA
T_cell,B_cell,CD40LG,CD40LG,CD40,CD40,0.3272427,0.3272427,0.3272427,1,0.0,2122.0,True,NA,NA
DC,Macrophage,ENTPD1,ENTPD1,ADORA2B,ADORA2B,0.32681784,0.32681784,0.32681784,1,0.0,2124.0,True,NA,NA
Epithelial,DC,SEMA3C,SEMA3C,NRP2,NRP2,0.3262908,0.3262908,0.3262908,1,0.0,2126.0,True,NA,NA
Epithelial,T_cell,PROS1,PROS1,AXL,AXL,0.32604012,0.32604012,0.32604012,1,0.0,2127.0,True,NA,NA
DC,Epithelial,FN1,FN1,ITGA3,ITGA3_ITGB1,0.32589322,0.32589322,0.32589322,1,0.0,2128.0,True,NA,NA
B_cell,Mono_c14,FAM3C,FAM3C,FFAR2,FFAR2,0.32452118,0.32452118,0.32452118,1,0.0,2129.0,True,NA,NA
Mono_c14,Epithelial,COPA,COPA,SORT1,SORT1,0.32420015,0.32420015,0.32420015,1,0.0,2131.0,True,NA,NA
NK,Epithelial,FASLG,FASLG,TNFRSF1A,TNFRSF1A,0.32317173,0.32317173,0.32317173,1,0.0,2133.0,True,NA,NA
Mono_c14,Macrophage,ITGAL,ITGAL_ITGB2,F11R,F11R,0.3217159,0.3217159,0.3217159,1,0.0,2137.0,True,NA,NA
Macrophage,DC,TNF,TNF,RIPK1,RIPK1,0.32128736,0.32128736,0.32128736,1,0.0,2138.0,True,NA,NA
Macrophage,DC,TNF,TNF,FAS,FAS,0.32110375,0.32110375,0.32110375,1,0.0,2140.0,True,NA,NA
B_cell,Epithelial,COPA,COPA,SORT1,SORT1,0.32062274,0.32062274,0.32062274,1,0.0,2142.0,True,NA,NA
Mono_c14,Mono_c14,COPA,COPA,SORT1,SORT1,0.3205759,0.3205759,0.3205759,1,0.0,2143.0,True,NA,NA
DC,B_cell,TNFSF13,TNFSF13,TNFRSF17,TNFRSF17,0.3204288,0.3204288,0.3204288,1,0.0,2144.0,True,NA,NA
DC,Epithelial,TNFSF13,TNFSF13,FAS,FAS,0.32026064,0.32026064,0.32026064,1,0.0,2146.0,True,NA,NA
Macrophage,Mono_c14,IL15,IL15,IL15RA,IL15RA,0.32024717,0.32024717,0.32024717,1,0.0,2147.0,True,NA,NA
DC,Epithelial,FN1,FN1,ITGB3,ITGA2B_ITGB3,0.31990552,0.31990552,0.31990552,1,0.0,2148.0,True,NA,NA
Epithelial,DC,COPA,COPA,SORT1,SORT1,0.31980255,0.31980255,0.31980255,1,0.005,2149.0,True,NA,NA
B_cell,Mono_c14,COPA,COPA,SORT1,SORT1,0.31699848,0.31699848,0.31699848,1,0.0,2156.0,True,NA,NA
Mono_c14,T_cell,CXCL2,CXCL2,DPP4,DPP4,0.31684768,0.31684768,0.31684768,1,0.0,2158.0,True,NA,NA
Epithelial,T_cell,BAG6,BAG6,NCR3,NCR3,0.31662345,0.31662345,0.31662345,1,0.0,2160.0,True,NA,NA
Macrophage,DC,CD72,CD72,SEMA4D,SEMA4D,0.3163201,0.3163201,0.3163201,1,0.0,2161.0,True,NA,NA
Epithelial,DC,JAG1,JAG1,NOTCH2,NOTCH2,0.31622025,0.31622025,0.31622025,1,0.0,2162.0,True,NA,NA
Epithelial,Macrophage,PLXNB1,PLXNB1,SEMA4D,SEMA4D,0.31621337,0.31621337,0.31621337,1,0.0,2163.0,True,NA,NA
Club,Macrophage,MDK,MDK,SORL1,SORL1,0.3161472,0.3161472,0.3161472,1,0.0,2164.0,True,NA,NA
Club,NK,CDH1,CDH1,ITGAE,ITGAE_ITGB7,0.3156911,0.3156911,0.3156911,1,0.0,2168.0,True,NA,NA
NK,NK,IFNG,IFNG,IFNGR1,IFNG_IFNGR1,0.31536436,0.31536436,0.31536436,1,0.0,2169.0,True,NA,NA
Epithelial,Mono_c14,JAG1,JAG1,CD46,CD46,0.31494117,0.31494117,0.31494117,1,0.0,2170.0,True,NA,NA
Mono_c14,DC,IL1B,IL1B,ADRB2,ADRB2,0.31483322,0.31483322,0.31483322,1,0.0,2172.0,True,NA,NA
T_cell,Mono_c14,SEMA4D,SEMA4D,PLXNB2,PLXNB2,0.31412834,0.31412834,0.31412834,1,0.0,2174.0,True,NA,NA
DC,Macrophage,CD72,CD72,SEMA4D,SEMA4D,0.3138762,0.3138762,0.3138762,1,0.0,2175.0,True,NA,NA
Epithelial,Mono_c14,PLXNB1,PLXNB1,SEMA4D,SEMA4D,0.31350756,0.31350756,0.31350756,1,0.0,2176.0,True,NA,NA
Macrophage,T_cell,TNF,TNF,FAS,FAS,0.3128061,0.3128061,0.3128061,1,0.0,2178.0,True,NA,NA
Epithelial,DC,SELP,SELP,SELPLG,SELPLG,0.3124853,0.3124853,0.3124853,1,0.0,2179.0,True,NA,NA
NK,Mono_c14,TIGIT,TIGIT,NECTIN2,NECTIN2,0.31241012,0.31241012,0.31241012,1,0.0,2180.0,True,NA,NA
DC,Mono_c14,TNFSF13,TNFSF13,FAS,FAS,0.31229764,0.31229764,0.31229764,1,0.0,2181.0,True,NA,NA
Macrophage,Mono_c14,VEGFB,VEGFB,NRP1,NRP1,0.31219912,0.31219912,0.31219912,1,0.0,2182.0,True,NA,NA
Macrophage,NK,C3,C3,ITGAM,ITGAM_ITGB2,0.31207874,0.31207874,0.31207874,1,0.0,2183.0,True,NA,NA
Epithelial,DC,JAG1,JAG1,CD46,CD46,0.31153715,0.31153715,0.31153715,1,0.005,2186.0,True,NA,NA
NK,NK,FAM3C,FAM3C,CLEC2D,CLEC2D,0.3112968,0.3112968,0.3112968,1,0.0,2187.0,True,NA,NA
T_cell,DC,ITGAL,ITGAL_ITGB2,F11R,F11R,0.3112576,0.3112576,0.3112576,1,0.0,2188.0,True,NA,NA
DC,Mono_c14,CD72,CD72,SEMA4D,SEMA4D,0.3111704,0.3111704,0.3111704,1,0.0,2190.0,True,NA,NA
Macrophage,Macrophage,VEGFA,VEGFA,NRP1,NRP1,0.3110958,0.3110958,0.3110958,1,0.0,2192.0,True,NA,NA
Macrophage,DC,AREG,AREG,ICAM1,ICAM1,0.31048143,0.31048143,0.31048143,1,0.005,2193.0,True,NA,NA
B_cell,T_cell,CD72,CD72,SEMA4D,SEMA4D,0.31040448,0.31040448,0.31040448,1,0.0,2194.0,True,NA,NA
Epithelial,Macrophage,THBS1,THBS1,ITGA3,ITGA3_ITGB1,0.30989352,0.30989352,0.30989352,1,0.0,2197.0,True,NA,NA
Epithelial,Epithelial,BTC,BTC,ERBB3,ERBB3,0.30809224,0.30809224,0.30809224,1,0.0,2198.0,True,NA,NA
T_cell,DC,CD40LG,CD40LG,ITGA5,ITGA5_ITGB1,0.3079948,0.3079948,0.3079948,1,0.0,2199.0,True,NA,NA
DC,Epithelial,DSC2,DSC2,DSG2,DSG2,0.30712906,0.30712906,0.30712906,1,0.0,2202.0,True,NA,NA
Mono_c14,Mono_c14,CSF1,CSF1,CSF1R,CSF1R,0.30695632,0.30695632,0.30695632,1,0.0,2203.0,True,NA,NA
DC,Epithelial,VEGFA,VEGFA,NRP2,NRP2,0.30642056,0.30642056,0.30642056,1,0.0,2206.0,True,NA,NA
NK,NK,FAM3C,FAM3C,KIR2DL3,KIR2DL3,0.30630505,0.30630505,0.30630505,1,0.0,2207.0,True,NA,NA
Mono_c14,NK,CXCL2,CXCL2,CXCR2,CXCR2,0.306291,0.306291,0.306291,1,0.0,2208.0,True,NA,NA
NK,T_cell,IFNG,IFNG,IFNG,IFNG_IFNGR1,0.3061522,0.3061522,0.3061522,1,0.0,2209.0,True,NA,NA
Epithelial,NK,CXCL1,CXCL1,CXCR2,CXCR2,0.3050387,0.3050387,0.3050387,1,0.0,2210.0,True,NA,NA
DC,DC,GAS6,GAS6,MERTK,MERTK,0.30473864,0.30473864,0.30473864,1,0.0,2212.0,True,NA,NA
DC,NK,FAM3C,FAM3C,CLEC2D,CLEC2D,0.30464295,0.30464295,0.30464295,1,0.0,2213.0,True,NA,NA
Club,T_cell,CDH1,CDH1,ITGAE,ITGAE_ITGB7,0.30443937,0.30443937,0.30443937,1,0.0,2214.0,True,NA,NA
DC,Macrophage,TNF,TNF,NOTCH1,NOTCH1,0.30442202,0.30442202,0.30442202,1,0.0,2215.0,True,NA,NA
DC,NK,IL1B,IL1B,ADRB2,ADRB2,0.30362517,0.30362517,0.30362517,1,0.0,2217.0,True,NA,NA
DC,Mono_c14,SEMA4A,SEMA4A,PLXND1,PLXND1,0.3032817,0.3032817,0.3032817,1,0.0,2218.0,True,NA,NA
Mono_c14,DC,COPA,COPA,SORT1,SORT1,0.30322558,0.30322558,0.30322558,1,0.015,2220.0,True,NA,NA
Macrophage,Macrophage,TNF,TNF,RIPK1,RIPK1,0.30294734,0.30294734,0.30294734,1,0.0,2221.0,True,NA,NA
T_cell,Mono_c14,CD40LG,CD40LG,ITGA5,ITGA5_ITGB1,0.30256587,0.30256587,0.30256587,1,0.0,2224.0,True,NA,NA
Epithelial,Epithelial,AREG,AREG,EGFR,EGFR,0.30233258,0.30233258,0.30233258,1,0.0,2225.0,True,NA,NA
Epithelial,Epithelial,EFNA1,EFNA1,EPHA2,EPHA2,0.30199242,0.30199242,0.30199242,1,0.0,2226.0,True,NA,NA
Mono_c14,Epithelial,CD1D,CD1D,CEACAM5,CEACAM5,0.3019082,0.3019082,0.3019082,1,0.0,2228.0,True,NA,NA
DC,DC,SEMA4D,SEMA4D,PLXNB2,PLXNB2,0.30169737,0.30169737,0.30169737,1,0.0,2229.0,True,NA,NA
T_cell,Mono_c14,TIGIT,TIGIT,NECTIN2,NECTIN2,0.30152375,0.30152375,0.30152375,1,0.0,2230.0,True,NA,NA
Macrophage,Mono_c14,AREG,AREG,ICAM1,ICAM1,0.30105686,0.30105686,0.30105686,1,0.0,2232.0,True,NA,NA
Mono_c14,Macrophage,TNF,TNF,NOTCH1,NOTCH1,0.30088785,0.30088785,0.30088785,1,0.0,2233.0,True,NA,NA
DC,Macrophage,TNFSF12,TNFSF12,TNFRSF12A,TNFRSF12A,0.30045256,0.30045256,0.30045256,1,0.0,2234.0,True,NA,NA
Mono_c14,T_cell,MDK,MDK,SORL1,SORL1,0.30021435,0.30021435,0.30021435,1,0.0,2235.0,True,NA,NA
DC,DC,VEGFA,VEGFA,NRP2,NRP2,0.29998493,0.29998493,0.29998493,1,0.0,2236.0,True,NA,NA
Epithelial,DC,GP1BA,GP1BA,ITGAM,ITGAM_ITGB2,0.2998467,0.2998467,0.2998467,1,0.0,2237.0,True,NA,NA
Epithelial,Epithelial,PLXNB1,PLXNB1,SEMA4D,SEMA4D,0.29965752,0.29965752,0.29965752,1,0.0,2239.0,True,NA,NA
DC,NK,FAM3C,FAM3C,KIR2DL3,KIR2DL3,0.2996512,0.2996512,0.2996512,1,0.0,2240.0,True,NA,NA
B_cell,DC,COPA,COPA,SORT1,SORT1,0.2996482,0.2996482,0.2996482,1,0.04,2241.0,True,NA,NA
DC,DC,SEMA4A,SEMA4A,PLXND1,PLXND1,0.29882452,0.29882452,0.29882452,1,0.0,2245.0,True,NA,NA
Mono_c14,Mono_c14,APP,APP,FPR2,FPR2,0.29811078,0.29811078,0.29811078,1,0.0,2248.0,True,NA,NA
DC,Epithelial,CD72,CD72,SEMA4D,SEMA4D,0.29732037,0.29732037,0.29732037,1,0.0,2255.0,True,NA,NA
DC,T_cell,TNFSF12,TNFSF12,TNFRSF25,TNFRSF25,0.2962389,0.2962389,0.2962389,1,0.0,2258.0,True,NA,NA
B_cell,DC,FAM3C,FAM3C,CLEC2D,CLEC2D,0.29599088,0.29599088,0.29599088,1,0.0,2259.0,True,NA,NA
Macrophage,Macrophage,CD72,CD72,SEMA4D,SEMA4D,0.29526487,0.29526487,0.29526487,1,0.0,2264.0,True,NA,NA
Macrophage,Macrophage,C3,C3,ITGAM,ITGAM_ITGB2,0.2944995,0.2944995,0.2944995,1,0.0,2265.0,True,NA,NA
Mono_c14,T_cell,CXCL11,CXCL11,DPP4,DPP4,0.29427457,0.29427457,0.29427457,1,0.0,2269.0,True,NA,NA
DC,T_cell,MDK,MDK,SORL1,SORL1,0.29329622,0.29329622,0.29329622,1,0.0,2270.0,True,NA,NA
Macrophage,Epithelial,IL1B,IL1B,ADRB2,ADRB2,0.29304782,0.29304782,0.29304782,1,0.01,2271.0,True,NA,NA
Macrophage,Mono_c14,CD72,CD72,SEMA4D,SEMA4D,0.2925591,0.2925591,0.2925591,1,0.0,2274.0,True,NA,NA
Mono_c14,NK,FAM3C,FAM3C,CLEC2D,CLEC2D,0.2921654,0.2921654,0.2921654,1,0.0,2276.0,True,NA,NA
B_cell,NK,FAM3C,FAM3C,ADGRG5,ADGRG5,0.28983065,0.28983065,0.28983065,1,0.0,2280.0,True,NA,NA
B_cell,Epithelial,CD24,CD24,SELP,SELP,0.28956825,0.28956825,0.28956825,1,0.0,2281.0,True,NA,NA
Macrophage,Macrophage,TNFSF12,TNFSF12,TNFRSF12A,TNFRSF12A,0.28949982,0.28949982,0.28949982,1,0.0,2282.0,True,NA,NA
Club,B_cell,CDH1,CDH1,ITGB7,ITGAE_ITGB7,0.2890954,0.2890954,0.2890954,1,0.0,2284.0,True,NA,NA
Macrophage,Epithelial,TNF,TNF,FAS,FAS,0.28825426,0.28825426,0.28825426,1,0.0,2285.0,True,NA,NA
DC,T_cell,BAG6,BAG6,NCR3,NCR3,0.2873832,0.2873832,0.2873832,1,0.0,2288.0,True,NA,NA
Mono_c14,NK,FAM3C,FAM3C,KIR2DL3,KIR2DL3,0.28717366,0.28717366,0.28717366,1,0.0,2289.0,True,NA,NA
Mono_c14,Club,CD1D,CD1D,CEACAM5,CEACAM5,0.28716958,0.28716958,0.28716958,1,0.0,2290.0,True,NA,NA
Epithelial,Epithelial,THBS1,THBS1,ITGAV,ITGAV_ITGB3,0.2869401,0.2869401,0.2869401,1,0.0,2291.0,True,NA,NA
Epithelial,Macrophage,SEMA3A,SEMA3A,PLXNA3,NRP1_PLXNA3,0.28653562,0.28653562,0.28653562,1,0.0,2293.0,True,NA,NA
Macrophage,DC,C3,C3,C3AR1,C3AR1,0.28642246,0.28642246,0.28642246,1,0.0,2294.0,True,NA,NA
Macrophage,T_cell,TNFSF12,TNFSF12,TNFRSF25,TNFRSF25,0.28528616,0.28528616,0.28528616,1,0.0,2297.0,True,NA,NA
Macrophage,DC,VEGFB,VEGFB,ADRB2,ADRB2,0.2839738,0.2839738,0.2839738,1,0.0,2300.0,True,NA,NA
Mono_c14,Macrophage,APP,APP,FPR2,FPR2,0.28227937,0.28227937,0.28227937,1,0.0,2309.0,True,NA,NA
DC,Macrophage,ITGAL,ITGAL_ITGB2,F11R,F11R,0.28115216,0.28115216,0.28115216,1,0.015,2313.0,True,NA,NA
Macrophage,NK,TNF,TNF,RIPK1,RIPK1,0.28094,0.28094,0.28094,1,0.0,2314.0,True,NA,NA
DC,Mono_c14,TNF,TNF,FFAR2,FFAR2,0.28064835,0.28064835,0.28064835,1,0.0,2317.0,True,NA,NA
Macrophage,Mono_c14,TNF,TNF,FAS,FAS,0.2802912,0.2802912,0.2802912,1,0.0,2320.0,True,NA,NA
Macrophage,Epithelial,CD72,CD72,SEMA4D,SEMA4D,0.278709,0.278709,0.278709,1,0.0,2324.0,True,NA,NA
T_cell,DC,CD28,CD28,CD80,CD80,0.27868554,0.27868554,0.27868554,1,0.0,2325.0,True,NA,NA
Mono_c14,DC,SEMA4D,SEMA4D,PLXNB2,PLXNB2,0.27793634,0.27793634,0.27793634,1,0.0,2329.0,True,NA,NA
Mono_c14,Mono_c14,TNF,TNF,FFAR2,FFAR2,0.27711418,0.27711418,0.27711418,1,0.0,2331.0,True,NA,NA
DC,T_cell,CXCL9,CXCL9,CXCR3,CXCR3,0.2770083,0.2770083,0.2770083,1,0.0,2332.0,True,NA,NA
Epithelial,Epithelial,VEGFA,VEGFA,NRP2,NRP2,0.276722,0.276722,0.276722,1,0.0,2333.0,True,NA,NA
Macrophage,DC,TNF,TNF,NOTCH1,NOTCH1,0.27671474,0.27671474,0.27671474,1,0.0,2334.0,True,NA,NA
DC,Mono_c14,SEMA4D,SEMA4D,PLXNB2,PLXNB2,0.2765949,0.2765949,0.2765949,1,0.005,2335.0,True,NA,NA
Macrophage,NK,PVR,PVR,CD226,CD226,0.27644762,0.27644762,0.27644762,1,0.0,2336.0,True,NA,NA
Macrophage,Mono_c14,C3,C3,C3AR1,C3AR1,0.27633104,0.27633104,0.27633104,1,0.0,2337.0,True,NA,NA
Macrophage,NK,TNF,TNF,NOTCH1,NOTCH1,0.27555707,0.27555707,0.27555707,1,0.0,2338.0,True,NA,NA
T_cell,Mono_c14,COPA,COPA,SORT1,SORT1,0.27502856,0.27502856,0.27502856,1,0.035,2339.0,True,NA,NA
DC,T_cell,TNF,TNF,ICOS,ICOS,0.27492857,0.27492857,0.27492857,1,0.0,2341.0,True,NA,NA
DC,DC,IL15,IL15,IL15RA,IL15RA,0.274652,0.274652,0.274652,1,0.0,2344.0,True,NA,NA
Macrophage,Mono_c14,C3,C3,ITGAM,ITGAM_ITGB2,0.27290875,0.27290875,0.27290875,1,0.0,2348.0,True,NA,NA
B_cell,DC,CD72,CD72,SEMA4D,SEMA4D,0.27287102,0.27287102,0.27287102,1,0.0,2349.0,True,NA,NA
Macrophage,Mono_c14,TNF,TNF,NOTCH1,NOTCH1,0.27196658,0.27196658,0.27196658,1,0.0,2351.0,True,NA,NA
Mono_c14,B_cell,TNFSF13,TNFSF13,TNFRSF13B,TNFRSF13B,0.27189612,0.27189612,0.27189612,1,0.0,2353.0,True,NA,NA
Epithelial,T_cell,JAG1,JAG1,CD46,CD46,0.27140683,0.27140683,0.27140683,1,0.005,2354.0,True,NA,NA
Mono_c14,T_cell,TNF,TNF,ICOS,ICOS,0.2713944,0.2713944,0.2713944,1,0.0,2355.0,True,NA,NA
Epithelial,Epithelial,AREG,AREG,ICAM1,ICAM1,0.27035278,0.27035278,0.27035278,1,0.035,2357.0,True,NA,NA
Epithelial,DC,VEGFA,VEGFA,NRP2,NRP2,0.2702864,0.2702864,0.2702864,1,0.0,2358.0,True,NA,NA
NK,Macrophage,FASLG,FASLG,TNFRSF10B,TNFRSF10B,0.26979035,0.26979035,0.26979035,1,0.0,2360.0,True,NA,NA
DC,NK,VEGFB,VEGFB,ADRB2,ADRB2,0.26855242,0.26855242,0.26855242,1,0.0,2362.0,True,NA,NA
Macrophage,T_cell,TNF,TNF,RIPK1,RIPK1,0.26816458,0.26816458,0.26816458,1,0.0,2363.0,True,NA,NA
DC,Macrophage,IL10,IL10,IL10RB,IL10RA_IL10RB,0.26683488,0.26683488,0.26683488,1,0.0,2369.0,True,NA,NA
Macrophage,Epithelial,TNF,TNF,RIPK1,RIPK1,0.2661871,0.2661871,0.2661871,1,0.0,2370.0,True,NA,NA
Macrophage,T_cell,CXCL9,CXCL9,CXCR3,CXCR3,0.26587412,0.26587412,0.26587412,1,0.0,2371.0,True,NA,NA
DC,Epithelial,IL1B,IL1B,ADRB2,ADRB2,0.26583162,0.26583162,0.26583162,1,0.015,2372.0,True,NA,NA
NK,NK,FASLG,FASLG,TNFRSF1A,TNFRSF1A,0.26496708,0.26496708,0.26496708,1,0.015,2374.0,True,NA,NA
DC,DC,TNF,TNF,RIPK1,RIPK1,0.26318234,0.26318234,0.26318234,1,0.0,2383.0,True,NA,NA
DC,DC,TNF,TNF,FAS,FAS,0.2629987,0.2629987,0.2629987,1,0.01,2384.0,True,NA,NA
Macrophage,Epithelial,PVR,PVR,CD226,CD226,0.26222283,0.26222283,0.26222283,1,0.0,2386.0,True,NA,NA
Epithelial,Mono_c14,JAG1,JAG1,NOTCH2,NOTCH2,0.26184866,0.26184866,0.26184866,1,0.0,2388.0,True,NA,NA
Macrophage,DC,IL1B,IL1B,IL1RAP,IL1B_IL1R2_IL1RAP,0.26173484,0.26173484,0.26173484,1,0.04,2389.0,True,NA,NA
Mono_c14,Epithelial,THBS1,THBS1,ITGA3,ITGA3_ITGB1,0.2603883,0.2603883,0.2603883,1,0.0,2396.0,True,NA,NA
Epithelial,Mono_c14,SEMA3C,SEMA3C,NRP2,NRP2,0.26030096,0.26030096,0.26030096,1,0.0,2397.0,True,NA,NA
Mono_c14,DC,TNF,TNF,RIPK1,RIPK1,0.25964817,0.25964817,0.25964817,1,0.0,2400.0,True,NA,NA
Mono_c14,DC,TNF,TNF,FAS,FAS,0.25946456,0.25946456,0.25946456,1,0.005,2401.0,True,NA,NA
Mono_c14,Epithelial,EREG,EREG,EGFR,EGFR,0.25934726,0.25934726,0.25934726,1,0.0,2402.0,True,NA,NA
T_cell,Mono_c14,CD40LG,CD40LG,CD40,CD40,0.25846696,0.25846696,0.25846696,1,0.0,2406.0,True,NA,NA
DC,T_cell,EBI3,EBI3_IL27,IL27RA,IL27RA_IL6ST,0.25803083,0.25803083,0.25803083,1,0.0,2407.0,True,NA,NA
Mono_c14,DC,TNFSF13,TNFSF13,FAS,FAS,0.25716996,0.25716996,0.25716996,1,0.0,2410.0,True,NA,NA
Mono_c14,Macrophage,CSF1,CSF1,CSF1R,CSF1R,0.2565355,0.2565355,0.2565355,1,0.005,2411.0,True,NA,NA
Mono_c14,Epithelial,SEMA3C,SEMA3C,NRP2,NRP2,0.25516185,0.25516185,0.25516185,1,0.0,2415.0,True,NA,NA
DC,T_cell,TNF,TNF,FAS,FAS,0.25470108,0.25470108,0.25470108,1,0.0,2416.0,True,NA,NA
Mono_c14,Epithelial,THBS1,THBS1,ITGB3,ITGA2B_ITGB3,0.2544006,0.2544006,0.2544006,1,0.0,2417.0,True,NA,NA
DC,Epithelial,SEMA3C,SEMA3C,NRP2,NRP2,0.2536308,0.2536308,0.2536308,1,0.0,2418.0,True,NA,NA
Mono_c14,Mono_c14,SEMA4D,SEMA4D,PLXNB2,PLXNB2,0.2528339,0.2528339,0.2528339,1,0.0,2420.0,True,NA,NA
B_cell,Macrophage,CD72,CD72,SEMA4D,SEMA4D,0.2518158,0.2518158,0.2518158,1,0.01,2423.0,True,NA,NA
DC,Epithelial,EREG,EREG,EGFR,EGFR,0.25146323,0.25146323,0.25146323,1,0.0,2424.0,True,NA,NA
Mono_c14,T_cell,TNF,TNF,FAS,FAS,0.2511669,0.2511669,0.2511669,1,0.0,2425.0,True,NA,NA
DC,Mono_c14,IL15,IL15,IL15RA,IL15RA,0.25095654,0.25095654,0.25095654,1,0.0,2427.0,True,NA,NA
DC,DC,C3,C3,ITGAM,ITGAM_ITGB2,0.250582,0.250582,0.250582,1,0.005,2428.0,True,NA,NA
Club,Macrophage,CDH1,CDH1,ITGB7,ITGAE_ITGB7,0.24960792,0.24960792,0.24960792,1,0.0,2430.0,True,NA,NA
DC,DC,VEGFA,VEGFA,NRP1,NRP1,0.24915084,0.24915084,0.24915084,1,0.0,2431.0,True,NA,NA
B_cell,Mono_c14,CD72,CD72,SEMA4D,SEMA4D,0.24911,0.24911,0.24911,1,0.0,2432.0,True,NA,NA
Mono_c14,Macrophage,TNFSF12,TNFSF12,TNFRSF12A,TNFRSF12A,0.24900845,0.24900845,0.24900845,1,0.0,2433.0,True,NA,NA
Mono_c14,T_cell,TNFSF13,TNFSF13,FAS,FAS,0.2488723,0.2488723,0.2488723,1,0.0,2434.0,True,NA,NA
Mono_c14,DC,SEMA3C,SEMA3C,NRP2,NRP2,0.24872622,0.24872622,0.24872622,1,0.0,2435.0,True,NA,NA
NK,DC,FASLG,FASLG,FAS,FAS,0.24810302,0.24810302,0.24810302,1,0.0,2436.0,True,NA,NA
DC,DC,SEMA3C,SEMA3C,NRP2,NRP2,0.24719518,0.24719518,0.24719518,1,0.0,2439.0,True,NA,NA
Macrophage,Epithelial,EREG,EREG,EGFR,EGFR,0.24631383,0.24631383,0.24631383,1,0.0,2440.0,True,NA,NA
DC,Macrophage,TNF,TNF,RIPK1,RIPK1,0.2448423,0.2448423,0.2448423,1,0.0,2444.0,True,NA,NA
Mono_c14,T_cell,TNFSF12,TNFSF12,TNFRSF25,TNFRSF25,0.24479479,0.24479479,0.24479479,1,0.0,2446.0,True,NA,NA
NK,Epithelial,AREG,AREG,EGFR,EGFR,0.24445666,0.24445666,0.24445666,1,0.0,2449.0,True,NA,NA
Epithelial,Epithelial,SEMA3F,SEMA3F,NRP2,NRP2,0.24380806,0.24380806,0.24380806,1,0.0,2454.0,True,NA,NA
Mono_c14,Macrophage,TNF,TNF,RIPK1,RIPK1,0.24130815,0.24130815,0.24130815,1,0.0,2456.0,True,NA,NA
Epithelial,Macrophage,JAG1,JAG1,NOTCH1,NOTCH1,0.24096239,0.24096239,0.24096239,1,0.0,2458.0,True,NA,NA
NK,T_cell,FASLG,FASLG,FAS,FAS,0.23980537,0.23980537,0.23980537,1,0.0,2459.0,True,NA,NA
Mono_c14,NK,VEGFB,VEGFB,ADRB2,ADRB2,0.23812705,0.23812705,0.23812705,1,0.0,2464.0,True,NA,NA
NK,Mono_c14,FAM3C,FAM3C,FFAR2,FFAR2,0.2381117,0.2381117,0.2381117,1,0.0,2465.0,True,NA,NA
Epithelial,DC,SEMA3A,SEMA3A,NRP1,NRP1,0.23809129,0.23809129,0.23809129,1,0.0,2466.0,True,NA,NA
DC,DC,VEGFB,VEGFB,NRP1,NRP1,0.23750053,0.23750053,0.23750053,1,0.0,2470.0,True,NA,NA
Epithelial,DC,SEMA3F,SEMA3F,NRP2,NRP2,0.23737246,0.23737246,0.23737246,1,0.0,2471.0,True,NA,NA
DC,Epithelial,THBS1,THBS1,ITGA3,ITGA3_ITGB1,0.23651683,0.23651683,0.23651683,1,0.0,2472.0,True,NA,NA
T_cell,Epithelial,CD40LG,CD40LG,ITGB3,ITGA2B_ITGB3,0.23607606,0.23607606,0.23607606,1,0.0,2473.0,True,NA,NA
B_cell,Epithelial,CD72,CD72,SEMA4D,SEMA4D,0.23525994,0.23525994,0.23525994,1,0.015,2474.0,True,NA,NA
Epithelial,DC,PTN,PTN,PLXNB2,PLXNB2,0.23509428,0.23509428,0.23509428,1,0.0,2476.0,True,NA,NA
DC,Mono_c14,VEGFA,VEGFA,NRP2,NRP2,0.23399511,0.23399511,0.23399511,1,0.0,2482.0,True,NA,NA
B_cell,Epithelial,ENTPD1,ENTPD1,ADORA2B,ADORA2B,0.23361039,0.23361039,0.23361039,1,0.0,2483.0,True,NA,NA
Macrophage,T_cell,PVR,PVR,CD226,CD226,0.23329523,0.23329523,0.23329523,1,0.0,2485.0,True,NA,NA
Epithelial,Macrophage,SEMA3A,SEMA3A,PLXNA1,NRP1_PLXNA1,0.23288387,0.23288387,0.23288387,1,0.0,2487.0,True,NA,NA
NK,Epithelial,FASLG,FASLG,TNFRSF10B,TNFRSF10B,0.23229128,0.23229128,0.23229128,1,0.0,2490.0,True,NA,NA
DC,Mono_c14,FAM3C,FAM3C,FFAR2,FFAR2,0.23145789,0.23145789,0.23145789,1,0.0,2493.0,True,NA,NA
DC,T_cell,CXCL9,CXCL9,DPP4,DPP4,0.23082006,0.23082006,0.23082006,1,0.0,2495.0,True,NA,NA
Mono_c14,DC,IL15,IL15,IL15RA,IL15RA,0.23077285,0.23077285,0.23077285,1,0.0,2496.0,True,NA,NA
DC,Epithelial,VEGFB,VEGFB,ADRB2,ADRB2,0.23075888,0.23075888,0.23075888,1,0.0,2497.0,True,NA,NA
DC,Epithelial,THBS1,THBS1,ITGB3,ITGA2B_ITGB3,0.23052913,0.23052913,0.23052913,1,0.0,2498.0,True,NA,NA
NK,DC,FLT3LG,FLT3LG,FLT3,FLT3,0.23030363,0.23030363,0.23030363,1,0.0,2499.0,True,NA,NA
Macrophage,Epithelial,VEGFA,VEGFA,NRP2,NRP2,0.23025839,0.23025839,0.23025839,1,0.0,2500.0,True,NA,NA
Macrophage,Macrophage,IL6,IL6,IL6,IL6_IL6R_IL6ST,0.22885281,0.22885281,0.22885281,1,0.0,2502.0,True,NA,NA
Mono_c14,Epithelial,TNF,TNF,FAS,FAS,0.22661506,0.22661506,0.22661506,1,0.04,2507.0,True,NA,NA
Mono_c14,NK,CXCL3,CXCL3,CXCR2,CXCR2,0.22521302,0.22521302,0.22521302,1,0.0,2510.0,True,NA,NA
Mono_c14,T_cell,BAG6,BAG6,NCR3,NCR3,0.22491896,0.22491896,0.22491896,1,0.0,2511.0,True,NA,NA
Mono_c14,B_cell,TNFSF13,TNFSF13,TNFRSF17,TNFRSF17,0.22448859,0.22448859,0.22448859,1,0.0,2512.0,True,NA,NA
Mono_c14,Epithelial,TNFSF13,TNFSF13,FAS,FAS,0.22432044,0.22432044,0.22432044,1,0.005,2513.0,True,NA,NA
Macrophage,DC,VEGFA,VEGFA,NRP2,NRP2,0.22382277,0.22382277,0.22382277,1,0.0,2515.0,True,NA,NA
DC,NK,TNF,TNF,RIPK1,RIPK1,0.22283494,0.22283494,0.22283494,1,0.0,2517.0,True,NA,NA
DC,Mono_c14,VEGFA,VEGFA,NRP1,NRP1,0.22234002,0.22234002,0.22234002,1,0.0,2521.0,True,NA,NA
B_cell,Macrophage,ENTPD1,ENTPD1,ADORA2B,ADORA2B,0.22169448,0.22169448,0.22169448,1,0.0,2525.0,True,NA,NA
Macrophage,T_cell,CXCL9,CXCL9,DPP4,DPP4,0.21968588,0.21968588,0.21968588,1,0.0,2527.0,True,NA,NA
Epithelial,DC,VEGFA,VEGFA,NRP1,NRP1,0.21945232,0.21945232,0.21945232,1,0.0,2528.0,True,NA,NA
Mono_c14,NK,TNF,TNF,RIPK1,RIPK1,0.2193008,0.2193008,0.2193008,1,0.0,2529.0,True,NA,NA
DC,DC,IL10,IL10,IL10RB,IL10RA_IL10RB,0.21924971,0.21924971,0.21924971,1,0.0,2530.0,True,NA,NA
Mono_c14,Mono_c14,FAM3C,FAM3C,FFAR2,FFAR2,0.21898033,0.21898033,0.21898033,1,0.0,2531.0,True,NA,NA
Epithelial,NK,CXCL6,CXCL6,CXCR2,CXCR2,0.21866271,0.21866271,0.21866271,1,0.0,2532.0,True,NA,NA
Mono_c14,Mono_c14,TNF,TNF,FAS,FAS,0.21865202,0.21865202,0.21865202,1,0.0,2533.0,True,NA,NA
DC,DC,TNF,TNF,NOTCH1,NOTCH1,0.2186097,0.2186097,0.2186097,1,0.005,2534.0,True,NA,NA
DC,NK,TNF,TNF,NOTCH1,NOTCH1,0.21745203,0.21745203,0.21745203,1,0.01,2536.0,True,NA,NA
Mono_c14,Mono_c14,TNFSF13,TNFSF13,FAS,FAS,0.21635741,0.21635741,0.21635741,1,0.0,2539.0,True,NA,NA
NK,Epithelial,FASLG,FASLG,FAS,FAS,0.21525353,0.21525353,0.21525353,1,0.0,2540.0,True,NA,NA
Mono_c14,DC,TNF,TNF,NOTCH1,NOTCH1,0.21507555,0.21507555,0.21507555,1,0.0,2543.0,True,NA,NA
Mono_c14,NK,TNF,TNF,NOTCH1,NOTCH1,0.21391788,0.21391788,0.21391788,1,0.0,2544.0,True,NA,NA
DC,Mono_c14,TNF,TNF,NOTCH1,NOTCH1,0.21386153,0.21386153,0.21386153,1,0.005,2545.0,True,NA,NA
Epithelial,Mono_c14,SEMA3A,SEMA3A,NRP1,NRP1,0.21128045,0.21128045,0.21128045,1,0.0,2550.0,True,NA,NA
DC,Mono_c14,VEGFB,VEGFB,NRP1,NRP1,0.2106897,0.2106897,0.2106897,1,0.0,2551.0,True,NA,NA
Macrophage,Mono_c14,SEMA4A,SEMA4A,PLXND1,PLXND1,0.21068034,0.21068034,0.21068034,1,0.0,2552.0,True,NA,NA
Mono_c14,Mono_c14,TNF,TNF,NOTCH1,NOTCH1,0.21032737,0.21032737,0.21032737,1,0.0,2553.0,True,NA,NA
DC,T_cell,TNF,TNF,RIPK1,RIPK1,0.21005952,0.21005952,0.21005952,1,0.01,2555.0,True,NA,NA
Epithelial,Mono_c14,PTN,PTN,PLXNB2,PLXNB2,0.20999181,0.20999181,0.20999181,1,0.0,2556.0,True,NA,NA
DC,Epithelial,TNF,TNF,RIPK1,RIPK1,0.20808205,0.20808205,0.20808205,1,0.045,2560.0,True,NA,NA
NK,Mono_c14,FASLG,FASLG,FAS,FAS,0.2072905,0.2072905,0.2072905,1,0.0,2561.0,True,NA,NA
Mono_c14,Mono_c14,IL15,IL15,IL15RA,IL15RA,0.2070774,0.2070774,0.2070774,1,0.0,2563.0,True,NA,NA
Mono_c14,DC,VEGFB,VEGFB,NRP1,NRP1,0.20707515,0.20707515,0.20707515,1,0.0,2564.0,True,NA,NA
Mono_c14,T_cell,TNF,TNF,RIPK1,RIPK1,0.20652537,0.20652537,0.20652537,1,0.0,2568.0,True,NA,NA
Macrophage,DC,SEMA4A,SEMA4A,PLXND1,PLXND1,0.20622315,0.20622315,0.20622315,1,0.0,2569.0,True,NA,NA
T_cell,T_cell,BAG6,BAG6,NCR3,NCR3,0.20512238,0.20512238,0.20512238,1,0.0,2570.0,True,NA,NA
Mono_c14,Epithelial,TNF,TNF,RIPK1,RIPK1,0.20454791,0.20454791,0.20454791,1,0.015,2571.0,True,NA,NA
Epithelial,Mono_c14,VEGFA,VEGFA,NRP2,NRP2,0.20429659,0.20429659,0.20429659,1,0.0,2572.0,True,NA,NA
DC,DC,EBI3,EBI3_IL27,IL27RA,IL27RA_IL6ST,0.20401502,0.20401502,0.20401502,1,0.0,2573.0,True,NA,NA
NK,NK,FAM3C,FAM3C,ADGRG5,ADGRG5,0.20342118,0.20342118,0.20342118,1,0.0,2574.0,True,NA,NA
Mono_c14,Mono_c14,SEMA4A,SEMA4A,PLXND1,PLXND1,0.2022483,0.2022483,0.2022483,1,0.0,2577.0,True,NA,NA
Epithelial,T_cell,CXCL2,CXCL2,DPP4,DPP4,0.20207575,0.20207575,0.20207575,1,0.045,2578.0,True,NA,NA
Mono_c14,Macrophage,THBS1,THBS1,ITGA3,ITGA3_ITGB1,0.20135343,0.20135343,0.20135343,1,0.0,2580.0,True,NA,NA
Epithelial,Epithelial,BTC,BTC,EGFR,EGFR,0.2009525,0.2009525,0.2009525,1,0.0,2581.0,True,NA,NA
Epithelial,Epithelial,FAM3B,FAM3B,LRP5,LRP5,0.2008636,0.2008636,0.2008636,1,0.0,2582.0,True,NA,NA
Mono_c14,Epithelial,VEGFB,VEGFB,ADRB2,ADRB2,0.2003335,0.2003335,0.2003335,1,0.0,2583.0,True,NA,NA
DC,Mono_c14,IL10,IL10,IL10RB,IL10RA_IL10RB,0.19964549,0.19964549,0.19964549,1,0.0,2585.0,True,NA,NA
T_cell,T_cell,IFNG,IFNG,IFNG,IFNG_IFNGR1,0.19928141,0.19928141,0.19928141,1,0.0,2586.0,True,NA,NA
Mono_c14,DC,SEMA4A,SEMA4A,PLXND1,PLXND1,0.19779113,0.19779113,0.19779113,1,0.0,2591.0,True,NA,NA
T_cell,NK,CD40LG,CD40LG,ITGA5,ITGA5_ITGB1,0.19679472,0.19679472,0.19679472,1,0.03,2593.0,True,NA,NA
DC,NK,FAM3C,FAM3C,ADGRG5,ADGRG5,0.19676735,0.19676735,0.19676735,1,0.0,2594.0,True,NA,NA
NK,DC,FASLG,FASLG,TNFRSF10B,TNFRSF10B,0.19469686,0.19469686,0.19469686,1,0.0,2596.0,True,NA,NA
Macrophage,Epithelial,AREG,AREG,EGFR,EGFR,0.19371414,0.19371414,0.19371414,1,0.0,2598.0,True,NA,NA
Epithelial,Mono_c14,VEGFA,VEGFA,NRP1,NRP1,0.19264148,0.19264148,0.19264148,1,0.0,2601.0,True,NA,NA
DC,Macrophage,EBI3,EBI3_IL27,IL27RA,IL27RA_IL6ST,0.18797721,0.18797721,0.18797721,1,0.0,2607.0,True,NA,NA
NK,Mono_c14,FASLG,FASLG,TNFRSF10B,TNFRSF10B,0.18747973,0.18747973,0.18747973,1,0.0,2609.0,True,NA,NA
Macrophage,DC,FLT3LG,FLT3LG,FLT3,FLT3,0.18563989,0.18563989,0.18563989,1,0.0,2613.0,True,NA,NA
Mono_c14,NK,FAM3C,FAM3C,ADGRG5,ADGRG5,0.18428978,0.18428978,0.18428978,1,0.0,2617.0,True,NA,NA
Mono_c14,Mono_c14,SEMA3C,SEMA3C,NRP2,NRP2,0.1827364,0.1827364,0.1827364,1,0.0,2619.0,True,NA,NA
DC,DC,VEGFB,VEGFB,ADRB2,ADRB2,0.18246439,0.18246439,0.18246439,1,0.0,2620.0,True,NA,NA
DC,Mono_c14,SEMA3C,SEMA3C,NRP2,NRP2,0.18120536,0.18120536,0.18120536,1,0.0,2624.0,True,NA,NA
Mono_c14,Mono_c14,VEGFB,VEGFB,NRP1,NRP1,0.18026432,0.18026432,0.18026432,1,0.0,2625.0,True,NA,NA
Epithelial,T_cell,CX3CL1,CX3CL1,CX3CR1,CX3CR1,0.18001497,0.18001497,0.18001497,1,0.0,2627.0,True,NA,NA
Mono_c14,Epithelial,CSF1,CSF1,SLC7A1,SLC7A1,0.17959446,0.17959446,0.17959446,1,0.0,2628.0,True,NA,NA
Mono_c14,Epithelial,THBS1,THBS1,ITGAV,ITGAV_ITGB3,0.1784,0.1784,0.1784,1,0.01,2629.0,True,NA,NA
DC,Macrophage,THBS1,THBS1,ITGA3,ITGA3_ITGB1,0.17748196,0.17748196,0.17748196,1,0.0,2632.0,True,NA,NA
Mono_c14,Epithelial,MDK,MDK,PTPRZ1,PTPRZ1,0.17657235,0.17657235,0.17657235,1,0.0,2634.0,True,NA,NA
Epithelial,DC,CX3CL1,CX3CL1,CX3CR1,CX3CR1,0.17303406,0.17303406,0.17303406,1,0.0,2639.0,True,NA,NA
Macrophage,DC,VEGFA,VEGFA,NRP1,NRP1,0.17298868,0.17298868,0.17298868,1,0.01,2640.0,True,NA,NA
DC,B_cell,EBI3,EBI3_IL27,IL27RA,IL27RA_IL6ST,0.17161867,0.17161867,0.17161867,1,0.0,2642.0,True,NA,NA
Epithelial,Mono_c14,SEMA3F,SEMA3F,NRP2,NRP2,0.17138264,0.17138264,0.17138264,1,0.0,2643.0,True,NA,NA
DC,Epithelial,MDK,MDK,PTPRZ1,PTPRZ1,0.16965422,0.16965422,0.16965422,1,0.0,2645.0,True,NA,NA
Mono_c14,Epithelial,ENTPD1,ENTPD1,ADORA2B,ADORA2B,0.1676971,0.1676971,0.1676971,1,0.0,2648.0,True,NA,NA
DC,Mono_c14,EBI3,EBI3_IL27,IL27RA,IL27RA_IL6ST,0.16603218,0.16603218,0.16603218,1,0.0,2649.0,True,NA,NA
DC,NK,IL10,IL10,IL10RB,IL10RA_IL10RB,0.16319445,0.16319445,0.16319445,1,0.0,2651.0,True,NA,NA
Mono_c14,Macrophage,CSF1,CSF1,SLC7A1,SLC7A1,0.15820669,0.15820669,0.15820669,1,0.0,2655.0,True,NA,NA
Macrophage,Epithelial,FAM3B,FAM3B,LRP5,LRP5,0.15797576,0.15797576,0.15797576,1,0.0,2656.0,True,NA,NA
Mono_c14,Macrophage,ENTPD1,ENTPD1,ADORA2B,ADORA2B,0.15578121,0.15578121,0.15578121,1,0.0,2658.0,True,NA,NA
Epithelial,DC,JAG1,JAG1,NOTCH1,NOTCH1,0.15515009,0.15515009,0.15515009,1,0.0,2659.0,True,NA,NA
Epithelial,NK,JAG1,JAG1,NOTCH1,NOTCH1,0.15399241,0.15399241,0.15399241,1,0.0,2661.0,True,NA,NA
Mono_c14,DC,VEGFB,VEGFB,ADRB2,ADRB2,0.15203902,0.15203902,0.15203902,1,0.005,2662.0,True,NA,NA
Epithelial,Epithelial,LIF,LIF,LIFR,IL6ST_LIFR,0.15103263,0.15103263,0.15103263,1,0.0,2663.0,True,NA,NA
Epithelial,Mono_c14,JAG1,JAG1,NOTCH1,NOTCH1,0.15040189,0.15040189,0.15040189,1,0.0,2664.0,True,NA,NA
Epithelial,Epithelial,JAG1,JAG1,NOTCH3,NOTCH3,0.13324928,0.13324928,0.13324928,1,0.0,2668.0,True,NA,NA
Macrophage,DC,IL1A,IL1A,IL1RAP,IL1B_IL1R2_IL1RAP,0.13147914,0.13147914,0.13147914,1,0.0,2669.0,True,NA,NA
