s_number,filename,location,class,status,gene_universe,gene_set_version,score_version,n_data_rows,size_bytes,sha256,analysis,notes,class_
,_pcd_score_summary.json,04_AUDIT_GOVERNANCE,analysis_output,canonical,none,,,16.0,274,312cdf217934c428a91f3b18de51650f9621923f2d9f54940e9ac225f56fd210,S5 PCD 评分摘要 JSON,,
,Bridge_Test_Result.csv,04_AUDIT_GOVERNANCE,bridge,canonical,mitoxy_80,Mitoxy-80_v1.0,bridge_v2,80.0,16913,c527b91e02f5850ea4ffdcc1828ec0f4492a1e95bdffea71fea1bea44391958f,§1 五维收敛打分（bridge_v2=N1 别名修复后）,,
,D1b_GSE32707_Metadata_Check_Report.md,04_AUDIT_GOVERNANCE,audit_report,canonical,none,,,42.0,3495,c615e9aff32edcc48e01aec9d9ce04a4eba7f2ea3889b9759a4a0c8a19b50dbd,D1b 第 1 步元数据/平台兼容性核验报告（2026-08-16）,,
,GSE185263_groups.csv,04_AUDIT_GOVERNANCE,group_definition,canonical,none,,,392.0,7349,302134145652c1265d656220efe750ede99a2e626f5328fde5a1592d792b9830,GSE185263 分组定义（R1：Sepsis 266/Sepsis_COVID 82/Control 44）,,
,GSE67530_beta_for_GrimAge.csv.gz,00_RAW_DATA,input_data,canonical,none,,,,246096186,ca6e8e4d9be4ba89f4179bd7edb0c8a3f68fcf87733110805a6bcf2848d7b710,GSE67530 甲基化 β 矩阵（GrimAge 输入，非结果表）,,
,Mitoxyperilysis_Gene_Manifest_v1.0.csv,04_AUDIT_GOVERNANCE,gene_set_source,canonical,mitoxy_80,Mitoxy-80_v1.0,NA,80.0,12364,346537be78a4c4cf66e656138fb7e9d06bec058d5f53174f74ea9320043e9965,canonical 基因 manifest v1.0（80 基因+HGNC 别名+模块+双臂）,,
,Mitoxyperilysis_Pathway_Gene_List.csv,04_AUDIT_GOVERNANCE,gene_set_source,canonical,mitoxy_80,Mitoxy-80_v1.0,NA,80.0,9336,c796699c9be55dcf4506bf8a07b28898ac87cf5ebc2e749bc2d0bdcccdc1e382,80 基因权威清单（v1.0 源定义；ARDS_vs_Control_* 列=GSE185263 全血 Bulk，N3 溯源）,,
,MR_bio_CRP_Sepsis.csv,04_AUDIT_GOVERNANCE,exploratory,canonical,none,,,164.0,14091,f429add55002a82e38d70c45e39471b1c5fcaf654141df32fbd2136eaa6590d8,生物标志物→脓毒症 MR 结局侧（§13 未展开，状态待定）,,
,MR_bio_Ferritin_Sepsis.csv,04_AUDIT_GOVERNANCE,exploratory,canonical,none,,,65.0,5618,e4e8b6877aea89216d48169f0081da9a21ff52e2cb4491a7ecf81a7d5380bbaa,生物标志物→脓毒症 MR 结局侧（§13 未展开，状态待定）,,
,N1_Bridge_Alias_Reconnection_Report.md,04_AUDIT_GOVERNANCE,audit_report,canonical,none,,,111.0,8539,a9ccec459e3774499aea89ad76cd5be2feea724867b9220ebdf06c95bae492a0,N1 别名重连审计报告（2026-08-15）,,
,N3_S2_DEG_label_check.csv,04_AUDIT_GOVERNANCE,audit_output,canonical,none,NA,NA,80.0,13259,f1ea96307c454b6278a312c5944581a4fb2e97fe922360aeaea0d106fedfffd3,N3 S2 标签一致性核对（存储 ARDS_vs_Control 列 vs 82/44 设计重验）,,
,N3_Sample_Composition_Report.md,04_AUDIT_GOVERNANCE,audit_report,canonical,none,,,142.0,12058,7eccdd1ce9ec9cf0494c5b217d7bb1259f0de3ebbcb848024dc9d4ea0116b292,N3 样本构成核查 + S2 溯源 + scFOCAL 气道子集（12 BALF + 22 sputum）报告（2026-08-15）,,
,N3_Sample_Manifest_Report.md,04_AUDIT_GOVERNANCE,analysis_output,canonical,none,,,58.0,10141,0c5e8f7bd25b6b790227964986b3cea745c3a72c6b6c2d772ae85d87e11413dc,,,
,R1_GSE185263_phenotype_provenance_report.md,04_AUDIT_GOVERNANCE,audit_report,canonical,none,,,89.0,7705,c6ac9d22118e0b10da7d230c1832b5c55bef93b593d5cb98e9a55846406e9908,R1 表型 provenance 审计报告（2026-08-15）,,
,README_5.1_Scrna_Basic.md,归档/01_第1轮R1批次/R1_docs,report,archived,none,,,155.0,7231,82fe1a9ed40bde5af8e3a2f0a6b6f8cd36dc0130f6edd56e541c3b9dceb37dd0,5.1 scRNA 基础管线说明,2026-08-27 清理归档（M1x_step12 批次）：第 1 轮（R1）5.1 scRNA 基础管线说明（旧 38 基因签名口径），已被现行 M1–M4 流程取代，移入 archive/R1_docs。,
,RESULTS_MANIFEST.md,04_AUDIT_GOVERNANCE,manifest_doc,canonical,none,,,107.0,36914,5805d82b98bb3621d7aadda0fadf6478b991a96295db336440cd8d21b2a7c597,结果表包冻结说明（决策记录 + 例外登记 + lint 不变量）,2026-08-17 目录重组后再冻结：冻结头补记重组事件（01_RESULTS_TABLES 拆分/archive 上移/location 列/S5_RAW 重建/S18 恢复/缺席留痕）；校验入口与构建脚本路径 04_LOGS→03_LOGS，lint 计数 51→60（重冻结） ｜ 2026-09-21 归档区分类整理：本文件路径引用同步（size/sha 随之刷新）,
,SAMPLE_MANIFEST_v1.0.csv,04_AUDIT_GOVERNANCE,analysis_output,canonical,none,NA,NA,945.0,275413,6cfe02a5f23167b4b1dde961e8978d4bbdf0472b4f1410a60b4bed833efa7cca,,,
S11,Table_S11_Mitoxyperilysis_TF_PerCell.csv,,supplementary_table,canonical,none,Mitoxy-80_v1.0,,138941.0,92037795,92d2460e83e029f030b0647e362613f2f83754071914c7381ba78e96e3268e76,步骤12 SCENIC TF 活性（GRNBoost 邻接，未做 cisTarget 修剪；含 85MB/688MB 大表）,数据存放层大矩阵，本地不随包（Zenodo/GEO 存档），见 01_FIGURE_DATA_CSV/README_图数据包说明.md,
S8,Table_S8_SCENIC_TF_Activity.csv,02_SUPPLEMENTARY_TABLES/SUPPLEMENTARY_Tables_CSV,supplementary_table,canonical,none,NA,NA,160.0,10808,83a592a6011f869d1453a153629a39568b7b6dba69220afebd6b02a29ee9ddb6,步骤12 SCENIC TF 活性（GRNBoost 邻接，未做 cisTarget 修剪；含 85MB/688MB 大表）,,
S8,Table_S8_SCENIC_TF_Activity_Summary.csv,02_SUPPLEMENTARY_TABLES/SUPPLEMENTARY_Tables_CSV,supplementary_table,canonical,none,NA,NA,8.0,139789,2dacad9e900c25738a1146f7ff7fb7329b45b6db54e9ca996268e33b5d25b72f,步骤12 SCENIC TF 活性（GRNBoost 邻接，未做 cisTarget 修剪；含 85MB/688MB 大表）,,
S11,Table_S11_TF_Activity_Matrix_AllCells.csv,,supplementary_table,canonical,none,,,138941.0,723019190,6635476d9af789c98179f24b05966541103b1f786191ef33641e9c24a84252cf,步骤12 SCENIC TF 活性（GRNBoost 邻接，未做 cisTarget 修剪；含 85MB/688MB 大表）,数据存放层大矩阵，本地不随包（Zenodo/GEO 存档），见 01_FIGURE_DATA_CSV/README_图数据包说明.md,
S9,Table_S9_SCENIC_Regulons.csv,02_SUPPLEMENTARY_TABLES/SUPPLEMENTARY_Tables_CSV,supplementary_table,canonical,none,NA,NA,32286.0,1370786,fc46d2795ce80d2e0801c0849cb8d674363bb8de049c99230a402a730f7b9756,步骤12 SCENIC regulon + b=上游 TF（23 TF）,,
S9,Table_S9_SCENIC_Regulons_Summary.csv,02_SUPPLEMENTARY_TABLES/SUPPLEMENTARY_Tables_CSV,supplementary_table,canonical,none,NA,NA,429.0,16705,dff9e9053d186ec9e891802b3e32b49e1cde8f27cf669bd70700c688ac6dda48,步骤12 SCENIC regulon + b=上游 TF（23 TF）,,
S9,Table_S9b_Mitoxyperilysis_Upstream_TF.csv,02_SUPPLEMENTARY_TABLES/SUPPLEMENTARY_Tables_CSV,supplementary_table,canonical,genome_wide,Mitoxy-80_v1.0,NA,23.0,3960,90077a09030c223f2d1d4bdaa6cc7df956222773b527f556b577d21afb39088b,步骤12 SCENIC regulon + b=上游 TF（23 TF）,,
S75,Table_S75_ScTenifoldKnk_KO_Detailed.csv,02_SUPPLEMENTARY_TABLES/SUPPLEMENTARY_Tables_CSV,supplementary_table,canonical,genome_wide,Mitoxy-80_v1.0,NA,11232.0,1937220,dc1a9900d14068c6330d077ce4f9bec776288f2aba105ec96eede11cbad39b9a,步骤13 ScTenifoldKnk 虚拟敲除（12 KO 基因）,,
S75,Table_S75_ScTenifoldKnk_KO_Summary.csv,02_SUPPLEMENTARY_TABLES/SUPPLEMENTARY_Tables_CSV,supplementary_table,canonical,mitoxy_80,Mitoxy-80_v1.0,NA,12.0,1917,93e3820cfbb5cc97ddceaeeb776d3cfa46a2e2440f3e311a5670c9b9c2b61334,步骤13 ScTenifoldKnk 虚拟敲除（12 KO 基因）,,
S14,Table_S14_NicheNet_Analysis_Report.txt,02_SUPPLEMENTARY_TABLES/Supplementary_Notes,supplementary_report,canonical,genome_wide,NA,NA,92.0,2475,ce33d37a2826510da227bf3589b64fed7a726d415f834e7bd14ec10c17cd4b56,步骤14 配体-受体-靶标链（CellPhoneDB+SCENIC；b–e 统计）,,
S76,Table_S76_NicheNet_Ligand_Receptor_Target_Chains.csv,02_SUPPLEMENTARY_TABLES/SUPPLEMENTARY_Tables_CSV,supplementary_table,canonical,genome_wide,Mitoxy-80_v1.0,NA,18.0,2257,94ca6f208975dc5eac776929a0d0d31e4b002220113d42bdc27215fec9cc9177,步骤14 配体-受体-靶标链（CellPhoneDB+SCENIC；b–e 统计）,,
S76,Table_S76b_Ligand_Statistics.csv,02_SUPPLEMENTARY_TABLES/SUPPLEMENTARY_Tables_CSV,supplementary_table,canonical,none,NA,NA,1.0,101,b210fd85fdc5df6ed203565e5817a3d5dbe90460cb866178ddb968f88206fb41,步骤14 配体-受体-靶标链（CellPhoneDB+SCENIC；b–e 统计）,,
S76,Table_S76c_Receptor_Statistics.csv,02_SUPPLEMENTARY_TABLES/SUPPLEMENTARY_Tables_CSV,supplementary_table,canonical,none,NA,NA,6.0,193,a091fbdf4ab91f99d5073db46959f7e2788ae036296b95d949036bff3018bcb1,步骤14 配体-受体-靶标链（CellPhoneDB+SCENIC；b–e 统计）,,
S76,Table_S76d_TF_Regulation_Statistics.csv,02_SUPPLEMENTARY_TABLES/SUPPLEMENTARY_Tables_CSV,supplementary_table,canonical,none,NA,NA,13.0,1027,8eb08a3d4018ed77050d1fdca7cae77f99e3d750b7ae8bf0fdf7f721e75a1e7a,步骤14 配体-受体-靶标链（CellPhoneDB+SCENIC；b–e 统计）,,
S76,Table_S76e_Cell_Communication_Matrix.csv,02_SUPPLEMENTARY_TABLES/SUPPLEMENTARY_Tables_CSV,supplementary_table,canonical,none,NA,NA,2.0,173,5aeb038ad6b31bf98514f5d95eeb78ab924aa07742b70b4424155af803f77213,步骤14 配体-受体-靶标链（CellPhoneDB+SCENIC；b–e 统计）,,
S10,Table_S10a_MR_Sepsis_cisonly_Instruments.csv,02_SUPPLEMENTARY_TABLES/SUPPLEMENTARY_Tables_CSV,supplementary_table,canonical,mitoxy_80_via_alias,Mitoxy-80_v1.0,NA,58.0,8745,296f63673f2a0febde523ddbc7451db8296c30879b09ced902ab7fc6bf149446,§13.2 cis-only TWMR + 共定位（a 脓毒症、b FinnGen ARDS、c coloc、d cis/trans 审计）,,
S10,Table_S10a_MR_Sepsis_cisonly_Results.csv,02_SUPPLEMENTARY_TABLES/SUPPLEMENTARY_Tables_CSV,supplementary_table,canonical,mitoxy_80_via_alias,Mitoxy-80_v1.0,NA,46.0,11262,583da6816dbaeb1143c6a3a73bc1b1ac3d79206fd92a541ac423c1aac1f2bf20,§13.2 cis-only TWMR + 共定位（a 脓毒症、b FinnGen ARDS、c coloc、d cis/trans 审计）,,
S10,Table_S10a_MR_Sepsis_cisonly_Sensitivity.csv,02_SUPPLEMENTARY_TABLES/SUPPLEMENTARY_Tables_CSV,supplementary_table,canonical,mitoxy_80_via_alias,Mitoxy-80_v1.0,NA,30.0,1793,74f4d85a20042c9addd60f655b6274622e5852b72de946f9f45aef8b309d09de,§13.2 cis-only TWMR + 共定位（a 脓毒症、b FinnGen ARDS、c coloc、d cis/trans 审计）,,
S10,Table_S10b_MR_FinnGenARDS_Instruments.csv,02_SUPPLEMENTARY_TABLES/SUPPLEMENTARY_Tables_CSV,supplementary_table,canonical,mitoxy_80_via_alias,Mitoxy-80_v1.0,NA,32.0,4528,61d8dcdbb2d09ed6ab5a603333263c977dfdad1f2aa7162e5d084f542beb1aa5,§13.2 cis-only TWMR + 共定位（a 脓毒症、b FinnGen ARDS、c coloc、d cis/trans 审计）,,
S10,Table_S10b_MR_FinnGenARDS_Results.csv,02_SUPPLEMENTARY_TABLES/SUPPLEMENTARY_Tables_CSV,supplementary_table,canonical,mitoxy_80_via_alias,Mitoxy-80_v1.0,NA,27.0,7140,97f517bd5f871696a839d451b9cf92a7e33a286efdff4d1fdc04fdba24942235,§13.2 cis-only TWMR + 共定位（a 脓毒症、b FinnGen ARDS、c coloc、d cis/trans 审计）,,
S10,Table_S10b_MR_FinnGenARDS_Sensitivity.csv,02_SUPPLEMENTARY_TABLES/SUPPLEMENTARY_Tables_CSV,supplementary_table,canonical,mitoxy_80_via_alias,Mitoxy-80_v1.0,NA,15.0,755,caa930040dae88d91b00d98524c0437c16b1699e843ee4582ae7dee99b631058,§13.2 cis-only TWMR + 共定位（a 脓毒症、b FinnGen ARDS、c coloc、d cis/trans 审计）,,
S10,Table_S10c_coloc_CANX_snp_pp.csv,02_SUPPLEMENTARY_TABLES/SUPPLEMENTARY_Tables_CSV,supplementary_table,canonical,mitoxy_80_via_alias,Mitoxy-80_v1.0,NA,513.0,107307,8d10fb50f66e8359d7ae647f0e4bbcf05093ce1b9b3a7428ef85a387e4b920f3,§13.2 cis-only TWMR + 共定位（a 脓毒症、b FinnGen ARDS、c coloc、d cis/trans 审计）,,
S10,Table_S10c_coloc_FinnGenARDS_Results.csv,02_SUPPLEMENTARY_TABLES/SUPPLEMENTARY_Tables_CSV,supplementary_table,canonical,mitoxy_80_via_alias,Mitoxy-80_v1.0,NA,2.0,528,b5c3b0063d5ad25b6a50cfeb45f963bfb47bd88a3f3952928449ec933ebeac22,§13.2 cis-only TWMR + 共定位（a 脓毒症、b FinnGen ARDS、c coloc、d cis/trans 审计）,,
S10,Table_S10c_coloc_FinnGenARDS_Results_s00088.csv,02_SUPPLEMENTARY_TABLES/SUPPLEMENTARY_Tables_CSV,supplementary_table,canonical,mitoxy_80_via_alias,Mitoxy-80_v1.0,NA,2.0,687,827cdaef8a1b535a53beddc3a5e24145a91cc19305f7a2f58cfd7eee078887c2,§13.2 cis-only TWMR + 共定位（a 脓毒症、b FinnGen ARDS、c coloc、d cis/trans 审计）,,
S10,Table_S10c_coloc_IP3R1_snp_pp.csv,02_SUPPLEMENTARY_TABLES/SUPPLEMENTARY_Tables_CSV,supplementary_table,canonical,mitoxy_80_via_alias,Mitoxy-80_v1.0,NA,610.0,127318,6b6a3202b4cdf7540486802e6961bcd620807819038f48816ed1fa0b42d5f75b,§13.2 cis-only TWMR + 共定位（a 脓毒症、b FinnGen ARDS、c coloc、d cis/trans 审计）,,
S10,Table_S10d_cis_trans_classification.csv,02_SUPPLEMENTARY_TABLES/SUPPLEMENTARY_Tables_CSV,supplementary_table,canonical,mitoxy_80,Mitoxy-80_v1.0,NA,47.0,3123,11df476075d17e3c08ca45ce79d506544d64479b881c0f813f1b9af36f8cc624,§13.2 cis-only TWMR + 共定位（a 脓毒症、b FinnGen ARDS、c coloc、d cis/trans 审计）,,
S16,Table_S16_Immune_Infiltration_Analysis_Report.txt,02_SUPPLEMENTARY_TABLES/Supplementary_Notes,supplementary_report,canonical,none,NA,NA,93.0,4828,0214b633946551bb781aed16b8ab9eb998e1572889e266d459eb1a6ec6aad430,步骤16 CIBERSORTx 免疫浸润（b–g：相关/分组/样本信息/评分）,,
S11,Table_S11_Immune_Infiltration_Fractions.csv,02_SUPPLEMENTARY_TABLES/SUPPLEMENTARY_Tables_CSV,supplementary_table,canonical,none,NA,NA,392.0,141590,51d443d9542e3f001c0488a0242871918018dcd0f9bc3e3e109c9d81eda187e4,步骤16 CIBERSORTx 免疫浸润（b–g：相关/分组/样本信息/评分）,,
S11,Table_S11b_Immune_Mitoxy_Correlation.csv,02_SUPPLEMENTARY_TABLES/SUPPLEMENTARY_Tables_CSV,supplementary_table,canonical,none,Mitoxy-80_v1.0,NA,22.0,4153,d928c43329c42a21cb5ec831e6a56b010ebe36694a3385028b577a76fcca983d,步骤16 CIBERSORTx 免疫浸润（b–g：相关/分组/样本信息/评分）,,
S11,Table_S11c_Immune_Group_Comparison.csv,02_SUPPLEMENTARY_TABLES/SUPPLEMENTARY_Tables_CSV,supplementary_table,canonical,none,NA,NA,22.0,3218,c3036dbb850bad5c47e122f40c8b0cbd95f3c6d16d08614f3d7a0c91929530a8,步骤16 CIBERSORTx 免疫浸润（b–g：相关/分组/样本信息/评分）,,
S11,Table_S11d_Immune_Mitoxy_All_Correlations.csv,02_SUPPLEMENTARY_TABLES/SUPPLEMENTARY_Tables_CSV,supplementary_table,canonical,none,Mitoxy-80_v1.0,NA,132.0,12508,55fbff23cec04273a70485cb9c9f8d62d570b50b1d8b89f78a625e03f7a94ada,步骤16 CIBERSORTx 免疫浸润（b–g：相关/分组/样本信息/评分）,,
S11,Table_S11e_Sample_Condition_Info.csv,02_SUPPLEMENTARY_TABLES/SUPPLEMENTARY_Tables_CSV,supplementary_table,canonical,none,NA,NA,392.0,13354,ecba47762b68ee8a7c32c6998c39231e3667428c25dba5db70a031fa937b1a91,步骤16 CIBERSORTx 免疫浸润（b–g：相关/分组/样本信息/评分）,,
S11,Table_S11f_Mitoxyperilysis_Scores_Bulk.csv,02_SUPPLEMENTARY_TABLES/SUPPLEMENTARY_Tables_CSV,supplementary_table,canonical,none,Mitoxy-80_v1.0,ssGSEA_v1,392.0,61760,a18b1df190df6b65ed096b481ecf2a575ce025aea518cf4b631996d0322453d2,步骤16 CIBERSORTx 免疫浸润（b–g：相关/分组/样本信息/评分）,,
S11,Table_S11g_Immune_By_Condition_Summary.csv,02_SUPPLEMENTARY_TABLES/SUPPLEMENTARY_Tables_CSV,supplementary_table,canonical,none,NA,NA,22.0,1825,d15db2349a91d2289e231737088c973afec4994a8a5fbbf96ef7e2a470ba9f9d,步骤16 CIBERSORTx 免疫浸润（b–g：相关/分组/样本信息/评分）,,
S12,Table_S12_Cell_Composition_DA.csv,02_SUPPLEMENTARY_TABLES/SUPPLEMENTARY_Tables_CSV,supplementary_table,canonical,none,NA,NA,1422.0,167458,58ef2fb502f4394a0edea2da5fe092033cf1e8401f5e7fdb0421a18e2d9f2f54,步骤17 细胞组成差异（样本级置换检验；b–e）,,
S12,Table_S12b_CellType_Composition_DA.csv,02_SUPPLEMENTARY_TABLES/SUPPLEMENTARY_Tables_CSV,supplementary_table,canonical,none,NA,NA,24.0,2692,9e23673eb81372c24d36b3b5b07784c0f7f3ac8cacac1638b8cc74c7640161eb,步骤17 细胞组成差异（样本级置换检验；b–e）,,
S12,Table_S12c_Sample_CellType_Proportions.csv,02_SUPPLEMENTARY_TABLES/SUPPLEMENTARY_Tables_CSV,supplementary_table,canonical,none,NA,NA,63.0,5079,bab6a8acb067bb28c83ecb92b890448e4c447cabcf2b49bab7f471dcb38e045b,步骤17 细胞组成差异（样本级置换检验；b–e）,,
S12,Table_S12d_Sample_CellType_Counts.csv,02_SUPPLEMENTARY_TABLES/SUPPLEMENTARY_Tables_CSV,supplementary_table,canonical,none,NA,NA,63.0,2535,5aacb476f2535af98f8202fb561ba589ecc23f160813df33ae873a6a3526c978,步骤17 细胞组成差异（样本级置换检验；b–e）,,
S12,Table_S12e_GSE158055_Only_CellType_DA.csv,02_SUPPLEMENTARY_TABLES/SUPPLEMENTARY_Tables_CSV,supplementary_table,canonical,none,NA,NA,21.0,2338,dad7a03699eb93a34a6c7af839b822abb61a29b1e7860670358abe2d5f2dd00b,步骤17 细胞组成差异（样本级置换检验；b–e）,,
S18,Table_S18_AlphaMissense_Analysis_Report.txt,02_SUPPLEMENTARY_TABLES/Supplementary_Notes,supplementary_report,canonical,custom_panel_AM55,Mitoxy-80_v1.0,NA,95.0,5848,ff367778a6e6339bf1afe54bf502ff6e37b15bf274ad091d3df859d7cc09f79d,步骤18 AlphaMissense 突变致病性（55 基因；_CORRECTED 已晋升为正式名）,2026-08-16 目录重组核对：冻结后文件有更新（版本戳页脚与 manifest 记录一致），按 §八 重冻结,
S13,Table_S13_AlphaMissense_Main.csv,02_SUPPLEMENTARY_TABLES/SUPPLEMENTARY_Tables_CSV,supplementary_table,canonical,custom_panel_AM55,Mitoxy-80_v1.0,NA,55.0,7669,9a59738354e16b61a2d9da249c3d5aef64e8ed9794f505329e7bb6364f10ed81,步骤18 AlphaMissense 突变致病性（55 基因；_CORRECTED 已晋升为正式名）,,
S13,Table_S13b_AlphaMissense_Module_Summary.csv,02_SUPPLEMENTARY_TABLES/SUPPLEMENTARY_Tables_CSV,supplementary_table,canonical,custom_panel_AM55,Mitoxy-80_v1.0,NA,6.0,672,9435efbfad0d1fad3d9df4b6a3e2ea55f9899dcc2b050ba3b477a57950e812f9,步骤18 AlphaMissense 突变致病性（55 基因；_CORRECTED 已晋升为正式名）,,
S13,Table_S13c_AlphaMissense_HighPriority.csv,02_SUPPLEMENTARY_TABLES/SUPPLEMENTARY_Tables_CSV,supplementary_table,canonical,custom_panel_AM55,Mitoxy-80_v1.0,NA,39.0,5630,b8048fcb78ba3bfd20550b89fe2239d8e782d9d0796d0c7cf22451c92712f92b,步骤18 AlphaMissense 突变致病性（55 基因；_CORRECTED 已晋升为正式名）,,
S13,Table_S13d_AlphaMissense_Variants.csv,02_SUPPLEMENTARY_TABLES/SUPPLEMENTARY_Tables_CSV,supplementary_table,canonical,custom_panel_AM55,Mitoxy-80_v1.0,NA,10000.0,1062754,05acde09410cd7ba5c52fcd7c3870ba4f977e436908ed93b3c36031f997926c7,步骤18 AlphaMissense 突变致病性（55 基因；_CORRECTED 已晋升为正式名）,,
S14,Table_S14_GWAS_Mitoxy_Integration.csv,02_SUPPLEMENTARY_TABLES/SUPPLEMENTARY_Tables_CSV,supplementary_table,canonical,mitoxy_80,Mitoxy-80_v1.0,NA,19291.0,2015245,251112cb0e664849e1d090f8d6e0d05d3625bd88e05cc2c7c80702402016b1ca,步骤19 GWAS-Mitoxy 整合（c–h；Bonferroni/Simes）,,
S19,Table_S19_GWAS_Mitoxy_Integration_Report.txt,02_SUPPLEMENTARY_TABLES/Supplementary_Notes,supplementary_report,canonical,mitoxy_80,Mitoxy-80_v1.0,NA,107.0,5421,951a23d27783291acb8be01aefcf29b29dd36e7f0fc1c57c1d22c0389214399f,步骤19 GWAS-Mitoxy 整合（c–h；Bonferroni/Simes）,,
S14,Table_S14c_Mitoxy_Gene_GWAS_Detail.csv,02_SUPPLEMENTARY_TABLES/SUPPLEMENTARY_Tables_CSV,supplementary_table,canonical,mitoxy_80,Mitoxy-80_v1.0,NA,37.0,3716,f21bf85dc9969c1b0b709051e1e15fb66d162547f23093e3684b7f134faffda7,步骤19 GWAS-Mitoxy 整合（c–h；Bonferroni/Simes）,,
S14,Table_S14d_Mitoxy_Pathway_Summary.csv,02_SUPPLEMENTARY_TABLES/SUPPLEMENTARY_Tables_CSV,supplementary_table,canonical,mitoxy_80,Mitoxy-80_v1.0,NA,5.0,361,f72246ba2181cf049c7b51a7a541d4916d501238630d48578d6471f49d571bfe,步骤19 GWAS-Mitoxy 整合（c–h；Bonferroni/Simes）,,
S14,Table_S14e_Death_Mode_Comparison.csv,02_SUPPLEMENTARY_TABLES/SUPPLEMENTARY_Tables_CSV,supplementary_table,canonical,mitoxy_80,Mitoxy-80_v1.0,NA,6.0,431,7c0a3303e6d439a09450555078d02d22f9bdb816b77820b15a863019b08c4fd6,步骤19 GWAS-Mitoxy 整合（c–h；Bonferroni/Simes）,,
S14,Table_S14f_GWAS_Loci.csv,02_SUPPLEMENTARY_TABLES/SUPPLEMENTARY_Tables_CSV,supplementary_table,canonical,mitoxy_80,Mitoxy-80_v1.0,NA,96.0,19215,8758e29047c895ae7d6e6ee549dadaaafae70b3a3cbe1f3c295c9fa1dd20a026,步骤19 GWAS-Mitoxy 整合（c–h；Bonferroni/Simes）,,
S14,Table_S14g_Mitoxy_Loci.csv,02_SUPPLEMENTARY_TABLES/SUPPLEMENTARY_Tables_CSV,supplementary_table,canonical,mitoxy_80,Mitoxy-80_v1.0,NA,2.0,756,2d1849dfe743ad1fed3fd075a098ab0a1b81f7563c1778ecac92aea666268dbc,步骤19 GWAS-Mitoxy 整合（c–h；Bonferroni/Simes）,,
S14,Table_S14h_CellType_Mitoxy_Score.csv,02_SUPPLEMENTARY_TABLES/SUPPLEMENTARY_Tables_CSV,supplementary_table,canonical,none,Mitoxy-80_v1.0,legacy_scale_v0_not_for_text,8.0,700,5ac7da2206dbb893687f354c169fa64f3bcd9542719aeb2afeb3849720a54917,步骤19 GWAS-Mitoxy 整合（c–h；Bonferroni/Simes）,,
S1,Table_S1_Mitoxyperilysis_Score_by_CellType.csv,02_SUPPLEMENTARY_TABLES/SUPPLEMENTARY_Tables_CSV,supplementary_table,canonical,none,Mitoxy-80_v1.0,score_genes_v1,423.0,48482,27bf3c5e94cd1ddfca884d0be1ca2473e913a1ca222f171f6d935f4446e05924,5.1 各细胞类型 Mitoxyperilysis 评分（score_genes）,,
S1,Table_S1_Mitoxyperilysis_Score_by_CellType_prev38.csv,,supplementary_table,archived,none,Mitoxy-80_v1.0,score_genes_v1,423.0,72224,b2421f2366c7b3cd7974d00e9c2574dfea51f26366c042350cd7757e42c017a4,5.1 各细胞类型 Mitoxyperilysis 评分（score_genes）,历史版本，已被 canonical Table_S1 取代；2026-08-16 目录重组确认原始文件未随包迁移（见 01_FIGURE_DATA_CSV/README_图数据包说明.md 治理披露）,
S1,Table_S1_Mitoxyperilysis_Score_by_CellType_Summary.csv,02_SUPPLEMENTARY_TABLES/SUPPLEMENTARY_Tables_CSV,supplementary_table,canonical,none,Mitoxy-80_v1.0,score_genes_v1,45.0,5932,12178365d69053f42d870d8a042d30770b2dc8903f494963407d4bcd6567c267,5.1 各细胞类型 Mitoxyperilysis 评分（score_genes）,,
S1,Table_S1_Mitoxyperilysis_Score_by_CellType_Summary_prev38.csv,,supplementary_table,archived,none,Mitoxy-80_v1.0,score_genes_v1,45.0,4618,77843584a1a771500e31bf988d041eef63a6e44d8649d0d1677aa7ed5da7466d,5.1 各细胞类型 Mitoxyperilysis 评分（score_genes）,历史版本，已被 canonical Table_S1 取代；2026-08-16 目录重组确认原始文件未随包迁移（见 01_FIGURE_DATA_CSV/README_图数据包说明.md 治理披露）,
S1,Table_S1_rescore_report.txt,02_SUPPLEMENTARY_TABLES/Supplementary_Notes,supplementary_report,canonical,none,NA,NA,40.0,1743,114b60f76dd8d71f7c19b3aa4039f0cac4f7eb394a9383f94f26df4c582c4887,5.1 各细胞类型 Mitoxyperilysis 评分（score_genes）,,
S20,Table_S20_GRN_Causal_Perturbation_Report.txt,02_SUPPLEMENTARY_TABLES/Supplementary_Notes,supplementary_report,canonical,genome_wide,Mitoxy-80_v1.0,NA,124.0,8050,3406d85797ed94282487e72b847a2519dfe75128820735aa23a119d763da291a,步骤20 共表达因果 GRN 扰动（a–l，无 k；非 CellOracle）,,
S15,Table_S15a_Causal_GRN_Network.csv,02_SUPPLEMENTARY_TABLES/SUPPLEMENTARY_Tables_CSV,supplementary_table,canonical,genome_wide,Mitoxy-80_v1.0,NA,32286.0,2584047,ec18abce494ccd4e40a4d1a8bcfec8d423e2cfcc45a9a28cbf9ce41aab915326,步骤20 共表达因果 GRN 扰动（a–l，无 k；非 CellOracle）,,
S15,Table_S15b_GRN_Centrality_Hubs.csv,02_SUPPLEMENTARY_TABLES/SUPPLEMENTARY_Tables_CSV,supplementary_table,canonical,genome_wide,Mitoxy-80_v1.0,NA,9514.0,1486363,347623a86937c42fc8b47635b057336019af7b1a0bb29ed3e6569d1d406280cd,步骤20 共表达因果 GRN 扰动（a–l，无 k；非 CellOracle）,,
S15,Table_S15c_TF_Perturbation_Impact.csv,02_SUPPLEMENTARY_TABLES/SUPPLEMENTARY_Tables_CSV,supplementary_table,canonical,genome_wide,Mitoxy-80_v1.0,NA,52.0,12171,0508e9dbbe9734791b6302a86a3eff9f7315fc0907bc4d15197262d877f354c2,步骤20 共表达因果 GRN 扰动（a–l，无 k；非 CellOracle）,,
S15,Table_S15d_CellType_Perturbation_Vulnerability.csv,02_SUPPLEMENTARY_TABLES/SUPPLEMENTARY_Tables_CSV,supplementary_table,canonical,genome_wide,Mitoxy-80_v1.0,NA,8.0,2727,af01e7ebe93ddd5c28d714e2e131bddf1ad00ce168fdc18192b6c27015de282e,步骤20 共表达因果 GRN 扰动（a–l，无 k；非 CellOracle）,,
S15,Table_S15e_GRN_Causal_Chains.csv,02_SUPPLEMENTARY_TABLES/SUPPLEMENTARY_Tables_CSV,supplementary_table,canonical,genome_wide,Mitoxy-80_v1.0,NA,1096.0,131203,f2d08cb0139adc75460065a88110357122671357c7b867d936c047f2ae057391,步骤20 共表达因果 GRN 扰动（a–l，无 k；非 CellOracle）,,
S15,Table_S15f_TopTF_Perturbation_Details.csv,02_SUPPLEMENTARY_TABLES/SUPPLEMENTARY_Tables_CSV,supplementary_table,canonical,genome_wide,Mitoxy-80_v1.0,NA,338.0,38664,4012367a19706a62f230a4cf5a1cc1da115631208251cfe864e11ca4f58f6d40,步骤20 共表达因果 GRN 扰动（a–l，无 k；非 CellOracle）,,
S15,Table_S15g_GRN_scTenifoldKnk_Validation.csv,02_SUPPLEMENTARY_TABLES/SUPPLEMENTARY_Tables_CSV,supplementary_table,canonical,genome_wide,Mitoxy-80_v1.0,NA,12.0,2327,dc2bc4505f4fa155491a299bf3baaeee687c5bab7b0a23c3c37ce79980627a5f,步骤20 共表达因果 GRN 扰动（a–l，无 k；非 CellOracle）,,
S15,Table_S15h_CellType_Top_Regulators.csv,02_SUPPLEMENTARY_TABLES/SUPPLEMENTARY_Tables_CSV,supplementary_table,canonical,genome_wide,Mitoxy-80_v1.0,NA,18.0,1905,88edfab60a461bd519026913f138fc4410a2a3e6e9dfea87e978062c438afcb1,步骤20 共表达因果 GRN 扰动（a–l，无 k；非 CellOracle）,,
S15,Table_S15i_Module_Perturbation_Sensitivity.csv,02_SUPPLEMENTARY_TABLES/SUPPLEMENTARY_Tables_CSV,supplementary_table,canonical,genome_wide,Mitoxy-80_v1.0,NA,5.0,1075,a431d0f5de168b1c33fb33c1bf3b54311bee29acb32c3a53f44ea82a13a35371,步骤20 共表达因果 GRN 扰动（a–l，无 k；非 CellOracle）,,
S15,Table_S15j_GRN_Communities.csv,02_SUPPLEMENTARY_TABLES/SUPPLEMENTARY_Tables_CSV,supplementary_table,canonical,genome_wide,Mitoxy-80_v1.0,NA,7.0,761,ffa7a2f81badcfca221355be71213499b0fdecc53758954d3740015e392c7b41,步骤20 共表达因果 GRN 扰动（a–l，无 k；非 CellOracle）,,
S15,Table_S15l_Causal_TF_MitoGene_Matrix.csv,02_SUPPLEMENTARY_TABLES/SUPPLEMENTARY_Tables_CSV,supplementary_table,canonical,genome_wide,Mitoxy-80_v1.0,NA,52.0,7462,7f4278a33dbbe798839b8deba57f650a209aac6aea49cc9281b5421417908e7f,步骤20 共表达因果 GRN 扰动（a–l，无 k；非 CellOracle）,,
S21,Table_S21_Combinatorial_Perturbation_Report.txt,02_SUPPLEMENTARY_TABLES/Supplementary_Notes,supplementary_report,canonical,genome_wide,Mitoxy-80_v1.0,NA,137.0,8497,42663389e2642744acab6ecc3274eee03354a57f239c6320e0c2d5bfe587691a,步骤21 组合扰动协同（共表达 disruption；非 GEARS）,,
S77,Table_S77_Combinatorial_Perturbation_Synergy.csv,02_SUPPLEMENTARY_TABLES/SUPPLEMENTARY_Tables_CSV,supplementary_table,canonical,genome_wide,Mitoxy-80_v1.0,NA,105.0,29227,6205026af06c0e5d344a5ec802ef510faed0c2479d26cfc26796b22f48c11713,步骤21 组合扰动协同（共表达 disruption；非 GEARS）,,
S77,Table_S77b_Combinatorial_Perturbation_SingleKO.csv,02_SUPPLEMENTARY_TABLES/SUPPLEMENTARY_Tables_CSV,supplementary_table,canonical,genome_wide,Mitoxy-80_v1.0,NA,15.0,3041,937dc549947c5d4baecdaa7388fbfc144eac24d50dab8c35f65f5a8c0d9b18c4,步骤21 组合扰动协同（共表达 disruption；非 GEARS）,,
S77,Table_S77c_Combinatorial_Perturbation_ComboKO_Detail.csv,02_SUPPLEMENTARY_TABLES/SUPPLEMENTARY_Tables_CSV,supplementary_table,canonical,genome_wide,Mitoxy-80_v1.0,NA,41292.0,4081702,144cf99c5cb52565c0a60944c3c1a430b239887db3cbcb233c8d16cd954c0896,步骤21 组合扰动协同（共表达 disruption；非 GEARS）,,
S77,Table_S77d_Combinatorial_Perturbation_Network_Properties.csv,02_SUPPLEMENTARY_TABLES/SUPPLEMENTARY_Tables_CSV,supplementary_table,canonical,genome_wide,Mitoxy-80_v1.0,NA,15.0,1965,ecd5dbc6284ea80ef028b593ba243a21350f03fbadb68276f79e2ccf654cdcfb,步骤21 组合扰动协同（共表达 disruption；非 GEARS）,,
S16,Table_S16_Drug_Database.csv,02_SUPPLEMENTARY_TABLES/SUPPLEMENTARY_Tables_CSV,supplementary_table,canonical,none,Mitoxy-80_v1.0,NA,23.0,5040,32e00e15d86d8221286078218bfe66403a4c3097757d254f8d1dd6cbfdd57e3a,,,
S16,Table_S16_Integrated_Drug_Ranking.csv,02_SUPPLEMENTARY_TABLES/SUPPLEMENTARY_Tables_CSV,supplementary_table,canonical,none,Mitoxy-80_v1.0,NA,19.0,1139,2115f1582b7eec35a7f8f67250c756e0defd9974390e82648444016bbe0b00a5,,,
S22/S23,Table_S22_S23_Virtual_Drug_Screening_Report.txt,02_SUPPLEMENTARY_TABLES/Supplementary_Notes,supplementary_report,canonical,none,Mitoxy-80_v1.0,NA,174.0,10822,675938e9c67c531cf30f09f7ebbbeccbe69e94b27695c82c1851b93e6605651f,,,
S22,Table_S22_scFOCAL_Analysis_Report.txt,02_SUPPLEMENTARY_TABLES/Supplementary_Notes,supplementary_report,canonical,none,Mitoxy-80_v1.0,NA,60.0,3554,75dbf736c4b2eeea082810ddcfa9a58a106d52b8886ec5b9296e7db2750a2e54,步骤22 scFOCAL 单细胞药物敏感性 + S22/S23 整合药物表,,
S16,Table_S16_scFOCAL_IC50.csv,02_SUPPLEMENTARY_TABLES/SUPPLEMENTARY_Tables_CSV,supplementary_table,canonical,none,Mitoxy-80_v1.0,NA,23.0,5040,32e00e15d86d8221286078218bfe66403a4c3097757d254f8d1dd6cbfdd57e3a,步骤22 scFOCAL 单细胞药物敏感性 + S22/S23 整合药物表,,
S16,Table_S16b_scFOCAL_CellType_IC50.csv,02_SUPPLEMENTARY_TABLES/SUPPLEMENTARY_Tables_CSV,supplementary_table,canonical,none,Mitoxy-80_v1.0,legacy_scale_v0_not_for_text,11.0,1353,9ac36ddea2e09abc98e42f7f48ad2364e2c25dc89368ee18df919a51fe48bde5,步骤22 scFOCAL 单细胞药物敏感性 + S22/S23 整合药物表,,
S78,Table_S78_CMap_Drugs.csv,02_SUPPLEMENTARY_TABLES/SUPPLEMENTARY_Tables_CSV,supplementary_table,canonical,none,Mitoxy-80_v1.0,NA,19.0,4934,41683b3efa0bf7677f1972e9f8f51a64875f4c39698e62fd217b59be54ebe2a4,步骤23 CMap 靶向药物（19 种，并入 S22_S23 整合表）,,
S24,Table_S24_Pathway_Factor_Analysis_Report.txt,02_SUPPLEMENTARY_TABLES/Supplementary_Notes,supplementary_report,canonical,none,Mitoxy-80_v1.0,NA,108.0,5212,4c4b977eb0ceee583d92977acfee6b3919607847e6be2e23816a161b634524fd,步骤24 通路因子分析（FA+PCA，非 MOFA+；b–f）,,
S17,Table_S17_Pathway_Factor_Scores.csv,02_SUPPLEMENTARY_TABLES/SUPPLEMENTARY_Tables_CSV,supplementary_table,canonical,none,Mitoxy-80_v1.0,NA,392.0,88803,d058a079bf24c614c71864f89a0c956f45bb80454ff16f154c36881a8478c108,步骤24 通路因子分析（FA+PCA，非 MOFA+；b–f）,,
S17,Table_S17b_Pathway_Factor_TopFeatures.csv,02_SUPPLEMENTARY_TABLES/SUPPLEMENTARY_Tables_CSV,supplementary_table,canonical,none,Mitoxy-80_v1.0,NA,300.0,23867,18670f55572396651161681f2ede6e47b61d36a485755a6ddd2150017f0f1342,步骤24 通路因子分析（FA+PCA，非 MOFA+；b–f）,,
S17,Table_S17c_Pathway_Factor_VarianceExplained.csv,02_SUPPLEMENTARY_TABLES/SUPPLEMENTARY_Tables_CSV,supplementary_table,canonical,none,Mitoxy-80_v1.0,NA,50.0,3813,3b08b5aa2c2c1c7cb5a9a3f7a993c5a63c862c938ce4a17ad31c369695f4b047,步骤24 通路因子分析（FA+PCA，非 MOFA+；b–f）,,
S17,Table_S17d_Pathway_Factor_FactorPhenotype.csv,02_SUPPLEMENTARY_TABLES/SUPPLEMENTARY_Tables_CSV,supplementary_table,canonical,none,Mitoxy-80_v1.0,NA,10.0,1545,1b1a74299065b2208eb1be547b76d4ad1a41f04c7b2326074ea5ac9693dbaa8d,步骤24 通路因子分析（FA+PCA，非 MOFA+；b–f）,,
S17,Table_S17f_Pathway_Factor_FactorScores.csv,02_SUPPLEMENTARY_TABLES/SUPPLEMENTARY_Tables_CSV,supplementary_table,canonical,none,Mitoxy-80_v1.0,NA,392.0,42320,70a98d371c91ac22c7d9e12285a34492f56236c71603443fa0f531914ff24465,步骤24 通路因子分析（FA+PCA，非 MOFA+；b–f）,,
S26,Table_S26_Analysis_Report.txt,02_SUPPLEMENTARY_TABLES/Supplementary_Notes,supplementary_report,canonical,none,NA,NA,210.0,11394,a1e04e64821794c1e7dccf060701aa45037c564fb6fc659663e122fd03d0490a,步骤26 scATAC EpiAgent + Mitoxyperilysis 染色质可及性（a=HLCA 注释、b–k）,,
S79,Table_S79_EpiAgent_Annotations.csv,02_SUPPLEMENTARY_TABLES/SUPPLEMENTARY_Tables_CSV,supplementary_table,canonical,none,NA,NA,21790.0,4058207,4df4efb42b1f58fc23aab6655d461ab9f8f9aabc85fa6fd8d2e0e76225291826,步骤26 scATAC EpiAgent + Mitoxyperilysis 染色质可及性（a=HLCA 注释、b–k）,,
S26,Table_S26_Mitoxyperilysis_ATAC_Report.txt,02_SUPPLEMENTARY_TABLES/Supplementary_Notes,supplementary_report,canonical,none,Mitoxy-80_v1.0,NA,136.0,8527,8deda7f3f00f6ace8c84904090ee281cb1a8103286e839d6dc045e4f0eca4ff5,步骤26 scATAC EpiAgent + Mitoxyperilysis 染色质可及性（a=HLCA 注释、b–k）,2026-08-16 目录重组核对：冻结后文件有更新（版本戳页脚与 manifest 记录一致），按 §八 重冻结,
S79,Table_S79a_HLCA_CellType_Annotations.csv,02_SUPPLEMENTARY_TABLES/SUPPLEMENTARY_Tables_CSV,supplementary_table,canonical,none,NA,NA,23274.0,1474557,255bbaeae374fc5c595bb1354ec3f061848dfce1d3637c7e1beb6a8ac8059d95,步骤26 scATAC EpiAgent + Mitoxyperilysis 染色质可及性（a=HLCA 注释、b–k）,,
S79,Table_S79b_Cluster_Statistics.csv,02_SUPPLEMENTARY_TABLES/SUPPLEMENTARY_Tables_CSV,supplementary_table,canonical,none,NA,NA,16.0,2176,055d4998f6596fecaad9ae9016a3bf09c35ceb61be287ccb70b9165e9bb4fea6,步骤26 scATAC EpiAgent + Mitoxyperilysis 染色质可及性（a=HLCA 注释、b–k）,,
S79,Table_S79c_Sample_Statistics.csv,02_SUPPLEMENTARY_TABLES/SUPPLEMENTARY_Tables_CSV,supplementary_table,canonical,none,NA,NA,4.0,122,2645a68b31c55c0c6273bb1faffbb978c3ee4ea6ce5f5be103d12dd829ceea13,步骤26 scATAC EpiAgent + Mitoxyperilysis 染色质可及性（a=HLCA 注释、b–k）,,
S79,Table_S79d_Mitoxyperilysis_ATAC_PerCell.csv,02_SUPPLEMENTARY_TABLES/SUPPLEMENTARY_Tables_CSV,supplementary_table,canonical,none,Mitoxy-80_v1.0,NA,23274.0,5095471,f280d5f6011ab3868e3efc8f6ae3d8259352756fbdf5de1b7102a36f408c8a29,步骤26 scATAC EpiAgent + Mitoxyperilysis 染色质可及性（a=HLCA 注释、b–k）,,
S79,Table_S79e_Mitoxyperilysis_ATAC_ModuleStats.csv,02_SUPPLEMENTARY_TABLES/SUPPLEMENTARY_Tables_CSV,supplementary_table,canonical,none,Mitoxy-80_v1.0,NA,5.0,796,162df285d8f49a892524ace9a94119eae8e2b5bc567c626c792bfcfdc27efa46,步骤26 scATAC EpiAgent + Mitoxyperilysis 染色质可及性（a=HLCA 注释、b–k）,,
S79,Table_S79f_Mitoxyperilysis_Gene_Bin_Map.csv,02_SUPPLEMENTARY_TABLES/SUPPLEMENTARY_Tables_CSV,supplementary_table,canonical,mitoxy_80,Mitoxy-80_v1.0,NA,36.0,2650,71e959960aaf9e2269842d5c83b6a8c6a3516b05cad4a078efcec74d97597ab2,步骤26 scATAC EpiAgent + Mitoxyperilysis 染色质可及性（a=HLCA 注释、b–k）,,
S79,Table_S79g_Mitoxyperilysis_ATAC_ByCluster.csv,02_SUPPLEMENTARY_TABLES/SUPPLEMENTARY_Tables_CSV,supplementary_table,canonical,none,Mitoxy-80_v1.0,NA,16.0,7681,ec77c0d81938f3f6d0f688cfbc8e22130cfd9883f121bbe374ed2184b6f269e5,步骤26 scATAC EpiAgent + Mitoxyperilysis 染色质可及性（a=HLCA 注释、b–k）,,
S79,Table_S79h_Mitoxyperilysis_ATAC_ByCellType.csv,02_SUPPLEMENTARY_TABLES/SUPPLEMENTARY_Tables_CSV,supplementary_table,canonical,none,Mitoxy-80_v1.0,NA,3.0,709,aabe05658e09d727fd8ce0f91ba8f17441140de8cf4229c2d08e97de461c18c2,步骤26 scATAC EpiAgent + Mitoxyperilysis 染色质可及性（a=HLCA 注释、b–k）,,
S79,Table_S79i_Mitoxyperilysis_ATAC_Merged.csv,02_SUPPLEMENTARY_TABLES/SUPPLEMENTARY_Tables_CSV,supplementary_table,canonical,none,Mitoxy-80_v1.0,NA,23274.0,4956305,5ee8a8780b17772f1f042af0f34970780ad9aa57a25b48d02e83ead3ddd0364c,步骤26 scATAC EpiAgent + Mitoxyperilysis 染色质可及性（a=HLCA 注释、b–k）,,
S79,Table_S79j_Mitoxyperilysis_PerGene_Accessibility.csv,02_SUPPLEMENTARY_TABLES/SUPPLEMENTARY_Tables_CSV,supplementary_table,canonical,mitoxy_80,Mitoxy-80_v1.0,NA,30.0,4334,8bcfa6931b1b70ccf7f010124dee78e94bf1b4ad4546ad119b4c9ab40ee54965,步骤26 scATAC EpiAgent + Mitoxyperilysis 染色质可及性（a=HLCA 注释、b–k）,,
S79,Table_S79k_CellType_Scores.csv,02_SUPPLEMENTARY_TABLES/SUPPLEMENTARY_Tables_CSV,supplementary_table,canonical,none,Mitoxy-80_v1.0,NA,23274.0,6308758,1d10691f0bb4704da3317e2096ecdc4890a4802932346a3ed471828ead2b712a,步骤26 scATAC EpiAgent + Mitoxyperilysis 染色质可及性（a=HLCA 注释、b–k）,,
S80,Table_S80_Epigenetic_Clocks.csv,02_SUPPLEMENTARY_TABLES/SUPPLEMENTARY_Tables_CSV,supplementary_table,canonical,none,NA,NA,144.0,25721,e5d6ed72bd2a5631243b3acd5ae0c8d33c5919e704f55546eb3002a644c5aac9,步骤27 表观遗传时钟（b 组间比较、c GrimAge）,,
S80,Table_S80b_Group_Comparison.csv,02_SUPPLEMENTARY_TABLES/SUPPLEMENTARY_Tables_CSV,supplementary_table,canonical,none,NA;gene_set_version,NA;score_version,10.0,836,5fbc9ad3027ae852972df1acfae0c3afc4b27b69902218d8b1156c576c0138f6,步骤27 表观遗传时钟（b 组间比较、c GrimAge）,,
S80,Table_S80c_GrimAge_Results.csv,02_SUPPLEMENTARY_TABLES/SUPPLEMENTARY_Tables_CSV,supplementary_table,canonical,none,NA,NA,144.0,7117,b5e389cafccd64e46a81b6e97145f15a1b503b9aed54c77905ff6d90d3b3a311,步骤27 表观遗传时钟（b 组间比较、c GrimAge）,,
S81,Table_S81_Epigenetic_Aging_Corr.csv,02_SUPPLEMENTARY_TABLES/SUPPLEMENTARY_Tables_CSV,supplementary_table,canonical,none,NA,NA,52.0,3177,9ea903e292f9721834fef8b80b99263b51a9d21b0fcade59b2f330f394244389,步骤28 表观衰老-临床相关,,
S29/S31,Table_S29_S31_scATAC_SCENIC_Analysis_Report.txt,02_SUPPLEMENTARY_TABLES/Supplementary_Notes,supplementary_report,canonical,none,NA,NA,88.0,4650,964372b534358345b81686822f611c118b07db4041ab044399b540eb0455ba9b,,,
S82,Table_S82_scATAC_Peaks.csv,02_SUPPLEMENTARY_TABLES/SUPPLEMENTARY_Tables_CSV,supplementary_table,canonical,none,NA,NA,4148.0,621651,f7b19819a20cdf71453bcb1e57d9424ba03f7250663900aef9379f4b31a35e35,步骤29 scATAC peaks（S29–S31 共享报告）,,
S2,Table_S2_DEGs_Analysis.csv,02_SUPPLEMENTARY_TABLES/SUPPLEMENTARY_Tables_CSV,supplementary_table,canonical,genome_wide,Mitoxy-80_v1.0,NA,17823.0,3326493,7db31419b2870497f3fc31a2ee0a8fac158083396f0c2bd8b0d008c05a67c834,步骤1 GSE185263 全血 Bulk DEG（N3 溯源：DESeq2 输出；ARDS_vs_Control=82 sepcv vs 44 ctrl、Sepsis_vs_Control=348 vs 44；附 QC）,,
S2,Table_S2_QC_Metrics.csv,02_SUPPLEMENTARY_TABLES/SUPPLEMENTARY_Tables_CSV,supplementary_table,canonical,none,Mitoxy-80_v1.0,NA,63.0,9072,ffbd8a393725494ef416a5ae3029806f7cd2f84511e4094de9546dab428af88b,步骤1 GSE185263 全血 Bulk DEG（N3 溯源：DESeq2 输出；ARDS_vs_Control=82 sepcv vs 44 ctrl、Sepsis_vs_Control=348 vs 44；附 QC）,,
S2,Table_S2b_scRNA_DEG_80genes.csv,02_SUPPLEMENTARY_TABLES/SUPPLEMENTARY_Tables_CSV,supplementary_table,canonical,mitoxy_80,Mitoxy-80_v1.0,NA,80.0,36993,a4060b8fd50073120b1461efdf6b83ad93636a96aa94ee9e0b513c23c80d7667,N3 真·单细胞 DEG（80 通路基因；GSE145926 BALF / GSE158055 PBMC / 合并，Mann-Whitney+BH）,,
S83,Table_S83_Motif_Enrichment.csv,02_SUPPLEMENTARY_TABLES/SUPPLEMENTARY_Tables_CSV,supplementary_table,canonical,none,NA,NA,928.0,134255,9c8e782b4c04bae6757e7fde962d7ebfcc5c8513e5d28a7471153dc5d26ef280,步骤30 motif 富集,,
S84,Table_S84_SCENICplus_GRN.csv,02_SUPPLEMENTARY_TABLES/SUPPLEMENTARY_Tables_CSV,supplementary_table,canonical,none,NA,NA,32286.0,3573997,52c55c571fe8971a7a324a96a85b570827bed30fa83bdf915246af4cd1890f75,步骤31 SCENIC+ GRN（b=TF 排名）,,
S84,Table_S84b_TF_Ranking_Mitoxyperilysis.csv,02_SUPPLEMENTARY_TABLES/SUPPLEMENTARY_Tables_CSV,supplementary_table,canonical,genome_wide,Mitoxy-80_v1.0,NA,52.0,5817,0d087d2a41bfcc55032ef112bcd50aa6c06714ac86b53f8f44cefc26b820cd51,步骤31 SCENIC+ GRN（b=TF 排名）,,
S32/S33,Table_S32_S33_Methodology_Note.txt,02_SUPPLEMENTARY_TABLES/Supplementary_Notes,supplementary_report,canonical,mitoxy_80,NA,NA,64.0,3531,daaee9ef761a303bf28b08a6682d76255a96db98ea822e87ed253c5ac89a675d,,,
S85,Table_S85_TF_Binding_Predictions.csv,02_SUPPLEMENTARY_TABLES/SUPPLEMENTARY_Tables_CSV,supplementary_table,canonical,mitoxy_80,Mitoxy-80_v1.0,NA,1008.0,240519,bb7a5bbaa5bf439512c878bfc3de22be5a9a06b94067f95b2b5cc858877ad695,步骤32 TF 结合预测（S32–S33 共享方法注）,,
S86,Table_S86_Diff_TF_Binding.csv,02_SUPPLEMENTARY_TABLES/SUPPLEMENTARY_Tables_CSV,supplementary_table,canonical,mitoxy_80,Mitoxy-80_v1.0,NA,56.0,8011,e44623eeace0795c9f8b0e40020c880ad6d9adc6283d9afd313dd177d91b54a9,步骤33 差异 TF 结合,,
S18,Table_S18_Docking_Results.csv,02_SUPPLEMENTARY_TABLES/SUPPLEMENTARY_Tables_CSV,supplementary_table,canonical,mitoxy_80,Mitoxy-80_v1.0,NA,35.0,7266,ac1d9d35acb05d23b79187da76aa78cdc607dff824c112675f8db81db24d4df6,步骤36 分子对接（b 配体性质、c 靶蛋白）,,
S18,Table_S18b_Ligand_Properties.csv,02_SUPPLEMENTARY_TABLES/SUPPLEMENTARY_Tables_CSV,supplementary_table,canonical,mitoxy_80,Mitoxy-80_v1.0,NA,5.0,815,6c05680aba0f1fd0f58d99a71548fa3ade2791e882ed7aed9315e518e5a0cb8c,步骤36 分子对接（b 配体性质、c 靶蛋白）,,
S18,Table_S18c_Target_Protein_Info.csv,02_SUPPLEMENTARY_TABLES/SUPPLEMENTARY_Tables_CSV,supplementary_table,canonical,mitoxy_80,Mitoxy-80_v1.0,NA,7.0,1932,5ac151d76e1d6a60d472aa23cf33a1de736cf5807610783622d82cf820e91dba,步骤36 分子对接（b 配体性质、c 靶蛋白）,,
S87,Table_S87_MD_Trajectories.csv,02_SUPPLEMENTARY_TABLES/SUPPLEMENTARY_Tables_CSV,supplementary_table,canonical,mitoxy_80,Mitoxy-80_v1.0,NA,35.0,5426,2180e01a9011b9599abdcc5d75f71e976b9d547f5a72e0f641515bc9b6489b17,步骤37 分子动力学轨迹,,
S88,Table_S88_Geneformer_Perturbations.csv,02_SUPPLEMENTARY_TABLES/SUPPLEMENTARY_Tables_CSV,supplementary_table,canonical,mitoxy_80,Mitoxy-80_v1.0,NA,5.0,1902,45466b5d0fcc1bc07d077b521a6a79a235b33baa6f9c5b9f117da8d357e0315d,步骤38 Geneformer 扰动（b 详情、c 零样本分类；S38–S39 共享报告）,,
S38/S39,Table_S38_S39_Geneformer_Report.txt,02_SUPPLEMENTARY_TABLES/Supplementary_Notes,supplementary_report,canonical,mitoxy_80,Mitoxy-80_v1.0,NA,48.0,4697,8f84fe030c698ca3d4e4feffe22cf5182161858432e146461d14bed1963137e7,,,
S88,Table_S88b_Geneformer_Perturbations_Detail.csv,02_SUPPLEMENTARY_TABLES/SUPPLEMENTARY_Tables_CSV,supplementary_table,canonical,mitoxy_80,Mitoxy-80_v1.0,NA,9.0,2050,05e1d92b5cb4d082685b1aa1943a47379eef6213efd7ddefd8cd31b4ad122099,步骤38 Geneformer 扰动（b 详情、c 零样本分类；S38–S39 共享报告）,,
S88,Table_S88c_ZeroShot_CellClassification.csv,02_SUPPLEMENTARY_TABLES/SUPPLEMENTARY_Tables_CSV,supplementary_table,canonical,none,NA,NA,7.0,283,c347c0ec654bfe5a026ddfe4cf734c8720c7e4448349fce1e0911aef5bd5282b,步骤38 Geneformer 扰动（b 详情、c 零样本分类；S38–S39 共享报告）,,
S89,Table_S89_CrossSpecies_Validation.csv,02_SUPPLEMENTARY_TABLES/SUPPLEMENTARY_Tables_CSV,supplementary_table,canonical,none,Mitoxy-80_v1.0,NA,7.0,742,170622bbf5f5252c698b729e48d7a8da8c2e7e2ba147c11424f3758929396696,步骤39 跨物种验证（小鼠直系同源）,,
S73,Table_S73_Cell_Type_Composition.csv,02_SUPPLEMENTARY_TABLES/SUPPLEMENTARY_Tables_CSV,supplementary_table,canonical,none,NA,NA,3024.0,133472,0222805f933c839775ba3d7ee9cfbf304a10cdedce66b9a145906bfdd1c1dc8e,5.1 单细胞细胞类型组成（GSE158055 12 类型/64 亚群；GSE171668 仅 metadata）,,
S3,Table_S3_Cell_Type_Composition_GSE158055_metadata.csv,02_SUPPLEMENTARY_TABLES/SUPPLEMENTARY_Tables_CSV,supplementary_table,canonical,none,NA,NA,64.0,2754,3328ab4c3d0c59900874a0ba521a69f888765f9fd290fb34cc8225017ece41de,5.1 单细胞细胞类型组成（GSE158055 12 类型/64 亚群；GSE171668 仅 metadata）,,
S3,Table_S3_Cell_Type_Composition_GSE171668_metadata.csv,02_SUPPLEMENTARY_TABLES/SUPPLEMENTARY_Tables_CSV,supplementary_table,canonical,none,NA,NA,134.0,6636,51bbe05447d2f358555ae76a4f29e45df7bd5ad7482a9c60f4934e4981443f8f,5.1 单细胞细胞类型组成（GSE158055 12 类型/64 亚群；GSE171668 仅 metadata）,,
S40,Table_S40_gnomAD_Analysis_Report.txt,02_SUPPLEMENTARY_TABLES/Supplementary_Notes,supplementary_report,canonical,mitoxy_80_via_alias,Mitoxy-80_v1.0,NA,195.0,10318,0f38e7e9dc0b8f3a7fd6911b2033c37d28db2335a9f5910a11636a9e33167f56,步骤40 gnomAD 纯化选择约束（Publication=发表用精简版）,,
S19,Table_S19_gnomAD_Constraint.csv,02_SUPPLEMENTARY_TABLES/SUPPLEMENTARY_Tables_CSV,supplementary_table,canonical,mitoxy_80_via_alias,Mitoxy-80_v1.0,NA,16.0,6216,55f9c334cb3bf26cccf946abcc9e2f9d5f7036e00f11d404894d874e1f23cb81,步骤40 gnomAD 纯化选择约束（Publication=发表用精简版）,,
S40,Table_S40_gnomAD_Constraint_Publication.csv,02_SUPPLEMENTARY_TABLES/SUPPLEMENTARY_Tables_CSV,supplementary_table,canonical,mitoxy_80_via_alias,Mitoxy-80_v1.0,NA,16.0,1948,6bd40ceaa6744abf47c9b23cfe265e18ef6df9a23682e91420581562949f0d7c,步骤40 gnomAD 纯化选择约束（Publication=发表用精简版）,,
S19,Table_S19_gnomAD_Constraint_Summary.csv,02_SUPPLEMENTARY_TABLES/SUPPLEMENTARY_Tables_CSV,supplementary_table,canonical,mitoxy_80_via_alias,Mitoxy-80_v1.0,NA,4.0,2043,89d1920b1d6e90a6d54464363303069ccf6a9c7a2e3e3b181b12b09083498602,步骤40 gnomAD 纯化选择约束（Publication=发表用精简版）,,
S41,Table_S41_Transcript_Analysis_Report.txt,02_SUPPLEMENTARY_TABLES/Supplementary_Notes,supplementary_report,canonical,none,Mitoxy-80_v1.0,NA,61.0,3104,c5143a1bfc5f5bfdf6e3bda27dde2b373ae5844197244927706a24593a3d259a,步骤41 转录本分析（a–g：DTU/剪接/外显子/多样性指数）,,
S90,Table_S90a_Differential_Transcript_Usage.csv,02_SUPPLEMENTARY_TABLES/SUPPLEMENTARY_Tables_CSV,supplementary_table,canonical,mitoxy_80_via_alias,Mitoxy-80_v1.0,NA,1255.0,182275,c2890a49efc957164586dc565680fe36352f8afd12dc3ceded0c179f45dcdcf4,步骤41 转录本分析（a–g：DTU/剪接/外显子/多样性指数）,,
S90,Table_S90b_DTU_Gene_Summary.csv,02_SUPPLEMENTARY_TABLES/SUPPLEMENTARY_Tables_CSV,supplementary_table,canonical,mitoxy_80_via_alias,Mitoxy-80_v1.0,NA,31.0,3453,845296cc50579079be8603c22e7fc741716097bf66594b1424663a0430fa5081,步骤41 转录本分析（a–g：DTU/剪接/外显子/多样性指数）,,
S90,Table_S90c_Alternative_Splicing_Events.csv,02_SUPPLEMENTARY_TABLES/SUPPLEMENTARY_Tables_CSV,supplementary_table,canonical,mitoxy_80_via_alias,Mitoxy-80_v1.0,NA,6846.0,447232,40dc61c1d931bc73b88e81c83b890776db20c5fdf69632d4f8be5795174a322b,步骤41 转录本分析（a–g：DTU/剪接/外显子/多样性指数）,,
S90,Table_S90d_Differential_Exon_Usage.csv,02_SUPPLEMENTARY_TABLES/SUPPLEMENTARY_Tables_CSV,supplementary_table,canonical,mitoxy_80_via_alias,Mitoxy-80_v1.0,NA,1978.0,258154,692bbb0cd3ce456d14bd74913068c4ff9b71770b7ee4e8c7438c1cce0207ab6c,步骤41 转录本分析（a–g：DTU/剪接/外显子/多样性指数）,,
S90,Table_S90e_Differential_Exon_Usage_Gene_Summary.csv,02_SUPPLEMENTARY_TABLES/SUPPLEMENTARY_Tables_CSV,supplementary_table,canonical,mitoxy_80_via_alias,Mitoxy-80_v1.0,NA,31.0,1208,efe3596f0ce0eff61a94a2d9e97f3760e605f908844e97adaf9ba6469990fde6,步骤41 转录本分析（a–g：DTU/剪接/外显子/多样性指数）,,
S90,Table_S90f_Transcript_Diversity_Index.csv,02_SUPPLEMENTARY_TABLES/SUPPLEMENTARY_Tables_CSV,supplementary_table,canonical,mitoxy_80_via_alias,Mitoxy-80_v1.0,NA,38.0,2694,b49e223b438a10e9b748da48d7737d7d4cbe1b0c0f0e1598b1ec085b2a3d8f49,步骤41 转录本分析（a–g：DTU/剪接/外显子/多样性指数）,,
S90,Table_S90g_Sample_Groups.csv,02_SUPPLEMENTARY_TABLES/SUPPLEMENTARY_Tables_CSV,supplementary_table,canonical,none,NA,NA,4.0,175,b7d0ccaa31380c80cd33ea9feac3b16ffcddd8433e9b8dda75f10eea49ec0b56,步骤41 转录本分析（a–g：DTU/剪接/外显子/多样性指数）,,
S91,Table_S91_hdWGCNA_Modules.csv,02_SUPPLEMENTARY_TABLES/SUPPLEMENTARY_Tables_CSV,supplementary_table,canonical,none,NA,NA,8515.0,2139167,b30b050e719ac59b7ebf6fddaf38c0c28f3817e174a4b25fe5517ee4d8efb7e5,步骤44 hdWGCNA 模块（b 模块-表型相关）,,
S91,Table_S91b_hdWGCNA_ModuleTraitCorr.csv,02_SUPPLEMENTARY_TABLES/SUPPLEMENTARY_Tables_CSV,supplementary_table,canonical,none,Mitoxy-80_v1.0,NA,72.0,4205,485816c30cdd9fe8fe3178a87ddaa4852c585723cca6ce9a48df34e796733d27,步骤44 hdWGCNA 模块（b 模块-表型相关）,,
S92,Table_S92_hdWGCNA_Hubs.csv,02_SUPPLEMENTARY_TABLES/SUPPLEMENTARY_Tables_CSV,supplementary_table,canonical,none,NA,NA,360.0,90621,b62fa068b48ba0248d4ea059bcd45198b3f3da4b3d91877c10fe641b8914ae66,步骤45 hdWGCNA Hub 基因,,
S46,Table_S46_Circulating_Transcriptome_Analysis_Report.txt,02_SUPPLEMENTARY_TABLES/Supplementary_Notes,supplementary_report,canonical,none,Mitoxy-80_v1.0,NA,79.0,4174,d904716d9721a67686ae486ee15d615214e96e273b5045838ece92d9d778a0c7,步骤46 循环转录组（a GSE185263 / b GSE212865 / c–e 矩阵与汇总）,,
S20,Table_S20a_Circulating_Mitoxy_Genes_GSE185263.csv,02_SUPPLEMENTARY_TABLES/SUPPLEMENTARY_Tables_CSV,supplementary_table,canonical,legacy_38,Mitoxy-80_v1.0,NA,30.0,10642,1a51c135c399a24b7c34b103dd83e03b6ecc0c07641cc4155525a004e9abe8f3,步骤46 循环转录组（a GSE185263 / b GSE212865 / c–e 矩阵与汇总）,,
S20,Table_S20b_Circulating_Mitoxy_Genes_GSE212865.csv,02_SUPPLEMENTARY_TABLES/SUPPLEMENTARY_Tables_CSV,supplementary_table,canonical,legacy_38,Mitoxy-80_v1.0,NA,18.0,6768,06756c1dd5e59f972ace40950845084d17a95604fb9b3ebd653770d2a5b36003,步骤46 循环转录组（a GSE185263 / b GSE212865 / c–e 矩阵与汇总）,,
S20,Table_S20c_Blood_Mitoxy_Expression_Matrix.csv,02_SUPPLEMENTARY_TABLES/SUPPLEMENTARY_Tables_CSV,supplementary_table,canonical,legacy_38,Mitoxy-80_v1.0,NA,186.0,110872,2436824033bf051b6cbe1c729e6271e4a43c6b3794e2e427551c5841c5508dc8,步骤46 循环转录组（a GSE185263 / b GSE212865 / c–e 矩阵与汇总）,,
S20,Table_S20d_GSE212865_Mitoxy_Expression_Matrix.csv,02_SUPPLEMENTARY_TABLES/SUPPLEMENTARY_Tables_CSV,supplementary_table,canonical,legacy_38,Mitoxy-80_v1.0,NA,137.0,46030,439bd81f3c4cf773075b761c910a7cf69e72d34f526ba7b12512b5f5676caec1,步骤46 循环转录组（a GSE185263 / b GSE212865 / c–e 矩阵与汇总）,,
S20,Table_S20e_Mitoxy_Gene_Blood_Summary.csv,02_SUPPLEMENTARY_TABLES/SUPPLEMENTARY_Tables_CSV,supplementary_table,canonical,legacy_38,Mitoxy-80_v1.0,NA,38.0,2878,7e1be81b4e46c8f1ed1d29c771addb74112c8e312285af4d0a519b71c2f334b1,步骤46 循环转录组（a GSE185263 / b GSE212865 / c–e 矩阵与汇总）,,
S21,Table_S21a_Circulating_Immune_Fractions_Blood.csv,02_SUPPLEMENTARY_TABLES/SUPPLEMENTARY_Tables_CSV,supplementary_table,canonical,none,NA,NA,25.0,2786,e74e77deb0c157ddf858b227f0e6fae7d933255f37ddfbecfd195510f8f273cf,步骤47 循环免疫浸润（a fractions、b 与 Mitoxy 相关）,,
S21,Table_S21b_Circulating_Mitoxy_Immune_Correlations.csv,02_SUPPLEMENTARY_TABLES/SUPPLEMENTARY_Tables_CSV,supplementary_table,canonical,none,Mitoxy-80_v1.0,NA,132.0,29144,d6f8c91087e16e5a5a3bcb7fb848b0d12b25a5fd362c7ee00c5f13237534b440,步骤47 循环免疫浸润（a fractions、b 与 Mitoxy 相关）,,
S48,Table_S48_Dissociation_Method_Note.txt,02_SUPPLEMENTARY_TABLES/Supplementary_Notes,supplementary_report,canonical,none,Mitoxy-80_v1.0,score_genes_v1,31.0,4376,0509afc1357c36a42cb99129110c19cb404ba74f4473a6445465b28d3b0a3335,单细胞解离检验（N22 编号去重：原 Table_S6_Dissociation_*；score_genes 双臂相关）；2026-08-23 追加供者 cluster bootstrap 说明（§3.1 问题表#2）,,
S22,Table_S22_Dissociation_singlecell_correlation.csv,02_SUPPLEMENTARY_TABLES/SUPPLEMENTARY_Tables_CSV,supplementary_table,canonical,none,Mitoxy-80_v1.0,score_genes_v1,93.0,21083,30164eb8af24a24aea8a8680588b740e42013db00250432617812f7b0dfe37b6,单细胞解离检验（N22 编号去重：原 Table_S6_Dissociation_*；score_genes 双臂相关）,,
S22,Table_S22b_Dissociation_donor_bootstrap.csv,02_SUPPLEMENTARY_TABLES/SUPPLEMENTARY_Tables_CSV,supplementary_table,canonical,none,Mitoxy-80_v1.0,score_genes_v1,13,2345,5e053e7c2e4e2cca1d7168a45dafc50c9e598014f970ce2f467d06014ff31879,单细胞解离检验供者 cluster bootstrap（§3.1 问题表#2 补算：52 供者簇有放回重抽 B=2000；点估计复刻 S48 冻结值）,,
S93,Table_S93_WGCNA_Modules.csv,02_SUPPLEMENTARY_TABLES/SUPPLEMENTARY_Tables_CSV,supplementary_table,canonical,genome_wide,Mitoxy-80_v1.0,NA,3000.0,292578,95059871b7847385a5ac5f38b5cb61ce3a7692117cc88d528f09fe03b3a26991,WGCNA 模块（N22 编号去重：原 Table_S3_WGCNA_Modules；6 色）,,
S74,Table_S74_Hub_Genes.csv,02_SUPPLEMENTARY_TABLES/SUPPLEMENTARY_Tables_CSV,supplementary_table,canonical,none,NA,NA,1238.0,94197,d92b02fca50be4cdbab1fc408d0aac3445506fa21484ad64994fa14609d064ca,步骤2 WGCNA Hub 基因 + 富集（b/c ORA、d Mitoxy/铁聚焦）,,
S74,Table_S74b_Enrichment_ORA.csv,02_SUPPLEMENTARY_TABLES/SUPPLEMENTARY_Tables_CSV,supplementary_table,canonical,none,NA,NA,7573.0,1598365,77ab0c688659079854368e48c64358f7c754793f3e5b5e033f51f24fe63094c6,步骤2 WGCNA Hub 基因 + 富集（b/c ORA、d Mitoxy/铁聚焦）,,
S74,Table_S74c_Enrichment_ORA_sig.csv,02_SUPPLEMENTARY_TABLES/SUPPLEMENTARY_Tables_CSV,supplementary_table,canonical,none,NA,NA,320.0,111066,37a217a3951f0138fcafcbad4c7ea65f788d96cbced20f25882b6de67e9873c7,步骤2 WGCNA Hub 基因 + 富集（b/c ORA、d Mitoxy/铁聚焦）,,
S74,Table_S74d_HubGene_Focused_Mitoxy_Iron.csv,02_SUPPLEMENTARY_TABLES/SUPPLEMENTARY_Tables_CSV,supplementary_table,canonical,genome_wide,Mitoxy-80_v1.0,NA,942.0,162821,e59ae790d09ab0ecdacf16c8e5bceba73670012f992017f260066801f8f588a2,步骤2 WGCNA Hub 基因 + 富集（b/c ORA、d Mitoxy/铁聚焦）,,
S50,Table_S50_D1b_Analysis_Report.txt,02_SUPPLEMENTARY_TABLES/Supplementary_Notes,supplementary_report,canonical,none,Mitoxy-80_v1.0,ssGSEA_v1,97.0,7107,8fd8146cc6fc0098deaf046d3022984aa6aefa6806e04e66378c4fe6e83f92ab,D1b GSE32707 全血 ARDS 队列外部验证（Groups=144 样本分组、Analysis_Report=方法+预注册判定；一致性矩阵=S53）,,
S23,Table_S23_D1b_GSE32707_Groups.csv,02_SUPPLEMENTARY_TABLES/SUPPLEMENTARY_Tables_CSV,group_definition,canonical,none,,,144.0,10636,87303ad1d8e0c4d712f7d658319fef5e171a8e91bf1dbb3fa9d69f339f3dbcdd,GSE32707 分组定义（D1b：Control 34/SIRS_d0 21/Sepsis_d0 30/Sepsis_d7 28/ARDS_d0 18/ARDS_d7 13，共 144）,,
S24,Table_S24_D1b_GSE32707_Module_ssGSEA.csv,02_SUPPLEMENTARY_TABLES/SUPPLEMENTARY_Tables_CSV,supplementary_table,canonical,mitoxy_80,Mitoxy-80_v1.0,ssGSEA_v1,54.0,14850,626fd073a860a69545bea4e4e61164bc9ae341e6ffbdd3d526c351c7dd9c7d51,,,
S25,Table_S25_D1b_GSE32707_Gene_log2FC.csv,02_SUPPLEMENTARY_TABLES/SUPPLEMENTARY_Tables_CSV,supplementary_table,canonical,mitoxy_80,Mitoxy-80_v1.0,NA,228.0,56794,90306da2784eecf995473aa0a1b34a16857d65eaa3a5ba6468592cc0f06f3790,,,
S26,Table_S26_D1b_Three_Anchor_Consistency.csv,02_SUPPLEMENTARY_TABLES/SUPPLEMENTARY_Tables_CSV,supplementary_table,canonical,mitoxy_80,Mitoxy-80_v1.0,ssGSEA_v1,102.0,13098,18494007d7a432a4670d2ffff2d7a15fd47bd255584801525ce5113a6fd92e4f,,,
S27,Table_S27_D1b_GSE32707_Sensitivity.csv,02_SUPPLEMENTARY_TABLES/SUPPLEMENTARY_Tables_CSV,supplementary_table,canonical,mitoxy_80,Mitoxy-80_v1.0,ssGSEA_v1,27.0,7058,489838156eb94eb5bcba71398aaeff5db23635290a644a630c99ddfb03ccf0ea,,,
S5,Table_S5_Method_Note.txt,02_SUPPLEMENTARY_TABLES/Supplementary_Notes,supplementary_report,canonical,none,PCD-6panel_v1.0,ssGSEA_v1,69.0,5586,b9c6f60e43adb2589a2d4289021d5b20057f301451302c39f45db6cd15e130d9,步骤3 6 种 PCD 评分（running-sum ssGSEA；b=80 基因模块 ssGSEA、c=β 敏感性）,,
S3,Table_S3_PCD_Scores.csv,02_SUPPLEMENTARY_TABLES/SUPPLEMENTARY_Tables_CSV,supplementary_table,canonical,none,PCD-6panel_v1.0,ssGSEA_v1,392.0,63838,ec4e2dc71d1b8852146983e4e2446a6b7735bde26b3d4fd4c3fa6083728e82c7,步骤3 6 种 PCD 评分（running-sum ssGSEA；b=80 基因模块 ssGSEA、c=β 敏感性）,,
S5,Table_S5_PCD_Scores_RAW.csv,02_SUPPLEMENTARY_TABLES/SUPPLEMENTARY_Tables_CSV,supplementary_table,canonical,none,PCD-6panel_v1.0,ssGSEA_v1,392.0,61169,d5b3e03507a3520bf369cdb685ffcde6f23e55321c1e6d9ab5b92d02b3834c45,步骤3 6 种 PCD 评分（running-sum ssGSEA；b=80 基因模块 ssGSEA、c=β 敏感性）,2026-08-16 目录重组后原文件缺失；由 canonical 脚本 build_Table_S5.py 重生成（与主表 S5 同次运行，z 值逐样本一致 392/392）+D4 版本戳重建；v1.0 冻结字节不可复现，按 §八 登记重冻结,
S3,Table_S3b_Mitoxy_80gene_Module_ssGSEA.csv,02_SUPPLEMENTARY_TABLES/SUPPLEMENTARY_Tables_CSV,supplementary_table,canonical,none,Mitoxy-80_v1.0,ssGSEA_v1,8.0,1288,eb745d1fd377036ff37b679ef361c8ae05e2b9bc5902265731d7e4b79ec3dcc7,步骤3 6 种 PCD 评分（running-sum ssGSEA；b=80 基因模块 ssGSEA、c=β 敏感性）,,
S3,Table_S3c_Mitoxyperilysis_sensitivity.csv,02_SUPPLEMENTARY_TABLES/SUPPLEMENTARY_Tables_CSV,supplementary_table,canonical,none,Mitoxy-80_v1.0,ssGSEA_v1,7.0,1891,c4a3e6fddcfb0d749de06ffbe30818d11161f2f03f9dddfb5b21153c124b861a,步骤3 6 种 PCD 评分（running-sum ssGSEA；b=80 基因模块 ssGSEA、c=β 敏感性）,,
S4,Table_S4_Scissor_CellType_Composition.csv,02_SUPPLEMENTARY_TABLES/SUPPLEMENTARY_Tables_CSV,supplementary_table,canonical,none,NA,NA,72.0,3891,fae058780183ba02b8ae3e47d21f1d09a0a277d3da44212681d2a6374b3ba5a6,步骤6 Scissor+/- 标记基因与细胞比例（5 子表）,,
S4,Table_S4_Scissor_CellType_Enrichment.csv,02_SUPPLEMENTARY_TABLES/SUPPLEMENTARY_Tables_CSV,supplementary_table,canonical,none,NA,NA,8.0,831,95d7197642d73fade39c1ef136d94d696de2d44cd0ddc6edb6fccbc3a55b59cd,步骤6 Scissor+/- 标记基因与细胞比例（5 子表）,,
S4,Table_S4_Scissor_Feature_Genes.csv,02_SUPPLEMENTARY_TABLES/SUPPLEMENTARY_Tables_CSV,supplementary_table,canonical,none,NA,NA,1629.0,43275,bff014866ef7be22bc5415f559565e4304e4c7e75934a5722a1f2b4a7f595ca1,步骤6 Scissor+/- 标记基因与细胞比例（5 子表）,,
S4,Table_S4_Scissor_Marker_Genes.csv,02_SUPPLEMENTARY_TABLES/SUPPLEMENTARY_Tables_CSV,supplementary_table,canonical,none,NA,NA,27926.0,3147177,c0eb587f563e72ae30da7fdb650e7ea57e533b6a936b7ea02f0e976538df1a6d,步骤6 Scissor+/- 标记基因与细胞比例（5 子表）,,
S4,Table_S4_Scissor_Score_Summary.csv,02_SUPPLEMENTARY_TABLES/SUPPLEMENTARY_Tables_CSV,supplementary_table,canonical,none,Mitoxy-80_v1.0,score_genes_v1,72.0,6623,24f399937e11be36af224bbea9033fc32f4f4f34a5d244eff69c474ce3802974,步骤6 Scissor+/- 标记基因与细胞比例（5 子表）,,
S5,Table_S5_All_LR_Interactions.csv,02_SUPPLEMENTARY_TABLES/SUPPLEMENTARY_Tables_CSV,supplementary_table,canonical,none,NA,NA,2669.0,378713,0fdd81d32695c97333f41eb747b09b5672a67ca1f364131ccfee100e040c8dba,步骤8/5.3 CellPhoneDB 细胞通讯 + RNA velocity 轨迹（a–r 子表）,,
S7,Table_S7_cellphonedb_Raw.csv,02_SUPPLEMENTARY_TABLES/SUPPLEMENTARY_Tables_CSV,supplementary_table,canonical,none,NA,NA,2669.0,304998,f50e54a5de59b054b1e6266ba11e9ff9e7c3dd32c862730e4dbb87e6e3edca4e,步骤8/5.3 CellPhoneDB 细胞通讯 + RNA velocity 轨迹（a–r 子表）,,
S5,Table_S5a_Top50_LR_Interactions.csv,02_SUPPLEMENTARY_TABLES/SUPPLEMENTARY_Tables_CSV,supplementary_table,canonical,none,NA,NA,50.0,4480,c656dcbfc03de6fd5394c764f990b811f0c58b5d12d168393d222b11eaf4a134,步骤8/5.3 CellPhoneDB 细胞通讯 + RNA velocity 轨迹（a–r 子表）,,
S5,Table_S5b_Significant_LR_Interactions.csv,02_SUPPLEMENTARY_TABLES/SUPPLEMENTARY_Tables_CSV,supplementary_table,canonical,none,NA,NA,1714.0,163737,c9465f4d07efc8b9a108d42b229e195b91790f063f90e407d7d9de4d573782e8,步骤8/5.3 CellPhoneDB 细胞通讯 + RNA velocity 轨迹（a–r 子表）,,
S5,Table_S5c_CellPair_Communication_Strength.csv,02_SUPPLEMENTARY_TABLES/SUPPLEMENTARY_Tables_CSV,supplementary_table,canonical,none,NA,NA,20.0,1279,9e969d599e3e3bf0fddeca2b11c8f71bf1a3581d92f10291366b3fffa7a9e2a1,步骤8/5.3 CellPhoneDB 细胞通讯 + RNA velocity 轨迹（a–r 子表）,,
S5,Table_S5d_Sender_Role.csv,02_SUPPLEMENTARY_TABLES/SUPPLEMENTARY_Tables_CSV,supplementary_table,canonical,none,NA,NA,8.0,360,2292c6512ad13081b4cb0e1b0bd1152cddd13bb9e048582359350f4911291d09,步骤8/5.3 CellPhoneDB 细胞通讯 + RNA velocity 轨迹（a–r 子表）,,
S5,Table_S5e_Receiver_Role.csv,02_SUPPLEMENTARY_TABLES/SUPPLEMENTARY_Tables_CSV,supplementary_table,canonical,none,NA,NA,8.0,350,295171f3ffeee1482d734ae47b22cd3f758cb1149bd7adfa5344003636cc4687,步骤8/5.3 CellPhoneDB 细胞通讯 + RNA velocity 轨迹（a–r 子表）,,
S5,Table_S5f_Ligand_Contribution.csv,02_SUPPLEMENTARY_TABLES/SUPPLEMENTARY_Tables_CSV,supplementary_table,canonical,none,NA,NA,30.0,1030,cdc9af65a2a4b298a1a96af1ab49a9a45ea520c8912e158aedcf7b71fdcd8aa6,步骤8/5.3 CellPhoneDB 细胞通讯 + RNA velocity 轨迹（a–r 子表）,,
S5,Table_S5g_Receptor_Contribution.csv,02_SUPPLEMENTARY_TABLES/SUPPLEMENTARY_Tables_CSV,supplementary_table,canonical,none,NA,NA,30.0,1018,366b9e3f04ca4d40ebe0539e87431a23e6394f241cfbc6636e604ec3132f06b4,步骤8/5.3 CellPhoneDB 细胞通讯 + RNA velocity 轨迹（a–r 子表）,,
S5,Table_S5h_Mitoxyperilysis_Specific_LR.csv,02_SUPPLEMENTARY_TABLES/SUPPLEMENTARY_Tables_CSV,supplementary_table,canonical,genome_wide,Mitoxy-80_v1.0,NA,52.0,7140,a8fb15a370fe848a09fad584d8ddc23166c5b42ea6304f29d5c610e2833c73f5,步骤8/5.3 CellPhoneDB 细胞通讯 + RNA velocity 轨迹（a–r 子表）,,
S5,Table_S5i_Mitoxy_Pathway_Communication.csv,02_SUPPLEMENTARY_TABLES/SUPPLEMENTARY_Tables_CSV,supplementary_table,canonical,none,Mitoxy-80_v1.0,NA,2.0,244,8c2e76fe9b3a114d3eb52e9ef9cf142f97925714ef7cb310ba908e5e6f552b61,步骤8/5.3 CellPhoneDB 细胞通讯 + RNA velocity 轨迹（a–r 子表）,,
S5,Table_S5j_Database_Strength_Summary.csv,02_SUPPLEMENTARY_TABLES/SUPPLEMENTARY_Tables_CSV,supplementary_table,canonical,none,NA,NA,64.0,2799,1462931000d56719b3d4be648758d272c259e93e66b5f9bd2f44b99c3f3ef322,步骤8/5.3 CellPhoneDB 细胞通讯 + RNA velocity 轨迹（a–r 子表）,,
S5,Table_S5k_Velocity_Pseudotime.csv,02_SUPPLEMENTARY_TABLES/SUPPLEMENTARY_Tables_CSV,supplementary_table,canonical,none,NA,NA,138941.0,19675396,45e6d5aa68dcc931e78c6931e39fb574dd4c4f64f36ea727f17fa0e80100bbbe,步骤8/5.3 CellPhoneDB 细胞通讯 + RNA velocity 轨迹（a–r 子表）,,
S5,Table_S5l_Pseudotime_By_CellType.csv,02_SUPPLEMENTARY_TABLES/SUPPLEMENTARY_Tables_CSV,supplementary_table,canonical,none,NA,NA,8.0,1179,c4a4d4f37563cda82a9975b5b68767600b6daa2a0e83585639303d0bb05dd721,步骤8/5.3 CellPhoneDB 细胞通讯 + RNA velocity 轨迹（a–r 子表）,,
S5,Table_S5m_Pseudotime_By_Condition.csv,02_SUPPLEMENTARY_TABLES/SUPPLEMENTARY_Tables_CSV,supplementary_table,canonical,none,NA,NA,3.0,369,7167dd5e9ddeb0db0288affc391fbb67f5d9b40d9bd25b69abae4468db7d31e6,步骤8/5.3 CellPhoneDB 细胞通讯 + RNA velocity 轨迹（a–r 子表）,,
S5,Table_S5n_Pseudotime_By_CellType_Condition.csv,02_SUPPLEMENTARY_TABLES/SUPPLEMENTARY_Tables_CSV,supplementary_table,canonical,none,NA,NA,24.0,2438,77add6a85dea053d5a827e59d7e31ddf6d91340cc1d2acbbe14b5785bb73dbed,步骤8/5.3 CellPhoneDB 细胞通讯 + RNA velocity 轨迹（a–r 子表）,,
S5,Table_S5o_Pseudotime_By_TrajectoryPhase.csv,02_SUPPLEMENTARY_TABLES/SUPPLEMENTARY_Tables_CSV,supplementary_table,canonical,none,NA,NA,5.0,447,5b4b82f03d76c62f25cfd45fbbbd62e15add17c23d5f0c2766aeb5e96b0a718e,步骤8/5.3 CellPhoneDB 细胞通讯 + RNA velocity 轨迹（a–r 子表）,,
S5,Table_S5p_Trajectory_Cell_Transitions.csv,02_SUPPLEMENTARY_TABLES/SUPPLEMENTARY_Tables_CSV,supplementary_table,canonical,none,NA,NA,64.0,3667,d1de6355db8669d692896961f41be1d1bcf44d70b1bd3d5e2b86542ff949b32c,步骤8/5.3 CellPhoneDB 细胞通讯 + RNA velocity 轨迹（a–r 子表）,,
S5,Table_S5q_Mitoxyperilysis_Trajectory_Correlation.csv,02_SUPPLEMENTARY_TABLES/SUPPLEMENTARY_Tables_CSV,supplementary_table,canonical,none,Mitoxy-80_v1.0,score_genes_v1,96.0,12211,6e60601949523e5fdf287f1160b79200ae6bfd090fedfe51d264dfa8e65b03ad,步骤8/5.3 CellPhoneDB 细胞通讯 + RNA velocity 轨迹（a–r 子表）,,
S5,Table_S5r_Mitoxy_By_TrajectoryPhase.csv,02_SUPPLEMENTARY_TABLES/SUPPLEMENTARY_Tables_CSV,supplementary_table,canonical,none,Mitoxy-80_v1.0,NA,5.0,967,b0f0c6ba4a981be33a457041cb78c51c01304ca9b4689c890cb9525b6ef45cd8,步骤8/5.3 CellPhoneDB 细胞通讯 + RNA velocity 轨迹（a–r 子表）,,
S6,Table_S6_Consensus_Genes.csv,02_SUPPLEMENTARY_TABLES/SUPPLEMENTARY_Tables_CSV,supplementary_table,canonical,none,NA,NA,4536.0,840715,6894371625f53a3eed14302c37bc61543e3ccfcc8c3aa4511425d161259eea50,步骤9 跨数据集共识基因 / meta 分析（4 子表）,,
S6,Table_S6_Dataset_DEG_Summary.csv,02_SUPPLEMENTARY_TABLES/SUPPLEMENTARY_Tables_CSV,supplementary_table,canonical,none,NA,NA,3.0,396,d609fc48021c0abd0ee550198aef28d515ea3cf46fd355fb4f20d4a0f63019d0,步骤9 跨数据集共识基因 / meta 分析（4 子表）,,
S6,Table_S6_GSE212865_DEGs.csv,02_SUPPLEMENTARY_TABLES/SUPPLEMENTARY_Tables_CSV,supplementary_table,canonical,none,NA,NA,27189.0,2333831,287093f7abe26cc1fb3f8a1d805d9e8ebf29d4ee29d819221bbd4823d01b9318,步骤9 跨数据集共识基因 / meta 分析（4 子表）,,
S6,Table_S6_Meta_Analysis.csv,02_SUPPLEMENTARY_TABLES/SUPPLEMENTARY_Tables_CSV,supplementary_table,canonical,none,NA,NA,17823.0,3857189,5a5481ebd511dc067d6a0c022f0de2f190b00a3968e6af95b5810229cd1db949,步骤9 跨数据集共识基因 / meta 分析（4 子表）,,
S6,Table_S6b_80gene_ThreePlatform_Meta.csv,02_SUPPLEMENTARY_TABLES/SUPPLEMENTARY_Tables_CSV,supplementary_table,canonical,mitoxy_80,Mitoxy-80_v1.0,NA,80.0,13053,b2c753532b2cbdf433621565c7398f49313b9ae04a342231345d2935ec6c3183,N3 诚实三平台 Fisher Meta（scRNA 合并 + GSE185263 Bulk + GSE212865 微阵列；33/80 共识）,,
S9,Table_S9_Diagnostic_Report.txt,02_SUPPLEMENTARY_TABLES/Supplementary_Notes,supplementary_report,canonical,mitoxy_80,Mitoxy-80_v1.0,NA,30.0,1793,1975f31038b65ef559c2991b2f97e0acf7d5fa0ce736abb8ba0aa76f380cb534,步骤10 ML 风险模型（双任务：Sepsis_COVID_vs_Sepsis 主任务；LASSO/EN/RF/Stacking）,,
S7,Table_S7_Model_Performance.csv,02_SUPPLEMENTARY_TABLES/SUPPLEMENTARY_Tables_CSV,supplementary_table,canonical,mitoxy_80,Mitoxy-80_v1.0,NA,8.0,1744,3f7090f84dd1e797cf57458803a0911a23dbdfde9ff514250cf11c02f1de2800,步骤10 ML 风险模型（双任务：Sepsis_COVID_vs_Sepsis 主任务；LASSO/EN/RF/Stacking）,,
S7,Table_S7_Risk_Model_Features.csv,02_SUPPLEMENTARY_TABLES/SUPPLEMENTARY_Tables_CSV,supplementary_table,canonical,mitoxy_80,Mitoxy-80_v1.0,NA,65.0,4566,a2f8d07ac95bfd0d8c9d7568ad54af479ec6da9be65dd4ea91030b1d55f3691f,步骤10 ML 风险模型（双任务：Sepsis_COVID_vs_Sepsis 主任务；LASSO/EN/RF/Stacking）,,
,Bridge_Test_Result_pre_N1_backup.csv,归档/01_第1轮R1批次/R1_table_backups,analysis_output,archived,none,,,80.0,11790,14a84a78330989ee7579457d3efecaa693406196dc185442993f36267df5866b,,历史备份/被取代版本，不用于正文（archive/）,
,GSE185263_groups_pre_R1_backup.csv,归档/01_第1轮R1批次/R1_table_backups,analysis_output,archived,none,,,392.0,6693,8c5cb0b84df29c45225b993ad06a0886db8957ef7bbff734e4134e68b7a5f096,,历史备份/被取代版本，不用于正文（archive/）,
S17,Table_S17_Cell_Composition_DA_pre_N3res_backup.csv,归档/01_第1轮R1批次/R1_table_backups,supplementary_table,archived,none,,,1422.0,168371,3866d010e7d3d6c070cc2de5d681611b4ce3bd27eb64125114e4c00f9cbc69b1,步骤17 细胞组成差异（样本级置换检验；b–e）,历史备份/被取代版本，不用于正文（archive/）,
S17,Table_S17b_CellType_Composition_DA_pre_N3res_backup.csv,归档/01_第1轮R1批次/R1_table_backups,supplementary_table,archived,none,,,24.0,2707,beb4d777a1a3c491d3b3813bdb93ce7de80938c96b5ba1f6e52f17f311c78972,步骤17 细胞组成差异（样本级置换检验；b–e）,历史备份/被取代版本，不用于正文（archive/）,
S17,Table_S17c_Sample_CellType_Proportions_pre_N3res_backup.csv,归档/01_第1轮R1批次/R1_table_backups,supplementary_table,archived,none,,,63.0,5079,bab6a8acb067bb28c83ecb92b890448e4c447cabcf2b49bab7f471dcb38e045b,步骤17 细胞组成差异（样本级置换检验；b–e）,历史备份/被取代版本，不用于正文（archive/）,
S17,Table_S17d_Sample_CellType_Counts_pre_N3res_backup.csv,归档/01_第1轮R1批次/R1_table_backups,supplementary_table,archived,none,,,63.0,2535,5aacb476f2535af98f8202fb561ba589ecc23f160813df33ae873a6a3526c978,步骤17 细胞组成差异（样本级置换检验；b–e）,历史备份/被取代版本，不用于正文（archive/）,
S18,Table_S18_AlphaMissense_Main_superseded.csv,归档/01_第1轮R1批次/R1_table_backups,supplementary_table,archived,none,,,55.0,7669,9a59738354e16b61a2d9da249c3d5aef64e8ed9794f505329e7bb6364f10ed81,步骤18 AlphaMissense 突变致病性（55 基因；_CORRECTED 已晋升为正式名）,历史备份/被取代版本，不用于正文（archive/）,
S18,Table_S18b_AlphaMissense_Module_Summary_superseded.csv,归档/01_第1轮R1批次/R1_table_backups,supplementary_table,archived,none,,,6.0,672,9435efbfad0d1fad3d9df4b6a3e2ea55f9899dcc2b050ba3b477a57950e812f9,步骤18 AlphaMissense 突变致病性（55 基因；_CORRECTED 已晋升为正式名）,历史备份/被取代版本，不用于正文（archive/）,
S18,Table_S18c_AlphaMissense_HighPriority_superseded.csv,归档/01_第1轮R1批次/R1_table_backups,supplementary_table,archived,none,,,39.0,5630,b8048fcb78ba3bfd20550b89fe2239d8e782d9d0796d0c7cf22451c92712f92b,步骤18 AlphaMissense 突变致病性（55 基因；_CORRECTED 已晋升为正式名）,历史备份/被取代版本，不用于正文（archive/）,
S2,Table_S2_DEGs_Analysis_pre_fix_backup.csv,归档/01_第1轮R1批次/R1_table_backups,supplementary_table,archived,none,,,17823.0,2992418,30cbf3bbbbac0120bb3cf2f988039ac1b11ee1bd16b23b476d5721f554149204,步骤1 GSE185263 全血 Bulk DEG（N3 溯源：DESeq2 输出；ARDS_vs_Control=82 sepcv vs 44 ctrl、Sepsis_vs_Control=348 vs 44；附 QC）,历史备份/被取代版本，不用于正文（archive/）,
S36,Table_S36c_pre_R7_backup.csv,归档/01_第1轮R1批次/R1_table_backups,supplementary_table,archived,none,,,7.0,1607,f1f0545dde1e822c2da9068b5a1c9961a3e4fc840e0af5f37b4301beccf91ef0,步骤36 分子对接（b 配体性质、c 靶蛋白）,历史备份/被取代版本，不用于正文（archive/）,
S3,Table_S3_Cell_Type_Composition_pre_N3res_backup.csv,归档/01_第1轮R1批次/R1_table_backups,supplementary_table,archived,none,,,3024.0,133472,0222805f933c839775ba3d7ee9cfbf304a10cdedce66b9a145906bfdd1c1dc8e,5.1 单细胞细胞类型组成（GSE158055 12 类型/64 亚群；GSE171668 仅 metadata）,历史备份/被取代版本，不用于正文（archive/）,
S47,Table_S47b_Circulating_Mitoxy_Immune_Correlations_pre_R2_backup.csv,归档/01_第1轮R1批次/R1_table_backups,supplementary_table,archived,none,,,150.0,18124,7ec226b7baa3e60ed57893205b86ff364a3d9ddfeb8f518264c25705410c7700,步骤47 循环免疫浸润（a fractions、b 与 Mitoxy 相关）,历史备份/被取代版本，不用于正文（archive/）,
S5,Table_S5_Method_Note_pre_N2_backup.txt,归档/01_第1轮R1批次/R1_table_backups,supplementary_report,archived,none,,,63.0,5066,d134b564a3745ca4b82628c2ab6aba2206a2942dd2636451ddfdbd72c8b8f6e3,步骤3 6 种 PCD 评分（running-sum ssGSEA；b=80 基因模块 ssGSEA、c=β 敏感性）,历史备份/被取代版本，不用于正文（archive/）,
S5,Table_S5_PCD_Scores_pre_R1_backup.csv,归档/01_第1轮R1批次/R1_table_backups,supplementary_table,archived,none,,,392.0,52959,bee67874f80323a1df9b08cb29295766d5a66ac7edeb1241f4d3d004372bf985,步骤3 6 种 PCD 评分（running-sum ssGSEA；b=80 基因模块 ssGSEA、c=β 敏感性）,历史备份/被取代版本，不用于正文（archive/）,
S5,Table_S5_PCD_Scores_RAW_pre_R1_backup.csv,归档/01_第1轮R1批次/R1_table_backups,supplementary_table,archived,none,,,392.0,50291,d3efb2b6896ddfedc82fc88e66217ca845c9b6c9af9fd40bea17573ff384a3c2,步骤3 6 种 PCD 评分（running-sum ssGSEA；b=80 基因模块 ssGSEA、c=β 敏感性）,历史备份/被取代版本，不用于正文（archive/）,
S5,Table_S5b_pre_N2_backup.csv,归档/01_第1轮R1批次/R1_table_backups,supplementary_table,archived,none,,,8.0,1120,bb78942d03055ce9f3b8111ea7c23af488fdf4a9c8a3c3d20801970181a9c030,步骤3 6 种 PCD 评分（running-sum ssGSEA；b=80 基因模块 ssGSEA、c=β 敏感性）,历史备份/被取代版本，不用于正文（archive/）,
S6,Table_S6_Scissor_CellType_Composition_pre_N3res_backup.csv,归档/01_第1轮R1批次/R1_table_backups,supplementary_table,archived,none,,,72.0,3978,6c2e8b27fd53aafe7bee52b73ed9fc2ad5e7ce6aeb4d70da2c0641505553efb8,步骤6 Scissor+/- 标记基因与细胞比例（5 子表）,历史备份/被取代版本，不用于正文（archive/）,
S6,Table_S6_Scissor_Score_Summary_pre_N3res_backup.csv,归档/01_第1轮R1批次/R1_table_backups,supplementary_table,archived,none,,,72.0,6671,27ba9955c4613c66db59de50c8010d162b0fdd203a77dbd8dde08b9bacdfbf52,步骤6 Scissor+/- 标记基因与细胞比例（5 子表）,历史备份/被取代版本，不用于正文（archive/）,
S7,Table_S7k_Velocity_Pseudotime_pre_N3res_backup.csv,归档/01_第1轮R1批次/R1_table_backups,supplementary_table,archived,none,,,138941.0,19762742,6820801e59161f0d62f55299ffeedc95f7182b96086f558174f22e2d1783af9b,步骤8/5.3 CellPhoneDB 细胞通讯 + RNA velocity 轨迹（a–r 子表）,历史备份/被取代版本，不用于正文（archive/）,
S7,Table_S7m_Pseudotime_By_Condition_pre_N3res_backup.csv,归档/01_第1轮R1批次/R1_table_backups,supplementary_table,archived,none,,,3.0,372,b55ca1e5a8104e9ba9acb385de0ac31a750406da1ee6eb30602b29a1db3659fa,步骤8/5.3 CellPhoneDB 细胞通讯 + RNA velocity 轨迹（a–r 子表）,历史备份/被取代版本，不用于正文（archive/）,
S7,Table_S7n_Pseudotime_By_CellType_Condition_pre_N3res_backup.csv,归档/01_第1轮R1批次/R1_table_backups,supplementary_table,archived,none,,,24.0,2464,967f388872e0178aabb3d5145e1764c49a98e2114a733e3053495cae6bad1c96,步骤8/5.3 CellPhoneDB 细胞通讯 + RNA velocity 轨迹（a–r 子表）,历史备份/被取代版本，不用于正文（archive/）,
,Figure_4F.csv,01_FIGURE_DATA_CSV/Main,figure_data,canonical,none,Mitoxy-80_v1.0,NA,23.0,3960,90077a09030c223f2d1d4bdaa6cc7df956222773b527f556b577d21afb39088b,ms_panel=3F（Figure_3）；上游TF超几何富集(NFE2L2 padj=2.57e-7居首/BACH1第3),v2.0 重建（2026-08-21，v1.0 基底 + 磁盘扫描补登）；2026-09-05 CDD重排图号迁移：原 Figure_5A.csv（数值零改动，sha256不变） | 2026-09-21 v2.1 figure_data 段重登记：以 00_对照表/FIGURE_CROSSWALK.csv × 磁盘真值重建；；版本戳按当前文件实际值登记（Mitoxy-80_v1.0/NA）,
,Figure_4G.csv,01_FIGURE_DATA_CSV/Main,figure_data,canonical,none,Mitoxy-80_v1.0,NA,37.0,3716,f21bf85dc9969c1b0b709051e1e15fb66d162547f23093e3684b7f134faffda7,ms_panel=3G（Figure_3）；FinnGen ARDS逐基因GWAS证据分级(PRDX3 Bonferroni通过/TFRC Suggestive),v2.0 重建（2026-08-21，v1.0 基底 + 磁盘扫描补登）；2026-09-05 CDD重排图号迁移：原 Figure_5B.csv（数值零改动，sha256不变） | 2026-09-21 v2.1 figure_data 段重登记：以 00_对照表/FIGURE_CROSSWALK.csv × 磁盘真值重建；；版本戳按当前文件实际值登记（Mitoxy-80_v1.0/NA）,
,Figure_4H.csv,01_FIGURE_DATA_CSV/Main,figure_data,canonical,none,Mitoxy-80_v1.0,NA,52.0,12171,0508e9dbbe9734791b6302a86a3eff9f7315fc0907bc4d15197262d877f354c2,ms_panel=3H（Figure_3）；GRN组合影响评分CIS(MYC +3.87/NFE2L2 −0.747),v2.0 重建（2026-08-21，v1.0 基底 + 磁盘扫描补登）；2026-09-05 CDD重排图号迁移：原 Figure_5C.csv（数值零改动，sha256不变） | 2026-09-21 v2.1 figure_data 段重登记：以 00_对照表/FIGURE_CROSSWALK.csv × 磁盘真值重建；；版本戳按当前文件实际值登记（Mitoxy-80_v1.0/NA）,
,Figure_1A.csv,01_FIGURE_DATA_CSV/Main,figure_data,canonical,none,NA,NA,945.0,275413,6cfe02a5f23167b4b1dde961e8978d4bbdf0472b4f1410a60b4bed833efa7cca,ms_panel=1A（Figure_1）；924样本×8数据集逐行登记(GSM→样本→条件),v2.0 重建（2026-08-21，v1.0 基底 + 磁盘扫描补登） | 2026-09-21 v2.1 figure_data 段重登记：以 00_对照表/FIGURE_CROSSWALK.csv × 磁盘真值重建；；版本戳按当前文件实际值登记（NA/NA）,
,Figure_1B.csv,01_FIGURE_DATA_CSV/Main,figure_data,canonical,none,NA,NA,392.0,10134,9e623555dafc2099e9200b839bcbd2ca3002d74f467b9e8279b8375ba063f7d5,ms_panel=1B（Figure_1）；GSE185263全血队列392例分组(44对照/266脓毒症/82 Sepsis_COVID),v2.0 重建（2026-08-21，v1.0 基底 + 磁盘扫描补登）；2026-09-21 m5：首列由空列名改为具名（sample_id/cell_type/rank），sha256 重算 | 2026-09-21 v2.1 figure_data 段重登记：以 00_对照表/FIGURE_CROSSWALK.csv × 磁盘真值重建；；版本戳按当前文件实际值登记（NA/NA）,
,Figure_1C.csv,01_FIGURE_DATA_CSV/Main,figure_data,canonical,none,NA,NA,144.0,11531,2fac940d16f62fc7061fcc6cadd838dec0a8f3ccc6f0325a99d8d6f281974a23,ms_panel=1C（Figure_1）；GSE32707外部验证队列144样本分组(d0/d7×对照/SIRS/脓毒症/ARDS),v2.0 重建（2026-08-21，v1.0 基底 + 磁盘扫描补登） | 2026-09-21 v2.1 figure_data 段重登记：以 00_对照表/FIGURE_CROSSWALK.csv × 磁盘真值重建；；版本戳按当前文件实际值登记（NA/NA）,
,Figure_1D.csv,01_FIGURE_DATA_CSV/Main,figure_data,canonical,none,Mitoxy-80_v1.0,NA,80.0,12364,346537be78a4c4cf66e656138fb7e9d06bec058d5f53174f74ea9320043e9965,ms_panel=1D（Figure_1）；80基因×8模块×双臂(MAM 9/线粒体10/铁9/氧化11/死亡13/铜铁11/TF11/自噬6;上游30/执行33/调节17),v2.0 重建（2026-08-21，v1.0 基底 + 磁盘扫描补登） | 2026-09-21 v2.1 figure_data 段重登记：以 00_对照表/FIGURE_CROSSWALK.csv × 磁盘真值重建；；版本戳按当前文件实际值登记（Mitoxy-80_v1.0/NA）,
,Figure_1E.csv,01_FIGURE_DATA_CSV/Main,figure_data,canonical,none,NA,NA,3024.0,133472,0222805f933c839775ba3d7ee9cfbf304a10cdedce66b9a145906bfdd1c1dc8e,ms_panel=1E（Figure_1）；单细胞138941细胞×8主要类型组成(逐样本逐细胞类型计数),v2.0 重建（2026-08-21，v1.0 基底 + 磁盘扫描补登） | 2026-09-21 v2.1 figure_data 段重登记：以 00_对照表/FIGURE_CROSSWALK.csv × 磁盘真值重建；；版本戳按当前文件实际值登记（NA/NA）,
,Figure_1F.csv,01_FIGURE_DATA_CSV/Main,figure_data,canonical,none,Mitoxy-80_v1.0,score_genes_v1,45.0,5932,12178365d69053f42d870d8a042d30770b2dc8903f494963407d4bcd6567c267,ms_panel=1F（Figure_1）；Mitoxyperilysis综合评分按细胞类型×状态(=正文表1数据源),v2.0 重建（2026-08-21，v1.0 基底 + 磁盘扫描补登） | 2026-09-21 v2.1 figure_data 段重登记：以 00_对照表/FIGURE_CROSSWALK.csv × 磁盘真值重建；；版本戳按当前文件实际值登记（Mitoxy-80_v1.0/score_genes_v1）,
,Figure_3A.csv,01_FIGURE_DATA_CSV/Main,figure_data,canonical,none,Mitoxy-80_v1.0,NA,80.0,36993,a4060b8fd50073120b1461efdf6b83ad93636a96aa94ee9e0b513c23c80d7667,ms_panel=2E（Figure_2）；单细胞80基因DEG(BALF/PBMC/合并三口径Δ与BH),v2.0 重建（2026-08-21，v1.0 基底 + 磁盘扫描补登）；2026-09-05 CDD重排图号迁移：原 Figure_2A.csv（数值零改动，sha256不变） | 2026-09-21 v2.1 figure_data 段重登记：以 00_对照表/FIGURE_CROSSWALK.csv × 磁盘真值重建；；版本戳按当前文件实际值登记（Mitoxy-80_v1.0/NA）,
,Figure_3B.csv,01_FIGURE_DATA_CSV/Main,figure_data,canonical,none,Mitoxy-80_v1.0,NA,17823.0,3326493,7db31419b2870497f3fc31a2ee0a8fac158083396f0c2bd8b0d008c05a67c834,ms_panel=2F（Figure_2）；Bulk火山图底表(全基因+通路基因高亮;MT-ATP8 log2FC=−2.74全通路最甚),v2.0 重建（2026-08-21，v1.0 基底 + 磁盘扫描补登）；2026-09-05 CDD重排图号迁移：原 Figure_2B.csv（数值零改动，sha256不变） | 2026-09-21 v2.1 figure_data 段重登记：以 00_对照表/FIGURE_CROSSWALK.csv × 磁盘真值重建；；版本戳按当前文件实际值登记（Mitoxy-80_v1.0/NA）,
,Figure_3C.csv,01_FIGURE_DATA_CSV/Main,figure_data,canonical,none,Mitoxy-80_v1.0,NA,80.0,13053,b2c753532b2cbdf433621565c7398f49313b9ae04a342231345d2935ec6c3183,ms_panel=2G（Figure_2）；三平台Fisher Meta(33共识基因:20下调/13上调),v2.0 重建（2026-08-21，v1.0 基底 + 磁盘扫描补登）；2026-09-05 CDD重排图号迁移：原 Figure_2C.csv（数值零改动，sha256不变） | 2026-09-21 v2.1 figure_data 段重登记：以 00_对照表/FIGURE_CROSSWALK.csv × 磁盘真值重建；；版本戳按当前文件实际值登记（Mitoxy-80_v1.0/NA）,
,Figure_3D.csv,01_FIGURE_DATA_CSV/Main,figure_data,canonical,none,Mitoxy-80_v1.0,NA,30.0,10642,1a51c135c399a24b7c34b103dd83e03b6ecc0c07641cc4155525a004e9abe8f3,ms_panel=S2C（Figure_S2）；同队列独立口径t检验+FDR(Sepsis_vs_Control 25/30=83.3% FDR<0.05;COVID19_vs_Control 26/30=86.7% —— 两臂并列,v2.0 重建（2026-08-21，v1.0 基底 + 磁盘扫描补登）；2026-09-05 CDD重排图号迁移：原 Figure_2D.csv（数值零改动，sha256不变） | 2026-09-21 v2.1 figure_data 段重登记：以 00_对照表/FIGURE_CROSSWALK.csv × 磁盘真值重建；；版本戳按当前文件实际值登记（Mitoxy-80_v1.0/NA）,
,Figure_3E.csv,01_FIGURE_DATA_CSV/Main,figure_data,canonical,none,Mitoxy-80_v1.0,ssGSEA_v1,54.0,14850,626fd073a860a69545bea4e4e61164bc9ae341e6ffbdd3d526c351c7dd9c7d51,ms_panel=2H（Figure_2）；D1b外部验证模块Δz(A1线粒体模块Δz=−1.00 q=0.021;8模块全负),v2.0 重建（2026-08-21，v1.0 基底 + 磁盘扫描补登）；2026-09-05 CDD重排图号迁移：原 Figure_2E.csv（数值零改动，sha256不变） | 2026-09-21 v2.1 figure_data 段重登记：以 00_对照表/FIGURE_CROSSWALK.csv × 磁盘真值重建；；版本戳按当前文件实际值登记（Mitoxy-80_v1.0/ssGSEA_v1）,
,Figure_3F.csv,01_FIGURE_DATA_CSV/Main,figure_data,canonical,none,Mitoxy-80_v1.0,NA,228.0,56794,90306da2784eecf995473aa0a1b34a16857d65eaa3a5ba6468592cc0f06f3790,ms_panel=S2D（Figure_S2）；GSE32707逐基因火山(A1;14基因BH q<0.05;IP3R1/VDAC1/TOMM20显著;GSDMB唯一显著上调),v2.0 重建（2026-08-21，v1.0 基底 + 磁盘扫描补登）；2026-09-05 CDD重排图号迁移：原 Figure_2F.csv（数值零改动，sha256不变） | 2026-09-21 v2.1 figure_data 段重登记：以 00_对照表/FIGURE_CROSSWALK.csv × 磁盘真值重建；；版本戳按当前文件实际值登记（Mitoxy-80_v1.0/NA）,
,Figure_3G.csv,01_FIGURE_DATA_CSV/Main,figure_data,canonical,none,Mitoxy-80_v1.0,ssGSEA_v1,102.0,13098,18494007d7a432a4670d2ffff2d7a15fd47bd255584801525ce5113a6fd92e4f,ms_panel=S2E（Figure_S2）；三锚点一致性(GSE32707×GSE185263 ρ=+0.477;×GSE212865 ρ=−0.282),v2.0 重建（2026-08-21，v1.0 基底 + 磁盘扫描补登）；2026-09-05 CDD重排图号迁移：原 Figure_2G.csv（数值零改动，sha256不变） | 2026-09-21 v2.1 figure_data 段重登记：以 00_对照表/FIGURE_CROSSWALK.csv × 磁盘真值重建；；版本戳按当前文件实际值登记（Mitoxy-80_v1.0/ssGSEA_v1）,
,Figure_3H.csv,01_FIGURE_DATA_CSV/Main,figure_data,canonical,none,Mitoxy-80_v1.0,ssGSEA_v1,27.0,7058,489838156eb94eb5bcba71398aaeff5db23635290a644a630c99ddfb03ccf0ea,ms_panel=S2F（Figure_S2）；D1b敏感性(β三档Δz=−0.90/−0.92/−0.93;对照塌陷34→22),v2.0 重建（2026-08-21，v1.0 基底 + 磁盘扫描补登）；2026-09-05 CDD重排图号迁移：原 Figure_2H.csv（数值零改动，sha256不变） | 2026-09-21 v2.1 figure_data 段重登记：以 00_对照表/FIGURE_CROSSWALK.csv × 磁盘真值重建；；版本戳按当前文件实际值登记（Mitoxy-80_v1.0/ssGSEA_v1）,
,Figure_2E.csv,01_FIGURE_DATA_CSV/Main,figure_data,canonical,none,Mitoxy-80_v1.0,ssGSEA_v1,7.0,1891,c4a3e6fddcfb0d749de06ffbe30818d11161f2f03f9dddfb5b21153c124b861a,ms_panel=S2A（Figure_S2）；复合评分方法依赖性(β=0.25/0.75/1.0:Δz=−0.44/−0.10/−0.01;均值锚点−0.98;gseapy +1.07弃用),v2.0 重建（2026-08-21，v1.0 基底 + 磁盘扫描补登）；2026-09-05 CDD重排图号迁移：原 Figure_2I.csv（数值零改动，sha256不变） | 2026-09-21 v2.1 figure_data 段重登记：以 00_对照表/FIGURE_CROSSWALK.csv × 磁盘真值重建；；版本戳按当前文件实际值登记（Mitoxy-80_v1.0/ssGSEA_v1）,
,Figure_2F.csv,01_FIGURE_DATA_CSV/Main,figure_data,canonical,none,Mitoxy-80_v1.0,ssGSEA_v1,54.0,14850,626fd073a860a69545bea4e4e61164bc9ae341e6ffbdd3d526c351c7dd9c7d51,ms_panel=S2B（Figure_S2）；D1b双臂判别(上游半签名复现;执行臂3模块Δz亦全负未复现),v2.0 重建（2026-08-21，v1.0 基底 + 磁盘扫描补登）；2026-09-05 CDD重排图号迁移：原 Figure_2J.csv（数值零改动，sha256不变） | 2026-09-21 v2.1 figure_data 段重登记：以 00_对照表/FIGURE_CROSSWALK.csv × 磁盘真值重建；；版本戳按当前文件实际值登记（Mitoxy-80_v1.0/ssGSEA_v1）,
,Figure_S2C.csv,01_FIGURE_DATA_CSV/Supplementary,figure_data,canonical,none,Mitoxy-80_v1.0,NA,132.0,12508,55fbff23cec04273a70485cb9c9f8d62d570b50b1d8b89f78a625e03f7a94ada,ms_panel=S3C（Figure_S3）；,v2.0 重建（2026-08-21，v1.0 基底 + 磁盘扫描补登）；2026-09-05 CDD重排图号迁移：原 Figure_2L.csv（数值零改动，sha256不变） | 2026-09-21 v2.1 figure_data 段重登记：以 00_对照表/FIGURE_CROSSWALK.csv × 磁盘真值重建；；版本戳按当前文件实际值登记（Mitoxy-80_v1.0/NA）,
,Figure_S2D.csv,01_FIGURE_DATA_CSV/Supplementary,figure_data,canonical,none,NA,NA,22.0,1834,6df985ce2b1e89195418d7b7b5d9ef390ec105450a5a705f8cc244295a703636,ms_panel=S3D（Figure_S3）；,v2.0 重建（2026-08-21，v1.0 基底 + 磁盘扫描补登）；2026-09-05 CDD重排图号迁移：原 Figure_2N.csv（数值零改动，sha256不变）；2026-09-21 m5：首列由空列名改为具名（sample_id/cell_type/rank），sha256 重算 | 2026-09-21 v2.1 figure_data 段重登记：以 00_对照表/FIGURE_CROSSWALK.csv × 磁盘真值重建；；版本戳按当前文件实际值登记（NA/NA）,
,Figure_S2E.csv,01_FIGURE_DATA_CSV/Supplementary,figure_data,canonical,none,NA,NA,22.0,2479,fd032da228d3d5b05302f6b95be135a310585a1c8a7f41daa1e8686d8cd60e68,ms_panel=S3E（Figure_S3）；,v2.0 重建（2026-08-21，v1.0 基底 + 磁盘扫描补登）；2026-09-05 CDD重排图号迁移：原 Figure_2O.csv（数值零改动，sha256不变）；2026-09-21 m5：首列由空列名改为具名（sample_id/cell_type/rank），sha256 重算 | 2026-09-21 v2.1 figure_data 段重登记：以 00_对照表/FIGURE_CROSSWALK.csv × 磁盘真值重建；；版本戳按当前文件实际值登记（NA/NA）,
,Figure_S2F.csv,01_FIGURE_DATA_CSV/Supplementary,figure_data,canonical,none,NA,NA,392.0,13354,ecba47762b68ee8a7c32c6998c39231e3667428c25dba5db70a031fa937b1a91,ms_panel=S3F（Figure_S3）；,v2.0 重建（2026-08-21，v1.0 基底 + 磁盘扫描补登）；2026-09-05 CDD重排图号迁移：原 Figure_2P.csv（数值零改动，sha256不变） | 2026-09-21 v2.1 figure_data 段重登记：以 00_对照表/FIGURE_CROSSWALK.csv × 磁盘真值重建；；版本戳按当前文件实际值登记（NA/NA）,
,Figure_2A.csv,01_FIGURE_DATA_CSV/Main,figure_data,canonical,none,Mitoxy-80_v1.0,NA,17823.0,3326493,7db31419b2870497f3fc31a2ee0a8fac158083396f0c2bd8b0d008c05a67c834,ms_panel=2A（Figure_2）；双臂bulk log2FC(上游30基因mean −0.83/仅10%上调;执行33基因+0.18/70%上调),v2.0 重建（2026-08-21，v1.0 基底 + 磁盘扫描补登）；2026-09-05 CDD重排图号迁移：原 Figure_3A.csv（数值零改动，sha256不变） | 2026-09-21 v2.1 figure_data 段重登记：以 00_对照表/FIGURE_CROSSWALK.csv × 磁盘真值重建；；版本戳按当前文件实际值登记（Mitoxy-80_v1.0/NA）,
,Figure_2B.csv,01_FIGURE_DATA_CSV/Main,figure_data,canonical,none,Mitoxy-80_v1.0,ssGSEA_v1,8.0,1288,eb745d1fd377036ff37b679ef361c8ae05e2b9bc5902265731d7e4b79ec3dcc7,ms_panel=2B（Figure_2）；模块ssGSEA谱(上游3模块Δz全负:−0.90/−0.86/−0.84;执行3模块全正:+1.59/+0.56/+0.54),v2.0 重建（2026-08-21，v1.0 基底 + 磁盘扫描补登）；2026-09-05 CDD重排图号迁移：原 Figure_3B.csv（数值零改动，sha256不变） | 2026-09-21 v2.1 figure_data 段重登记：以 00_对照表/FIGURE_CROSSWALK.csv × 磁盘真值重建；；版本戳按当前文件实际值登记（Mitoxy-80_v1.0/ssGSEA_v1）,
,Figure_2C.csv,01_FIGURE_DATA_CSV/Main,figure_data,canonical,none,Mitoxy-80_v1.0,score_genes_v1,93.0,21083,30164eb8af24a24aea8a8680588b740e42013db00250432617812f7b0dfe37b6,ms_panel=2C（Figure_2）；单细胞解离检验(全体ρ=−0.116→mt回归+0.01→去MT* +0.079;分细胞类型|ρ|≤0.10),v2.0 重建（2026-08-21，v1.0 基底 + 磁盘扫描补登）；2026-09-05 CDD重排图号迁移：原 Figure_3C.csv（数值零改动，sha256不变） | 2026-09-21 v2.1 figure_data 段重登记：以 00_对照表/FIGURE_CROSSWALK.csv × 磁盘真值重建；；版本戳按当前文件实际值登记（Mitoxy-80_v1.0/score_genes_v1）,
,Figure_2D.csv,01_FIGURE_DATA_CSV/Main,figure_data,canonical,none,PCD-6panel_v1.0,ssGSEA_v1,392.0,63847,9f562547ec084581233b4aa6ee295174883954f103c7911c91eede3dff5c2cd1,ms_panel=2D（Figure_2）；6种PCD逐样本z评分(Cuproptosis +0.95/Pyroptosis +0.77/Apoptosis −1.41;复合分Δz=−0.44 p=2.9e-3),v2.0 重建（2026-08-21，v1.0 基底 + 磁盘扫描补登）；2026-09-05 CDD重排图号迁移：原 Figure_3D.csv（数值零改动，sha256不变）；2026-09-21 m5：首列由空列名改为具名（sample_id/cell_type/rank），sha256 重算 | 2026-09-21 v2.1 figure_data 段重登记：以 00_对照表/FIGURE_CROSSWALK.csv × 磁盘真值重建；；版本戳按当前文件实际值登记（PCD-6panel_v1.0/ssGSEA_v1）,
,Figure_S2A.csv,01_FIGURE_DATA_CSV/Supplementary,figure_data,canonical,none,Mitoxy-80_v1.0,NA,18.0,6768,06756c1dd5e59f972ace40950845084d17a95604fb9b3ebd653770d2a5b36003,ms_panel=S3A（Figure_S3）；,v2.0 重建（2026-08-21，v1.0 基底 + 磁盘扫描补登）；2026-09-05 CDD重排图号迁移：原 Figure_3E.csv（数值零改动，sha256不变） | 2026-09-21 v2.1 figure_data 段重登记：以 00_对照表/FIGURE_CROSSWALK.csv × 磁盘真值重建；；版本戳按当前文件实际值登记（Mitoxy-80_v1.0/NA）,
,Figure_S2B.csv,01_FIGURE_DATA_CSV/Supplementary,figure_data,canonical,none,Mitoxy-80_v1.0,NA,38.0,2878,7e1be81b4e46c8f1ed1d29c771addb74112c8e312285af4d0a519b71c2f334b1,ms_panel=S3B（Figure_S3）；,v2.0 重建（2026-08-21，v1.0 基底 + 磁盘扫描补登）；2026-09-05 CDD重排图号迁移：原 Figure_3F.csv（数值零改动，sha256不变） | 2026-09-21 v2.1 figure_data 段重登记：以 00_对照表/FIGURE_CROSSWALK.csv × 磁盘真值重建；；版本戳按当前文件实际值登记（Mitoxy-80_v1.0/NA）,
,Figure_S7A.csv,01_FIGURE_DATA_CSV/Supplementary,figure_data,canonical,none,NA,NA,50.0,4480,c656dcbfc03de6fd5394c764f990b811f0c58b5d12d168393d222b11eaf4a134,ms_panel=S8A（Figure_S8）；,v2.0 重建（2026-08-21，v1.0 基底 + 磁盘扫描补登）；2026-09-05 二次重排：原 Figure_S9A.csv（首引顺序升序化，数值零改动） | 2026-09-21 v2.1 figure_data 段重登记：以 00_对照表/FIGURE_CROSSWALK.csv × 磁盘真值重建；；版本戳按当前文件实际值登记（NA/NA）,
,Figure_S7B.csv,01_FIGURE_DATA_CSV/Supplementary,figure_data,canonical,none,NA,NA,20.0,1279,9e969d599e3e3bf0fddeca2b11c8f71bf1a3581d92f10291366b3fffa7a9e2a1,ms_panel=S8B（Figure_S8）；,v2.0 重建（2026-08-21，v1.0 基底 + 磁盘扫描补登）；2026-09-05 二次重排：原 Figure_S9B.csv（首引顺序升序化，数值零改动） | 2026-09-21 v2.1 figure_data 段重登记：以 00_对照表/FIGURE_CROSSWALK.csv × 磁盘真值重建；；版本戳按当前文件实际值登记（NA/NA）,
,Figure_S7C.csv,01_FIGURE_DATA_CSV/Supplementary,figure_data,canonical,none,Mitoxy-80_v1.0,NA,52.0,7140,a8fb15a370fe848a09fad584d8ddc23166c5b42ea6304f29d5c610e2833c73f5,ms_panel=S8C（Figure_S8）；,v2.0 重建（2026-08-21，v1.0 基底 + 磁盘扫描补登）；2026-09-05 二次重排：原 Figure_S9C.csv（首引顺序升序化，数值零改动） | 2026-09-21 v2.1 figure_data 段重登记：以 00_对照表/FIGURE_CROSSWALK.csv × 磁盘真值重建；；版本戳按当前文件实际值登记（Mitoxy-80_v1.0/NA）,
,Figure_S7D.csv,01_FIGURE_DATA_CSV/Supplementary,figure_data,canonical,none,NA,NA,160.0,10808,83a592a6011f869d1453a153629a39568b7b6dba69220afebd6b02a29ee9ddb6,ms_panel=S8D（Figure_S8）；,v2.0 重建（2026-08-21，v1.0 基底 + 磁盘扫描补登）；2026-09-05 二次重排：原 Figure_S9D.csv（首引顺序升序化，数值零改动） | 2026-09-21 v2.1 figure_data 段重登记：以 00_对照表/FIGURE_CROSSWALK.csv × 磁盘真值重建；；版本戳按当前文件实际值登记（NA/NA）,
,Figure_S7E.csv,01_FIGURE_DATA_CSV/Supplementary,figure_data,canonical,none,NA,NA,8.0,1179,c4a4d4f37563cda82a9975b5b68767600b6daa2a0e83585639303d0bb05dd721,ms_panel=S8E（Figure_S8）；,v2.0 重建（2026-08-21，v1.0 基底 + 磁盘扫描补登）；2026-09-05 二次重排：原 Figure_S9E.csv（首引顺序升序化，数值零改动） | 2026-09-21 v2.1 figure_data 段重登记：以 00_对照表/FIGURE_CROSSWALK.csv × 磁盘真值重建；；版本戳按当前文件实际值登记（NA/NA）,
,Figure_S7F.csv,01_FIGURE_DATA_CSV/Supplementary,figure_data,canonical,none,NA,NA,24.0,2438,77add6a85dea053d5a827e59d7e31ddf6d91340cc1d2acbbe14b5785bb73dbed,ms_panel=S8F（Figure_S8）；,v2.0 重建（2026-08-21，v1.0 基底 + 磁盘扫描补登）；2026-09-05 二次重排：原 Figure_S9F.csv（首引顺序升序化，数值零改动） | 2026-09-21 v2.1 figure_data 段重登记：以 00_对照表/FIGURE_CROSSWALK.csv × 磁盘真值重建；；版本戳按当前文件实际值登记（NA/NA）,
,Figure_S7G.csv,01_FIGURE_DATA_CSV/Supplementary,figure_data,canonical,none,Mitoxy-80_v1.0,score_genes_v1,96.0,12211,6e60601949523e5fdf287f1160b79200ae6bfd090fedfe51d264dfa8e65b03ad,ms_panel=S8G（Figure_S8）；,v2.0 重建（2026-08-21，v1.0 基底 + 磁盘扫描补登）；2026-09-05 二次重排：原 Figure_S9G.csv（首引顺序升序化，数值零改动） | 2026-09-21 v2.1 figure_data 段重登记：以 00_对照表/FIGURE_CROSSWALK.csv × 磁盘真值重建；；版本戳按当前文件实际值登记（Mitoxy-80_v1.0/score_genes_v1）,
,Figure_S8A.csv,01_FIGURE_DATA_CSV/Supplementary,figure_data,canonical,none,NA,NA,1714.0,163737,c9465f4d07efc8b9a108d42b229e195b91790f063f90e407d7d9de4d573782e8,ms_panel=S9A（Figure_S9）；,v2.0 重建（2026-08-21，v1.0 基底 + 磁盘扫描补登）；2026-09-05 二次重排：原 Figure_S10A.csv（首引顺序升序化，数值零改动） | 2026-09-21 v2.1 figure_data 段重登记：以 00_对照表/FIGURE_CROSSWALK.csv × 磁盘真值重建；；版本戳按当前文件实际值登记（NA/NA）,
,Figure_S8B.csv,01_FIGURE_DATA_CSV/Supplementary,figure_data,canonical,none,NA,NA,8.0,360,2292c6512ad13081b4cb0e1b0bd1152cddd13bb9e048582359350f4911291d09,ms_panel=S9B（Figure_S9）；,v2.0 重建（2026-08-21，v1.0 基底 + 磁盘扫描补登）；2026-09-05 二次重排：原 Figure_S10B.csv（首引顺序升序化，数值零改动） | 2026-09-21 v2.1 figure_data 段重登记：以 00_对照表/FIGURE_CROSSWALK.csv × 磁盘真值重建；；版本戳按当前文件实际值登记（NA/NA）,
,Figure_S8C.csv,01_FIGURE_DATA_CSV/Supplementary,figure_data,canonical,none,NA,NA,8.0,350,295171f3ffeee1482d734ae47b22cd3f758cb1149bd7adfa5344003636cc4687,ms_panel=S9C（Figure_S9）；,v2.0 重建（2026-08-21，v1.0 基底 + 磁盘扫描补登）；2026-09-05 二次重排：原 Figure_S10C.csv（首引顺序升序化，数值零改动） | 2026-09-21 v2.1 figure_data 段重登记：以 00_对照表/FIGURE_CROSSWALK.csv × 磁盘真值重建；；版本戳按当前文件实际值登记（NA/NA）,
,Figure_S8D.csv,01_FIGURE_DATA_CSV/Supplementary,figure_data,canonical,none,NA,NA,30.0,1030,cdc9af65a2a4b298a1a96af1ab49a9a45ea520c8912e158aedcf7b71fdcd8aa6,ms_panel=S9D（Figure_S9）；,v2.0 重建（2026-08-21，v1.0 基底 + 磁盘扫描补登）；2026-09-05 二次重排：原 Figure_S10D.csv（首引顺序升序化，数值零改动） | 2026-09-21 v2.1 figure_data 段重登记：以 00_对照表/FIGURE_CROSSWALK.csv × 磁盘真值重建；；版本戳按当前文件实际值登记（NA/NA）,
,Figure_S8E.csv,01_FIGURE_DATA_CSV/Supplementary,figure_data,canonical,none,NA,NA,64.0,3667,d1de6355db8669d692896961f41be1d1bcf44d70b1bd3d5e2b86542ff949b32c,ms_panel=S9E（Figure_S9）；,v2.0 重建（2026-08-21，v1.0 基底 + 磁盘扫描补登）；2026-09-05 二次重排：原 Figure_S10E.csv（首引顺序升序化，数值零改动） | 2026-09-21 v2.1 figure_data 段重登记：以 00_对照表/FIGURE_CROSSWALK.csv × 磁盘真值重建；；版本戳按当前文件实际值登记（NA/NA）,
,Figure_S8F.csv,01_FIGURE_DATA_CSV/Supplementary,figure_data,canonical,none,Mitoxy-80_v1.0,NA,5.0,967,b0f0c6ba4a981be33a457041cb78c51c01304ca9b4689c890cb9525b6ef45cd8,ms_panel=S9F（Figure_S9）；,v2.0 重建（2026-08-21，v1.0 基底 + 磁盘扫描补登）；2026-09-05 二次重排：原 Figure_S10F.csv（首引顺序升序化，数值零改动） | 2026-09-21 v2.1 figure_data 段重登记：以 00_对照表/FIGURE_CROSSWALK.csv × 磁盘真值重建；；版本戳按当前文件实际值登记（Mitoxy-80_v1.0/NA）,
,Figure_S12A.csv,01_FIGURE_DATA_CSV/Supplementary,figure_data,canonical,none,Mitoxy-80_v1.0,NA,16.0,7681,ec77c0d81938f3f6d0f688cfbc8e22130cfd9883f121bbe374ed2184b6f269e5,ms_panel=S14A（Figure_S14）；,v2.0 重建（2026-08-21，v1.0 基底 + 磁盘扫描补登）；2026-09-05 二次重排：原 Figure_S11A.csv（首引顺序升序化，数值零改动） | 2026-09-21 v2.1 figure_data 段重登记：以 00_对照表/FIGURE_CROSSWALK.csv × 磁盘真值重建；；版本戳按当前文件实际值登记（Mitoxy-80_v1.0/NA）,
,Figure_S12B.csv,01_FIGURE_DATA_CSV/Supplementary,figure_data,canonical,none,Mitoxy-80_v1.0,NA,3.0,709,aabe05658e09d727fd8ce0f91ba8f17441140de8cf4229c2d08e97de461c18c2,ms_panel=S14B（Figure_S14）；,v2.0 重建（2026-08-21，v1.0 基底 + 磁盘扫描补登）；2026-09-05 二次重排：原 Figure_S11B.csv（首引顺序升序化，数值零改动） | 2026-09-21 v2.1 figure_data 段重登记：以 00_对照表/FIGURE_CROSSWALK.csv × 磁盘真值重建；；版本戳按当前文件实际值登记（Mitoxy-80_v1.0/NA）,
,Figure_S12C.csv,01_FIGURE_DATA_CSV/Supplementary,figure_data,canonical,none,NA,NA,928.0,134255,9c8e782b4c04bae6757e7fde962d7ebfcc5c8513e5d28a7471153dc5d26ef280,ms_panel=S14C（Figure_S14）；,v2.0 重建（2026-08-21，v1.0 基底 + 磁盘扫描补登）；2026-09-05 二次重排：原 Figure_S11C.csv（首引顺序升序化，数值零改动） | 2026-09-21 v2.1 figure_data 段重登记：以 00_对照表/FIGURE_CROSSWALK.csv × 磁盘真值重建；；版本戳按当前文件实际值登记（NA/NA）,
,Figure_S12D.csv,01_FIGURE_DATA_CSV/Supplementary,figure_data,canonical,none,Mitoxy-80_v1.0,NA,52.0,5817,0d087d2a41bfcc55032ef112bcd50aa6c06714ac86b53f8f44cefc26b820cd51,ms_panel=S14D（Figure_S14）；,v2.0 重建（2026-08-21，v1.0 基底 + 磁盘扫描补登）；2026-09-05 二次重排：原 Figure_S11D.csv（首引顺序升序化，数值零改动） | 2026-09-21 v2.1 figure_data 段重登记：以 00_对照表/FIGURE_CROSSWALK.csv × 磁盘真值重建；；版本戳按当前文件实际值登记（Mitoxy-80_v1.0/NA）,
,Figure_S12E.csv,01_FIGURE_DATA_CSV/Supplementary,figure_data,canonical,none,Mitoxy-80_v1.0,NA,1008.0,240519,bb7a5bbaa5bf439512c878bfc3de22be5a9a06b94067f95b2b5cc858877ad695,ms_panel=S14E（Figure_S14）；,v2.0 重建（2026-08-21，v1.0 基底 + 磁盘扫描补登）；2026-09-05 二次重排：原 Figure_S11E.csv（首引顺序升序化，数值零改动） | 2026-09-21 v2.1 figure_data 段重登记：以 00_对照表/FIGURE_CROSSWALK.csv × 磁盘真值重建；；版本戳按当前文件实际值登记（Mitoxy-80_v1.0/NA）,
,Figure_S5A.csv,01_FIGURE_DATA_CSV/Supplementary,figure_data,canonical,none,Mitoxy-80_v1.0,NA,58.0,8745,296f63673f2a0febde523ddbc7451db8296c30879b09ced902ab7fc6bf149446,ms_panel=S6A（Figure_S6）；,v2.0 重建（2026-08-21，v1.0 基底 + 磁盘扫描补登）；2026-09-05 CDD重排图号迁移：原 Figure_S12C.csv（数值零改动，sha256不变）；2026-09-05 二次重排：原 Figure_S8A.csv（首引顺序升序化，数值零改动） | 2026-09-21 v2.1 figure_data 段重登记：以 00_对照表/FIGURE_CROSSWALK.csv × 磁盘真值重建；；版本戳按当前文件实际值登记（Mitoxy-80_v1.0/NA）,
,Figure_S5B.csv,01_FIGURE_DATA_CSV/Supplementary,figure_data,canonical,none,Mitoxy-80_v1.0,NA,30.0,1793,74f4d85a20042c9addd60f655b6274622e5852b72de946f9f45aef8b309d09de,ms_panel=S6B（Figure_S6）；,v2.0 重建（2026-08-21，v1.0 基底 + 磁盘扫描补登）；2026-09-05 CDD重排图号迁移：原 Figure_S12D.csv（数值零改动，sha256不变）；2026-09-05 二次重排：原 Figure_S8B.csv（首引顺序升序化，数值零改动） | 2026-09-21 v2.1 figure_data 段重登记：以 00_对照表/FIGURE_CROSSWALK.csv × 磁盘真值重建；；版本戳按当前文件实际值登记（Mitoxy-80_v1.0/NA）,
,Figure_S5C.csv,01_FIGURE_DATA_CSV/Supplementary,figure_data,canonical,none,Mitoxy-80_v1.0,NA,15.0,755,caa930040dae88d91b00d98524c0437c16b1699e843ee4582ae7dee99b631058,ms_panel=S6C（Figure_S6）；,v2.0 重建（2026-08-21，v1.0 基底 + 磁盘扫描补登）；2026-09-05 CDD重排图号迁移：原 Figure_S12E.csv（数值零改动，sha256不变）；2026-09-05 二次重排：原 Figure_S8C.csv（首引顺序升序化，数值零改动） | 2026-09-21 v2.1 figure_data 段重登记：以 00_对照表/FIGURE_CROSSWALK.csv × 磁盘真值重建；；版本戳按当前文件实际值登记（Mitoxy-80_v1.0/NA）,
,Figure_S5D.csv,01_FIGURE_DATA_CSV/Supplementary,figure_data,canonical,none,Mitoxy-80_v1.0,NA,47.0,3123,11df476075d17e3c08ca45ce79d506544d64479b881c0f813f1b9af36f8cc624,ms_panel=S6D（Figure_S6）；,v2.0 重建（2026-08-21，v1.0 基底 + 磁盘扫描补登）；2026-09-05 CDD重排图号迁移：原 Figure_S12I.csv（数值零改动，sha256不变）；2026-09-05 二次重排：原 Figure_S8D.csv（首引顺序升序化，数值零改动） | 2026-09-21 v2.1 figure_data 段重登记：以 00_对照表/FIGURE_CROSSWALK.csv × 磁盘真值重建；；版本戳按当前文件实际值登记（Mitoxy-80_v1.0/NA）,
,Figure_S5E.csv,01_FIGURE_DATA_CSV/Supplementary,figure_data,canonical,none,Mitoxy-80_v1.0,NA,610.0,127318,6b6a3202b4cdf7540486802e6961bcd620807819038f48816ed1fa0b42d5f75b,ms_panel=S6E（Figure_S6）；,v2.0 重建（2026-08-21，v1.0 基底 + 磁盘扫描补登）；2026-09-05 CDD重排图号迁移：原 Figure_S12J.csv（数值零改动，sha256不变）；2026-09-05 二次重排：原 Figure_S8E.csv（首引顺序升序化，数值零改动） | 2026-09-21 v2.1 figure_data 段重登记：以 00_对照表/FIGURE_CROSSWALK.csv × 磁盘真值重建；；版本戳按当前文件实际值登记（Mitoxy-80_v1.0/NA）,
,Figure_4A.csv,01_FIGURE_DATA_CSV/Main,figure_data,canonical,none,Mitoxy-80_v1.0,bridge_v2,80.0,16913,c527b91e02f5850ea4ffdcc1828ec0f4492a1e95bdffea71fea1bea44391958f,ms_panel=3A（Figure_3）；模块级五维收敛得分(铁0.473/MAM 0.443 vs 执行0.207),v2.0 重建（2026-08-21，v1.0 基底 + 磁盘扫描补登）；2026-09-05 CDD重排图号迁移：原 Figure_4A.csv（数值零改动，sha256不变） | 2026-09-21 v2.1 figure_data 段重登记：以 00_对照表/FIGURE_CROSSWALK.csv × 磁盘真值重建；；版本戳按当前文件实际值登记（Mitoxy-80_v1.0/bridge_v2）,
,Figure_4B.csv,01_FIGURE_DATA_CSV/Main,figure_data,canonical,none,Mitoxy-80_v1.0,bridge_v2,80.0,16913,c527b91e02f5850ea4ffdcc1828ec0f4492a1e95bdffea71fea1bea44391958f,ms_panel=3B（Figure_3）；基因级收敛得分排序(CANX/SLC40A1 0.681居首),v2.0 重建（2026-08-21，v1.0 基底 + 磁盘扫描补登）；2026-09-05 CDD重排图号迁移：原 Figure_4B.csv（数值零改动，sha256不变） | 2026-09-21 v2.1 figure_data 段重登记：以 00_对照表/FIGURE_CROSSWALK.csv × 磁盘真值重建；；版本戳按当前文件实际值登记（Mitoxy-80_v1.0/bridge_v2）,
,Figure_4C.csv,01_FIGURE_DATA_CSV/Main,figure_data,canonical,none,Mitoxy-80_v1.0,NA,16.0,1948,6bd40ceaa6744abf47c9b23cfe265e18ef6df9a23682e91420581562949f0d7c,ms_panel=3C（Figure_3）；16基因pLI/LOEUF/Missense_Z逐基因约束(ITPR1 pLI=1.00),v2.0 重建（2026-08-21，v1.0 基底 + 磁盘扫描补登）；2026-09-05 CDD重排图号迁移：原 Figure_4C.csv（数值零改动，sha256不变） | 2026-09-21 v2.1 figure_data 段重登记：以 00_对照表/FIGURE_CROSSWALK.csv × 磁盘真值重建；；版本戳按当前文件实际值登记（Mitoxy-80_v1.0/NA）,
,Figure_4D.csv,01_FIGURE_DATA_CSV/Main,figure_data,canonical,none,Mitoxy-80_v1.0,NA,4.0,2043,89d1920b1d6e90a6d54464363303069ccf6a9c7a2e3e3b181b12b09083498602,ms_panel=3D（Figure_3）；gnomAD约束分层(Tier 3 MAM钙轴平均pLI=0.93/LOEUF=0.31;为凋亡执行者层级pLI=0.11的8.5倍),v2.0 重建（2026-08-21，v1.0 基底 + 磁盘扫描补登）；2026-09-05 CDD重排图号迁移：原 Figure_4D.csv（数值零改动，sha256不变） | 2026-09-21 v2.1 figure_data 段重登记：以 00_对照表/FIGURE_CROSSWALK.csv × 磁盘真值重建；；版本戳按当前文件实际值登记（Mitoxy-80_v1.0/NA）,
,Figure_4E.csv,01_FIGURE_DATA_CSV/Main,figure_data,canonical,none,Mitoxy-80_v1.0,NA,55.0,7653,03d089bf9e392d9d69aef3c8d43bdda3c728146352d7be739ab8f7eebb74bacb,ms_panel=3E（Figure_3）；AlphaMissense预测错义变体有害性逐基因(MAM模块居首;TOMM20均值0.7024为唯一过「可能致病」阈值基因;10 614个预测有害错义变异),v2.0 重建（2026-08-21，v1.0 基底 + 磁盘扫描补登）；2026-09-05 CDD重排图号迁移：原 Figure_4E.csv（数值零改动，sha256不变） | 2026-09-21 v2.1 figure_data 段重登记：以 00_对照表/FIGURE_CROSSWALK.csv × 磁盘真值重建；；版本戳按当前文件实际值登记（Mitoxy-80_v1.0/NA）,
,Figure_S1A.csv,01_FIGURE_DATA_CSV/Supplementary,figure_data,canonical,none,Mitoxy-80_v1.0,score_genes_v1,423.0,48482,27bf3c5e94cd1ddfca884d0be1ca2473e913a1ca222f171f6d935f4446e05924,ms_panel=S1A（Figure_S1）；,v2.0 重建（2026-08-21，v1.0 基底 + 磁盘扫描补登） | 2026-09-21 v2.1 figure_data 段重登记：以 00_对照表/FIGURE_CROSSWALK.csv × 磁盘真值重建；；版本戳按当前文件实际值登记（Mitoxy-80_v1.0/score_genes_v1）,
,Figure_S1B.csv,01_FIGURE_DATA_CSV/Supplementary,figure_data,canonical,none,Mitoxy-80_v1.0,NA,63.0,9072,ffbd8a393725494ef416a5ae3029806f7cd2f84511e4094de9546dab428af88b,ms_panel=S1B（Figure_S1）；,v2.0 重建（2026-08-21，v1.0 基底 + 磁盘扫描补登） | 2026-09-21 v2.1 figure_data 段重登记：以 00_对照表/FIGURE_CROSSWALK.csv × 磁盘真值重建；；版本戳按当前文件实际值登记（Mitoxy-80_v1.0/NA）,
,Figure_S1C.csv,01_FIGURE_DATA_CSV/Supplementary,figure_data,canonical,none,NA,NA,64.0,2754,3328ab4c3d0c59900874a0ba521a69f888765f9fd290fb34cc8225017ece41de,ms_panel=S1C（Figure_S1）；,v2.0 重建（2026-08-21，v1.0 基底 + 磁盘扫描补登） | 2026-09-21 v2.1 figure_data 段重登记：以 00_对照表/FIGURE_CROSSWALK.csv × 磁盘真值重建；；版本戳按当前文件实际值登记（NA/NA）,
,Figure_S1D.csv,01_FIGURE_DATA_CSV/Supplementary,figure_data,canonical,none,NA,NA,63.0,5079,bab6a8acb067bb28c83ecb92b890448e4c447cabcf2b49bab7f471dcb38e045b,ms_panel=S1D（Figure_S1）；,v2.0 重建（2026-08-21，v1.0 基底 + 磁盘扫描补登） | 2026-09-21 v2.1 figure_data 段重登记：以 00_对照表/FIGURE_CROSSWALK.csv × 磁盘真值重建；；版本戳按当前文件实际值登记（NA/NA）,
,Figure_S1E.csv,01_FIGURE_DATA_CSV/Supplementary,figure_data,canonical,none,NA,NA,63.0,2535,5aacb476f2535af98f8202fb561ba589ecc23f160813df33ae873a6a3526c978,ms_panel=S1E（Figure_S1）；,v2.0 重建（2026-08-21，v1.0 基底 + 磁盘扫描补登） | 2026-09-21 v2.1 figure_data 段重登记：以 00_对照表/FIGURE_CROSSWALK.csv × 磁盘真值重建；；版本戳按当前文件实际值登记（NA/NA）,
,Figure_S4A.csv,01_FIGURE_DATA_CSV/Supplementary,figure_data,canonical,none,Mitoxy-80_v1.0,NA,46.0,11262,583da6816dbaeb1143c6a3a73bc1b1ac3d79206fd92a541ac423c1aac1f2bf20,ms_panel=S5A（Figure_S5）；,v2.0 重建（2026-08-21，v1.0 基底 + 磁盘扫描补登）；2026-09-05 二次重排：原 Figure_S2A.csv（首引顺序升序化，数值零改动） | 2026-09-21 v2.1 figure_data 段重登记：以 00_对照表/FIGURE_CROSSWALK.csv × 磁盘真值重建；；版本戳按当前文件实际值登记（Mitoxy-80_v1.0/NA）,
,Figure_S4B.csv,01_FIGURE_DATA_CSV/Supplementary,figure_data,canonical,none,Mitoxy-80_v1.0,NA,27.0,7140,97f517bd5f871696a839d451b9cf92a7e33a286efdff4d1fdc04fdba24942235,ms_panel=S5B（Figure_S5）；,v2.0 重建（2026-08-21，v1.0 基底 + 磁盘扫描补登）；2026-09-05 二次重排：原 Figure_S2B.csv（首引顺序升序化，数值零改动） | 2026-09-21 v2.1 figure_data 段重登记：以 00_对照表/FIGURE_CROSSWALK.csv × 磁盘真值重建；；版本戳按当前文件实际值登记（Mitoxy-80_v1.0/NA）,
,Figure_S4C.csv,01_FIGURE_DATA_CSV/Supplementary,figure_data,canonical,none,Mitoxy-80_v1.0,NA,2.0,528,b5c3b0063d5ad25b6a50cfeb45f963bfb47bd88a3f3952928449ec933ebeac22,ms_panel=S5C（Figure_S5）；,v2.0 重建（2026-08-21，v1.0 基底 + 磁盘扫描补登）；2026-09-05 二次重排：原 Figure_S2C.csv（首引顺序升序化，数值零改动） | 2026-09-21 v2.1 figure_data 段重登记：以 00_对照表/FIGURE_CROSSWALK.csv × 磁盘真值重建；；版本戳按当前文件实际值登记（Mitoxy-80_v1.0/NA）,
,Figure_S4D.csv,01_FIGURE_DATA_CSV/Supplementary,figure_data,canonical,none,Mitoxy-80_v1.0,m3pqtl_v1.0,14.0,3718,d009a56996961fe69b35b5b7a4eacbbbb86a3b9ce6d40ecce3c88d490a592fe1,ms_panel=S5D（Figure_S5）；,v2.0 重建（2026-08-21，v1.0 基底 + 磁盘扫描补登）；2026-09-05 二次重排：原 Figure_S2D.csv（首引顺序升序化，数值零改动） | 2026-09-21 v2.1 figure_data 段重登记：以 00_对照表/FIGURE_CROSSWALK.csv × 磁盘真值重建；；版本戳按当前文件实际值登记（Mitoxy-80_v1.0/m3pqtl_v1.0）,
,Figure_S4E.csv,01_FIGURE_DATA_CSV/Supplementary,figure_data,canonical,none,Mitoxy-80_v1.0,m3smr_v1.0;m3twas_v1.0,344.0,66637,6322d34c578eaf4b22b68ff1dbe432fd32d64a47b114e7bc97aa2c13629ac876,ms_panel=S5E（Figure_S5）；,v2.0 重建（2026-08-21，v1.0 基底 + 磁盘扫描补登）；2026-09-05 二次重排：原 Figure_S2E.csv（首引顺序升序化，数值零改动） | 2026-09-21 v2.1 figure_data 段重登记：以 00_对照表/FIGURE_CROSSWALK.csv × 磁盘真值重建；；版本戳按当前文件实际值登记（Mitoxy-80_v1.0/m3smr_v1.0;m3twas_v1.0）,
,Figure_S6A.csv,01_FIGURE_DATA_CSV/Supplementary,figure_data,canonical,none,NA,NA,72.0,3891,fae058780183ba02b8ae3e47d21f1d09a0a277d3da44212681d2a6374b3ba5a6,ms_panel=S7A（Figure_S7）；,v2.0 重建（2026-08-21，v1.0 基底 + 磁盘扫描补登）；2026-09-05 CDD重排图号迁移：原 Figure_S5A.csv（数值零改动，sha256不变）；2026-09-05 二次重排：原 Figure_S4A.csv（首引顺序升序化，数值零改动） | 2026-09-21 v2.1 figure_data 段重登记：以 00_对照表/FIGURE_CROSSWALK.csv × 磁盘真值重建；；版本戳按当前文件实际值登记（NA/NA）,
,Figure_S6B.csv,01_FIGURE_DATA_CSV/Supplementary,figure_data,canonical,none,Mitoxy-80_v1.0,score_genes_v1,72.0,6623,24f399937e11be36af224bbea9033fc32f4f4f34a5d244eff69c474ce3802974,ms_panel=S7B（Figure_S7）；,v2.0 重建（2026-08-21，v1.0 基底 + 磁盘扫描补登）；2026-09-05 CDD重排图号迁移：原 Figure_S5B.csv（数值零改动，sha256不变）；2026-09-05 二次重排：原 Figure_S4B.csv（首引顺序升序化，数值零改动） | 2026-09-21 v2.1 figure_data 段重登记：以 00_对照表/FIGURE_CROSSWALK.csv × 磁盘真值重建；；版本戳按当前文件实际值登记（Mitoxy-80_v1.0/score_genes_v1）,
,Figure_S6C.csv,01_FIGURE_DATA_CSV/Supplementary,figure_data,canonical,none,NA,NA,1629.0,43275,bff014866ef7be22bc5415f559565e4304e4c7e75934a5722a1f2b4a7f595ca1,ms_panel=S7C（Figure_S7）；,v2.0 重建（2026-08-21，v1.0 基底 + 磁盘扫描补登）；2026-09-05 CDD重排图号迁移：原 Figure_S5C.csv（数值零改动，sha256不变）；2026-09-05 二次重排：原 Figure_S4C.csv（首引顺序升序化，数值零改动） | 2026-09-21 v2.1 figure_data 段重登记：以 00_对照表/FIGURE_CROSSWALK.csv × 磁盘真值重建；；版本戳按当前文件实际值登记（NA/NA）,
,Figure_S6D.csv,01_FIGURE_DATA_CSV/Supplementary,figure_data,canonical,none,NA,NA,1422.0,167458,58ef2fb502f4394a0edea2da5fe092033cf1e8401f5e7fdb0421a18e2d9f2f54,ms_panel=S7D（Figure_S7）；,v2.0 重建（2026-08-21，v1.0 基底 + 磁盘扫描补登）；2026-09-05 CDD重排图号迁移：原 Figure_S5D.csv（数值零改动，sha256不变）；2026-09-05 二次重排：原 Figure_S4D.csv（首引顺序升序化，数值零改动） | 2026-09-21 v2.1 figure_data 段重登记：以 00_对照表/FIGURE_CROSSWALK.csv × 磁盘真值重建；；版本戳按当前文件实际值登记（NA/NA）,
,Figure_S6E.csv,01_FIGURE_DATA_CSV/Supplementary,figure_data,canonical,none,NA,NA,24.0,2692,9e23673eb81372c24d36b3b5b07784c0f7f3ac8cacac1638b8cc74c7640161eb,ms_panel=S7E（Figure_S7）；,v2.0 重建（2026-08-21，v1.0 基底 + 磁盘扫描补登）；2026-09-05 CDD重排图号迁移：原 Figure_S5E.csv（数值零改动，sha256不变）；2026-09-05 二次重排：原 Figure_S4E.csv（首引顺序升序化，数值零改动） | 2026-09-21 v2.1 figure_data 段重登记：以 00_对照表/FIGURE_CROSSWALK.csv × 磁盘真值重建；；版本戳按当前文件实际值登记（NA/NA）,
,Figure_S6F.csv,01_FIGURE_DATA_CSV/Supplementary,figure_data,canonical,none,NA,NA,392.0,141599,a7dc6945dbdd888b43d7efdf3744ac4b19afa16553971bd74f6d3200d8326c0f,ms_panel=S7F（Figure_S7）；,v2.0 重建（2026-08-21，v1.0 基底 + 磁盘扫描补登）；2026-09-05 CDD重排图号迁移：原 Figure_S5F.csv（数值零改动，sha256不变）；2026-09-05 二次重排：原 Figure_S4F.csv（首引顺序升序化，数值零改动）；2026-09-21 m5：首列由空列名改为具名（sample_id/cell_type/rank），sha256 重算 | 2026-09-21 v2.1 figure_data 段重登记：以 00_对照表/FIGURE_CROSSWALK.csv × 磁盘真值重建；；版本戳按当前文件实际值登记（NA/NA）,
,Figure_S6G.csv,01_FIGURE_DATA_CSV/Supplementary,figure_data,canonical,none,NA,NA,22.0,3218,c3036dbb850bad5c47e122f40c8b0cbd95f3c6d16d08614f3d7a0c91929530a8,ms_panel=S7G（Figure_S7）；,v2.0 重建（2026-08-21，v1.0 基底 + 磁盘扫描补登）；2026-09-05 CDD重排图号迁移：原 Figure_S5G.csv（数值零改动，sha256不变）；2026-09-05 二次重排：原 Figure_S4G.csv（首引顺序升序化，数值零改动） | 2026-09-21 v2.1 figure_data 段重登记：以 00_对照表/FIGURE_CROSSWALK.csv × 磁盘真值重建；；版本戳按当前文件实际值登记（NA/NA）,
,Figure_S6H.csv,01_FIGURE_DATA_CSV/Supplementary,figure_data,canonical,none,Mitoxy-80_v1.0,NA,22.0,4153,d928c43329c42a21cb5ec831e6a56b010ebe36694a3385028b577a76fcca983d,ms_panel=S7H（Figure_S7）；,v2.0 重建（2026-08-21，v1.0 基底 + 磁盘扫描补登）；2026-09-05 CDD重排图号迁移：原 Figure_S5H.csv（数值零改动，sha256不变）；2026-09-05 二次重排：原 Figure_S4H.csv（首引顺序升序化，数值零改动） | 2026-09-21 v2.1 figure_data 段重登记：以 00_对照表/FIGURE_CROSSWALK.csv × 磁盘真值重建；；版本戳按当前文件实际值登记（Mitoxy-80_v1.0/NA）,
,Figure_S6I.csv,01_FIGURE_DATA_CSV/Supplementary,figure_data,canonical,none,Mitoxy-80_v1.0,NA,132.0,29144,d6f8c91087e16e5a5a3bcb7fb848b0d12b25a5fd362c7ee00c5f13237534b440,ms_panel=S7I（Figure_S7）；,v2.0 重建（2026-08-21，v1.0 基底 + 磁盘扫描补登）；2026-09-05 CDD重排图号迁移：原 Figure_S5I.csv（数值零改动，sha256不变）；2026-09-05 二次重排：原 Figure_S4I.csv（首引顺序升序化，数值零改动） | 2026-09-21 v2.1 figure_data 段重登记：以 00_对照表/FIGURE_CROSSWALK.csv × 磁盘真值重建；；版本戳按当前文件实际值登记（Mitoxy-80_v1.0/NA）,
,Figure_S9A.csv,01_FIGURE_DATA_CSV/Supplementary,figure_data,canonical,none,Mitoxy-80_v1.0,NA,23.0,5044,aa2972e56ab509efd35fba377242d91b7eb0d077f8906c090f4950e8efe966b7,ms_panel=S11A（Figure_S11）；,v2.0 重建（2026-08-21，v1.0 基底 + 磁盘扫描补登）；2026-09-05 CDD重排图号迁移：原 Figure_S6A.csv（数值零改动，sha256不变）；2026-09-05 二次重排：原 Figure_S5A.csv（首引顺序升序化，数值零改动）；2026-09-21 m5：首列由空列名改为具名（sample_id/cell_type/rank），sha256 重算 | 2026-09-21 v2.1 figure_data 段重登记：以 00_对照表/FIGURE_CROSSWALK.csv × 磁盘真值重建；；版本戳按当前文件实际值登记（Mitoxy-80_v1.0/NA）,
,Figure_S9B.csv,01_FIGURE_DATA_CSV/Supplementary,figure_data,canonical,none,Mitoxy-80_v1.0,NA,5.0,815,6c05680aba0f1fd0f58d99a71548fa3ade2791e882ed7aed9315e518e5a0cb8c,ms_panel=S11B（Figure_S11）；,v2.0 重建（2026-08-21，v1.0 基底 + 磁盘扫描补登）；2026-09-05 CDD重排图号迁移：原 Figure_S6B.csv（数值零改动，sha256不变）；2026-09-05 二次重排：原 Figure_S5B.csv（首引顺序升序化，数值零改动） | 2026-09-21 v2.1 figure_data 段重登记：以 00_对照表/FIGURE_CROSSWALK.csv × 磁盘真值重建；；版本戳按当前文件实际值登记（Mitoxy-80_v1.0/NA）,
,Figure_S9C.csv,01_FIGURE_DATA_CSV/Supplementary,figure_data,canonical,none,Mitoxy-80_v1.0,NA,35.0,5426,2180e01a9011b9599abdcc5d75f71e976b9d547f5a72e0f641515bc9b6489b17,ms_panel=S11C（Figure_S11）；,v2.0 重建（2026-08-21，v1.0 基底 + 磁盘扫描补登）；2026-09-05 CDD重排图号迁移：原 Figure_S6C.csv（数值零改动，sha256不变）；2026-09-05 二次重排：原 Figure_S5C.csv（首引顺序升序化，数值零改动） | 2026-09-21 v2.1 figure_data 段重登记：以 00_对照表/FIGURE_CROSSWALK.csv × 磁盘真值重建；；版本戳按当前文件实际值登记（Mitoxy-80_v1.0/NA）,
,Figure_S9D.csv,01_FIGURE_DATA_CSV/Supplementary,figure_data,canonical,none,Mitoxy-80_v1.0,NA,105.0,29227,6205026af06c0e5d344a5ec802ef510faed0c2479d26cfc26796b22f48c11713,ms_panel=S11D（Figure_S11）；,v2.0 重建（2026-08-21，v1.0 基底 + 磁盘扫描补登）；2026-09-05 CDD重排图号迁移：原 Figure_S6D.csv（数值零改动，sha256不变）；2026-09-05 二次重排：原 Figure_S5D.csv（首引顺序升序化，数值零改动） | 2026-09-21 v2.1 figure_data 段重登记：以 00_对照表/FIGURE_CROSSWALK.csv × 磁盘真值重建；；版本戳按当前文件实际值登记（Mitoxy-80_v1.0/NA）,
,Figure_S9E.csv,01_FIGURE_DATA_CSV/Supplementary,figure_data,canonical,none,Mitoxy-80_v1.0,NA,12.0,1917,93e3820cfbb5cc97ddceaeeb776d3cfa46a2e2440f3e311a5670c9b9c2b61334,ms_panel=S11E（Figure_S11）；,v2.0 重建（2026-08-21，v1.0 基底 + 磁盘扫描补登）；2026-09-05 CDD重排图号迁移：原 Figure_S6E.csv（数值零改动，sha256不变）；2026-09-05 二次重排：原 Figure_S5E.csv（首引顺序升序化，数值零改动） | 2026-09-21 v2.1 figure_data 段重登记：以 00_对照表/FIGURE_CROSSWALK.csv × 磁盘真值重建；；版本戳按当前文件实际值登记（Mitoxy-80_v1.0/NA）,
,Figure_S9F.csv,01_FIGURE_DATA_CSV/Supplementary,figure_data,canonical,none,Mitoxy-80_v1.0,NA,12.0,2327,dc2bc4505f4fa155491a299bf3baaeee687c5bab7b0a23c3c37ce79980627a5f,ms_panel=S11F（Figure_S11）；,v2.0 重建（2026-08-21，v1.0 基底 + 磁盘扫描补登）；2026-09-05 CDD重排图号迁移：原 Figure_S6F.csv（数值零改动，sha256不变）；2026-09-05 二次重排：原 Figure_S5F.csv（首引顺序升序化，数值零改动） | 2026-09-21 v2.1 figure_data 段重登记：以 00_对照表/FIGURE_CROSSWALK.csv × 磁盘真值重建；；版本戳按当前文件实际值登记（Mitoxy-80_v1.0/NA）,
,Figure_S11A.csv,01_FIGURE_DATA_CSV/Supplementary,figure_data,canonical,none,Mitoxy-80_v1.0,NA,8.0,1744,3f7090f84dd1e797cf57458803a0911a23dbdfde9ff514250cf11c02f1de2800,ms_panel=S13A（Figure_S13）；,v2.0 重建（2026-08-21，v1.0 基底 + 磁盘扫描补登）；2026-09-05 CDD重排图号迁移：原 Figure_S7A.csv（数值零改动，sha256不变）；2026-09-05 二次重排：原 Figure_S6A.csv（首引顺序升序化，数值零改动） | 2026-09-21 v2.1 figure_data 段重登记：以 00_对照表/FIGURE_CROSSWALK.csv × 磁盘真值重建；；版本戳按当前文件实际值登记（Mitoxy-80_v1.0/NA）,
,Figure_S11B.csv,01_FIGURE_DATA_CSV/Supplementary,figure_data,canonical,none,Mitoxy-80_v1.0,NA,65.0,4566,a2f8d07ac95bfd0d8c9d7568ad54af479ec6da9be65dd4ea91030b1d55f3691f,ms_panel=S13B（Figure_S13）；,v2.0 重建（2026-08-21，v1.0 基底 + 磁盘扫描补登）；2026-09-05 CDD重排图号迁移：原 Figure_S7B.csv（数值零改动，sha256不变）；2026-09-05 二次重排：原 Figure_S6B.csv（首引顺序升序化，数值零改动） | 2026-09-21 v2.1 figure_data 段重登记：以 00_对照表/FIGURE_CROSSWALK.csv × 磁盘真值重建；；版本戳按当前文件实际值登记（Mitoxy-80_v1.0/NA）,
,Figure_S11C.csv,01_FIGURE_DATA_CSV/Supplementary,figure_data,canonical,none,Mitoxy-80_v1.0,NA,5.0,1902,45466b5d0fcc1bc07d077b521a6a79a235b33baa6f9c5b9f117da8d357e0315d,ms_panel=S13C（Figure_S13）；,v2.0 重建（2026-08-21，v1.0 基底 + 磁盘扫描补登）；2026-09-05 CDD重排图号迁移：原 Figure_S7C.csv（数值零改动，sha256不变）；2026-09-05 二次重排：原 Figure_S6C.csv（首引顺序升序化，数值零改动） | 2026-09-21 v2.1 figure_data 段重登记：以 00_对照表/FIGURE_CROSSWALK.csv × 磁盘真值重建；；版本戳按当前文件实际值登记（Mitoxy-80_v1.0/NA）,
,Figure_S11D.csv,01_FIGURE_DATA_CSV/Supplementary,figure_data,canonical,none,NA,NA,9.0,836,5fbc9ad3027ae852972df1acfae0c3afc4b27b69902218d8b1156c576c0138f6,ms_panel=S13D（Figure_S13）；,v2.0 重建（2026-08-21，v1.0 基底 + 磁盘扫描补登）；2026-09-05 CDD重排图号迁移：原 Figure_S7D.csv（数值零改动，sha256不变）；2026-09-05 二次重排：原 Figure_S6D.csv（首引顺序升序化，数值零改动） | 2026-09-21 v2.1 figure_data 段重登记：以 00_对照表/FIGURE_CROSSWALK.csv × 磁盘真值重建；；版本戳按当前文件实际值登记（NA/NA）,
,Figure_S11E.csv,01_FIGURE_DATA_CSV/Supplementary,figure_data,canonical,none,NA,NA,144.0,25721,e5d6ed72bd2a5631243b3acd5ae0c8d33c5919e704f55546eb3002a644c5aac9,ms_panel=S13E（Figure_S13）；,v2.0 重建（2026-08-21，v1.0 基底 + 磁盘扫描补登）；2026-09-05 CDD重排图号迁移：原 Figure_S7E.csv（数值零改动，sha256不变）；2026-09-05 二次重排：原 Figure_S6E.csv（首引顺序升序化，数值零改动） | 2026-09-21 v2.1 figure_data 段重登记：以 00_对照表/FIGURE_CROSSWALK.csv × 磁盘真值重建；；版本戳按当前文件实际值登记（NA/NA）,
,Figure_S3A.csv,01_FIGURE_DATA_CSV/Supplementary,figure_data,canonical,none,Mitoxy-80_v1.0,NA,3000.0,292578,95059871b7847385a5ac5f38b5cb61ce3a7692117cc88d528f09fe03b3a26991,ms_panel=S4A（Figure_S4）；,v2.0 重建（2026-08-21，v1.0 基底 + 磁盘扫描补登）；2026-09-05 CDD重排图号迁移：原 Figure_S8A.csv（数值零改动，sha256不变）；2026-09-05 二次重排：原 Figure_S7A.csv（首引顺序升序化，数值零改动） | 2026-09-21 v2.1 figure_data 段重登记：以 00_对照表/FIGURE_CROSSWALK.csv × 磁盘真值重建；；版本戳按当前文件实际值登记（Mitoxy-80_v1.0/NA）,
,Figure_S3B.csv,01_FIGURE_DATA_CSV/Supplementary,figure_data,canonical,none,NA,NA,1238.0,94197,d92b02fca50be4cdbab1fc408d0aac3445506fa21484ad64994fa14609d064ca,ms_panel=S4B（Figure_S4）；,v2.0 重建（2026-08-21，v1.0 基底 + 磁盘扫描补登）；2026-09-05 CDD重排图号迁移：原 Figure_S8B.csv（数值零改动，sha256不变）；2026-09-05 二次重排：原 Figure_S7B.csv（首引顺序升序化，数值零改动） | 2026-09-21 v2.1 figure_data 段重登记：以 00_对照表/FIGURE_CROSSWALK.csv × 磁盘真值重建；；版本戳按当前文件实际值登记（NA/NA）,
,Figure_S3C.csv,01_FIGURE_DATA_CSV/Supplementary,figure_data,canonical,none,NA,NA,320.0,111066,37a217a3951f0138fcafcbad4c7ea65f788d96cbced20f25882b6de67e9873c7,ms_panel=S4C（Figure_S4）；,v2.0 重建（2026-08-21，v1.0 基底 + 磁盘扫描补登）；2026-09-05 CDD重排图号迁移：原 Figure_S8C.csv（数值零改动，sha256不变）；2026-09-05 二次重排：原 Figure_S7C.csv（首引顺序升序化，数值零改动） | 2026-09-21 v2.1 figure_data 段重登记：以 00_对照表/FIGURE_CROSSWALK.csv × 磁盘真值重建；；版本戳按当前文件实际值登记（NA/NA）,
,Figure_S3D.csv,01_FIGURE_DATA_CSV/Supplementary,figure_data,canonical,none,Mitoxy-80_v1.0,NA,72.0,4205,485816c30cdd9fe8fe3178a87ddaa4852c585723cca6ce9a48df34e796733d27,ms_panel=S4D（Figure_S4）；,v2.0 重建（2026-08-21，v1.0 基底 + 磁盘扫描补登）；2026-09-05 CDD重排图号迁移：原 Figure_S8D.csv（数值零改动，sha256不变）；2026-09-05 二次重排：原 Figure_S7D.csv（首引顺序升序化，数值零改动） | 2026-09-21 v2.1 figure_data 段重登记：以 00_对照表/FIGURE_CROSSWALK.csv × 磁盘真值重建；；版本戳按当前文件实际值登记（Mitoxy-80_v1.0/NA）,
,Figure_S3E.csv,01_FIGURE_DATA_CSV/Supplementary,figure_data,canonical,none,NA,NA,360.0,90621,b62fa068b48ba0248d4ea059bcd45198b3f3da4b3d91877c10fe641b8914ae66,ms_panel=S4E（Figure_S4）；,v2.0 重建（2026-08-21，v1.0 基底 + 磁盘扫描补登）；2026-09-05 CDD重排图号迁移：原 Figure_S8E.csv（数值零改动，sha256不变）；2026-09-05 二次重排：原 Figure_S7E.csv（首引顺序升序化，数值零改动） | 2026-09-21 v2.1 figure_data 段重登记：以 00_对照表/FIGURE_CROSSWALK.csv × 磁盘真值重建；；版本戳按当前文件实际值登记（NA/NA）,
,Figure_S3F.csv,01_FIGURE_DATA_CSV/Supplementary,figure_data,canonical,none,NA,NA,19.0,2026,6811318cf9d9570f9f1f83a9bbeb3612e23a419a5129d697861d156c740327ef,ms_panel=S4F（Figure_S4）；,v2.0 重建（2026-08-21，v1.0 基底 + 磁盘扫描补登）；2026-09-05 CDD重排图号迁移：原 Figure_S8F.csv（数值零改动，sha256不变）；2026-09-05 二次重排：原 Figure_S7F.csv（首引顺序升序化，数值零改动） | 2026-09-21 v2.1 figure_data 段重登记：以 00_对照表/FIGURE_CROSSWALK.csv × 磁盘真值重建；；版本戳按当前文件实际值登记（NA/NA）,
,Figure_S3G.csv,01_FIGURE_DATA_CSV/Supplementary,figure_data,canonical,none,Mitoxy-80_v1.0,NA,392.0,88803,d058a079bf24c614c71864f89a0c956f45bb80454ff16f154c36881a8478c108,ms_panel=S4G（Figure_S4）；,v2.0 重建（2026-08-21，v1.0 基底 + 磁盘扫描补登）；2026-09-05 CDD重排图号迁移：原 Figure_S8G.csv（数值零改动，sha256不变）；2026-09-05 二次重排：原 Figure_S7G.csv（首引顺序升序化，数值零改动） | 2026-09-21 v2.1 figure_data 段重登记：以 00_对照表/FIGURE_CROSSWALK.csv × 磁盘真值重建；；版本戳按当前文件实际值登记（Mitoxy-80_v1.0/NA）,
,Figure_5A.csv,01_FIGURE_DATA_CSV/Main,figure_data,canonical,none,Mitoxy-80_v1.0,mdi_v1.0,81.0,12565,ade5c9ddecfdcc5b4c7a0921bb433f7138a3713d0b666abd032c63f33690bddf,ms_panel=4A（Figure_4）；六队列4888样本UCS/EIS/MDI逐组分布统计(n/mean/sd/median/q25/q75),2026-08-21 登记 | 2026-09-21 v2.1 figure_data 段重登记：以 00_对照表/FIGURE_CROSSWALK.csv × 磁盘真值重建；；版本戳按当前文件实际值登记（Mitoxy-80_v1.0/mdi_v1.0）,
,Figure_S10A.csv,01_FIGURE_DATA_CSV/Supplementary,figure_data,canonical,none,Mitoxy-80_v1.0,NA,19.0,1139,2115f1582b7eec35a7f8f67250c756e0defd9974390e82648444016bbe0b00a5,ms_panel=S12A（Figure_S12）；,2026-08-21 登记 | 2026-09-21 v2.1 figure_data 段重登记：以 00_对照表/FIGURE_CROSSWALK.csv × 磁盘真值重建；；版本戳按当前文件实际值登记（Mitoxy-80_v1.0/NA）,
,Figure_S10B.csv,01_FIGURE_DATA_CSV/Supplementary,figure_data,canonical,none,Mitoxy-80_v1.0,NA,23.0,5044,aa2972e56ab509efd35fba377242d91b7eb0d077f8906c090f4950e8efe966b7,ms_panel=S12B（Figure_S12）；,2026-08-21 登记；2026-09-21 m5：首列由空列名改为具名（sample_id/cell_type/rank），sha256 重算 | 2026-09-21 v2.1 figure_data 段重登记：以 00_对照表/FIGURE_CROSSWALK.csv × 磁盘真值重建；；版本戳按当前文件实际值登记（Mitoxy-80_v1.0/NA）,
,Figure_5B.csv,01_FIGURE_DATA_CSV/Main,figure_data,canonical,none,Mitoxy-80_v1.0,mdi_v1.0,15.0,2810,d2b33638619d801fb70dd3a7557a9956d901004900136b54d191cb5201b90a23,ms_panel=4B（Figure_4）；跨队列meta森林图数据(MDI合并g=+1.85 p=0.005;UCS g=-0.96;EIS g=+0.85),2026-08-21 登记 | 2026-09-21 v2.1 figure_data 段重登记：以 00_对照表/FIGURE_CROSSWALK.csv × 磁盘真值重建；；版本戳按当前文件实际值登记（Mitoxy-80_v1.0/mdi_v1.0）,
,Figure_5C.csv,01_FIGURE_DATA_CSV/Main,figure_data,canonical,none,Mitoxy-80_v1.0,mdi_v1.0,13.0,2125,1727f0038eec4564d42eb9f99bd67c249721008465a3792e48f6716683339308,ms_panel=4C（Figure_4）；结局关联(脓毒症28天OR=1.063 p=0.218;Cox HR=0.933;CAP OR=1.030 p=0.918;四分位Q4 OR=1.40 p=0.016),2026-08-21 登记 | 2026-09-21 v2.1 figure_data 段重登记：以 00_对照表/FIGURE_CROSSWALK.csv × 磁盘真值重建；；版本戳按当前文件实际值登记（Mitoxy-80_v1.0/mdi_v1.0）,
,Figure_5D.csv,01_FIGURE_DATA_CSV/Main,figure_data,canonical,none,Mitoxy-80_v1.0,mdi_v1.0,5.0,339,57799596615b6193a0baa24d1bde005ae7b7000ec881ddc355f5b452f8cdf500,ms_panel=4D（Figure_4）；增量价值(基线AUC 0.6370→+MDI 0.6371;ΔAUC=+0.0001;IDI<0.001;NRI=-0.007), | 2026-09-21 v2.1 figure_data 段重登记：以 00_对照表/FIGURE_CROSSWALK.csv × 磁盘真值重建；；版本戳按当前文件实际值登记（Mitoxy-80_v1.0/mdi_v1.0）,
,Figure_5E.csv,01_FIGURE_DATA_CSV/Main,figure_data,canonical,none,Mitoxy-80_v1.0,mdi_v1.0,24.0,3083,586273dc8f90f4ba1ad7ff2cfd197cb696d9330d24987213c0b2d1c9faf2fdd5,ms_panel=4E（Figure_4）；UCS/EIS四象限内型(分布/IGP 0.81-0.96/结局梯度),2026-08-27 收口批次补登（前瞻注册 osf.io/3y2rb；S76–S82 为第二次独立注册批次） | 2026-09-21 v2.1 figure_data 段重登记：以 00_对照表/FIGURE_CROSSWALK.csv × 磁盘真值重建；；版本戳按当前文件实际值登记（Mitoxy-80_v1.0/mdi_v1.0）,
,Figure_5F.csv,01_FIGURE_DATA_CSV/Main,figure_data,canonical,none,Mitoxy-80_v1.0,m4px_v1.0,80.0,11728,0e605c628f4ebdd694cbae8d262c4ef2abaeef319808dc78a56ba84924ac49d2,ms_panel=4F（Figure_4）；蛋白-转录双口径方向一致(全血33%/BALF 49%;上游臂蛋白反向升高),2026-08-27 收口批次补登（前瞻注册 osf.io/3y2rb；S76–S82 为第二次独立注册批次） | 2026-09-21 v2.1 figure_data 段重登记：以 00_对照表/FIGURE_CROSSWALK.csv × 磁盘真值重建；；版本戳按当前文件实际值登记（Mitoxy-80_v1.0/m4px_v1.0）,
,Figure_5G.csv,01_FIGURE_DATA_CSV/Main,figure_data,canonical,none,Mitoxy-80_v1.0,m4px_v1.0,22.0,2524,ea05a457fa25dcea3632b8baa217718b76551106c098496540caed5dc16c19b6,"ms_panel=4G（Figure_4）；尸检肺铁轴蛋白定量(TFRC/HMOX1/FTH1/FTL/SLC40A1/SLC25A28↑,NQO1↓)",2026-08-27 收口批次补登（前瞻注册 osf.io/3y2rb；S76–S82 为第二次独立注册批次） | 2026-09-21 v2.1 figure_data 段重登记：以 00_对照表/FIGURE_CROSSWALK.csv × 磁盘真值重建；；版本戳按当前文件实际值登记（Mitoxy-80_v1.0/m4px_v1.0）,
,Figure_5H.csv,01_FIGURE_DATA_CSV/Main,figure_data,canonical,none,Mitoxy-80_v1.0,m4lipid_v1.0,11.0,1748,f1d56a7f28aae71608856368f93fb456acd85849b28e08df6dcecb8a5608680a,ms_panel=4H（Figure_4）；血清脂质类别占比 SEVERE vs MILD(无显著类别;CE名义p=0.043),2026-08-27 收口批次补登（前瞻注册 osf.io/3y2rb；S76–S82 为第二次独立注册批次） | 2026-09-21 v2.1 figure_data 段重登记：以 00_对照表/FIGURE_CROSSWALK.csv × 磁盘真值重建；；版本戳按当前文件实际值登记（Mitoxy-80_v1.0/m4lipid_v1.0）,
,Figure_S10D.csv,01_FIGURE_DATA_CSV/Supplementary,figure_data,canonical,none,Mitoxy-80_v1.0,NA,35.0,7266,ac1d9d35acb05d23b79187da76aa78cdc607dff824c112675f8db81db24d4df6,ms_panel=S12D（Figure_S12）；,2026-08-27 收口批次补登（前瞻注册 osf.io/3y2rb；S76–S82 为第二次独立注册批次） | 2026-09-21 v2.1 figure_data 段重登记：以 00_对照表/FIGURE_CROSSWALK.csv × 磁盘真值重建；；版本戳按当前文件实际值登记（Mitoxy-80_v1.0/NA）,
,Figure_5I.csv,01_FIGURE_DATA_CSV/Main,figure_data,canonical,none,Mitoxy-80_v1.0,m4gem_v1.1,38.0,4295,97a665ab40983213ce4cf1260ab780713e30738327dd258b430ceeb67009e742,ms_panel=4I（Figure_4）；GEM容量组间比较(38反应无一BH<0.05;铁失衡p=0.34),2026-08-27 收口批次补登（前瞻注册 osf.io/3y2rb；S76–S82 为第二次独立注册批次） | 2026-09-21 v2.1 figure_data 段重登记：以 00_对照表/FIGURE_CROSSWALK.csv × 磁盘真值重建；；版本戳按当前文件实际值登记（Mitoxy-80_v1.0/m4gem_v1.1）,
,Figure_S10C.csv,01_FIGURE_DATA_CSV/Supplementary,figure_data,canonical,none,Mitoxy-80_v1.0,NA,19.0,4934,41683b3efa0bf7677f1972e9f8f51a64875f4c39698e62fd217b59be54ebe2a4,ms_panel=S12C（Figure_S12）；,2026-08-27 收口批次补登（前瞻注册 osf.io/3y2rb；S76–S82 为第二次独立注册批次） | 2026-09-21 v2.1 figure_data 段重登记：以 00_对照表/FIGURE_CROSSWALK.csv × 磁盘真值重建；；版本戳按当前文件实际值登记（Mitoxy-80_v1.0/NA）,
,Figure_6A.csv,01_FIGURE_DATA_CSV/Main,figure_data,canonical,none,Mitoxy-80_v1.0,mdi_v1.0,4.0,1093,f488bea5f32d7e5152884f936e7cc72e901f341cc1a94198b75c3afe4c5dd074,ms_panel=5A（Figure_5）；来源互斥meta k=16数据集层森林图数据(REML+Hartung-Knapp:UCS g=−0.94/EIS g=+1.02/MDI g=+1.50/MDI_nomt g=+1.49;LOSO全部方向稳定),2026-08-27 收口批次补登（前瞻注册 osf.io/3y2rb；S76–S82 为第二次独立注册批次） | 2026-09-21 v2.1 figure_data 段重登记：以 00_对照表/FIGURE_CROSSWALK.csv × 磁盘真值重建；；版本戳按当前文件实际值登记（Mitoxy-80_v1.0/mdi_v1.0）,
,Figure_6B.csv,01_FIGURE_DATA_CSV/Main,figure_data,canonical,none,Mitoxy-80_v1.0,score_genes_v1_spatial,18.0,1874,8d94f9ffafcb1ae34723a06a160d154a90b5fa65b2c6138004bd21021831437f,ms_panel=S10A（Figure_S10）；CosMx患者级统计(18 Case逐患者炎症小体模块Moran's I与置换p;Case均值+0.0228;Wilcoxon符号秩p=5.3e-5),2026-08-27 收口批次补登（前瞻注册 osf.io/3y2rb；S76–S82 为第二次独立注册批次） | 2026-09-21 v2.1 figure_data 段重登记：以 00_对照表/FIGURE_CROSSWALK.csv × 磁盘真值重建；；版本戳按当前文件实际值登记（Mitoxy-80_v1.0/score_genes_v1_spatial）,
,Figure_6C.csv,01_FIGURE_DATA_CSV/Main,figure_data,canonical,none,Mitoxy-80_v1.0,score_genes_v1_spatial,8.0,597,dd619c39c79320e9b37fc04e22d2a3b1047a6b14dbceb1f6cb1f4098bb5582c1,ms_panel=S10B（Figure_S10）；CosMx患者阻断置换汇总(每Case内打乱999次;患者级p<0.002=2/(999+1),2026-08-27 收口批次补登（前瞻注册 osf.io/3y2rb；S76–S82 为第二次独立注册批次） | 2026-09-21 v2.1 figure_data 段重登记：以 00_对照表/FIGURE_CROSSWALK.csv × 磁盘真值重建；；版本戳按当前文件实际值登记（Mitoxy-80_v1.0/score_genes_v1_spatial）,
,Figure_6D.csv,01_FIGURE_DATA_CSV/Main,figure_data,canonical,none,NA,p1_iiamd_v1.0,18.0,2394,2f4aa3f5bcc263edae4a282a91e9c3e61c0b533abee558a88da9149fd3412503,ms_panel=5B（Figure_5）；实验锚定签名IIAMD v1.0稳定性(LORO 12次方向保持100%;FDR保持93.0-95.6%→STABLE)与随机匹配基因集检验(500次三项统计量单侧p=0.002),2026-08-27 收口批次补登（前瞻注册 osf.io/3y2rb；S76–S82 为第二次独立注册批次） | 2026-09-21 v2.1 figure_data 段重登记：以 00_对照表/FIGURE_CROSSWALK.csv × 磁盘真值重建；；版本戳按当前文件实际值登记（NA/p1_iiamd_v1.0）,
,Figure_6E.csv,01_FIGURE_DATA_CSV/Main,figure_data,canonical,none,NA,p2panels_v1.0,20.0,4288,3b4124903e35f123455895b6703b90b4cb21f9b08a8ac9c559cdb29984a40a63,ms_panel=5C（Figure_5）；人类迁移头对头bulk两层(GSE32707真ARDS:IIAMD_up g=−0.65未调整q=0.123/髓系组成调整OLS p=0.0128;GSE185263发现层g=−1.98调整后p=0.499),2026-08-27 收口批次补登（前瞻注册 osf.io/3y2rb；S76–S82 为第二次独立注册批次）；2026-09-05 CDD重排图号迁移：原 Figure_9A.csv（数值零改动，sha256不变） | 2026-09-21 v2.1 figure_data 段重登记：以 00_对照表/FIGURE_CROSSWALK.csv × 磁盘真值重建；；版本戳按当前文件实际值登记（NA/p2panels_v1.0）,
,Figure_6F.csv,01_FIGURE_DATA_CSV/Main,figure_data,canonical,none,NA,p2panels_v1.0,21.0,2637,bc4fc40eb83d69a7cefef6c162ff7ef1eebad61abaf6352cebeb98dc0187984d,ms_panel=5D（Figure_5）；scRNA供者级定位(7合格细胞类型×3评分全部q≥0.235;无髓系定位),2026-08-27 收口批次补登（前瞻注册 osf.io/3y2rb；S76–S82 为第二次独立注册批次）；2026-09-05 CDD重排图号迁移：原 Figure_9B.csv（数值零改动，sha256不变） | 2026-09-21 v2.1 figure_data 段重登记：以 00_对照表/FIGURE_CROSSWALK.csv × 磁盘真值重建；；版本戳按当前文件实际值登记（NA/p2panels_v1.0）,
,Figure_7A.csv,01_FIGURE_DATA_CSV/Main,figure_data,canonical,none,NA,NA,72.0,6447,625bc62206f5e8ce24ddcc7c70d4860ecb18f190880a3a4cd35adc72fa84809e,ms_panel=5E（Figure_5）；检验A 组成预测逐队列 R²（Monaco|NNLS 主口径+四套口径）,M15 工具封装+采纳演示批次补登（2026-08-27；工具回归 11 队列、演示 GSE157103/GSE66099 经 GEO 官方核验）；2026-09-05 CDD重排图号迁移：原 Figure_10A.csv（数值零改动，sha256不变） | 2026-09-21 v2.1 figure_data 段重登记：以 00_对照表/FIGURE_CROSSWALK.csv × 磁盘真值重建；；版本戳按当前文件实际值登记（NA/NA）,
,Figure_7B.csv,01_FIGURE_DATA_CSV/Main,figure_data,canonical,none,NA,NA,16.0,1922,69a9a7a8b2a0787af74bb1b2ea992134b8244a363fcb51d7f6c653a315759015,ms_panel=5F（Figure_5）；残差 MDI k=16 层效应+合并（观测锚点 g=+1.504 vs 残差 g=+0.588）,M15 工具封装+采纳演示批次补登（2026-08-27；工具回归 11 队列、演示 GSE157103/GSE66099 经 GEO 官方核验）；2026-09-05 CDD重排图号迁移：原 Figure_10B.csv（数值零改动，sha256不变） | 2026-09-21 v2.1 figure_data 段重登记：以 00_对照表/FIGURE_CROSSWALK.csv × 磁盘真值重建；；版本戳按当前文件实际值登记（NA/NA）,
,Figure_7C.csv,01_FIGURE_DATA_CSV/Main,figure_data,canonical,none,NA,NA,7.0,550,57628f6b4329676d84a7660c5403563ca9c23febcfb5838ddf884a4845887e44,ms_panel=5G（Figure_5）；检验B 髓系 UCS 层效应（4 队列单核/巨噬+中性粒对照）+合并,M15 工具封装+采纳演示批次补登（2026-08-27；工具回归 11 队列、演示 GSE157103/GSE66099 经 GEO 官方核验）；2026-09-05 CDD重排图号迁移：原 Figure_10C.csv（数值零改动，sha256不变） | 2026-09-21 v2.1 figure_data 段重登记：以 00_对照表/FIGURE_CROSSWALK.csv × 磁盘真值重建；；版本戳按当前文件实际值登记（NA/NA）,
,Figure_7D.csv,01_FIGURE_DATA_CSV/Main,analysis_output,canonical,mitoxy_80+mech,NA,NA,249.0,41902,684e74e50c522a84cc6ceabe65b1cb2997ecf48ab3a3174efe3fd9aeeeb3dafc,ms_panel=5H（Figure_5）；249 签名混淆度目录（g ~ 执行臂占比/髓系基因占比）,2026-08-31 M16 力学边界模块登记；2026-09-05 CDD重排图号迁移：原 Figure_11A.csv（数值零改动，sha256不变） | 2026-09-21 v2.1 figure_data 段重登记：以 00_对照表/FIGURE_CROSSWALK.csv × 磁盘真值重建；；版本戳按当前文件实际值登记（NA/NA）,
,Figure_7E.csv,01_FIGURE_DATA_CSV/Main,analysis_output,canonical,mitoxy_80+mech,NA,NA,90.0,14381,4df0d75b9ac8d420b1a14a0487c70a5b116b6752d31d3b7cb996cd796d45d85a,ms_panel=S10D（Figure_S10）；IIAMD core Gate 2 三层头对头（GSE32707/GSE185263/scRNA 供者级）,2026-08-31 M16 力学边界模块登记；2026-09-05 CDD重排图号迁移：原 Figure_11B.csv（数值零改动，sha256不变） | 2026-09-21 v2.1 figure_data 段重登记：以 00_对照表/FIGURE_CROSSWALK.csv × 磁盘真值重建；；版本戳按当前文件实际值登记（NA/NA）,
,Figure_7F.csv,01_FIGURE_DATA_CSV/Main,analysis_output,canonical,mitoxy_80+mech,NA,NA,6.0,1442,769ec8aeddac3a851afa247b1130b1cde7607ebd4c5034abcd67c71485e7fed3,"ms_panel=5I（Figure_5）；Torin 方向逆转率 vs baseMean 匹配零分布（B=2,000）",2026-08-31 M16 力学边界模块登记；2026-09-05 CDD重排图号迁移：原 Figure_11C.csv（数值零改动，sha256不变） | 2026-09-21 v2.1 figure_data 段重登记：以 00_对照表/FIGURE_CROSSWALK.csv × 磁盘真值重建；；版本戳按当前文件实际值登记（NA/NA）,
,Figure_S2E_fit_stats.csv,01_FIGURE_DATA_CSV/Supplementary,figure_data,canonical,none,NA,NA,4.0,859,ae4fc7b984aa9bf48c1a3dc149dcd4ce1e5fea4e05da98ac72e80238124d71fd,M2/M3/M4/P0-P2 与 2026-08-21 治理批次（v2.0 重建登记）,2026-09-21 m5：由 Figure_S2E.csv 表尾拆出的 3 行聚合统计（P_value / Pearson_r / RMSE），数值零改动；列义沿用上游源表 | 2026-09-21 v2.1 figure_data 段重登记：以 00_对照表/FIGURE_CROSSWALK.csv × 磁盘真值重建；；版本戳按当前文件实际值登记（NA/NA）,
,Figure_5J.csv,01_FIGURE_DATA_CSV/Main,figure_data,canonical,none,Mitoxy-80_v1.0,m4hpa_v1.1_human,80.0,16704,e80385581df82e46e5c6d4b18942716534a8d008d8e18bcc122c6dab1788f715,ms_panel=4J（Figure_4）；80基因UniProt人源(organism_id:9606)亚细胞定位核验(上游臂26/30具线粒体/ER注释vs执行臂13/33;例外MTF1/NADK/NCOA4/SLC7A11),v2.0 重建（2026-08-21，v1.0 基底 + 磁盘扫描补登）；2026-09-05 CDD重排图号迁移：原 Figure_5E.csv（数值零改动，sha256不变）；2026-09-20 M2 修复：UniProt 查询补 organism_id:9606（HPA 人源口径），并由 M4_HPA_localization_check.py 重新生成；上游臂 27/30→26/30；旧值 27/30 系 80 行中 32 行取到非人源 accession 所致 | 2026-09-21 v2.1 figure_data 段重登记：以 00_对照表/FIGURE_CROSSWALK.csv × 磁盘真值重建；；版本戳按当前文件实际值登记（Mitoxy-80_v1.0/m4hpa_v1.1_human）；原登记名 Figure_4J.csv（正文图号）→ 磁盘实际名 Figure_5J.csv,
,Figure_S3H.csv,01_FIGURE_DATA_CSV/Supplementary,figure_data,canonical,none,Mitoxy-80_v1.0,NA,300.0,23867,18670f55572396651161681f2ede6e47b61d36a485755a6ddd2150017f0f1342,ms_panel=S4H（Figure_S4）；,v2.0 重建（2026-08-21，v1.0 基底 + 磁盘扫描补登）；2026-09-05 CDD重排图号迁移：原 Figure_S3B.csv（数值零改动，sha256不变）；2026-09-05 二次重排：原 Figure_S2H.csv（首引顺序升序化，数值零改动） | 2026-09-21 v2.1 figure_data 段重登记：以 00_对照表/FIGURE_CROSSWALK.csv × 磁盘真值重建；；版本戳按当前文件实际值登记（Mitoxy-80_v1.0/NA）；原登记名 Figure_S4H.csv（正文图号）→ 磁盘实际名 Figure_S3H.csv,
,Figure_S3I.csv,01_FIGURE_DATA_CSV/Supplementary,figure_data,canonical,none,Mitoxy-80_v1.0,NA,50.0,3813,3b08b5aa2c2c1c7cb5a9a3f7a993c5a63c862c938ce4a17ad31c369695f4b047,ms_panel=S4I（Figure_S4）；,v2.0 重建（2026-08-21，v1.0 基底 + 磁盘扫描补登）；2026-09-05 CDD重排图号迁移：原 Figure_S3C.csv（数值零改动，sha256不变）；2026-09-05 二次重排：原 Figure_S2I.csv（首引顺序升序化，数值零改动） | 2026-09-21 v2.1 figure_data 段重登记：以 00_对照表/FIGURE_CROSSWALK.csv × 磁盘真值重建；；版本戳按当前文件实际值登记（Mitoxy-80_v1.0/NA）；原登记名 Figure_S4I.csv（正文图号）→ 磁盘实际名 Figure_S3I.csv,
,Figure_S3J.csv,01_FIGURE_DATA_CSV/Supplementary,figure_data,canonical,none,Mitoxy-80_v1.0,NA,10.0,1545,1b1a74299065b2208eb1be547b76d4ad1a41f04c7b2326074ea5ac9693dbaa8d,ms_panel=S4J（Figure_S4）；,v2.0 重建（2026-08-21，v1.0 基底 + 磁盘扫描补登）；2026-09-05 CDD重排图号迁移：原 Figure_S3D.csv（数值零改动，sha256不变）；2026-09-05 二次重排：原 Figure_S2J.csv（首引顺序升序化，数值零改动） | 2026-09-21 v2.1 figure_data 段重登记：以 00_对照表/FIGURE_CROSSWALK.csv × 磁盘真值重建；；版本戳按当前文件实际值登记（Mitoxy-80_v1.0/NA）；原登记名 Figure_S4J.csv（正文图号）→ 磁盘实际名 Figure_S3J.csv,
,Figure_S12F.csv,01_FIGURE_DATA_CSV/Supplementary,figure_data,canonical,none,Mitoxy-80_v1.0,NA,56.0,8011,e44623eeace0795c9f8b0e40020c880ad6d9adc6283d9afd313dd177d91b54a9,ms_panel=S14F（Figure_S14）；,v2.0 重建（2026-08-21，v1.0 基底 + 磁盘扫描补登）；2026-09-05 CDD重排图号迁移：原 Figure_S4F.csv（数值零改动，sha256不变）；2026-09-05 二次重排：原 Figure_S3F.csv（首引顺序升序化，数值零改动） | 2026-09-21 v2.1 figure_data 段重登记：以 00_对照表/FIGURE_CROSSWALK.csv × 磁盘真值重建；；版本戳按当前文件实际值登记（Mitoxy-80_v1.0/NA）；原登记名 Figure_S14F.csv（正文图号）→ 磁盘实际名 Figure_S12F.csv,
,Figure_S12G.csv,01_FIGURE_DATA_CSV/Supplementary,figure_data,canonical,none,Mitoxy-80_v1.0,NA,31.0,3453,845296cc50579079be8603c22e7fc741716097bf66594b1424663a0430fa5081,ms_panel=S14G（Figure_S14）；,v2.0 重建（2026-08-21，v1.0 基底 + 磁盘扫描补登）；2026-09-05 CDD重排图号迁移：原 Figure_S4G.csv（数值零改动，sha256不变）；2026-09-05 二次重排：原 Figure_S3G.csv（首引顺序升序化，数值零改动） | 2026-09-21 v2.1 figure_data 段重登记：以 00_对照表/FIGURE_CROSSWALK.csv × 磁盘真值重建；；版本戳按当前文件实际值登记（Mitoxy-80_v1.0/NA）；原登记名 Figure_S14G.csv（正文图号）→ 磁盘实际名 Figure_S12G.csv,
,Figure_S12H.csv,01_FIGURE_DATA_CSV/Supplementary,figure_data,canonical,none,Mitoxy-80_v1.0,NA,38.0,2694,b49e223b438a10e9b748da48d7737d7d4cbe1b0c0f0e1598b1ec085b2a3d8f49,ms_panel=S14H（Figure_S14）；,v2.0 重建（2026-08-21，v1.0 基底 + 磁盘扫描补登）；2026-09-05 CDD重排图号迁移：原 Figure_S4H.csv（数值零改动，sha256不变）；2026-09-05 二次重排：原 Figure_S3H.csv（首引顺序升序化，数值零改动） | 2026-09-21 v2.1 figure_data 段重登记：以 00_对照表/FIGURE_CROSSWALK.csv × 磁盘真值重建；；版本戳按当前文件实际值登记（Mitoxy-80_v1.0/NA）；原登记名 Figure_S14H.csv（正文图号）→ 磁盘实际名 Figure_S12H.csv,
,Figure_S9G.csv,01_FIGURE_DATA_CSV/Supplementary,figure_data,canonical,none,Mitoxy-80_v1.0,NA,9.0,2050,05e1d92b5cb4d082685b1aa1943a47379eef6213efd7ddefd8cd31b4ad122099,ms_panel=S11G（Figure_S11）；,v2.0 重建（2026-08-21，v1.0 基底 + 磁盘扫描补登）；2026-09-05 CDD重排图号迁移：原 Figure_S7G.csv（数值零改动，sha256不变）；2026-09-05 二次重排：原 Figure_S6G.csv（首引顺序升序化，数值零改动） | 2026-09-21 v2.1 figure_data 段重登记：以 00_对照表/FIGURE_CROSSWALK.csv × 磁盘真值重建；；版本戳按当前文件实际值登记（Mitoxy-80_v1.0/NA）；原登记名 Figure_S11G.csv（正文图号）→ 磁盘实际名 Figure_S9G.csv,
,Figure_S9H.csv,01_FIGURE_DATA_CSV/Supplementary,figure_data,canonical,none,Mitoxy-80_v1.0,NA,7.0,742,170622bbf5f5252c698b729e48d7a8da8c2e7e2ba147c11424f3758929396696,ms_panel=S11H（Figure_S11）；,v2.0 重建（2026-08-21，v1.0 基底 + 磁盘扫描补登）；2026-09-05 CDD重排图号迁移：原 Figure_S7H.csv（数值零改动，sha256不变）；2026-09-05 二次重排：原 Figure_S6H.csv（首引顺序升序化，数值零改动） | 2026-09-21 v2.1 figure_data 段重登记：以 00_对照表/FIGURE_CROSSWALK.csv × 磁盘真值重建；；版本戳按当前文件实际值登记（Mitoxy-80_v1.0/NA）；原登记名 Figure_S11H.csv（正文图号）→ 磁盘实际名 Figure_S9H.csv,
,Figure_8G.csv,01_FIGURE_DATA_CSV/Main,figure_data,canonical,none,NA,NA,22.0,3154,c1d0dec842888b398ae735bdbfa83ec3a6d3cd11532beea5345c83f5f69653b4,ms_panel=6G（Figure_6）；GSE148871 NEMI臂复现层：d_obs锚点（−0.489 p=0.0045）vs d_res（+0.031 2026-09-05 首排:Figure_9C→Figure_8G；p=0.707）与归因,2026-08-27 收口批次补登（前瞻注册 osf.io/3y2rb；S76–S82 为第二次独立注册批次）；2026-09-05 CDD重排图号迁移：原 Figure_9C.csv（数值零改动，sha256不变） | 2026-09-21 v2.1 figure_data 段重登记：以 00_对照表/FIGURE_CROSSWALK.csv × 磁盘真值重建；；版本戳按当前文件实际值登记（NA/NA）；原登记名 Figure_6G.csv（正文图号）→ 磁盘实际名 Figure_8G.csv,
,Figure_7G.csv,01_FIGURE_DATA_CSV/Main,figure_data,canonical,none,NA,NA,7.0,1290,0a709d0507a9da4f056404572aae81beeb44acb3b2937e0cb3410f55f8324d89,ms_panel=S10C（Figure_S10）；区室对照（痰/血、TA/PBMC、BALF/PBMC）,2026-09-21 v2.1 figure_data 段重登记：以 00_对照表/FIGURE_CROSSWALK.csv × 磁盘真值重建；；版本戳按当前文件实际值登记（NA/NA）；2026-09-21 新增登记（磁盘在册、此前未登记）,
,Figure_8A.csv,01_FIGURE_DATA_CSV/Main,figure_data,canonical,none,NA,NA,4.0,812,3547031a2733bfede00a0b545eb6300636f9b40ebdbfb7a1b99e027b162837a6,ms_panel=6A（Figure_6）；H1 主检验1逐队列β1_std（基线UCS→随访EIS，患者随机截距混合模型）+REML/HK合并 森林图,2026-09-21 v2.1 figure_data 段重登记：以 00_对照表/FIGURE_CROSSWALK.csv × 磁盘真值重建；；版本戳按当前文件实际值登记（NA/NA）；2026-09-21 新增登记（磁盘在册、此前未登记）,
,Figure_8B.csv,01_FIGURE_DATA_CSV/Main,figure_data,canonical,none,NA,NA,4.0,529,69e0e56d51bf58ff18e8d583c0bfef2b9c7c9290ef30369b8b124be2c85be1a2,ms_panel=6B（Figure_6）；H2 主检验2 RI-CLPM滞后交叉路径β_L（UCS(t−1)→EIS(t)）逐队列+合并 森林图,2026-09-21 v2.1 figure_data 段重登记：以 00_对照表/FIGURE_CROSSWALK.csv × 磁盘真值重建；；版本戳按当前文件实际值登记（NA/NA）；2026-09-21 新增登记（磁盘在册、此前未登记）,
,Figure_8C.csv,01_FIGURE_DATA_CSV/Main,figure_data,canonical,none,NA,NA,8.0,937,36f079c14e5de4da10cd0a5123b1a9743507d1cd541954e2234e4a67167688ff,ms_panel=6C（Figure_6）；零模型（表达量匹配随机集B=10000）与敏感性（GSE212865两波、GSE54514作者中性粒）,2026-09-21 v2.1 figure_data 段重登记：以 00_对照表/FIGURE_CROSSWALK.csv × 磁盘真值重建；；版本戳按当前文件实际值登记（NA/NA）；2026-09-21 新增登记（磁盘在册、此前未登记）,
,Figure_8D.csv,01_FIGURE_DATA_CSV/Main,figure_data,canonical,none,NA,NA,12.0,729,0f901dd54f86cfe365b4fd83e6cfb6a93a2c7ef76daa1860c0b3c364c6e1c136,ms_panel=6D（Figure_6）；LOSO方向一致性（队列内leave-one-subject-out + meta leave-one-cohort-out）,2026-09-21 v2.1 figure_data 段重登记：以 00_对照表/FIGURE_CROSSWALK.csv × 磁盘真值重建；；版本戳按当前文件实际值登记（NA/NA）；2026-09-21 新增登记（磁盘在册、此前未登记）,
,Figure_8E.csv,01_FIGURE_DATA_CSV/Main,figure_data,canonical,none,NA,NA,3.0,386,904b93c043c2fc82410bae57c398edfbcb3c9aea3e4d7b17318b8045664e89ff,ms_panel=6E（Figure_6）；GSE106878 d_res臂间MWU（单侧less）与组内Wilcoxon（单侧）+BH族,2026-09-21 v2.1 figure_data 段重登记：以 00_对照表/FIGURE_CROSSWALK.csv × 磁盘真值重建；；版本戳按当前文件实际值登记（NA/NA）；2026-09-21 新增登记（磁盘在册、此前未登记）,
,Figure_8F.csv,01_FIGURE_DATA_CSV/Main,figure_data,canonical,none,NA,NA,11.0,1279,4068e28ffcaea765493c6eff63c326ef2bdc885dd5f951dd2407ba7e1f3ee955,ms_panel=6F（Figure_6）；强制组成同报（ΔNeut/ΔMono逐臂）+H4描述（ΔMDI_obs vs ΔMDI_comp）,2026-09-21 v2.1 figure_data 段重登记：以 00_对照表/FIGURE_CROSSWALK.csv × 磁盘真值重建；；版本戳按当前文件实际值登记（NA/NA）；2026-09-21 新增登记（磁盘在册、此前未登记）,
,Figure_9A.csv,01_FIGURE_DATA_CSV/Main,figure_data,canonical,none,NA,NA,9.0,1300,2e8e80291ddedb65952de3e9c3d8acae83b064a82e9262664864ffe0840ca488,ms_panel=7A（Figure_7）；应用演示1 GSE157103(COVID全血126例):观测vs组成预测vs残差逐族对比;MDI R2=0.809;观测MDI g=-0.212无疾病升高,2026-09-21 v2.1 figure_data 段重登记：以 00_对照表/FIGURE_CROSSWALK.csv × 磁盘真值重建；；版本戳按当前文件实际值登记（NA/NA）；2026-09-21 新增登记（磁盘在册、此前未登记）,
,Figure_9B.csv,01_FIGURE_DATA_CSV/Main,figure_data,canonical,none,NA,NA,24.0,3853,5dea39d88280cc2cd295a89c494905fcd8cf9b2d3d56ded1dcf103826ae266ef,ms_panel=7B（Figure_7）；应用演示2 GSE66099(儿科276例):脓毒性休克MDI g=+2.172→组成预测+2.395→残差+0.261(88%衰减);R2=0.817;中性粒0.200→0.340,2026-09-21 v2.1 figure_data 段重登记：以 00_对照表/FIGURE_CROSSWALK.csv × 磁盘真值重建；；版本戳按当前文件实际值登记（NA/NA）；2026-09-21 新增登记（磁盘在册、此前未登记）,
,Figure_9C.csv,01_FIGURE_DATA_CSV/Main,figure_data,canonical,none,NA,NA,17.0,587,cb7219393b388e76f6cc7732b6fb86dda6548d7a8860b2ea6f8590a9956503a0,"ms_panel=7C（Figure_7）；mitoxdi 11队列内部回归:254/254族级检查通过,最大|Δ|=3.77e-13(机器精度)",2026-09-21 v2.1 figure_data 段重登记：以 00_对照表/FIGURE_CROSSWALK.csv × 磁盘真值重建；；版本戳按当前文件实际值登记（NA/NA）；2026-09-21 新增登记（磁盘在册、此前未登记）,
,Figure_9D.csv,01_FIGURE_DATA_CSV/Main,figure_data,canonical,none,Mitoxy-80_v1.0,mdi_v1.0+mech_v1.0,20.0,4134,46a9e88bf7a56e9773d68390683c7b70abd5937a2cb9f3279357a40bb5d884f5,ms_panel=7D（Figure_7）；VILI同口径重算:四套小鼠全肺数据集通气vs对照UCS/EIS/MDI/mech的g±推断(BH=16)+REML/HK合并行(UCS g=+0.24反向;判据A阴性),2026-09-21 v2.1 figure_data 段重登记：以 00_对照表/FIGURE_CROSSWALK.csv × 磁盘真值重建；；版本戳按当前文件实际值登记（Mitoxy-80_v1.0/mdi_v1.0+mech_v1.0）；2026-09-21 新增登记（磁盘在册、此前未登记）,
,Figure_9E.csv,01_FIGURE_DATA_CSV/Main,figure_data,canonical,none,Mitoxy-80_v1.0,mdi_v1.0+mech_v1.0,24.0,3902,66d43677923ea84a01a18d11ca49b1d7d65001f7998f55bc480cd51d905c09c2,"ms_panel=7E（Figure_7）；GSE2411 2x2析因:四组评分均值+互作beta3(MDI +0.219,p=0.090未达;mech -0.384,p=0.032)+直接对比(MV+LPS vs LPS EIS g=+1.80,p=0.008;rhPBEF单用MDI g=+14.17)",2026-09-21 v2.1 figure_data 段重登记：以 00_对照表/FIGURE_CROSSWALK.csv × 磁盘真值重建；；版本戳按当前文件实际值登记（Mitoxy-80_v1.0/mdi_v1.0+mech_v1.0）；2026-09-21 新增登记（磁盘在册、此前未登记）,
,Figure_9F.csv,01_FIGURE_DATA_CSV/Main,figure_data,canonical,none,mech_v1.0,mdi_v1.0+mech_v1.0,37.0,9215,8bc4281c4e563776ec33b8876240031d8a45946b888eb5f0fddbbda77e1e98a0,ms_panel=7F（Figure_7）；人体桥接+空间:GSE185263/GSE212865 mech×UCS/EIS/MDI Spearman±组成调整;GSE158055单核供者级;23切片Visium mech×双臂双变量Moran(上游z=+5.27/执行z=-4.43),2026-09-21 v2.1 figure_data 段重登记：以 00_对照表/FIGURE_CROSSWALK.csv × 磁盘真值重建；；版本戳按当前文件实际值登记（mech_v1.0/mdi_v1.0+mech_v1.0）；2026-09-21 新增登记（磁盘在册、此前未登记）,
,Figure_S10E.csv,01_FIGURE_DATA_CSV/Supplementary,figure_data,canonical,none,Mitoxy-80_v1.0,NA,7.0,1932,5ac151d76e1d6a60d472aa23cf33a1de736cf5807610783622d82cf820e91dba,ms_panel=S12E（Figure_S12）；,2026-09-21 v2.1 figure_data 段重登记：以 00_对照表/FIGURE_CROSSWALK.csv × 磁盘真值重建；；版本戳按当前文件实际值登记（Mitoxy-80_v1.0/NA）；2026-09-21 新增登记（磁盘在册、此前未登记）,
,Figure_S2G.csv,01_FIGURE_DATA_CSV/Supplementary,figure_data,canonical,none,NA,NA,21.0,2338,dad7a03699eb93a34a6c7af839b822abb61a29b1e7860670358abe2d5f2dd00b,ms_panel=S3G（Figure_S3）；,2026-09-21 v2.1 figure_data 段重登记：以 00_对照表/FIGURE_CROSSWALK.csv × 磁盘真值重建；；版本戳按当前文件实际值登记（NA/NA）；2026-09-21 新增登记（磁盘在册、此前未登记）,
,Figure_S5F.csv,01_FIGURE_DATA_CSV/Supplementary,figure_data,canonical,none,Mitoxy-80_v1.0,NA,513.0,107307,8d10fb50f66e8359d7ae647f0e4bbcf05093ce1b9b3a7428ef85a387e4b920f3,ms_panel=S6F（Figure_S6）；,2026-09-21 v2.1 figure_data 段重登记：以 00_对照表/FIGURE_CROSSWALK.csv × 磁盘真值重建；；版本戳按当前文件实际值登记（Mitoxy-80_v1.0/NA）；2026-09-21 新增登记（磁盘在册、此前未登记）,
,Figure_S5G.csv,01_FIGURE_DATA_CSV/Supplementary,figure_data,canonical,none,Mitoxy-80_v1.0,NA,96.0,19215,8758e29047c895ae7d6e6ee549dadaaafae70b3a3cbe1f3c295c9fa1dd20a026,ms_panel=S6G（Figure_S6）；,2026-09-21 v2.1 figure_data 段重登记：以 00_对照表/FIGURE_CROSSWALK.csv × 磁盘真值重建；；版本戳按当前文件实际值登记（Mitoxy-80_v1.0/NA）；2026-09-21 新增登记（磁盘在册、此前未登记）,
,Figure_S5H.csv,01_FIGURE_DATA_CSV/Supplementary,figure_data,canonical,none,Mitoxy-80_v1.0,NA,2.0,756,2d1849dfe743ad1fed3fd075a098ab0a1b81f7563c1778ecac92aea666268dbc,ms_panel=S6H（Figure_S6）；,2026-09-21 v2.1 figure_data 段重登记：以 00_对照表/FIGURE_CROSSWALK.csv × 磁盘真值重建；；版本戳按当前文件实际值登记（Mitoxy-80_v1.0/NA）；2026-09-21 新增登记（磁盘在册、此前未登记）,
,Figure_S5I.csv,01_FIGURE_DATA_CSV/Supplementary,figure_data,canonical,none,Mitoxy-80_v1.0,NA,6.0,431,7c0a3303e6d439a09450555078d02d22f9bdb816b77820b15a863019b08c4fd6,ms_panel=S6I（Figure_S6）；,2026-09-21 v2.1 figure_data 段重登记：以 00_对照表/FIGURE_CROSSWALK.csv × 磁盘真值重建；；版本戳按当前文件实际值登记（Mitoxy-80_v1.0/NA）；2026-09-21 新增登记（磁盘在册、此前未登记）,
,Figure_4I.csv,,figure_data,superseded,none,Mitoxy-80_v1.0,m4gem_v1.1,38,4295,97a665ab40983213ce4cf1260ab780713e30738327dd258b430ceeb67009e742,M2/M3/M4/P0-P2 与 2026-08-21 治理批次新增文件（v2.0 重建登记）,v2.0 重建（2026-08-21，v1.0 基底 + 磁盘扫描补登）；2026-09-05 CDD重排图号迁移：原 Figure_5D.csv（数值零改动，sha256不变） | 2026-09-21 v2.1 figure_data 段重登记：以 00_对照表/FIGURE_CROSSWALK.csv × 磁盘真值重建；本行原以正文图号登记（Figure_4I.csv），对应磁盘文件 Figure_5I.csv 已由同名行登记 → 本行转为 superseded 仅作历史留痕（lint 不再校验）。,
,Figure_2G.csv,,figure_data,superseded,none,Mitoxy-80_v1.0,NA,80,13053,b2c753532b2cbdf433621565c7398f49313b9ae04a342231345d2935ec6c3183,M2/M3/M4/P0-P2 与 2026-08-21 治理批次新增文件（v2.0 重建登记）,v2.0 重建（2026-08-21，v1.0 基底 + 磁盘扫描补登）；2026-09-05 CDD重排图号迁移：原 Figure_2K.csv（数值零改动，sha256不变） | 2026-09-21 v2.1 figure_data 段重登记：以 00_对照表/FIGURE_CROSSWALK.csv × 磁盘真值重建；本行原以正文图号登记（Figure_2G.csv），对应磁盘文件 Figure_3C.csv 已由同名行登记 → 本行转为 superseded 仅作历史留痕（lint 不再校验）。,
,Figure_2H.csv,,figure_data,superseded,none,Mitoxy-80_v1.0,ssGSEA_v1,54,14850,626fd073a860a69545bea4e4e61164bc9ae341e6ffbdd3d526c351c7dd9c7d51,M2/M3/M4/P0-P2 与 2026-08-21 治理批次新增文件（v2.0 重建登记）,v2.0 重建（2026-08-21，v1.0 基底 + 磁盘扫描补登）；2026-09-05 CDD重排图号迁移：原 Figure_2M.csv（数值零改动，sha256不变） | 2026-09-21 v2.1 figure_data 段重登记：以 00_对照表/FIGURE_CROSSWALK.csv × 磁盘真值重建；本行原以正文图号登记（Figure_2H.csv），对应磁盘文件 Figure_3E.csv 已由同名行登记 → 本行转为 superseded 仅作历史留痕（lint 不再校验）。,
,Figure_S7H.csv,,figure_data,superseded,none,Mitoxy-80_v1.0,NA,22,4153,d928c43329c42a21cb5ec831e6a56b010ebe36694a3385028b577a76fcca983d,M2/M3/M4/P0-P2 与 2026-08-21 治理批次新增文件（v2.0 重建登记）,v2.0 重建（2026-08-21，v1.0 基底 + 磁盘扫描补登）；2026-09-05 二次重排：原 Figure_S9H.csv（首引顺序升序化，数值零改动） | 2026-09-21 v2.1 figure_data 段重登记：以 00_对照表/FIGURE_CROSSWALK.csv × 磁盘真值重建；本行原以正文图号登记（Figure_S7H.csv），对应磁盘文件 Figure_S6H.csv 已由同名行登记 → 本行转为 superseded 仅作历史留痕（lint 不再校验）。,
,Figure_S7I.csv,,figure_data,superseded,none,Mitoxy-80_v1.0,NA,132,29144,d6f8c91087e16e5a5a3bcb7fb848b0d12b25a5fd362c7ee00c5f13237534b440,M2/M3/M4/P0-P2 与 2026-08-21 治理批次新增文件（v2.0 重建登记）,v2.0 重建（2026-08-21，v1.0 基底 + 磁盘扫描补登）；2026-09-05 二次重排：原 Figure_S9I.csv（首引顺序升序化，数值零改动） | 2026-09-21 v2.1 figure_data 段重登记：以 00_对照表/FIGURE_CROSSWALK.csv × 磁盘真值重建；本行原以正文图号登记（Figure_S7I.csv），对应磁盘文件 Figure_S6I.csv 已由同名行登记 → 本行转为 superseded 仅作历史留痕（lint 不再校验）。,
,Figure_S8G.csv,,figure_data,superseded,none,Mitoxy-80_v1.0,score_genes_v1,96,12211,6e60601949523e5fdf287f1160b79200ae6bfd090fedfe51d264dfa8e65b03ad,M2/M3/M4/P0-P2 与 2026-08-21 治理批次新增文件（v2.0 重建登记）,v2.0 重建（2026-08-21，v1.0 基底 + 磁盘扫描补登）；2026-09-05 二次重排：原 Figure_S10G.csv（首引顺序升序化，数值零改动） | 2026-09-21 v2.1 figure_data 段重登记：以 00_对照表/FIGURE_CROSSWALK.csv × 磁盘真值重建；本行原以正文图号登记（Figure_S8G.csv），对应磁盘文件 Figure_S7G.csv 已由同名行登记 → 本行转为 superseded 仅作历史留痕（lint 不再校验）。,
,Figure_S13A.csv,,figure_data,superseded,none,Mitoxy-80_v1.0,NA,8,1744,3f7090f84dd1e797cf57458803a0911a23dbdfde9ff514250cf11c02f1de2800,M2/M3/M4/P0-P2 与 2026-08-21 治理批次新增文件（v2.0 重建登记）,v2.0 重建（2026-08-21，v1.0 基底 + 磁盘扫描补登）；2026-09-05 二次重排：原 Figure_S12A.csv（首引顺序升序化，数值零改动） | 2026-09-21 v2.1 figure_data 段重登记：以 00_对照表/FIGURE_CROSSWALK.csv × 磁盘真值重建；本行原以正文图号登记（Figure_S13A.csv），对应磁盘文件 Figure_S11A.csv 已由同名行登记 → 本行转为 superseded 仅作历史留痕（lint 不再校验）。,
,Figure_S13B.csv,,figure_data,superseded,none,Mitoxy-80_v1.0,NA,65,4566,a2f8d07ac95bfd0d8c9d7568ad54af479ec6da9be65dd4ea91030b1d55f3691f,M2/M3/M4/P0-P2 与 2026-08-21 治理批次新增文件（v2.0 重建登记）,v2.0 重建（2026-08-21，v1.0 基底 + 磁盘扫描补登）；2026-09-05 二次重排：原 Figure_S12B.csv（首引顺序升序化，数值零改动） | 2026-09-21 v2.1 figure_data 段重登记：以 00_对照表/FIGURE_CROSSWALK.csv × 磁盘真值重建；本行原以正文图号登记（Figure_S13B.csv），对应磁盘文件 Figure_S11B.csv 已由同名行登记 → 本行转为 superseded 仅作历史留痕（lint 不再校验）。,
,Figure_S13C.csv,,figure_data,superseded,none,Mitoxy-80_v1.0,NA,5,1902,45466b5d0fcc1bc07d077b521a6a79a235b33baa6f9c5b9f117da8d357e0315d,M2/M3/M4/P0-P2 与 2026-08-21 治理批次新增文件（v2.0 重建登记）,v2.0 重建（2026-08-21，v1.0 基底 + 磁盘扫描补登）；2026-09-05 CDD重排图号迁移：原 Figure_S12F.csv（数值零改动，sha256不变）；2026-09-05 二次重排：原 Figure_S12C.csv（首引顺序升序化，数值零改动） | 2026-09-21 v2.1 figure_data 段重登记：以 00_对照表/FIGURE_CROSSWALK.csv × 磁盘真值重建；本行原以正文图号登记（Figure_S13C.csv），对应磁盘文件 Figure_S11C.csv 已由同名行登记 → 本行转为 superseded 仅作历史留痕（lint 不再校验）。,
,Figure_S13D.csv,,figure_data,superseded,none,NA;gene_set_version,NA;score_version,10,836,5fbc9ad3027ae852972df1acfae0c3afc4b27b69902218d8b1156c576c0138f6,M2/M3/M4/P0-P2 与 2026-08-21 治理批次新增文件（v2.0 重建登记）,v2.0 重建（2026-08-21，v1.0 基底 + 磁盘扫描补登）；2026-09-05 CDD重排图号迁移：原 Figure_S12G.csv（数值零改动，sha256不变）；2026-09-05 二次重排：原 Figure_S12D.csv（首引顺序升序化，数值零改动） | 2026-09-21 v2.1 figure_data 段重登记：以 00_对照表/FIGURE_CROSSWALK.csv × 磁盘真值重建；本行原以正文图号登记（Figure_S13D.csv），对应磁盘文件 Figure_S11D.csv 已由同名行登记 → 本行转为 superseded 仅作历史留痕（lint 不再校验）。,
,Figure_S13E.csv,,figure_data,superseded,none,NA,NA,144,25721,e5d6ed72bd2a5631243b3acd5ae0c8d33c5919e704f55546eb3002a644c5aac9,M2/M3/M4/P0-P2 与 2026-08-21 治理批次新增文件（v2.0 重建登记）,v2.0 重建（2026-08-21，v1.0 基底 + 磁盘扫描补登）；2026-09-05 CDD重排图号迁移：原 Figure_S12H.csv（数值零改动，sha256不变）；2026-09-05 二次重排：原 Figure_S12E.csv（首引顺序升序化，数值零改动） | 2026-09-21 v2.1 figure_data 段重登记：以 00_对照表/FIGURE_CROSSWALK.csv × 磁盘真值重建；本行原以正文图号登记（Figure_S13E.csv），对应磁盘文件 Figure_S11E.csv 已由同名行登记 → 本行转为 superseded 仅作历史留痕（lint 不再校验）。,
,Figure_S4F.csv,,figure_data,superseded,none,NA,NA,19,2026,6811318cf9d9570f9f1f83a9bbeb3612e23a419a5129d697861d156c740327ef,M2/M3/M4/P0-P2 与 2026-08-21 治理批次新增文件（v2.0 重建登记）,v2.0 重建（2026-08-21，v1.0 基底 + 磁盘扫描补登）；2026-09-05 二次重排：原 Figure_S2F.csv（首引顺序升序化，数值零改动） | 2026-09-21 v2.1 figure_data 段重登记：以 00_对照表/FIGURE_CROSSWALK.csv × 磁盘真值重建；本行原以正文图号登记（Figure_S4F.csv），对应磁盘文件 Figure_S3F.csv 已由同名行登记 → 本行转为 superseded 仅作历史留痕（lint 不再校验）。,
,Figure_S4G.csv,,figure_data,superseded,none,Mitoxy-80_v1.0,NA,392,88803,d058a079bf24c614c71864f89a0c956f45bb80454ff16f154c36881a8478c108,M2/M3/M4/P0-P2 与 2026-08-21 治理批次新增文件（v2.0 重建登记）,v2.0 重建（2026-08-21，v1.0 基底 + 磁盘扫描补登）；2026-09-05 CDD重排图号迁移：原 Figure_S3A.csv（数值零改动，sha256不变）；2026-09-05 二次重排：原 Figure_S2G.csv（首引顺序升序化，数值零改动） | 2026-09-21 v2.1 figure_data 段重登记：以 00_对照表/FIGURE_CROSSWALK.csv × 磁盘真值重建；本行原以正文图号登记（Figure_S4G.csv），对应磁盘文件 Figure_S3G.csv 已由同名行登记 → 本行转为 superseded 仅作历史留痕（lint 不再校验）。,
,Figure_S14A.csv,,figure_data,superseded,none,Mitoxy-80_v1.0,NA,16,7681,ec77c0d81938f3f6d0f688cfbc8e22130cfd9883f121bbe374ed2184b6f269e5,M2/M3/M4/P0-P2 与 2026-08-21 治理批次新增文件（v2.0 重建登记）,v2.0 重建（2026-08-21，v1.0 基底 + 磁盘扫描补登）；2026-09-05 CDD重排图号迁移：原 Figure_S4A.csv（数值零改动，sha256不变）；2026-09-05 二次重排：原 Figure_S3A.csv（首引顺序升序化，数值零改动） | 2026-09-21 v2.1 figure_data 段重登记：以 00_对照表/FIGURE_CROSSWALK.csv × 磁盘真值重建；本行原以正文图号登记（Figure_S14A.csv），对应磁盘文件 Figure_S12A.csv 已由同名行登记 → 本行转为 superseded 仅作历史留痕（lint 不再校验）。,
,Figure_S14B.csv,,figure_data,superseded,none,Mitoxy-80_v1.0,NA,3,709,aabe05658e09d727fd8ce0f91ba8f17441140de8cf4229c2d08e97de461c18c2,M2/M3/M4/P0-P2 与 2026-08-21 治理批次新增文件（v2.0 重建登记）,v2.0 重建（2026-08-21，v1.0 基底 + 磁盘扫描补登）；2026-09-05 CDD重排图号迁移：原 Figure_S4B.csv（数值零改动，sha256不变）；2026-09-05 二次重排：原 Figure_S3B.csv（首引顺序升序化，数值零改动） | 2026-09-21 v2.1 figure_data 段重登记：以 00_对照表/FIGURE_CROSSWALK.csv × 磁盘真值重建；本行原以正文图号登记（Figure_S14B.csv），对应磁盘文件 Figure_S12B.csv 已由同名行登记 → 本行转为 superseded 仅作历史留痕（lint 不再校验）。,
,Figure_S14C.csv,,figure_data,superseded,none,NA,NA,928,134255,9c8e782b4c04bae6757e7fde962d7ebfcc5c8513e5d28a7471153dc5d26ef280,M2/M3/M4/P0-P2 与 2026-08-21 治理批次新增文件（v2.0 重建登记）,v2.0 重建（2026-08-21，v1.0 基底 + 磁盘扫描补登）；2026-09-05 CDD重排图号迁移：原 Figure_S4C.csv（数值零改动，sha256不变）；2026-09-05 二次重排：原 Figure_S3C.csv（首引顺序升序化，数值零改动） | 2026-09-21 v2.1 figure_data 段重登记：以 00_对照表/FIGURE_CROSSWALK.csv × 磁盘真值重建；本行原以正文图号登记（Figure_S14C.csv），对应磁盘文件 Figure_S12C.csv 已由同名行登记 → 本行转为 superseded 仅作历史留痕（lint 不再校验）。,
,Figure_S14D.csv,,figure_data,superseded,none,Mitoxy-80_v1.0,NA,52,5817,0d087d2a41bfcc55032ef112bcd50aa6c06714ac86b53f8f44cefc26b820cd51,M2/M3/M4/P0-P2 与 2026-08-21 治理批次新增文件（v2.0 重建登记）,v2.0 重建（2026-08-21，v1.0 基底 + 磁盘扫描补登）；2026-09-05 CDD重排图号迁移：原 Figure_S4D.csv（数值零改动，sha256不变）；2026-09-05 二次重排：原 Figure_S3D.csv（首引顺序升序化，数值零改动） | 2026-09-21 v2.1 figure_data 段重登记：以 00_对照表/FIGURE_CROSSWALK.csv × 磁盘真值重建；本行原以正文图号登记（Figure_S14D.csv），对应磁盘文件 Figure_S12D.csv 已由同名行登记 → 本行转为 superseded 仅作历史留痕（lint 不再校验）。,
,Figure_S14E.csv,,figure_data,superseded,none,Mitoxy-80_v1.0,NA,1008,240519,bb7a5bbaa5bf439512c878bfc3de22be5a9a06b94067f95b2b5cc858877ad695,M2/M3/M4/P0-P2 与 2026-08-21 治理批次新增文件（v2.0 重建登记）,v2.0 重建（2026-08-21，v1.0 基底 + 磁盘扫描补登）；2026-09-05 CDD重排图号迁移：原 Figure_S4E.csv（数值零改动，sha256不变）；2026-09-05 二次重排：原 Figure_S3E.csv（首引顺序升序化，数值零改动） | 2026-09-21 v2.1 figure_data 段重登记：以 00_对照表/FIGURE_CROSSWALK.csv × 磁盘真值重建；本行原以正文图号登记（Figure_S14E.csv），对应磁盘文件 Figure_S12E.csv 已由同名行登记 → 本行转为 superseded 仅作历史留痕（lint 不再校验）。,
,Figure_S11F.csv,,figure_data,superseded,none,Mitoxy-80_v1.0,NA,12,2327,dc2bc4505f4fa155491a299bf3baaeee687c5bab7b0a23c3c37ce79980627a5f,M2/M3/M4/P0-P2 与 2026-08-21 治理批次新增文件（v2.0 重建登记）,v2.0 重建（2026-08-21，v1.0 基底 + 磁盘扫描补登）；2026-09-05 CDD重排图号迁移：原 Figure_S7F.csv（数值零改动，sha256不变）；2026-09-05 二次重排：原 Figure_S6F.csv（首引顺序升序化，数值零改动） | 2026-09-21 v2.1 figure_data 段重登记：以 00_对照表/FIGURE_CROSSWALK.csv × 磁盘真值重建；本行原以正文图号登记（Figure_S11F.csv），对应磁盘文件 Figure_S9F.csv 已由同名行登记 → 本行转为 superseded 仅作历史留痕（lint 不再校验）。,
,Figure_S6_Dissociation_hexbin.png,归档/01_第1轮R1批次/R1_artifacts,analysis_output,archived,none,,,,647063,0bbe0617fe143096365ce5be7827cceba459f3406dcd2e5e56d99d547b9ab6bb,,历史备份/被取代版本，不用于正文（archive/）；旧 S6 编号遗物，解离检验图现编号 S48,
S28,Table_S28a_M1_Visium_Section_Spatial_Stats.csv,02_SUPPLEMENTARY_TABLES/SUPPLEMENTARY_Tables_CSV,analysis_output,canonical,mitoxy_80,Mitoxy-80_v1.0,score_genes_v1_spatial,23.0,9650,74b804e955b642a8e7b22e4205a57a9b912db2e545344bb59e0486d8cef610be,M1 空间地理学验证（GSE271370 Visium 23切片 + GSE253474 CosMx 98,850细胞；判定 R3）,gene_set_version 对 SVG 全基因表为 all_detected
S28,Table_S28b_M1_Visium_Condition_Summary.csv,02_SUPPLEMENTARY_TABLES/SUPPLEMENTARY_Tables_CSV,analysis_output,canonical,mitoxy_80,Mitoxy-80_v1.0,score_genes_v1_spatial,3.0,955,fbf0aa5d5d22fcd798e1aef3cf45f4bf2a0e9e9a5e76e8da4f27ca0e2dd9979a,M1 空间地理学验证（GSE271370 Visium 23切片 + GSE253474 CosMx 98,850细胞；判定 R3）,gene_set_version 对 SVG 全基因表为 all_detected
S28,Table_S28c_M1_Visium_Domain_Stats.csv,02_SUPPLEMENTARY_TABLES/SUPPLEMENTARY_Tables_CSV,analysis_output,canonical,mitoxy_80,Mitoxy-80_v1.0,score_genes_v1_spatial,115.0,11965,2e7d6daca93d0cc12c7c072cedd8301adf8bb3eeb85ab188983870c464818d32,M1 空间地理学验证（GSE271370 Visium 23切片 + GSE253474 CosMx 98,850细胞；判定 R3）,gene_set_version 对 SVG 全基因表为 all_detected
S28,Table_S28d_M1_Visium_SVG_Detail.csv,02_SUPPLEMENTARY_TABLES/SUPPLEMENTARY_Tables_CSV,analysis_output,canonical,all_detected,all_detected,score_genes_v1_spatial,188125.0,21469346,d0f038ec075782d1575baa8556aff2d02720b2599fdbb20918de3c267e24e23c,M1 空间地理学验证（GSE271370 Visium 23切片 + GSE253474 CosMx 98,850细胞；判定 R3）,gene_set_version 对 SVG 全基因表为 all_detected
S28,Table_S28e_M1_Visium_SVG_Meta.csv,02_SUPPLEMENTARY_TABLES/SUPPLEMENTARY_Tables_CSV,analysis_output,canonical,mitoxy_80,Mitoxy-80_v1.0,score_genes_v1_spatial,12887.0,1537197,3020f14aa68dd2af3d88b8dea7496f1d3684b35729e5603b9f5e2602731bf301,M1 空间地理学验证（GSE271370 Visium 23切片 + GSE253474 CosMx 98,850细胞；判定 R3）,gene_set_version 对 SVG 全基因表为 all_detected
S28,Table_S28f_M1_Visium_SVG_Enrichment.csv,02_SUPPLEMENTARY_TABLES/SUPPLEMENTARY_Tables_CSV,analysis_output,canonical,mitoxy_80,Mitoxy-80_v1.0,score_genes_v1_spatial,3.0,402,50ee7f337ef8b14a175218c704b569ab59f77562259700eae24e6c49326b10ca,M1 空间地理学验证（GSE271370 Visium 23切片 + GSE253474 CosMx 98,850细胞；判定 R3）,gene_set_version 对 SVG 全基因表为 all_detected
S28,Table_S28g_M1_Visium_SVG_Top10_Hypergeom.csv,02_SUPPLEMENTARY_TABLES/SUPPLEMENTARY_Tables_CSV,analysis_output,canonical,mitoxy_80,Mitoxy-80_v1.0,score_genes_v1_spatial,69.0,6528,e049035996ed072bca4b18be93b7103e12a68f173e2b4846a59b8c8040ee8c6d,M1 空间地理学验证（GSE271370 Visium 23切片 + GSE253474 CosMx 98,850细胞；判定 R3）,gene_set_version 对 SVG 全基因表为 all_detected
S28,Table_S28h_M1_Visium_KeyGene_Moran_Perm.csv,02_SUPPLEMENTARY_TABLES/SUPPLEMENTARY_Tables_CSV,analysis_output,canonical,mitoxy_80,Mitoxy-80_v1.0,score_genes_v1_spatial,1280.0,149010,01ce832ffcc35819d5fdf7bee7f427738c924f3f1e885dff7db65ad41bd3ec84,M1 空间地理学验证（GSE271370 Visium 23切片 + GSE253474 CosMx 98,850细胞；判定 R3）,gene_set_version 对 SVG 全基因表为 all_detected
S28,Table_S28i_M1_CosMx_Gene_Detection.csv,02_SUPPLEMENTARY_TABLES/SUPPLEMENTARY_Tables_CSV,analysis_output,canonical,mitoxy_80,Mitoxy-80_v1.0,score_genes_v1_spatial,40.0,2192,2fc37df0bbb276eea6deb9d6c266a2c2d0469ba23d23aa504e446565eea5e2f7,M1 空间地理学验证（GSE271370 Visium 23切片 + GSE253474 CosMx 98,850细胞；判定 R3）,gene_set_version 对 SVG 全基因表为 all_detected
S28,Table_S28j_M1_CosMx_Moran.csv,02_SUPPLEMENTARY_TABLES/SUPPLEMENTARY_Tables_CSV,analysis_output,canonical,mitoxy_80,Mitoxy-80_v1.0,score_genes_v1_spatial,28.0,3101,eba5a3ea958b01844c1847e20c8c8939a9e9137a271aaa829094fbe1070d6fc7,M1 空间地理学验证（GSE271370 Visium 23切片 + GSE253474 CosMx 98,850细胞；判定 R3）,gene_set_version 对 SVG 全基因表为 all_detected
S28,Table_S28k_M1_CosMx_Myeloid_Coloc.csv,02_SUPPLEMENTARY_TABLES/SUPPLEMENTARY_Tables_CSV,analysis_output,canonical,mitoxy_80,Mitoxy-80_v1.0,score_genes_v1_spatial,4.0,538,fa792333625759af962e91af7c6ba98bf3c4e560073b42967bb6c1620bdd2ace,M1 空间地理学验证（GSE271370 Visium 23切片 + GSE253474 CosMx 98,850细胞；判定 R3）,gene_set_version 对 SVG 全基因表为 all_detected
S28,Table_S28l_M1_CosMx_Module_by_CellType.csv,02_SUPPLEMENTARY_TABLES/SUPPLEMENTARY_Tables_CSV,analysis_output,canonical,mitoxy_80,Mitoxy-80_v1.0,score_genes_v1_spatial,27.0,2712,10a5b5a485b359dbbd6693100092dc163c2972359e7cbf7224cc227aeb85e9d9,M1 空间地理学验证（GSE271370 Visium 23切片 + GSE253474 CosMx 98,850细胞；判定 R3）,gene_set_version 对 SVG 全基因表为 all_detected
S28,Table_S28m_M1_CosMx_ViralRegion_Niche.csv,02_SUPPLEMENTARY_TABLES/SUPPLEMENTARY_Tables_CSV,analysis_output,canonical,mitoxy_80,Mitoxy-80_v1.0,score_genes_v1_spatial,104.0,11064,7fb4247856e7a5e01ba3676beb8f3d4ecc9e891bee929c4b9072b23e381c1a02,M1 空间地理学验证（GSE271370 Visium 23切片 + GSE253474 CosMx 98,850细胞；判定 R3）,gene_set_version 对 SVG 全基因表为 all_detected
S28,Table_S28n_M1_CosMx_TNFSF13B_Source.csv,02_SUPPLEMENTARY_TABLES/SUPPLEMENTARY_Tables_CSV,analysis_output,canonical,mitoxy_80,Mitoxy-80_v1.0,score_genes_v1_spatial,27.0,2020,0fb16cf10da53050eb3a3708d36e8652c14a69afed6452d470e4689cb30d20dc,M1 空间地理学验证（GSE271370 Visium 23切片 + GSE253474 CosMx 98,850细胞；判定 R3）,gene_set_version 对 SVG 全基因表为 all_detected
S28,Table_S28o_M1_CosMx_TNFSF13B_Neighborhood.csv,02_SUPPLEMENTARY_TABLES/SUPPLEMENTARY_Tables_CSV,analysis_output,canonical,mitoxy_80,Mitoxy-80_v1.0,score_genes_v1_spatial,32.0,4178,4a35601ece38edc7e4672d57d0ebf327a25a6bb3b5ec476c979546ad6fa688c2,M1 空间地理学验证（GSE271370 Visium 23切片 + GSE253474 CosMx 98,850细胞；判定 R3）,gene_set_version 对 SVG 全基因表为 all_detected
S28,Table_S28p_M1_Visium_NNLS_CellType_by_Condition.csv,02_SUPPLEMENTARY_TABLES/SUPPLEMENTARY_Tables_CSV,analysis_output,canonical,mitoxy_80,Mitoxy-80_v1.0,score_genes_v1_spatial,8.0,917,364c3d3432395423cdc3418e667c68829ebc1a48eb2194392ea20c34edbb66ab,M1 空间地理学验证（GSE271370 Visium 23切片 + GSE253474 CosMx 98,850细胞；判定 R3）,gene_set_version 对 SVG 全基因表为 all_detected
S28,Table_S28q_M1_Visium_NNLS_MarkerScore_Correlation.csv,02_SUPPLEMENTARY_TABLES/SUPPLEMENTARY_Tables_CSV,analysis_output,canonical,mitoxy_80,Mitoxy-80_v1.0,score_genes_v1_spatial,8.0,755,caae53f441e83373ac2543435b154a45b7306fa26e684b27a22d8e2940b7468e,M1 空间地理学验证（GSE271370 Visium 23切片 + GSE253474 CosMx 98,850细胞；判定 R3）,gene_set_version 对 SVG 全基因表为 all_detected
S28,Table_S28s_M1_Visium_TNFSF13B_TFRC_Neighborhood.csv,02_SUPPLEMENTARY_TABLES/SUPPLEMENTARY_Tables_CSV,analysis_output,canonical,TNFSF13B/TFRC,TNFSF13B/TFRC,score_genes_v1_spatial,69.0,7608,7de4c02447b61fa6215e86fecdf5d829cdbf0dfeb8559e8f5970d2ca8858e7a5,M1 空间地理学验证（GSE271370 Visium 23切片 + GSE253474 CosMx 98,850细胞；判定 R3）,gene_set_version 对 SVG 全基因表为 all_detected
S28,Table_S28t_M1_Visium_TNFSF13B_TFRC_CellType_Attribution.csv,02_SUPPLEMENTARY_TABLES/SUPPLEMENTARY_Tables_CSV,analysis_output,canonical,mitoxy_80,Mitoxy-80_v1.0,score_genes_v1_spatial,8.0,757,60d57e0d1b80fae44ad6b69cb1a7917b3ca8cad84db3875c8e233ebad02dd8b8,M1 空间地理学验证（GSE271370 Visium 23切片 + GSE253474 CosMx 98,850细胞；判定 R3）,gene_set_version 对 SVG 全基因表为 all_detected
S28,Table_S28u_M1_Visium_NNLS_CosMx_by_Condition.csv,02_SUPPLEMENTARY_TABLES/SUPPLEMENTARY_Tables_CSV,analysis_output,canonical,mitoxy_80,Mitoxy-80_v1.0,score_genes_v1_spatial,27.0,2535,7775c4e6cdc914d1e35e20dfe87dfeadab1180f39c27c745ae304bcd6d75b979,M1 空间地理学验证（GSE271370 Visium 23切片 + GSE253474 CosMx 98,850细胞；判定 R3）,gene_set_version 对 SVG 全基因表为 all_detected
S28,Table_S28v_M1_Visium_Bivariate_Residualized.csv,02_SUPPLEMENTARY_TABLES/SUPPLEMENTARY_Tables_CSV,analysis_output,canonical,mitoxy_80,Mitoxy-80_v1.0,score_genes_v1_spatial,23.0,1932,553a9d5ab6ea4a51c745c3b2294036b4a3c00a96fa650a3e3edf145527f1173f,M1 空间地理学验证（GSE271370 Visium 23切片 + GSE253474 CosMx 98,850细胞；判定 R3）,gene_set_version 对 SVG 全基因表为 all_detected
,M1_spatial_sample_manifest.csv,04_AUDIT_GOVERNANCE,analysis_output,canonical,none,,,139,16549,d6d8ac43ce8bb631b84e3180c17a3af5bc2348a50ad19a3a3cbeb4a43c96650f,M1 空间数据样本清单（GSE271370 23 切片 + GSE253474 116 FOV）,,
,rawdata_cleanup_20260817.py,归档/03_一次性脚本与运维/ops_scripts_2026,audit_output,archived,none,,,164,6709,3dfa873f59dabb8410a7cc2851fed9fd77a845f9153d4d1aa0f5f2a9aaed3da9,2026-08-17 原始数据清理脚本,2026-08-27 清理归档（M1x_step12 批次）：一次性原始数据清理脚本（2026-08-17 已执行完毕），移入 archive/ops_scripts_2026。,
,rawdata_cleanup_20260817.log,归档/03_一次性脚本与运维/ops_scripts_2026,audit_report,archived,none,,,94,6144,720216046c51343fcd22d2760b5de600b471ffb3b523822dadc28d12295138a3,2026-08-17 原始数据清理记录,2026-08-27 清理归档（M1x_step12 批次）：一次性原始数据清理记录（2026-08-17 已执行完毕），移入 archive/ops_scripts_2026。,
,M1__check_combined_h5ad.py,归档/02_模块调试批次/M1_check_debug,analysis_output,archived,none,,,15,564,479fe2913aae7fdf0e26e3c87aae12e008e8fe4a21ca905d96fb9a7b7034f624,,M1 管线辅助/检查脚本，2026-08-17 归档（见 M1_README_分析流程.md）,
,M1__check_cosmx_tables.py,归档/02_模块调试批次/M1_check_debug,analysis_output,archived,none,,,12,714,944526b303f149acc9334de4fb30e7e264c89fe9fb60c175ee9648f1ca044d7b,,M1 管线辅助/检查脚本，2026-08-17 归档（见 M1_README_分析流程.md）,
,M1__check_fig4g.py,归档/02_模块调试批次/M1_check_debug,analysis_output,archived,none,,,6,318,7f659f23c06f9b5099eae1c3b8445da61a790ab1484e2e74d8c0f50905b80fac,,M1 管线辅助/检查脚本，2026-08-17 归档（见 M1_README_分析流程.md）,
,M1__check_gene_overlap.py,归档/02_模块调试批次/M1_check_debug,analysis_output,archived,none,,,61,2754,b823601cd31b406084f5503ea1f467b3d71db4fb10afcb5c27e4b16653657cf2,,M1 管线辅助/检查脚本，2026-08-17 归档（见 M1_README_分析流程.md）,
,M1__check_h5ad.py,归档/02_模块调试批次/M1_check_debug,analysis_output,archived,none,,,20,744,46cf2357b3613663e78ef07acaa05ebe1d03083b828184e6c0ec942b552cbd17,,M1 管线辅助/检查脚本，2026-08-17 归档（见 M1_README_分析流程.md）,
,M1__check_manifest_registration.py,归档/02_模块调试批次/M1_check_debug,analysis_output,archived,none,,,15,748,197a53de14bae463b2fc95c04728ab0bac63483dfc62816233fc939aa0916ce4,,M1 管线辅助/检查脚本，2026-08-17 归档（见 M1_README_分析流程.md）,
,M1__check_mtx_dims.py,归档/02_模块调试批次/M1_check_debug,analysis_output,archived,none,,,41,1519,95a7035cd992d4b0ff62c55252eb90f70ec5c3f9cb4224c36d5cad86b5233b80,,M1 管线辅助/检查脚本，2026-08-17 归档（见 M1_README_分析流程.md）,
,M1__check_niche_direction.py,归档/02_模块调试批次/M1_check_debug,analysis_output,archived,none,,,8,510,1cce9482080c73facf1438374a803ed2dae6798629d0fffe96d4c668285b3be1,,M1 管线辅助/检查脚本，2026-08-17 归档（见 M1_README_分析流程.md）,
,M1__check_visium_genes.py,归档/02_模块调试批次/M1_check_debug,analysis_output,archived,none,,,13,689,177f22de613136c3be328ba3134971584e509cd3b0201bf4b572494eb32b8379,,M1 管线辅助/检查脚本，2026-08-17 归档（见 M1_README_分析流程.md）,
,M1__fix_manifest_planA.py,归档/02_模块调试批次/M1_check_debug,analysis_output,archived,none,,,26,1216,5403036537995a8c80dca839af748a54fa424c48cc0cfbc0e14a218d45ec4ebd,,M1 管线辅助/检查脚本，2026-08-17 归档（见 M1_README_分析流程.md）,
,M1__inspect_spatial_data.py,归档/02_模块调试批次/M1_check_debug,analysis_output,archived,none,,,83,3481,272d190973ebf617516b6682a48b133926e5d9c66e169749692dbd3caeb37395,,M1 管线辅助/检查脚本，2026-08-17 归档（见 M1_README_分析流程.md）,
,M1__make_thumb.py,归档/02_模块调试批次/M1_check_debug,analysis_output,archived,none,,,6,302,2ff2d5c88b70b8f7afee0b9e8c5e855b2921f85db40d1a6dd2baaf75cf5a55d0,,M1 管线辅助/检查脚本，2026-08-17 归档（见 M1_README_分析流程.md）,
,M1_step8_figures_optional.py,归档/02_模块调试批次/M1_check_debug,analysis_output,archived,none,,,168,7470,4d2f5f0e44fae8333a577014f12d3fdc8c02b78672ec63ed8060fba791fbff0a,,M1 管线辅助/检查脚本，2026-08-17 归档（见 M1_README_分析流程.md）,
,111文稿_v2_创新重塑.md,归档/01_第1轮R1批次/R1_docs,analysis_output,archived,none,NA,NA,,43605,68460b38844a6692fae3c9385fae2a4751dfc08575ad3d15040efd438683f6d4,历史归档,,
,33.1_transcript_analysis.py,归档/01_第1轮R1批次/R1_numbered_scripts,analysis_output,archived,none,NA,NA,,34640,a42df1414d55072267ab549ec133174a72f17bf28a190857de945e3ae22b71ba,历史归档,,
,35.1_circulating_transcriptome_analysis.py,归档/01_第1轮R1批次/R1_numbered_scripts,analysis_output,archived,none,NA,NA,,34955,72b9b3e2096d8ed8343530e62cdcb4054ef60d7db7017cf118936640e624935b,历史归档,,
,AlphaMissense_16.1_Analysis_v2.py,归档/01_第1轮R1批次/R1_numbered_scripts,analysis_output,archived,none,NA,NA,,46736,320361afe51a424b2dac3e7b81c526bcd9ad0809ad60cc3392633a683c0b6a5d,历史归档,,
,AlphaMissense_S18_Fix.py,归档/01_第1轮R1批次/R1_numbered_scripts,analysis_output,archived,none,NA,NA,,23707,93aad740dde27ad5f4121e1fe7dab12359375d3eb2d20371b2dd6e49248a21dd,历史归档,,
,CIBERSORTx_Immune_Infiltration_14.1.py,归档/01_第1轮R1批次/R1_numbered_scripts,analysis_output,archived,none,NA,NA,,62989,cd15bdf51e78690ca6046d6dee3c8f59df906eb340dbfd579b42589684373c3d,历史归档,,
,GEARS_Combinatorial_Perturbation_Analysis.py,归档/01_第1轮R1批次/R1_algo_scripts,analysis_output,archived,none,NA,NA,,34149,ff6396c1d58b205b88502a4d160ad379769e26db847d5dd549833137f576f7a2,历史归档,,
,Immune_Signature_Matrix.csv,归档/01_第1轮R1批次/R1_artifacts/Libs,analysis_output,archived,none,NA,NA,487,205630,27997e775e52a138497617e59148a59741c3071f644951dab0bbefe8e79405cd,历史归档,,
,MR_Analysis_13.1.R,归档/01_第1轮R1批次/R1_numbered_scripts,analysis_output,archived,none,NA,NA,,21019,15ca9af321db9cf73bfa971dd2dbf637b427abd23d1a4fb34cba36cac791fc0c,历史归档,,
,MR_Analysis_13.1.py,归档/01_第1轮R1批次/R1_numbered_scripts,analysis_output,archived,none,NA,NA,,36413,a35f1bff7e68a2de83a0450eadbbd34264c7571d09bff63cdaca1b867531ace2,历史归档,,
,MR_Analysis_13.1_v2.py,归档/01_第1轮R1批次/R1_numbered_scripts,analysis_output,archived,none,NA,NA,,28874,b6f17b5045dd204d7a884de61a527a1e50854a2b2fc4b03867f84c90e3a28f94,历史归档,,
,MR_Analysis_v3.py,归档/01_第1轮R1批次/R1_numbered_scripts,analysis_output,archived,none,NA,NA,,23439,b2fbdacf62e79e92d6379722e130ff7ed06dfe29a41f0b450621d7411d9b4e32,历史归档,,
,Mitoxyperilysis_ARDS_Bioinformatics_Analysis.py,归档/01_第1轮R1批次/R1_algo_scripts,analysis_output,archived,none,NA,NA,,23453,348030e25f5efedee0ad0d04b7aa755d9b0bd4dbb12515c551ac279a697705cf,历史归档,,
,Mitoxyperilysis_ARDS_GSE185263_WGCNA_v2.py,归档/01_第1轮R1批次/R1_algo_scripts,analysis_output,archived,none,NA,NA,,17124,85339fa51c0269548e6c259eb9bf7edadd7f75f10fb2a6938d332e5cd5c72692,历史归档,,
,N3_check_S2_deg_labels.py,归档/01_第1轮R1批次/R1_fix_N3,analysis_output,archived,none,NA,NA,,4225,78620a96ab63bb7eb92cad315b5a3bfbc27a08a49a9ece0f01fe4eb12fc1b0c9,历史归档,,
,N3_meta_80gene_rebuild.py,归档/01_第1轮R1批次/R1_fix_N3,analysis_output,archived,none,NA,NA,,4828,06422072962da859766681a6c5b4a9cec85ff4deeaeab0e849a6460305a3ee5d,历史归档,,
,N3_residual_S17_postprocess.py,归档/01_第1轮R1批次/R1_fix_N3,analysis_output,archived,none,NA,NA,,6502,6659b357e8141cec31b02cc7a0bd89f7c6d159d13e39e2fa935a1df52db7c3e0,历史归档,,
,N3_residual_S3_S6_recompute.py,归档/01_第1轮R1批次/R1_fix_N3,analysis_output,archived,none,NA,NA,,12486,bbbb54a2af6489a6f0ae652c78574dfa0020dc7326ddb2f1f7e10ea499b2dbdf,历史归档,,
,N3_residual_S7_label_fix.py,归档/01_第1轮R1批次/R1_fix_N3,analysis_output,archived,none,NA,NA,,5303,a87062b17fc21ef31aeab4c5a153c44763f2883b1859e6681188e13c707c7845,历史归档,,
,N3_residual_verify_align.py,归档/01_第1轮R1批次/R1_fix_N3,analysis_output,archived,none,NA,NA,,2284,39db7df71fb9c1c3d0ee86e510e5f0b653ce5939bbc419162664b3d667bd91a6,历史归档,,
,N4_资源核实报告.md,归档/01_第1轮R1批次/R1_fix_N3,analysis_output,archived,none,NA,NA,,8336,fb69767aafa332b5f99f6f015c3ca7c5deeef791c7020297b7db551871242712,历史归档,,
,NicheNet_Ligand_Receptor_Target_Analysis_v2.py,归档/01_第1轮R1批次/R1_algo_scripts,analysis_output,archived,none,NA,NA,,30500,e1e92f4b6ba8dd293a96cdb47f97c2d8fcabc153b6811f3bbb5f93a4daad4eed,历史归档,,
,P0-8_Framework_Rename_and_Usage_Statement.md,04_AUDIT_GOVERNANCE,governance,canonical,none,,,,3336,ed51912c675b9130623cfc503f17f310cedc27796b8c6d95b9b5d33c998be152,M2/M3/M4/P0-P2 与 2026-08-21 治理批次新增文件（v2.0 重建登记）,v2.0 重建（2026-08-21，v1.0 基底 + 磁盘扫描补登）,
,P0_Donor_Pseudobulk_Report.md,04_AUDIT_GOVERNANCE,governance,canonical,none,,,,3732,a29b5ae11f7d7ed499c0a21e460a246be459ca19d4789b6a9719323d72b62e72,M2/M3/M4/P0-P2 与 2026-08-21 治理批次新增文件（v2.0 重建登记）,v2.0 重建（2026-08-21，v1.0 基底 + 磁盘扫描补登）,
,P0_FROZEN_ANALYSIS_PLAN_v1.0.md,04_AUDIT_GOVERNANCE,governance,canonical,none,,,,4792,617317b11b7efdeb0c8a0ebc1f1a42828bc8eeaf0e17ca23c5cdaaab894fe097,M2/M3/M4/P0-P2 与 2026-08-21 治理批次新增文件（v2.0 重建登记）,v2.0 重建（2026-08-21，v1.0 基底 + 磁盘扫描补登）,
,P0_GSE310929_Overlap_Audit_Report.md,04_AUDIT_GOVERNANCE,governance,canonical,none,,,,4077,478587ed6c21efc07636be4f2a3acf53971bfc58dfa10d2678a59ec6ea79208d,M2/M3/M4/P0-P2 与 2026-08-21 治理批次新增文件（v2.0 重建登记）,v2.0 重建（2026-08-21，v1.0 基底 + 磁盘扫描补登）,
,P0_Manuscript_Source_Check_Report.md,04_AUDIT_GOVERNANCE,governance,canonical,none,,,,2445,7b3fde2e059a81329755beb57fe4df228bc23caa7dc5371be1dfd763f20ed856,M2/M3/M4/P0-P2 与 2026-08-21 治理批次新增文件（v2.0 重建登记）,v2.0 重建（2026-08-21，v1.0 基底 + 磁盘扫描补登）,
,P0_Novelty_Search_Rerun_Log_20260821.md,04_AUDIT_GOVERNANCE,governance,canonical,none,,,,3812,a19c227b7b9ed44b726297b6f132ab70424cf52a60d8b97e059f84e3eb5f434d,M2/M3/M4/P0-P2 与 2026-08-21 治理批次新增文件（v2.0 重建登记）,v2.0 重建（2026-08-21，v1.0 基底 + 磁盘扫描补登）,
,P0_Novelty_Search_Table_v1.0.md,04_AUDIT_GOVERNANCE,governance,canonical,none,,,,3342,5dfe5c5b744099ccfa09aa41f65aa3991acb5d29d2f0f9d09dbcf5db815f0532,M2/M3/M4/P0-P2 与 2026-08-21 治理批次新增文件（v2.0 重建登记）,v2.0 重建（2026-08-21，v1.0 基底 + 磁盘扫描补登）,
,P0_Novelty_Search_Table_v1.1.md,04_AUDIT_GOVERNANCE,governance,canonical,none,,,,6521,7e548da658bd3462ac3d9deca2079229c2eabdc63ad9397ceef18aeab135b0e9,M2/M3/M4/P0-P2 与 2026-08-21 治理批次新增文件（v2.0 重建登记）,v2.0 重建（2026-08-21，v1.0 基底 + 磁盘扫描补登）,
,P0_Old_vs_New_Comparison.md,04_AUDIT_GOVERNANCE,governance,canonical,none,,,,3399,b09fb7f0b3c8b6f0ea7cde3dc291bebbce837bd6a48594eb496acaa5bf18aba4,M2/M3/M4/P0-P2 与 2026-08-21 治理批次新增文件（v2.0 重建登记）,v2.0 重建（2026-08-21，v1.0 基底 + 磁盘扫描补登）,
,P0_References_1to64_Verification_Report.md,04_AUDIT_GOVERNANCE,governance,canonical,none,,,,16653,db9bb541c40a74918964dc6d721b07efbfdbe59370b501759176f806056cda4e,M2/M3/M4/P0-P2 与 2026-08-21 治理批次新增文件（v2.0 重建登记）,v2.0 重建（2026-08-21）+ 2026-08-29 References 裁定批次修订（11 条裁定+GB/T→Vancouver 落盘+README 退役记录）,
,P0_Software_Snapshot_20260821.md,04_AUDIT_GOVERNANCE,governance,canonical,none,,,,2453,0011e9b5130e5d679b42365d1cbb9ead8406f97f08cbe6385c67d1e24bba9915,M2/M3/M4/P0-P2 与 2026-08-21 治理批次新增文件（v2.0 重建登记）,v2.0 重建（2026-08-21，v1.0 基底 + 磁盘扫描补登）,
,P0_Source_Exclusive_Meta_Report.md,04_AUDIT_GOVERNANCE,governance,canonical,none,,,,5362,aee6379763b877ef6d246acc2b07d025bd5e75b3eb6f3629c6a0fbecddc73ed0,M2/M3/M4/P0-P2 与 2026-08-21 治理批次新增文件（v2.0 重建登记）,v2.0 重建（2026-08-21，v1.0 基底 + 磁盘扫描补登）,
,P0_Spatial_Mapping_Report.md,04_AUDIT_GOVERNANCE,governance,canonical,none,,,41.0,3767,c9433f65525294d053d48bbe6bbc71a1ed423b28763856c0ed9e6f03d162ae8e,M2/M3/M4/P0-P2 与 2026-08-21 治理批次新增文件（v2.0 重建登记）,v2.0 重建（2026-08-21，v1.0 基底 + 磁盘扫描补登）,
,P1_IIAMD_signature_v1.0.csv,04_AUDIT_GOVERNANCE,analysis_output,canonical,none,p1_iiamd_v1.0,"P1 IIAMD v1.0 实验锚定签名（up 4,367/down 4,720）",9087,2474865,7ea0ba3afe2554d8ce021164766faeba358090deb827d70f04b00a5fa741147d,"P1 实验锚定签名 IIAMD v1.0 定义表（GSE235046 LPS×CS β3 交互签名；up 4,367/down 4,720）",M2/M3/M4/P0-P2 与 2026-08-21 治理批次新增文件（v2.0 重建登记）,
,P1_Interaction_Signature_Report.md,04_AUDIT_GOVERNANCE,governance,canonical,none,,,,7911,ebc3a9db54f5e7833c9bc44e4eafb7faa55aa1c4dbbde2247d4922bf61c7cd93,M2/M3/M4/P0-P2 与 2026-08-21 治理批次新增文件（v2.0 重建登记）,v2.0 重建（2026-08-21，v1.0 基底 + 磁盘扫描补登）,
,P2_Gate2_HeadToHead_Report.md,04_AUDIT_GOVERNANCE,governance,canonical,none,,,,5440,c19ace8c3e0a811d8275225bc052e8fe6095393a222e5e0129f6cc476784a752,M2/M3/M4/P0-P2 与 2026-08-21 治理批次新增文件（v2.0 重建登记）,v2.0 重建（2026-08-21，v1.0 基底 + 磁盘扫描补登）,
,P2_competing_panels_v1.0.csv,04_AUDIT_GOVERNANCE,analysis_output,canonical,none,p2panels_v1.0,P2 七个预注册竞争面板基因清单,181,19779,0ed73cd35ed9a0f6b6248b5ed4c37d1f18861e7d91d320841c79ad77ad41c27f,M2/M3/M4/P0-P2 与 2026-08-21 治理批次新增文件（v2.0 重建登记）,v2.0 重建（2026-08-21，v1.0 基底 + 磁盘扫描补登）,
,README_归档说明.md,归档,analysis_output,archived,none,NA,NA,,9573,5e2b695d8a75862ac3d2d79098a559497a3bea8b777b019dbc8c484e740a9f74,历史归档, ｜ 2026-09-21 归档分类整理：重写目录索引（9 个类别目录）,
,SCENIC_TF_Analysis.py,归档/01_第1轮R1批次/R1_algo_scripts,analysis_output,archived,none,NA,NA,,50000,00e5cb4f4a3134f2f0f9964c39f4ddb04b8e30c737686768cc4f09d15ea41532,历史归档,,
,SCI论文1_分析步骤详细方案.md,归档/01_第1轮R1批次/R1_docs,analysis_output,archived,none,NA,NA,,238427,0e245e30d173353909482c1d020fa70bcd9921f3e98f13c240909fdd38d2510c,历史归档,,
S10,Table_S10e_coloc_Results.csv,02_SUPPLEMENTARY_TABLES/SUPPLEMENTARY_Tables_CSV,supplementary_table,canonical,none,Mitoxy-80_v1.0,m3pqtl_v1.0,18,3295,25586f4c4781cd419bf1deb9a8197aef31fab04074c4878ca8f42d68838951cd,M2/M3/M4/P0-P2 与 2026-08-21 治理批次新增文件（v2.0 重建登记）,v2.0 重建（2026-08-21，v1.0 基底 + 磁盘扫描补登）,
S10,Table_S10e_coloc_snp_pp.csv,02_SUPPLEMENTARY_TABLES/SUPPLEMENTARY_Tables_CSV,supplementary_table,canonical,none,Mitoxy-80_v1.0,m3pqtl_v1.0,6069,506732,2a95259b543effbef738ced07fe6c48fd4fe301337429c03fbd892cbf4b7a458,M2/M3/M4/P0-P2 与 2026-08-21 治理批次新增文件（v2.0 重建登记）,v2.0 重建（2026-08-21，v1.0 基底 + 磁盘扫描补登）,
S10,Table_S10e_pQTL_MR_Instruments.csv,02_SUPPLEMENTARY_TABLES/SUPPLEMENTARY_Tables_CSV,supplementary_table,canonical,none,Mitoxy-80_v1.0,m3pqtl_v1.0,17,2948,b2e15c2e5b781430b07b2f4affd22977f899dbaa7d64a2200a76ffc878688aec,M2/M3/M4/P0-P2 与 2026-08-21 治理批次新增文件（v2.0 重建登记）,v2.0 重建（2026-08-21，v1.0 基底 + 磁盘扫描补登）,
S10,Table_S10e_pQTL_MR_LeaveOneOut.csv,02_SUPPLEMENTARY_TABLES/SUPPLEMENTARY_Tables_CSV,supplementary_table,canonical,none,Mitoxy-80_v1.0,m3pqtl_v1.0,11,1468,c22519d91cd1637ebdc684accaf37536d62616817217fb36ec88b0eef1f77f44,M2/M3/M4/P0-P2 与 2026-08-21 治理批次新增文件（v2.0 重建登记）,v2.0 重建（2026-08-21，v1.0 基底 + 磁盘扫描补登）,
S10,Table_S10e_pQTL_MR_Results.csv,02_SUPPLEMENTARY_TABLES/SUPPLEMENTARY_Tables_CSV,supplementary_table,canonical,none,Mitoxy-80_v1.0,m3pqtl_v1.0,14,4247,f5baf1d03fd9ff21e97f6d0769fe5b2d04e7a570bac53d1571a10fec9605c8ff,M2/M3/M4/P0-P2 与 2026-08-21 治理批次新增文件（v2.0 重建登记）,v2.0 重建（2026-08-21，v1.0 基底 + 磁盘扫描补登）,
S10,Table_S10e_pQTL_MR_Sensitivity.csv,02_SUPPLEMENTARY_TABLES/SUPPLEMENTARY_Tables_CSV,supplementary_table,canonical,none,Mitoxy-80_v1.0,m3pqtl_v1.0,10,1111,172ef95c72ec05f1a5ce6ac76c157a50fb58934871335b2c3bfd991724b0bff1,M2/M3/M4/P0-P2 与 2026-08-21 治理批次新增文件（v2.0 重建登记）,v2.0 重建（2026-08-21，v1.0 基底 + 磁盘扫描补登）,
S10,Table_S10f_SMR_HEIDI_GeneDetail.csv,02_SUPPLEMENTARY_TABLES/SUPPLEMENTARY_Tables_CSV,supplementary_table,canonical,none,Mitoxy-80_v1.0,m3smr_v1.0,378186,52585223,25ff81f459075922cec3bb9646f3ee973ffd3eb55a4e3405c0589e060c18ff02,M2/M3/M4/P0-P2 与 2026-08-21 治理批次新增文件（v2.0 重建登记）,v2.0 重建（2026-08-21，v1.0 基底 + 磁盘扫描补登）,
S10,Table_S10f_SMR_HEIDI_Results.csv,02_SUPPLEMENTARY_TABLES/SUPPLEMENTARY_Tables_CSV,supplementary_table,canonical,none,Mitoxy-80_v1.0,m3smr_v1.0,102,28604,539e5b32f24dd2d8a9266f37e49c4cb82971672d4d6ab81fff4dc7e13837f3f4,M2/M3/M4/P0-P2 与 2026-08-21 治理批次新增文件（v2.0 重建登记）,v2.0 重建（2026-08-21，v1.0 基底 + 磁盘扫描补登）,
S10,Table_S10g_TWAS_Results.csv,02_SUPPLEMENTARY_TABLES/SUPPLEMENTARY_Tables_CSV,supplementary_table,canonical,none,Mitoxy-80_v1.0,m3twas_v1.0,242,38402,31c9a772a36a1c266c7edac7b0bad7fe75ede3f78e6d7a11838202062cc5f99f,M2/M3/M4/P0-P2 与 2026-08-21 治理批次新增文件（v2.0 重建登记）,v2.0 重建（2026-08-21，v1.0 基底 + 磁盘扫描补登）,
S14,Table_S14i_SeismicGWAS_Spatial_CellType_Chain.csv,02_SUPPLEMENTARY_TABLES/SUPPLEMENTARY_Tables_CSV,supplementary_table,canonical,none,Mitoxy-80_v1.0,m3seis_v1.0,861,109893,cb04f84822045c694fcf155cb218ab1490377688e68edbb1b85f51cab18f1c47,M2/M3/M4/P0-P2 与 2026-08-21 治理批次新增文件（v2.0 重建登记）,v2.0 重建（2026-08-21，v1.0 基底 + 磁盘扫描补登）,
S29,Table_S29_M2_PerSample_Scores.csv,02_SUPPLEMENTARY_TABLES/SUPPLEMENTARY_Tables_CSV,supplementary_table,canonical,none,Mitoxy-80_v1.0,mdi_v1.0,4888,1658270,32d74566e7b1a9c8f8b54d550975861816265f85a182169c18aadb1b475b860e,M2/M3/M4/P0-P2 与 2026-08-21 治理批次新增文件（v2.0 重建登记）,v2.0 重建（2026-08-21，v1.0 基底 + 磁盘扫描补登）,
S30,Table_S30_M2_CrossDisease_Contrasts_Meta.csv,02_SUPPLEMENTARY_TABLES/SUPPLEMENTARY_Tables_CSV,supplementary_table,canonical,none,Mitoxy-80_v1.0,mdi_v1.0,24,5816,772dfe3c9b937143e0efa97095e3656a4345e1dae32713994831006f7d024c3c,M2/M3/M4/P0-P2 与 2026-08-21 治理批次新增文件（v2.0 重建登记）,v2.0 重建（2026-08-21，v1.0 基底 + 磁盘扫描补登）；2026-08-27 BH 勘误再生（bh 列复算，见 BH_misassignment_fix_and_audit_20260827.md）,
S31,Table_S31_M2_Outcome_Association.csv,02_SUPPLEMENTARY_TABLES/SUPPLEMENTARY_Tables_CSV,supplementary_table,canonical,none,Mitoxy-80_v1.0,mdi_v1.0,21,3147,c165a6d9136a8dd96ff1fe21b5b0c5af5542f0944f315d49bc897eaecc466d47,M2/M3/M4/P0-P2 与 2026-08-21 治理批次新增文件（v2.0 重建登记）,v2.0 重建（2026-08-21，v1.0 基底 + 磁盘扫描补登）,
S32,Table_S32a_M4_Protein_Transcript_Consistency.csv,02_SUPPLEMENTARY_TABLES/SUPPLEMENTARY_Tables_CSV,supplementary_table,canonical,none,Mitoxy-80_v1.0,m4px_v1.0,80,11728,0e605c628f4ebdd694cbae8d262c4ef2abaeef319808dc78a56ba84924ac49d2,M2/M3/M4/P0-P2 与 2026-08-21 治理批次新增文件（v2.0 重建登记）,v2.0 重建（2026-08-21，v1.0 基底 + 磁盘扫描补登）,
S32,Table_S32b_M4_Lung_Iron_Axis_Proteins.csv,02_SUPPLEMENTARY_TABLES/SUPPLEMENTARY_Tables_CSV,supplementary_table,canonical,none,Mitoxy-80_v1.0,m4px_v1.0,22,2524,ea05a457fa25dcea3632b8baa217718b76551106c098496540caed5dc16c19b6,M2/M3/M4/P0-P2 与 2026-08-21 治理批次新增文件（v2.0 重建登记）,v2.0 重建（2026-08-21，v1.0 基底 + 磁盘扫描补登）,
S32,Table_S32c_M4_Lipid_Class_Shift.csv,02_SUPPLEMENTARY_TABLES/SUPPLEMENTARY_Tables_CSV,supplementary_table,canonical,none,Mitoxy-80_v1.0,m4lipid_v1.0,33,5207,b282f77312dd6de96ff3379970dc2a9a549f1493cc8c26ff49043ece7a5cd845,M2/M3/M4/P0-P2 与 2026-08-21 治理批次新增文件（v2.0 重建登记）,v2.0 重建（2026-08-21，v1.0 基底 + 磁盘扫描补登）,
S32,Table_S32d_M4_Oxylipin_Proxy.csv,02_SUPPLEMENTARY_TABLES/SUPPLEMENTARY_Tables_CSV,supplementary_table,canonical,none,Mitoxy-80_v1.0,m4lipid_v1.0,3,423,7d2ba0ca36ae898551b0e87d1a7672d214eaf03ca717f88cf866b38eac883646,M2/M3/M4/P0-P2 与 2026-08-21 治理批次新增文件（v2.0 重建登记）,v2.0 重建（2026-08-21，v1.0 基底 + 磁盘扫描补登）,
S32,Table_S32e_M4_Subcellular_Annotation.csv,02_SUPPLEMENTARY_TABLES/SUPPLEMENTARY_Tables_CSV,supplementary_table,canonical,none,Mitoxy-80_v1.0,m4hpa_v1.1_human,80,16704,e80385581df82e46e5c6d4b18942716534a8d008d8e18bcc122c6dab1788f715,M2/M3/M4/P0-P2 与 2026-08-21 治理批次新增文件（v2.0 重建登记）,v2.0 重建（2026-08-21，v1.0 基底 + 磁盘扫描补登）；2026-09-20 M2 修复：UniProt 查询补 organism_id:9606（HPA 人源口径），并由 M4_HPA_localization_check.py 重新生成；上游臂 27/30→26/30；旧值 27/30 系 80 行中 32 行取到非人源 accession 所致,
S33,Table_S33_M4_GEM_Flux_Comparison.csv,02_SUPPLEMENTARY_TABLES/SUPPLEMENTARY_Tables_CSV,supplementary_table,canonical,none,Mitoxy-80_v1.0,m4gem_v1.1,38,4295,97a665ab40983213ce4cf1260ab780713e30738327dd258b430ceeb67009e742,M2/M3/M4/P0-P2 与 2026-08-21 治理批次新增文件（v2.0 重建登记）,v2.0 重建（2026-08-21，v1.0 基底 + 磁盘扫描补登）,
,WGCNA_v2_rerun.py,归档/01_第1轮R1批次/R1_algo_scripts,analysis_output,archived,none,NA,NA,,10695,4df892b8056fb621b813bfdce59de7e2601703ccf929c01fdd16454fad1e2a02,历史归档,,
,analysis_hdWGCNA.R,归档/01_第1轮R1批次/R1_algo_scripts,analysis_output,archived,none,NA,NA,,7968,330b7eb82e2b0da2502d135a946ceae825bd329337752e71cf09ac960dd931d5,历史归档,,
,analyze_cis.R,归档/01_第1轮R1批次/R1_numbered_scripts,analysis_output,archived,none,NA,NA,,1177,c898425f766f82d21d99a1852b9c677ae3c1acbbbb083976f4cd8032383da354,历史归档,,
,annotate_cell_types_lung_atlas.py,归档/01_第1轮R1批次/R1_algo_scripts,analysis_output,archived,none,NA,NA,,19992,06dc1d9dfa55134cc8a391715a0c9f9a48d57e41f3f4e6b5170e24416ed0d922,历史归档,,
,balf_cell_emb.csv,归档/01_第1轮R1批次/R1_artifacts/embeddings,analysis_output,archived,none,NA,NA,1000,9177858,472104f29f4c289f767b3be9dc3907654649d1d680274b7c3a2354a6772badf0,历史归档,,
,build_D1b_GSE32707.py,归档/01_第1轮R1批次/R1_algo_scripts,analysis_output,archived,none,NA,NA,,37456,d39e4fdc3da6f5a539a271c86ad53a3977a02db6e398c16ec4485355e46ded50,历史归档,,
,build_Table_S5.py,归档/01_第1轮R1批次/R1_algo_scripts,analysis_output,archived,none,NA,NA,,21704,d7051f94d9af4a18ca26174eadb6cac4138848e1253476d466fa93c7dc316e51,历史归档,,
,cache-02bfcd711592f6bd.arrow,归档/01_第1轮R1批次/R1_artifacts/tokenized_data,analysis_output,archived,none,NA,NA,,8448,817c6f8264e917f6cd44b6693ec14d8164b8149b49cce8938050fd6c7916002a,历史归档,,
,cell_composition_DA_15.1.py,归档/01_第1轮R1批次/R1_numbered_scripts,analysis_output,archived,none,NA,NA,,31323,545644608824a22eee4d1f3d4cb52d93b5bbb485d05b03ee5999a6b4167d6728,历史归档,,
,celloracle_grn_causal_perturbation.py,归档/01_第1轮R1批次/R1_algo_scripts,analysis_output,archived,none,NA,NA,,37572,e235737316e1a06dda7a029827faa516c9fc3b33e031e1f4b49fc0e28c94b858,历史归档,,
,celloracle_grn_enhanced.py,归档/01_第1轮R1批次/R1_algo_scripts,analysis_output,archived,none,NA,NA,,26708,767e32f93614e5694aa8ab9eefc6a107c3e7bf5eaea00a38f14b4bb8895d3236,历史归档,,
,check_genes.py,归档/01_第1轮R1批次/R1_algo_scripts,analysis_output,archived,none,NA,NA,,2000,2575ceb11995033444eb3f4451c73a111fd623d5869605379dd39ac5c3112bfb,历史归档,,
,coloc_rerun_s.R,归档/01_第1轮R1批次/R1_numbered_scripts,analysis_output,archived,none,NA,NA,,2417,f5ec437af08d0a14203055c07b699750e5f9fcc197f7f7da22ac87df2b4d0ce3,历史归档,,
,coloc_run.R,归档/01_第1轮R1批次/R1_numbered_scripts,analysis_output,archived,none,NA,NA,,4869,ea243ca976182c5da43f5a2732d7810974ce2f23df22ab990ed7601b0e50e3da,历史归档,,
,complete_table_s26.py,归档/01_第1轮R1批次/R1_algo_scripts,analysis_output,archived,none,NA,NA,,5456,8b632c542a0f4e7d43616470ad2bd9367d4ab28881eca290689bf1824e462064,历史归档,,
,compute_grimage_pyaging.py,归档/01_第1轮R1批次/R1_algo_scripts,analysis_output,archived,none,NA,NA,,4672,cb4cb868c6f035ca2f7e33e46dd41be3220712b2a3544bca949c9b770bf519f4,历史归档,,
,data-00000-of-00001.arrow,归档/01_第1轮R1批次/R1_artifacts/tokenized_data,analysis_output,archived,none,NA,NA,,6669400,6d53132a012a2dd36b9c1540f5474ba937487d6398fcb710aec2b3da292e37e4,历史归档,,
,dataset_info.json,归档/01_第1轮R1批次/R1_artifacts/tokenized_data,analysis_output,archived,none,NA,NA,,514,e93b90a3e7db4dec64ac848b95273b815ac61bc655b0eb01c5cc3e9b8d6a162e,历史归档,,
,diag_tokenize.py,归档/01_第1轮R1批次/R1_algo_scripts,analysis_output,archived,none,NA,NA,,4739,0d38418fdd41bc4ee25e9c97642e888f2094c2910f75fba6d968ffbbe7ee2ccc,历史归档,,
,epigenetic_clock_analysis.py,归档/01_第1轮R1批次/R1_algo_scripts,analysis_output,archived,none,NA,NA,,43394,e3955a02ea2d78e7a678851cd01e4fcef2678b4edcc385f48c8bbfd21b1521f2,历史归档,,
,epigenetic_clock_analysis_final.py,归档/01_第1轮R1批次/R1_algo_scripts,analysis_output,archived,none,NA,NA,,26083,08dd3f12290a79264ca0b229a74f7ac83c6b8d1a01358860603ede6dc02753b3,历史归档,,
,epigenetic_clock_analysis_v2.py,归档/01_第1轮R1批次/R1_algo_scripts,analysis_output,archived,none,NA,NA,,29467,e777d9afd187ce3d2ca9256159d6f60f13905fc964d21b14faa29cf129d1d6ac,历史归档,,
,export_anndata_for_R.py,归档/01_第1轮R1批次/R1_algo_scripts,analysis_output,archived,none,NA,NA,,2988,59cf77704804c185793f1fab735000463d702b79816aebfee1d876cd3c6ea498,历史归档,,
,export_beta_for_GrimAge.py,归档/01_第1轮R1批次/R1_algo_scripts,analysis_output,archived,none,NA,NA,,3788,9f9447d04fefef0f4e1abe95b85441bdc7fd6d043c8c162196b3ac67b16e827e,历史归档,,
,extract_BALF_counts.py,归档/01_第1轮R1批次/R1_algo_scripts,analysis_output,archived,none,NA,NA,,6939,89e265f702c649ef7936b62655d24b6c8d8f9b26ead9226a75358f3225b7fb41,历史归档,,
,fetch_eqtl_locus.py,归档/01_第1轮R1批次/R1_algo_scripts,analysis_output,archived,none,NA,NA,,2322,8e027776894bde41062d2e020bf10f782760e24f27e55085167af74c9956df53,历史归档,,
,final_update_all.py,归档/01_第1轮R1批次/R1_algo_scripts,analysis_output,archived,none,NA,NA,,21037,731f98e2b29d5d17e9825a20163c021f4537119266c5244ef4e4d8b08d0ff6c5,历史归档,,
,fix_S1_independent_scoring.py,归档/01_第1轮R1批次/R1_fix_N3,analysis_output,archived,none,NA,NA,,10929,3ae04b3b6a05d1297baec03756ad08f0fc1d04821d8018f688084247ec13c45b,历史归档,,
,fix_S1_v2.py,归档/01_第1轮R1批次/R1_fix_N3,analysis_output,archived,none,NA,NA,,4453,50dad31d4ed5427191f926d04fb1749547c8408320b0c2fe0110ace53a73fcbe,历史归档,,
,fix_S1_v3.py,归档/01_第1轮R1批次/R1_fix_N3,analysis_output,archived,none,NA,NA,,6807,4e123788f8edeb51a781fa2170c7a281972f528c08e24de5693f538afe608372,历史归档,,
,fix_S1_v4.py,归档/01_第1轮R1批次/R1_fix_N3,analysis_output,archived,none,NA,NA,,6819,e4b985f7ff90652bfd076fb22f7f641a581ffec452c5ec2645e622412cd55c1a,历史归档,,
,fix_S2_annotation.py,归档/01_第1轮R1批次/R1_fix_N3,analysis_output,archived,none,NA,NA,,8229,640ee2ce832da453abce29d8d28feb6b8896fc2b8280e8b2153a8cd182f94010,历史归档,,
,fix_deg_annotation.py,归档/01_第1轮R1批次/R1_fix_N3,analysis_output,archived,none,NA,NA,,10402,3c4a7e510ea925f26009245771ed6f1483166c4c8b9381cb131d3c6193245eeb,历史归档,,
,fix_fer1.py,归档/01_第1轮R1批次/R1_algo_scripts,analysis_output,archived,none,NA,NA,,7853,49b4b5cebd78db2131773ae10f741bd3e232e571f6636e0a0782a218b30b156e,历史归档,,
,fix_s26_gene_ranking.py,归档/01_第1轮R1批次/R1_fix_N3,analysis_output,archived,none,NA,NA,,4724,d0a9bd3ab0edbc935d15defc85dfd8b843eb9b6b0c58c4a21435b04025314add,历史归档,,
,fix_s29_rebuild.py,归档/01_第1轮R1批次/R1_fix_N3,analysis_output,archived,none,NA,NA,,18207,18e1106622b85997b0ebb2807a130292a68629cbec3236d7bcf26cf2dfe45dd0,历史归档,,
,fix_s2_deg_final.py,归档/01_第1轮R1批次/R1_fix_N3,analysis_output,archived,none,NA,NA,,9376,2cfe67c1b98d31b489eadd745b0ccac1d97f422a1ccd78168ecfaaa6ac3558d0,历史归档,,
,fix_s9_ml_model.py,归档/01_第1轮R1批次/R1_fix_N3,analysis_output,archived,none,NA,NA,,16805,e3ecbda553111afdab1789473c9c787725e2951e58f2c7d79f5282e14267ec9a,历史归档,,
,fix_s9_ml_model_v2.py,归档/01_第1轮R1批次/R1_fix_N3,analysis_output,archived,none,NA,NA,,21124,44a04d9c5528453e92403824c9fabf097664d92f806dd5a2d82e0294afbc7d86,历史归档,,
,fix_s9_ml_model_v3_honest.py,归档/01_第1轮R1批次/R1_fix_N3,analysis_output,archived,none,NA,NA,,22185,f014bdfd0a6aa249001cf0cd8b0733b2204c145525a7ac5001e3de68eb09a2a0,历史归档,,
,geneformer_autodl.py,归档/01_第1轮R1批次/R1_algo_scripts,analysis_output,archived,none,NA,NA,,48637,2a7d2d1740154da68fe58b9876c5d815d4aa2b8e43ce63cf63184048aeb5c61d,历史归档,,
,generate_figures_15.1.py,归档/01_第1轮R1批次/R1_numbered_scripts,analysis_output,archived,none,NA,NA,,15290,7e0adac6fde78b1ccb825200df32fbe42d5b0cd12a343069d007bcf38a8b206a,历史归档,,
,generate_final_report.py,归档/01_第1轮R1批次/R1_algo_scripts,analysis_output,archived,none,NA,NA,,6991,aa371d2d31d4c55c5bbfa7d4b760b1f2e7215387f2d41bc27924e4bc35078378,历史归档,,
,gtex_api_loc.json,归档/02_模块调试批次/M3_debug/_tmp_debug,analysis_output,archived,none,NA,NA,,542,c171697f7f646d4ad629f201685aba8708d85401b218e59a17e8a0bd42bb8cf1,历史归档,,
,gtex_api_loc2.json,归档/02_模块调试批次/M3_debug/_tmp_debug,analysis_output,archived,none,NA,NA,,288381,2a3ab54bc3ec1967110b2b874436b545b3c49f49ebff6cff9b16745c31a8b914,历史归档,,
,gtex_api_sod2.json,归档/02_模块调试批次/M3_debug/_tmp_debug,analysis_output,archived,none,NA,NA,,99,3690916b0493a2e8b5d3c37b97131d6e8759883d02f1f340b2cc6209b9de3631,历史归档,,
,gtex_api_sod2_v8.json,归档/02_模块调试批次/M3_debug/_tmp_debug,analysis_output,archived,none,NA,NA,,99,3690916b0493a2e8b5d3c37b97131d6e8759883d02f1f340b2cc6209b9de3631,历史归档,,
,gtex_api_test.json,归档/02_模块调试批次/M3_debug/_tmp_debug,analysis_output,archived,none,NA,NA,,31,83c09ba9a8daedb136f90b17a294caa90ad471a016e430df6e229acb5a81e100,历史归档,,
,gtex_api_test2.json,归档/02_模块调试批次/M3_debug/_tmp_debug,analysis_output,archived,none,NA,NA,,99,3690916b0493a2e8b5d3c37b97131d6e8759883d02f1f340b2cc6209b9de3631,历史归档,,
,gtex_bucket.html,归档/02_模块调试批次/M3_debug/_tmp_debug,analysis_output,archived,none,NA,NA,,0,e3b0c44298fc1c149afbf4c8996fb92427ae41e4649b934ca495991b7852b855,历史归档,,
,gtex_openapi.json,归档/02_模块调试批次/M3_debug/_tmp_debug,analysis_output,archived,none,NA,NA,,179723,5cc28ae92cc01c2fcf6c553b3faf3b5b8700bf85b659505538397311a2667dbd,历史归档,,
,in_silico_delete_balf_KO_FTL_cell_embs_dict_[1711]_raw.pickle,归档/01_第1轮R1批次/R1_artifacts/perturb_results,analysis_output,archived,none,NA,NA,,8961,822a7165472891fb2dc67e7b469e70473155ea4789453c3170be58e9973d6952,历史归档,,
,in_silico_delete_balf_KO_GPX4_cell_embs_dict_[11888]_raw.pickle,归档/01_第1轮R1批次/R1_artifacts/perturb_results,analysis_output,archived,none,NA,NA,,5901,47ac6469e480f8bb12b3885207abad54f41da438611cce7f3dbac528afd8ff3a,历史归档,,
,in_silico_delete_balf_KO_SLC40A1_cell_embs_dict_[7564]_raw.pickle,归档/01_第1轮R1批次/R1_artifacts/perturb_results,analysis_output,archived,none,NA,NA,,186,1c9f4cd0e5af87c2e4db9c9c1ea49cb012456283991d541ab8f556838f7aafae,历史归档,,
,in_silico_delete_balf_KO_VDAC1_cell_embs_dict_[17573]_raw.pickle,归档/01_第1轮R1批次/R1_artifacts/perturb_results,analysis_output,archived,none,NA,NA,,3750,02ed1aafb21f6c38004a94e522ad8308a79b0505d7d27b617438035a4aed1079,历史归档,,
,in_silico_overexpress_balf_OE_CANX_cell_embs_dict_[5809]_raw.pickle,归档/01_第1轮R1批次/R1_artifacts/perturb_results,analysis_output,archived,none,NA,NA,,9087,db450f746ac3f0c921f7a40d858b3ee7a6acab676566c9542a0817e76378b6d6,历史归档,,
,in_silico_overexpress_balf_OE_FTL_cell_embs_dict_[1711]_raw.pickle,归档/01_第1轮R1批次/R1_artifacts/perturb_results,analysis_output,archived,none,NA,NA,,9087,380b278b5aec6603d763239f1e2eb75cc04f190b3f2b5e768749453334d88aa5,历史归档,,
,in_silico_overexpress_balf_OE_GPX4_cell_embs_dict_[11888]_raw.pickle,归档/01_第1轮R1批次/R1_artifacts/perturb_results,analysis_output,archived,none,NA,NA,,9087,c6a2432e9b4173c5e0712bbd9e2c5f1f9327aaf9ddc5bd557cf49f2e92bccbd5,历史归档,,
,in_silico_overexpress_balf_OE_SLC40A1_cell_embs_dict_[7564]_raw.pickle,归档/01_第1轮R1批次/R1_artifacts/perturb_results,analysis_output,archived,none,NA,NA,,9087,1b35f6dde1e570328e0f7719c6381efa30e76f02a1f0673a0db1f77f498ec5f5,历史归档,,
,in_silico_overexpress_balf_OE_VDAC1_cell_embs_dict_[17573]_raw.pickle,归档/01_第1轮R1批次/R1_artifacts/perturb_results,analysis_output,archived,none,NA,NA,,9087,6d48c4cb089430791de4050bd6bfc7a04fdc184b633682e8ede961ba654be648,历史归档,,
,inspect_pickle.py,归档/01_第1轮R1批次/R1_algo_scripts,analysis_output,archived,none,NA,NA,,1670,0000bc6e9f5695d460c90afbc2eef8d79989178aaf25d5a52f3f610e27bae6ff,历史归档,,
,m3_append_n4.py,归档/02_模块调试批次/M3_debug/_tmp_debug,analysis_output,archived,none,NA,NA,,3430,865fa9f7968559331c66a310aca986600ec4b53440fd5ca6ca43ac3f3ad3aa9b,历史归档,,
,m3_check_decode_build.py,归档/02_模块调试批次/M3_debug/_tmp_debug,analysis_output,archived,none,NA,NA,,806,ec3bf81877b11e053dd05b3b26621300b824bb7cbb7f5d90f966932fa3ba19cb,历史归档,,
,m3_check_decode_build2.py,归档/02_模块调试批次/M3_debug/_tmp_debug,analysis_output,archived,none,NA,NA,,1335,317afc2d33afc565bf7e2090d1c4d3d9bd2637ed695a48bf8efa2ed7dfc05660,历史归档,,
,m3_check_finngen_rsids.py,归档/02_模块调试批次/M3_debug/_tmp_debug,analysis_output,archived,none,NA,NA,,660,e837ad03d61cb3affd7be5f09fd0a84219d0a7ca15430da5dd410a4d84c68783,历史归档,,
,m3_check_gtex_complete.py,归档/02_模块调试批次/M3_debug/_tmp_debug,analysis_output,archived,none,NA,NA,,571,559eae138ed16627bc48e6d05a3da7ec9a0d369686467815d709bd85fe6649e4,历史归档,,
,m3_check_lung_genes.py,归档/02_模块调试批次/M3_debug/_tmp_debug,analysis_output,archived,none,NA,NA,,341,14034608c1326ad3de1bac058dc5082ca96458fec805688b91620bb794493a55,历史归档,,
,m3_check_m1_h5ad.py,归档/02_模块调试批次/M3_debug/_tmp_debug,analysis_output,archived,none,NA,NA,,726,56a6e45266597d9b5b67631076d9d288a7505565e2b671a56ae1297c130c1253,历史归档,,
,m3_check_scored_h5ad.py,归档/02_模块调试批次/M3_debug/_tmp_debug,analysis_output,archived,none,NA,NA,,492,722a88d60e61eb81b60ac5ce6fd57a19d736b055f0e5900e4ddce0fbe3be1334,历史归档,,
,m3_check_slc7a11_locus.py,归档/02_模块调试批次/M3_debug/_tmp_debug,analysis_output,archived,none,NA,NA,,1415,0282836e3eb1e6e00b6657b4ca185584683a7fb10603a5475319347399b11195,历史归档,,
,m3_check_top1.R,归档/02_模块调试批次/M3_debug/_tmp_debug,analysis_output,archived,none,NA,NA,,504,f6ef6d2deba887d3e842de1e1a38e209c58f0e88edab35e962bb99985866ad1f,历史归档,,
,m3_check_twas_corroboration.py,归档/02_模块调试批次/M3_debug/_tmp_debug,analysis_output,archived,none,NA,NA,,413,fafc4385ecb67a2d31dad11b188a349b9b2574b616ac1ee500255d7909a6a319,历史归档,,
,m3_check_twas_gene.py,归档/02_模块调试批次/M3_debug/_tmp_debug,analysis_output,archived,none,NA,NA,,836,aa18b3d6c753d18a273830fe70df35f6dd8d9d45bda1136f3faa6bc1547bbc61,历史归档,,
,m3_check_weights_csv.py,归档/02_模块调试批次/M3_debug/_tmp_debug,analysis_output,archived,none,NA,NA,,605,a84ede920e040bc0a0d9871d79671971257936443e3c5cdf15ad4694a0df5303,历史归档,,
,m3_check_wgt_build.R,归档/02_模块调试批次/M3_debug/_tmp_debug,analysis_output,archived,none,NA,NA,,260,3797046d007c125a0fb05b9652293c069f61a36ea30bf60efe8a3d6db0fc146f,历史归档,,
,m3_collect_numbers.py,归档/02_模块调试批次/M3_debug/_tmp_debug,analysis_output,archived,none,NA,NA,,1465,b4393ace7f51a9aa63c1745212ac8b8f9a7d4aa0bc27db9733530f4d34e804d0,历史归档,,
,m3_debug_gtex_regions.py,归档/02_模块调试批次/M3_debug/_tmp_debug,analysis_output,archived,none,NA,NA,,704,d5ab058b33b36a3f2816880278825ee90910e9deb6d52713c0eeaebd6e2626f6,历史归档,,
,m3_debug_list.R,归档/02_模块调试批次/M3_debug/_tmp_debug,analysis_output,archived,none,NA,NA,,283,123a3a44f382553f2d75c3f62190cd7d76008c7ec71d4f4b0bd38018b638cc11,历史归档,,
,m3_debug_list2.R,归档/02_模块调试批次/M3_debug/_tmp_debug,analysis_output,archived,none,NA,NA,,305,3e52ac206a699a267bd40385a55b852d1a8d2e5061dd85310c24568ebec2b05f,历史归档,,
,m3_debug_slc7a11_api.py,归档/02_模块调试批次/M3_debug/_tmp_debug,analysis_output,archived,none,NA,NA,,1223,9b6fcd48de460c4123eb6e78c379b41283562386a4c21c77e020fe7d076ed783,历史归档,,
,m3_debug_slc7a11_raw.py,归档/02_模块调试批次/M3_debug/_tmp_debug,analysis_output,archived,none,NA,NA,,521,3c6181a42b167b5a265a8a144037c0fcc4c014f84f79ca383832c6621db5b666,历史归档,,
,m3_debug_smr_sources.py,归档/02_模块调试批次/M3_debug/_tmp_debug,analysis_output,archived,none,NA,NA,,1699,c02813c161e9accd92a3536d9d31a2313a7e8e9a4c2e9d1a6de8b977fb96b517,历史归档,,
,m3_decode_rs76604555.py,归档/02_模块调试批次/M3_debug/_tmp_debug,analysis_output,archived,none,NA,NA,,746,157cfb11dfdb9cd3990c85ffae92749f759a3bbd063d3d7e8496f8bbb0e8c5cf,历史归档,,
,m3_extract_ukbppp.py,归档/02_模块调试批次/M3_debug/_tmp_debug,analysis_output,archived,none,NA,NA,,1920,05cf169363b523be472a1e811538b8680a29a226a0023e580eced00a6616d502,历史归档,,
,m3_fetch_gwasinfo.ps1,归档/02_模块调试批次/M3_debug/_tmp_debug,analysis_output,archived,none,NA,NA,,491,c028cc7f0fc6e393edb0c6f644f262193b575099e1eb3a7d168d4c7023f48333,历史归档,,
,m3_final_smr_check.py,归档/02_模块调试批次/M3_debug/_tmp_debug,analysis_output,archived,none,NA,NA,,654,ebee1842d526845e1c1eadd8e880685fbe5d32addb24f08d4a10cd57fa95606e,历史归档,,
,m3_gtex_api_spec.py,归档/02_模块调试批次/M3_debug/_tmp_debug,analysis_output,archived,none,NA,NA,,540,5bbc8aaa4be6813a9b0b03bc90236af1fc90776d5d449530fe021adc28af48b4,历史归档,,
,m3_inspect_st15_16.py,归档/02_模块调试批次/M3_debug/_tmp_debug,analysis_output,archived,none,NA,NA,,421,a29b90ff4115d5147711673a024bb71057c3d254093ef2fc0fa2f7590d2ad30d,历史归档,,
,m3_inspect_ukbppp.py,归档/02_模块调试批次/M3_debug/_tmp_debug,analysis_output,archived,none,NA,NA,,445,8903309ce42ad2a648f9d9dfdf77f2d98eb635975c07fb76eeb4a8857964cc97,历史归档,,
,m3_inspect_wgt.R,归档/02_模块调试批次/M3_debug/_tmp_debug,analysis_output,archived,none,NA,NA,,688,c0b235f37177e42be405afc9ac05509eae7a9003ea4ce5243b9788db0db31a49,历史归档,,
,m3_inspect_wgt2.R,归档/02_模块调试批次/M3_debug/_tmp_debug,analysis_output,archived,none,NA,NA,,500,b3f364de694b9d43f6a5206465c615920127d23397d609b4f840732a9a339626,历史归档,,
,m3_itpr1_locus.py,归档/02_模块调试批次/M3_debug/_tmp_debug,analysis_output,archived,none,NA,NA,,1532,1b44f8af4816397584b5d4ac8e7ad4d06d8b055ebad950c32bda778b365be994,历史归档,,
,m3_list_wgt.R,归档/02_模块调试批次/M3_debug/_tmp_debug,analysis_output,archived,none,NA,NA,,776,a88241afc8e1065bb5460cc468e243b0a6b7708853a6a206a46e02ca9c7dea61,历史归档,,
,m3_list_wgt2.R,归档/02_模块调试批次/M3_debug/_tmp_debug,analysis_output,archived,none,NA,NA,,906,1506e4a395310f785f157bc23e1c64faa8cc334d99eefe14981a83c2b5e87a4f,历史归档,,
,m3_manifest_check.py,归档/02_模块调试批次/M3_debug/_tmp_debug,analysis_output,archived,none,NA,NA,,433,1e34a4d5d9e5ccddf1f8840801ca6868e06b850bed41b76718ffed294981f451,历史归档,,
,m3_raw_lines.py,归档/02_模块调试批次/M3_debug/_tmp_debug,analysis_output,archived,none,NA,NA,,392,8859b0857fea373833d93eefbcd0d82486174f0a9b7168dcc41890eb0561a5d9,历史归档,,
,m3_run_judgment.py,归档/02_模块调试批次/M3_debug/_tmp_debug,analysis_output,archived,none,NA,NA,,273,c35e9d0f02cb178f928bf115f4f819716c21ec1b3de7be2e6c89390d2b43e012,历史归档,,
,m3_swagger_details.ps1,归档/02_模块调试批次/M3_debug/_tmp_debug,analysis_output,archived,none,NA,NA,,316,5704dacfd91fd15c2145d8595620f3092ee71424e7d16a8c488c383c9da3de32,历史归档,,
,m3_ukbppp_8gene_pqtl.csv,归档/02_模块调试批次/M3_debug/_tmp_debug,analysis_output,archived,none,NA,NA,29,3638,d25a02b2c1b63ac4df86a36287187741734ff70ef91ca6cfb3ac8e8a8e0ddde8,历史归档,,
,m3_verify_manifest.py,归档/02_模块调试批次/M3_debug/_tmp_debug,analysis_output,archived,none,NA,NA,,584,c7e5a2cc3d0bb795e5f1e6bf1dde88a832705defbba2c31996d7f72c7b067226,历史归档,,
,m3_verify_md.py,归档/02_模块调试批次/M3_debug/_tmp_debug,analysis_output,archived,none,NA,NA,,433,7efee1ac30396ae0d0b17017cbbafd481af4fbab91a36b6cd49eb1350228c2ee,历史归档,,
,pip_freeze_pyaging_venv_20260821.txt,04_AUDIT_GOVERNANCE,analysis_output,canonical,none,NA,NA,,3230,c65aa9f27af4c47e73439e9d284e7ab46b55ee7ea499cb6b62e15068a603a351,M2/M3/M4/P0-P2 与 2026-08-21 治理批次新增文件（v2.0 重建登记）,v2.0 重建（2026-08-21，v1.0 基底 + 磁盘扫描补登）,
,pip_freeze_spatial_venv_20260821.txt,04_AUDIT_GOVERNANCE,analysis_output,canonical,none,NA,NA,,1218,e186367a4bc61f19e54b7f94c9abca43d236f217a6d4f9fd99efb385524d337b,M2/M3/M4/P0-P2 与 2026-08-21 治理批次新增文件（v2.0 重建登记）,v2.0 重建（2026-08-21，v1.0 基底 + 磁盘扫描补登）,
,radiomics_fix_correlation.py,归档/01_第1轮R1批次/R1_numbered_scripts,analysis_output,archived,none,NA,NA,,8462,f616c5117008147e2b6a0352b2ddb85db7b8f4f56c8ff402b90889a449e1f6fb,历史归档,,
,radiomics_imaging_genomics_24.1.py,归档/01_第1轮R1批次/R1_numbered_scripts,analysis_output,archived,none,NA,NA,,72098,404a9b3ef48091502b7612d17b7c6f2b5d24da09b11e0aecde44c3f62959e49d,历史归档,,
,radiomics_v2_real_data.py,归档/01_第1轮R1批次/R1_numbered_scripts,analysis_output,archived,none,NA,NA,,31757,86c246c2d13ad3a186a5119bf1a486dce5975905f1b449bbbe04b549e49c99ab,历史归档,,
,regenerate_figures_17.py,归档/01_第1轮R1批次/R1_numbered_scripts,analysis_output,archived,none,NA,NA,,13448,541954523bf12933d493842bc86e56dc89019f034395113b72092c4699eb4800,历史归档,,
,rescore_mitoxy_80gene_aucell.py,归档/01_第1轮R1批次/R1_algo_scripts,analysis_output,archived,none,NA,NA,,10929,b12d221ad094a34661b7e665e02b234c261923731c6079e8dd469bea0c7ee9e2,历史归档,,
,run_docking.py,归档/01_第1轮R1批次/R1_algo_scripts,analysis_output,archived,none,NA,NA,,37393,ce446b003346aa726222e6674338a1155f796bc0ff0af0889650ca886782b197,历史归档,,
,run_mitoxy_atac_analysis.py,归档/01_第1轮R1批次/R1_algo_scripts,analysis_output,archived,none,NA,NA,,16305,de6aa0ffe8a9e26f57857423156aad52ee65fb67a3d5b6c9be86efa336b09e69,历史归档,,
,run_mitoxy_cluster_crossval.py,归档/01_第1轮R1批次/R1_algo_scripts,analysis_output,archived,none,NA,NA,,17286,f2b1826a555dae0f8d9dd3c777a771143f7f8a9a80fd86703f2457d18f8e2e3b,历史归档,,
,run_mitoxy_final_synthesis.py,归档/01_第1轮R1批次/R1_algo_scripts,analysis_output,archived,none,NA,NA,,15115,3242fec7cc90e8ce7707dcc3b5f0a8850188463e59fd22f7523a0b9ba25d93b4,历史归档,,
,run_mofa_multiview_analysis.py,归档/01_第1轮R1批次/R1_algo_scripts,analysis_output,archived,none,NA,NA,,25910,348ed470892bd7f531a629a2bb823a57815bb6b13875c37878804a3765793b3f,历史归档,,
,run_mofa_supplementary.py,归档/01_第1轮R1批次/R1_algo_scripts,analysis_output,archived,none,NA,NA,,21194,9620d90f95dddca9eb9e040c5a51f7b48dab2517dbee21ebfa7e83bca5a3d3c3,历史归档,,
,run_scATAC_SCENIC_joint_27.1.py,归档/01_第1轮R1批次/R1_numbered_scripts,analysis_output,archived,none,NA,NA,,45296,8b3bca0295777aff2fefffc36b34b74b3cabd55f4506ff984077bc77bcdf536d,历史归档,,
,run_scATAC_analysis.py,归档/01_第1轮R1批次/R1_algo_scripts,analysis_output,archived,none,NA,NA,,22357,7b5ec40f66cbf7cf13e2e6c1649c96085c5aaf056c5176848f61df0149d15fd6,历史归档,,
,run_seismicgwas_v3_final.py,归档/01_第1轮R1批次/R1_algo_scripts,analysis_output,archived,none,NA,NA,,22746,b76dfd2c87efc3416226b71f84f650b2634537fd63f8403c541cad594e607fe5,历史归档,,
,scFOCAL_S22_analysis.R,归档/01_第1轮R1批次/R1_numbered_scripts,analysis_output,archived,none,NA,NA,,13098,011353cb048e588750ba9ab64724015dadc6511439b1bf7dec345c90bacb6821,历史归档,,
,scFOCAL_S22_python.py,归档/01_第1轮R1批次/R1_numbered_scripts,analysis_output,archived,none,NA,NA,,23099,04f34daefd8dbc4deea2a70721ac11a270e1425128ed140c173f2858f9dab868,历史归档,,
,scTenifoldKnk_Mitoxyperilysis_Analysis.py,归档/01_第1轮R1批次/R1_algo_scripts,analysis_output,archived,none,NA,NA,,35548,1da78623255f6d806103442c2403734f276a26ca0e8c876fc1da2d239244d982,历史归档,,
,section_5_draft.md,归档/01_第1轮R1批次/R1_docs,analysis_output,archived,none,NA,NA,,3640,3aeba4695c7ad5dd33e603ae322d89e913dda525e435b37ad22187b0c4367394,历史归档,,
,smr_lite_dir.html,归档/02_模块调试批次/M3_debug/_tmp_debug,analysis_output,archived,none,NA,NA,,400,81afbf5e63ba1e68660c8355f80caf2e6123039dcd8a7a0b740f569b49a7b2c0,历史归档,,
,smr_page.html,归档/02_模块调试批次/M3_debug/_tmp_debug,analysis_output,archived,none,NA,NA,,123080,cbd11d62d43be4738fbf08801b4f46ceb5df57b3267b577fe841f17214b33cc5,历史归档,,
,state.json,归档/01_第1轮R1批次/R1_artifacts/tokenized_data,analysis_output,archived,none,NA,NA,,247,fc54e824f65943e5e3ae4f27e89e5e9e6c5a2b5e9f08f16681c6649a455c5943,历史归档,,
,tf_footprint_planB.py,归档/01_第1轮R1批次/R1_algo_scripts,analysis_output,archived,none,NA,NA,,35111,ff70a1d391b016e0467008452f6d760bacfa0136764523eb6639abce1f1d776e,历史归档,,
,twmr_finngen_cis.R,归档/01_第1轮R1批次/R1_numbered_scripts,analysis_output,archived,none,NA,NA,,5570,ec22dadc0f8f7eef4d40261bb21fada30ffc42dd0bd649b09eb8ae3c067a524c,历史归档,,
,twmr_sepsis_cis.R,归档/01_第1轮R1批次/R1_numbered_scripts,analysis_output,archived,none,NA,NA,,5528,20a953d19e400e9c37386260e683ae90168c6a5103acbbd35b032b022b9a817a,历史归档,,
,verify_sources.py,归档/01_第1轮R1批次/R1_algo_scripts,analysis_output,archived,none,NA,NA,,4779,ba8394980126edae7ef7726bc4f968f5c6bc8df487aaae411becdab190b8a6d0,历史归档,,
,virtual_drug_screening_21.1.py,归档/01_第1轮R1批次/R1_numbered_scripts,analysis_output,archived,none,NA,NA,,88532,7f11aada56174dfdc566f6c09d9ea67cd947f0c12b363dd38a558757195e71e8,历史归档,,
,P0_Execution_Completion_Report_20260821.md,04_AUDIT_GOVERNANCE,governance,canonical,none,,,,6956,e193e7ed268489f694ec2fcba724fa8c3864c0e43770be1b51234ae4c5ab3551,分析计划执行完成状态总报告（2026-08-21；Phase 0-2 完成 / Phase 3-4 湿实验边界声明）,,
,_verify_task10_ms_renumber.py,归档/02_模块调试批次/M1_check_debug,analysis_output,archived,none,NA,NA,,1150,b8a2fd61105e5bbd4c8fd41f877e7d916d0b132bb1c195cd7948cd881bb82a8d,任务10 旧编号改写残留核查脚本（2026-08-21 归档）,,
,P0_GSE212865_MixedModel_Report.md,04_AUDIT_GOVERNANCE,governance,canonical,none,,,46.0,2634,5428adc09a07bdad584fdde51d9f768836d4126a3d830d3e10aed3c44f214f2f,§3.1 问题表#6 补算：GSE212865 患者随机截距混合模型敏感性（全时点 85 obs/68 患者；与基线化口径方向一致，EIS/MDI 负向更强）,,
S34,Table_S34_FiveDim_Orthogonality_Tests.csv,02_SUPPLEMENTARY_TABLES/SUPPLEMENTARY_Tables_CSV,supplementary_table,canonical,none,Mitoxy-80_v1.0,bridge_v2,39,3801,2c2398856e1deb1763feedf9bb233e12357babb8a27587e879414cc86743c49d,§3.1 问题表#9 补算：五维正交性检验四面板（维度相关矩阵/留一维/尺寸匹配置换/缺失敏感性）,,
,P0_FiveDim_Orthogonality_Report.md,04_AUDIT_GOVERNANCE,governance,canonical,none,,,21.0,1155,8ae5124bdc798a03a71ed98a4e031d155f8ea84f6a40b5ccca397954ddff0662,§3.1 问题表#9 补算：五维正交性检验报告（铁/MAM 富集 p≤0.002、执行侧贫乏 p≤0.025、上游差值 p=0.0001）,,
,GSE235046_GSM_YW_Mapping_Report_20260823.md,04_AUDIT_GOVERNANCE,governance,canonical,none,,,40.0,3535,528bae9ddfdbada9a55cf8ed5537ba80ab5d73b317f1274b31605052ab07f814,"§七残留项:GSE235046 GSM↔YW 逐样本映射核验(15=15 审计""18列""系误计)",2026-08-23 审计§五/§七重整批示批次,
,RAW_DATA_DOWNLOAD_SHA256_20260823.csv,04_AUDIT_GOVERNANCE,analysis_output,canonical,none,NA,NA,8,1968,7ac9009701996553f572ea613812669394670d2de5de33ae7df70789adcd867b,§8.3 原始数据下载校验和固化(GSE235046×4+ST002738×4 事后固化),2026-08-23 审计§五/§七重整批示批次,
,R_sessionInfo_20260823.txt,04_AUDIT_GOVERNANCE,analysis_output,canonical,none,NA,NA,58.0,1748,05a616d87997ce20f91ac598190053098424ebd3e021452f0ec6a6604e3c32ce,"§8.3 软件快照补录:R 4.6.0 双库 sessionInfo(""本机无R""误判纠正)",2026-08-23 审计§五/§七重整批示批次,
S35,Table_S35_M14_IIAMD_Core_v1.0.csv,02_SUPPLEMENTARY_TABLES/SUPPLEMENTARY_Tables_CSV,supplementary_table,canonical,none,NA,NA,1899,657383,cb94b09393bc80a0e8386b6a772445443d8ee7708ce66d3c7655beecbdc31e88,M14 腿2 IIAMD core v1.0 清单（687 up/1212 dn，效应量阈值版）,2026-08-27 收口批次补登（前瞻注册 osf.io/3y2rb；S76–S82 为第二次独立注册批次）,
S36,Table_S36_M14_Gate2_Core_Rerun_ThreeLayers.csv,02_SUPPLEMENTARY_TABLES/SUPPLEMENTARY_Tables_CSV,supplementary_table,canonical,none,NA,NA,90,14381,4df0d75b9ac8d420b1a14a0487c70a5b116b6752d31d3b7cb996cd796d45d85a,M14 腿2 Gate 2 core 版三层重跑（GSE32707/GSE185263/scRNA 供者级）,2026-08-27 收口批次补登（前瞻注册 osf.io/3y2rb；S76–S82 为第二次独立注册批次）,
S37,Table_S37_M10A_Deconvolution_Proportions.csv,02_SUPPLEMENTARY_TABLES/SUPPLEMENTARY_Tables_CSV,supplementary_table,canonical,none,NA,NA,19008,5027040,62d2f98825aa047c5704f3605ea46c8e3c480ba1ebc351e5bf9aa7d30f74400e,M10 检验A 四套反卷积比例（Monaco29/ABIS17 × NNLS/OLS-CLS）,2026-08-27 收口批次补登（前瞻注册 osf.io/3y2rb；S76–S82 为第二次独立注册批次）,
S38,Table_S38_M10A_R2_AllMethods.csv,02_SUPPLEMENTARY_TABLES/SUPPLEMENTARY_Tables_CSV,supplementary_table,canonical,none,NA,NA,72,5072,55d99085356d3610ea22269cec0172ea4daad4f84d2031e76f123aea5236b165,M10 检验A 逐队列 R²（四套口径）,2026-08-27 收口批次补登（前瞻注册 osf.io/3y2rb；S76–S82 为第二次独立注册批次）,
S38,Table_S38b_M10A_R2_Merged.csv,02_SUPPLEMENTARY_TABLES/SUPPLEMENTARY_Tables_CSV,supplementary_table,canonical,none,NA,NA,3,257,6382e59fc6f49e024cd9f8b102b2b838c0f3e5d1785aa2aeabd89ff92b84ff18,M10 检验A 合并样本 R²,2026-08-27 收口批次补登（前瞻注册 osf.io/3y2rb；S76–S82 为第二次独立注册批次）,
S38,Table_S38c_M10A_Proportion_CrossReference.csv,02_SUPPLEMENTARY_TABLES/SUPPLEMENTARY_Tables_CSV,supplementary_table,canonical,none,NA,NA,6,615,e8ecfd432d48e9890586dd36bedae4e21c4da0d5c2b00850ca425af5071c870e,M10 两参考谱比例交叉验证（中位 r 0.327–0.906）,2026-08-27 收口批次补登（前瞻注册 osf.io/3y2rb；S76–S82 为第二次独立注册批次）,
S39,Table_S39_M10A_Residual_LayerEffects.csv,02_SUPPLEMENTARY_TABLES/SUPPLEMENTARY_Tables_CSV,supplementary_table,canonical,none,NA,NA,16,1922,69a9a7a8b2a0787af74bb1b2ea992134b8244a363fcb51d7f6c653a315759015,M10 检验A 残差 MDI k=16 层效应（合并 g=+0.588 单侧 p=0.014）,2026-08-27 收口批次补登（前瞻注册 osf.io/3y2rb；S76–S82 为第二次独立注册批次）,
S39,Table_S39b_M10A_Residual_Meta_LOSO.csv,02_SUPPLEMENTARY_TABLES/SUPPLEMENTARY_Tables_CSV,supplementary_table,canonical,none,NA,NA,16,805,ebcfeb214ca3138fe475948de342a71470b391303deda26fd52493b7e2aaf30c,M10 残差 meta 合并+LOSO（16/16 方向稳定）,2026-08-27 收口批次补登（前瞻注册 osf.io/3y2rb；S76–S82 为第二次独立注册批次）,
S40,Table_S40_M10B_Donor_Arm_Scores.csv,02_SUPPLEMENTARY_TABLES/SUPPLEMENTARY_Tables_CSV,supplementary_table,canonical,none,NA,NA,672,111638,36e8d026652a9515043d4a8238255e4aacc1e3416e15483300afe5a1c3df196c,M10 检验B 供者级臂评分（cell type × donor pseudobulk）,2026-08-27 收口批次补登（前瞻注册 osf.io/3y2rb；S76–S82 为第二次独立注册批次）,
S40,Table_S40b_M10B_Donor_Arm_Tests.csv,02_SUPPLEMENTARY_TABLES/SUPPLEMENTARY_Tables_CSV,supplementary_table,canonical,none,NA,NA,56,5389,21cc97f7e49f0a415d68ce839ef3a32f96ab4e09acb3ada17a1d53e597b6166b,M10 检验B 供者级检验（4 队列单核/巨噬 UCS 合并 g=−1.003）,2026-08-27 收口批次补登（前瞻注册 osf.io/3y2rb；S76–S82 为第二次独立注册批次）,
S40,Table_S40c_M10B_Myeloid_UCS_Layers.csv,02_SUPPLEMENTARY_TABLES/SUPPLEMENTARY_Tables_CSV,supplementary_table,canonical,none,NA,NA,7,550,57628f6b4329676d84a7660c5403563ca9c23febcfb5838ddf884a4845887e44,M10 检验B 髓系 UCS 层效应（含中性粒对照层）,2026-08-27 收口批次补登（前瞻注册 osf.io/3y2rb；S76–S82 为第二次独立注册批次）,
S40,Table_S40d_M10B_Myeloid_UCS_Meta.csv,02_SUPPLEMENTARY_TABLES/SUPPLEMENTARY_Tables_CSV,supplementary_table,canonical,none,NA,NA,1,261,ef070a6b5d8292c32067a0e09f1564ee67e2723036917fa7cc76d110b1b3e3ae,M10 检验B 髓系 UCS meta 合并（I²=0%）,2026-08-27 收口批次补登（前瞻注册 osf.io/3y2rb；S76–S82 为第二次独立注册批次）,
S41,Table_S41_M13_Signature_Catalog.csv,02_SUPPLEMENTARY_TABLES/SUPPLEMENTARY_Tables_CSV,supplementary_table,canonical,none,NA,NA,249,54279,aefbf45146764404dff5a8a59e19bbfad57ff8bb2dec6f82f654d872e22f0f0d,M13 签名混淆度目录（MSigDB v7.5.1 249 个 PCD/线粒体签名）,2026-08-27 收口批次补登（前瞻注册 osf.io/3y2rb；S76–S82 为第二次独立注册批次）,
S42,Table_S42a_M13_NullModel_10000.csv.gz,02_SUPPLEMENTARY_TABLES/SUPPLEMENTARY_Tables_CSV,supplementary_report,canonical,none,,,10000.0,131839,28cfb61f8a1262e3c4625097073e26ec8cb4a88858856b656385aecff7067276,M13 零模型 B=10,000 表达量匹配随机集,2026-08-27 收口批次补登（前瞻注册 osf.io/3y2rb；S76–S82 为第二次独立注册批次）
S42,Table_S42b_M13_NullModel_Summary.csv,02_SUPPLEMENTARY_TABLES/SUPPLEMENTARY_Tables_CSV,supplementary_table,canonical,none,NA,NA,3,429,f73a884fa31a00a208e6fb9c3b7ddf092a6a767a96b7320f3c0096ec8801f6c5,M13 零模型汇总（髓系占比 β 校准经验 p=0.0005）,2026-08-27 收口批次补登（前瞻注册 osf.io/3y2rb；S76–S82 为第二次独立注册批次）,
S42,Table_S42c_M13_ReverseAudit.csv,02_SUPPLEMENTARY_TABLES/SUPPLEMENTARY_Tables_CSV,supplementary_table,canonical,none,NA,NA,13,1198,e61ee18a1333a7473c50ed923b86ae3c0fc61b08579ac6c3849f4e3ca3fd2d76,M13 反向审计（黑色素瘤策展集 vs IIAMD v1.0；CRC 不可执行留痕行）,2026-08-27 收口批次补登（前瞻注册 osf.io/3y2rb；S76–S82 为第二次独立注册批次）；2026-08-27 追加 CRC not_executable 闭环行（见 M13_reverse_audit_CRC_closure_20260827.md）,
S43,Table_S43_M10C_Compartment_Contrasts.csv,02_SUPPLEMENTARY_TABLES/SUPPLEMENTARY_Tables_CSV,supplementary_table,canonical,none,NA,NA,7,1290,0a709d0507a9da4f056404572aae81beeb44acb3b2937e0cb3410f55f8324d89,M10 检验C 区室对照（痰/血、TA/PBMC、BALF/PBMC；Visium 引用 S55b）,2026-08-27 收口批次补登（前瞻注册 osf.io/3y2rb；S76–S82 为第二次独立注册批次）,
S44,Table_S44_M14_GSE235046_Universe_Effects.csv.gz,02_SUPPLEMENTARY_TABLES/SUPPLEMENTARY_Tables_CSV,supplementary_report,canonical,none,,,15304.0,1652721,38e3c3210b1e043afe35b7ad1f4499355cb624e890fe1d546a5ee1c59a9e86af,M14 腿1 Torin 对比宇宙效应表（15,304 基因）,2026-08-27 收口批次补登（前瞻注册 osf.io/3y2rb；S76–S82 为第二次独立注册批次）
S45,Table_S45_M14L3_GO_Audit.csv,02_SUPPLEMENTARY_TABLES/SUPPLEMENTARY_Tables_CSV,supplementary_table,canonical,none,NA,NA,4,493,2b1c84e55ccd04ad6e7d99d1c3cea43173e12b408afa6c32d023da455d9fb4f8,M14 腿3 GO 判定审计（GSE221321 四判据全过）,2026-08-27 收口批次补登（前瞻注册 osf.io/3y2rb；S76–S82 为第二次独立注册批次）,
S46,Table_S46_M14L3_CellLevel_Perturbation_Effects.csv,02_SUPPLEMENTARY_TABLES/SUPPLEMENTARY_Tables_CSV,supplementary_table,canonical,none,NA,NA,1191,390233,34a89db6d9ec4df0fd628329675a825ec7a45182f7189d4d44326fbef57ab739,M14 腿3 逐基因扰动效应（KO/KD × UCS/EIS/MDI）,2026-08-27 收口批次补登（前瞻注册 osf.io/3y2rb；S76–S82 为第二次独立注册批次）；2026-08-27 BH 勘误再生（bh 列复算，见 BH_misassignment_fix_and_audit_20260827.md）,
S47,Table_S47_M14L3_FRPerturb_Arm_Projections.csv,02_SUPPLEMENTARY_TABLES/SUPPLEMENTARY_Tables_CSV,supplementary_table,canonical,none,NA,NA,1199,112722,a2e97c3dfc2129b7db916eff82bef9e9e2c8ebe0d2371662e6a61e3a11506bd1,M14 腿3 FRPerturb 效应量臂投影,2026-08-27 收口批次补登（前瞻注册 osf.io/3y2rb；S76–S82 为第二次独立注册批次）,
S48,Table_S48_M14L3_NullCalibration_and_SetTests.csv,02_SUPPLEMENTARY_TABLES/SUPPLEMENTARY_Tables_CSV,supplementary_table,canonical,none,NA,NA,23,4104,7f72cd2a5f4550c398921501589a529e8298a55e3f85c3e423d380e5fc09a7ad,M14 腿3 负对照校准与集合检验（预指定检验全阴）,2026-08-27 收口批次补登（前瞻注册 osf.io/3y2rb；S76–S82 为第二次独立注册批次）,
S49,Table_S49_M11_PerSample_Longitudinal_Scores.csv,02_SUPPLEMENTARY_TABLES/SUPPLEMENTARY_Tables_CSV,supplementary_table,canonical,none,NA,NA,1888,1015075,d0de9296ca20631996b85f39f5b7d09dcfb6291a1a1a62d5eb7491a613829a67,M11 逐样本纵向评分（三个 ≥3 波队列）,2026-08-27 收口批次补登（前瞻注册 osf.io/3y2rb；S76–S82 为第二次独立注册批次）,
S50,Table_S50_M11_H1_MixedModels.csv,02_SUPPLEMENTARY_TABLES/SUPPLEMENTARY_Tables_CSV,supplementary_table,canonical,none,NA,NA,3,922,8df53cc555989cfa19045ad6924de029f58d1179a98862e7659ef45186debee5,M11 H1 混合模型（基线 UCS→随访 EIS；2/3 方向一致未达门）,2026-08-27 收口批次补登（前瞻注册 osf.io/3y2rb；S76–S82 为第二次独立注册批次）,
S51,Table_S51_M11_H2_RICLPM.csv,02_SUPPLEMENTARY_TABLES/SUPPLEMENTARY_Tables_CSV,supplementary_table,canonical,none,NA,NA,3,541,81e4f17bf30b96562275316a38cd52325ccfcb92eae18c9739ba6ab13573a553,M11 H2 RI-CLPM 交叉滞后（3/3 负向，GSE215865 q=0.0255）,2026-08-27 收口批次补登（前瞻注册 osf.io/3y2rb；S76–S82 为第二次独立注册批次）,
S52,Table_S52_M11_NullModels_LOSO_Sensitivity.csv,02_SUPPLEMENTARY_TABLES/SUPPLEMENTARY_Tables_CSV,supplementary_table,canonical,none,NA,NA,20,1704,ce3964ef5e5221d37e49289e53e208c605079c3ce56345eff1e21e6b6a567df4,M11 零模型+LOSO+组成协变量敏感性,2026-08-27 收口批次补登（前瞻注册 osf.io/3y2rb；S76–S82 为第二次独立注册批次）,
S53,Table_S53_M12_GSE106878_PerPatient.csv,02_SUPPLEMENTARY_TABLES/SUPPLEMENTARY_Tables_CSV,supplementary_table,canonical,none,NA,NA,47,7593,31e2ef77e8b3d85c4e759550b093712be5f77ca5393a4d112cbf3686f868aecd,M12 GSE106878 患者级变化分（47 例配对）,2026-08-27 收口批次补登（前瞻注册 osf.io/3y2rb；S76–S82 为第二次独立注册批次）,
S54,Table_S54_M12_GSE106878_Tests_Comp_H4_Null.csv,02_SUPPLEMENTARY_TABLES/SUPPLEMENTARY_Tables_CSV,supplementary_table,canonical,none,NA,NA,15,1822,05c414a5609940492b81fe2700310829f805d754891d1c446293f974d950ccfb,M12 GSE106878 臂检验+组成同报+H4+零模型,2026-08-27 收口批次补登（前瞻注册 osf.io/3y2rb；S76–S82 为第二次独立注册批次）,
S55,Table_S55_M12_GSE148871_Replication.csv,02_SUPPLEMENTARY_TABLES/SUPPLEMENTARY_Tables_CSV,supplementary_table,canonical,none,NA,NA,21,2309,64c8d4d503cce13872e3c5fec1a7efc870aede0ab55079d3104bd5e920d8b18b,M12 GSE148871 复现层（组成回退判定，同向份额 +2.184）,2026-08-27 收口批次补登（前瞻注册 osf.io/3y2rb；S76–S82 为第二次独立注册批次）,
,M10A_Composition_Test_Report.md,04_AUDIT_GOVERNANCE,governance,canonical,none,,,47.0,1551,75ba9c4e31d05b8ec3e163a522abd4196aa9505bf44446d37d8aa56f7652d12e,M10 检验A 组成枢纽检验判定报告,2026-08-27 收口批次补登（前瞻注册 osf.io/3y2rb；S76–S82 为第二次独立注册批次）,
,M10B_CellTypeInternal_Report.md,04_AUDIT_GOVERNANCE,governance,canonical,none,,,37.0,2945,7eaf55e3be78c396627ec2f97e378a217ea9b1b455e4fb0bcea6f9ef6f314759,M10 检验B 细胞类型内部供者级判定报告,2026-08-27 收口批次补登（前瞻注册 osf.io/3y2rb；S76–S82 为第二次独立注册批次）,
,M11M12_Analysis_Report_20260827.md,04_AUDIT_GOVERNANCE,governance,canonical,none,,,59.0,6041,9c30d85657a01b4bee2c77f7cd48f29fcad7ba4672060d218cb00e46d65efac6,M11/M12 时间序与干预响应分析报告（第二次独立前瞻注册）,2026-08-27 收口批次补登（前瞻注册 osf.io/3y2rb；S76–S82 为第二次独立注册批次）；2026-09-07 改登记为待办5/v2.1后现行版（07:43冻结版误登记终稿侧过期副本，该版仅存终稿归档备份）,
,M13_Confounding_Audit_Report.md,04_AUDIT_GOVERNANCE,governance,canonical,none,,,33.0,2174,b3bd2cf1707638c727003c265a12a1ec46e29b90aaca1da484bdec93ebc4d349,M13 去混淆审计判定报告,2026-08-27 收口批次补登（前瞻注册 osf.io/3y2rb；S76–S82 为第二次独立注册批次）；2026-08-29 B1 溯源修订：myeloid 零模型 bootstrap 数值对（null beta_myeloid=1.612±0.063，经验 p=0.0005）补录 §1（来源 M13_step2_null_bootstrap.py，B=2000 seed=0，日志 03_LOGS/M13_null_bootstrap_myeloid_log.txt；B=10,000 稳健核验 p=0.0001）
,M14L3_GSE221321_perturbseq_report.md,04_AUDIT_GOVERNANCE,governance,canonical,none,,,59.0,4916,f29dd268ef5ae3e173e7d184b1ecc2392c37951fd90465b1978b691991c947b6,M14 腿3 外部 Perturb-seq GO 判定与预指定检验报告,2026-08-27 收口批次补登（前瞻注册 osf.io/3y2rb；S76–S82 为第二次独立注册批次）,
,M14_IIAMD_core_and_Torin_report.md,04_AUDIT_GOVERNANCE,governance,canonical,none,,,42.0,3073,a0ab364d8f2459e84037e2766d40532639145038fbf10a9b02e3f2198d756afa,M14 腿1/腿2 判定报告（Torin p=0.0005；core Gate 2 重跑）,2026-08-27 收口批次补登（前瞻注册 osf.io/3y2rb；S76–S82 为第二次独立注册批次）,
,BH_misassignment_fix_and_audit_20260827.md,04_AUDIT_GOVERNANCE,governance,canonical,none,,,65.0,4141,eefe597df4e618195d7aadc3b0a7195509d905877420e5b43474fbdc7a134421,mdi_lib.bh 错位赋值缺陷影响审计与勘误再生记录,2026-08-27 收口批次补登（前瞻注册 osf.io/3y2rb；S76–S82 为第二次独立注册批次）,
S56,Table_S56_M10D_CrossSpecies_Contrasts.csv,02_SUPPLEMENTARY_TABLES/SUPPLEMENTARY_Tables_CSV,supplementary_table,canonical,none,NA,NA,16,8172,dd187b99f850da038e367cab4794c301ab8634c2378de327017daf800c9f06a8,M10D 跨物种复制对比表（13 主对比+敏感性 × UCS/EIS/MDI/nomt；含覆盖数）,2026-08-27 M10D 次终点执行批次（注册 3y2rb §1.5；判定=情境依赖混合格局，如实阴性）,
,M10D_CrossSpecies_Report.md,04_AUDIT_GOVERNANCE,governance,canonical,none,,,62.0,8952,d80b4c25a226a2d75a460d4f793663ebf6b06dbcddb6bfe7a60e499426dea286,M10D 跨物种复制执行与判定报告（口径冻结、结果、判定）,2026-08-27 M10D 次终点执行批次；Ensembl 猪同源降级口径披露,
S57,Table_S57_M15_RegressionTest_11Cohorts.csv,02_SUPPLEMENTARY_TABLES/SUPPLEMENTARY_Tables_CSV,supplementary_table,canonical,none,NA,NA,254,22062,5fa0d143879f8e43df648282aebdd644d0e81329c10a0972ef69ffcd60b7b5d1,M15 工具回归测试全表（11 队列×族级 max|Δ|）,M15 工具封装+采纳演示批次补登（2026-08-27；工具回归 11 队列、演示 GSE157103/GSE66099 经 GEO 官方核验）,
S57,Table_S57b_M15_RegressionTest_CohortSummary.csv,02_SUPPLEMENTARY_TABLES/SUPPLEMENTARY_Tables_CSV,supplementary_table,canonical,none,NA,NA,17,587,cb7219393b388e76f6cc7732b6fb86dda6548d7a8860b2ea6f8590a9956503a0,M15 工具回归测试队列级汇总,M15 工具封装+采纳演示批次补登（2026-08-27；工具回归 11 队列、演示 GSE157103/GSE66099 经 GEO 官方核验）,
S58,Table_S58_M15_Demo_GSE157103_PerSample.csv,02_SUPPLEMENTARY_TABLES/SUPPLEMENTARY_Tables_CSV,supplementary_table,canonical,none,NA,NA,126,51383,17d3aa9fd760b68be80dfc4743cbde6c5b09d59043f5a056c480fd3dc194d69b,M15 采纳演示 1 逐样本评分/组成预测/残差,M15 工具封装+采纳演示批次补登（2026-08-27；工具回归 11 队列、演示 GSE157103/GSE66099 经 GEO 官方核验）,
S58,Table_S58b_M15_Demo_GSE157103_Contrasts.csv,02_SUPPLEMENTARY_TABLES/SUPPLEMENTARY_Tables_CSV,supplementary_table,canonical,none,NA,NA,9,1202,6241d297c4173a8903e70f9b1ec551ba3cc2038ef86516c2721cc26ea791874e,M15 采纳演示 1 逐族对比,M15 工具封装+采纳演示批次补登（2026-08-27；工具回归 11 队列、演示 GSE157103/GSE66099 经 GEO 官方核验）,
S58,Table_S58c_M15_Demo_GSE157103_R2.csv,02_SUPPLEMENTARY_TABLES/SUPPLEMENTARY_Tables_CSV,supplementary_table,canonical,none,NA,NA,9,530,03c8a5b6f2d936be01474be2415c283e39a7f7a3bd1dd58b058143c9047dd28d,M15 采纳演示 1 组成预测 R²（三方法）,M15 工具封装+采纳演示批次补登（2026-08-27；工具回归 11 队列、演示 GSE157103/GSE66099 经 GEO 官方核验）,
S58,Table_S58d_M15_Demo_GSE157103_Proportions.csv,02_SUPPLEMENTARY_TABLES/SUPPLEMENTARY_Tables_CSV,supplementary_table,canonical,none,NA,NA,2,709,ec6751dcb7ab0e00d4d93c3390a987885e9ec31258fe448d560cafe3f7c007b1,M15 采纳演示 1 组间细胞比例,M15 工具封装+采纳演示批次补登（2026-08-27；工具回归 11 队列、演示 GSE157103/GSE66099 经 GEO 官方核验）,
S59,Table_S59_M15_Demo_GSE66099_PerSample.csv,02_SUPPLEMENTARY_TABLES/SUPPLEMENTARY_Tables_CSV,supplementary_table,canonical,none,NA,NA,276,115214,274258d7dd1d34d317d5f878b486abc414452023d8d9aa37b460a96f5b7420f3,M15 采纳演示 2 逐样本评分/组成预测/残差,M15 工具封装+采纳演示批次补登（2026-08-27；工具回归 11 队列、演示 GSE157103/GSE66099 经 GEO 官方核验）,
S59,Table_S59b_M15_Demo_GSE66099_Contrasts.csv,02_SUPPLEMENTARY_TABLES/SUPPLEMENTARY_Tables_CSV,supplementary_table,canonical,none,NA,NA,24,3629,77f13c4010c4c6abf09fcb47121472921c81dc7ad45b1598633f3034f8d4d290,M15 采纳演示 2 逐族对比（三对比）,M15 工具封装+采纳演示批次补登（2026-08-27；工具回归 11 队列、演示 GSE157103/GSE66099 经 GEO 官方核验）,
S59,Table_S59c_M15_Demo_GSE66099_R2.csv,02_SUPPLEMENTARY_TABLES/SUPPLEMENTARY_Tables_CSV,supplementary_table,canonical,none,NA,NA,9,510,5589698fc760cbad4acbbc8fe5bb7041db958dc5ef75042f2c5aabd3594df5f3,M15 采纳演示 2 组成预测 R²（三方法）,M15 工具封装+采纳演示批次补登（2026-08-27；工具回归 11 队列、演示 GSE157103/GSE66099 经 GEO 官方核验）,
S59,Table_S59d_M15_Demo_GSE66099_Proportions.csv,02_SUPPLEMENTARY_TABLES/SUPPLEMENTARY_Tables_CSV,supplementary_table,canonical,none,NA,NA,4,1316,538505d9660ed7d3d3c8b7a023cb0eff0d43c3428f8a93815f5997b2a7a650ab,M15 采纳演示 2 组间细胞比例,M15 工具封装+采纳演示批次补登（2026-08-27；工具回归 11 队列、演示 GSE157103/GSE66099 经 GEO 官方核验）,
,M15_Tool_Adoption_Report.md,04_AUDIT_GOVERNANCE,governance,canonical,none,,,,3646,cac6a8b3f048c5a27fb3e4c718059fa98de30ae59b891519bfa9ed17f3e1cf24,M15 工具封装与采纳演示治理报告（2026-08-27）,M15 批次补登,governance
S56,Table_S56b_M10D_Pig_Ensembl_Sensitivity.csv,02_SUPPLEMENTARY_TABLES/SUPPLEMENTARY_Tables_CSV,supplementary_table,canonical,none,NA,NA,6,2952,a4a74e7610a090653e252fcbb7897e009d255b6593dae161580aca0ae329c3f3,M10D 猪层同源敏感性复算（Ensembl ortholog_one2one 49 条 vs 降级注释逐字口径）,2026-08-27 M10D 补做批次（Ensembl 服务恢复后 one2one 复算；方向与主口径一致）,
S60,Table_S60_M10D_Pandisease_k20_LayerEffects.csv,02_SUPPLEMENTARY_TABLES/SUPPLEMENTARY_Tables_CSV,supplementary_table,canonical,none,NA,NA,20,1803,a89ede575b7e2436e166f26e82bc6fe103b7545ed51bf9f084409651b2c01de8,M10D 泛疾病扩展 k=20 层效应表（冻结 16 层 + 新增 4 层；MDI Hedges' g）,2026-08-27 M10D 补做批次（注册 3y2rb §1.5 剩余项；新增层来源与限制逐行披露）,
S60,Table_S60b_M10D_Pandisease_k20_Meta.csv,02_SUPPLEMENTARY_TABLES/SUPPLEMENTARY_Tables_CSV,supplementary_table,canonical,none,NA,NA,4,1132,91b9797eed300f90fece197057e7ce2933b7602fa0467a02a3366835e427f367,M10D 泛疾病扩展合并表（k=20 主 + k=19/k=18 敏感性 + k=16 锚点重算）,2026-08-27 M10D 补做批次（REML+Hartung-Knapp+PI；k=16 锚点 +1.504 与冻结 +1.50 互核）,
S60,Table_S60c_M10D_Pandisease_k20_LOSO.csv,02_SUPPLEMENTARY_TABLES/SUPPLEMENTARY_Tables_CSV,supplementary_table,canonical,none,NA,NA,20,841,db471c7ce37168df305ddf0a9d8174b8d668def3e7e628a40a537586979329cd,M10D 泛疾病扩展 LOSO 留一法（k=20 主分析）,2026-08-27 M10D 补做批次（LOSO 20/20 同向）,
,GSE185263_sample_group_assignment.csv,归档/02_模块调试批次/M2_check_debug,analysis_output,archived,none,,,910,34829,34cb415c0f31d202bdcb49466f6fe9e2863b813c613a8208514fbbba6d4312b0,,2026-08-27 清理归档（M1x_step12 批次）：M2 轮调试期的样本分组分配表（canonical 分组定义见 04_AUDIT_GOVERNANCE/GSE185263_groups.csv），移入 archive/M2_check_debug。,
,_R_install_annot.R,归档/03_一次性脚本与运维/ops_scripts_2026,audit_output,archived,none,,,,661,669f7f5c195544316a3d6172b1afc38994eee54d150b4596a0a939cd7b61c800,,2026-08-27 清理归档（M1x_step12 批次）：一次性 R 环境注释包安装脚本（已完成使命），移入 archive/ops_scripts_2026。,
,_R_install_annot.log,归档/03_一次性脚本与运维/ops_scripts_2026,audit_report,archived,none,,,,3560,ba3bace1c1f49a6e27e206a9cb2f86df725ee27c388d479300f2d8cb4f1d9783,,2026-08-27 清理归档（M1x_step12 批次）：调试/一次性脚本或日志，不再参与当前分析；不影响任何冻结输出，移入 archive/ops_scripts_2026。,
,_fig4g_check.txt,归档/02_模块调试批次/M2_check_debug,audit_report,archived,none,,,,155,6488d540a1eef69f7d71e4c03779d9514d07268d28f92a1ea7a5470a81ca5f90,,2026-08-27 清理归档（M1x_step12 批次）：调试/一次性脚本或日志，不再参与当前分析；不影响任何冻结输出，移入 archive/M2_check_debug。,
,_fix_figure_manifest_20260824.py,归档/03_一次性脚本与运维/ops_scripts_2026,audit_output,archived,none,,,,6335,08ba43d586976c9a7ccc669da43d566178e9ddc01b56cef168ecd95a6e48945f,,2026-08-27 清理归档（M1x_step12 批次）：调试/一次性脚本或日志，不再参与当前分析；不影响任何冻结输出，移入 archive/ops_scripts_2026。,
,_m10d_console.txt,归档/03_一次性脚本与运维/ops_scripts_2026,audit_report,archived,none,,,,3668,6cce015f2b98e3fd875a6755bcb47fef7788b8cf2a98c15659309e6107d107cb,,2026-08-27 清理归档（M1x_step12 批次）：调试/一次性脚本或日志，不再参与当前分析；不影响任何冻结输出，移入 archive/ops_scripts_2026。,
,_m1_inspect_annotation.txt,归档/02_模块调试批次/M1_check_debug,audit_report,archived,none,,,,1070,9e1e1fe734a0cf713eb877b7b1051c755e16d3dc6c2ccd2922ce0dde326f2f99,,2026-08-27 清理归档（M1x_step12 批次）：调试/一次性脚本或日志，不再参与当前分析；不影响任何冻结输出，移入 archive/M1_check_debug。,
,_m1_overlap_out.txt,归档/02_模块调试批次/M1_check_debug,audit_report,archived,none,,,,2350,fb5b13c1ec842990aa85228cf5ceb131f0ba39e2e2eae46886d8c81fdde2bf3b,,2026-08-27 清理归档（M1x_step12 批次）：调试/一次性脚本或日志，不再参与当前分析；不影响任何冻结输出，移入 archive/M1_check_debug。,
,_m1x_closeout_20260827.py,归档/03_一次性脚本与运维/ops_scripts_2026,audit_output,archived,none,,,,17299,fd85ade043f0f891978a8e5791257bc69992616b9c7bcdf31ae07cc06be7c0f2,,2026-08-27 清理归档（M1x_step12 批次）：调试/一次性脚本或日志，不再参与当前分析；不影响任何冻结输出，移入 archive/ops_scripts_2026。,
,_m2_audit_gse310929.py,归档/02_模块调试批次/M2_check_debug,audit_output,archived,none,,,,1383,657ca287fe38aaf09fb6a2d446420688e591f5a3930ec5f0c17c059e1892f065,,2026-08-27 清理归档（M1x_step12 批次）：调试/一次性脚本或日志，不再参与当前分析；不影响任何冻结输出，移入 archive/M2_check_debug。,
,_m2_audit_internal.py,归档/02_模块调试批次/M2_check_debug,audit_output,archived,none,,,,1499,536233be04d3505296bee78e8ec3a8e9eb16737527d5d4a404d1212587b7a5c0,,2026-08-27 清理归档（M1x_step12 批次）：调试/一次性脚本或日志，不再参与当前分析；不影响任何冻结输出，移入 archive/M2_check_debug。,
,_m2_audit_matrices.py,归档/02_模块调试批次/M2_check_debug,audit_output,archived,none,,,,2067,6fba55ff584733351dbfecb6e9f80b070a97db8f8c5f7c61236f5670900b0408,,2026-08-27 清理归档（M1x_step12 批次）：调试/一次性脚本或日志，不再参与当前分析；不影响任何冻结输出，移入 archive/M2_check_debug。,
,_m2_audit_meta.py,归档/02_模块调试批次/M2_check_debug,audit_output,archived,none,,,,3669,018b94c16f7716e48e30d6327e914ea1d1975ac831a0746a929f5b1c7a204b9c,,2026-08-27 清理归档（M1x_step12 批次）：调试/一次性脚本或日志，不再参与当前分析；不影响任何冻结输出，移入 archive/M2_check_debug。,
,_m2_check_familysoft.py,归档/02_模块调试批次/M2_check_debug,audit_output,archived,none,,,,1434,5fc17500080d6067e6e0566c5f5c55fc911cae5b274f190cc00da3f8a49b0809,,2026-08-27 清理归档（M1x_step12 批次）：调试/一次性脚本或日志，不再参与当前分析；不影响任何冻结输出，移入 archive/M2_check_debug。,
,_m2_check_sm_header.py,归档/02_模块调试批次/M2_check_debug,audit_output,archived,none,,,,1076,f03b815f63f1c8dd8dc439bfdf4df0dc53353c61b543a0652707e1bab9f1b009,,2026-08-27 清理归档（M1x_step12 批次）：调试/一次性脚本或日志，不再参与当前分析；不影响任何冻结输出，移入 archive/M2_check_debug。,
,_m2_debug_marker.py,归档/02_模块调试批次/M2_check_debug,audit_output,archived,none,,,,732,8ec72ac7f19ec3e45633b5d1d772aa8337dc87926e3d4a287e88d6bff28421e2,,2026-08-27 清理归档（M1x_step12 批次）：调试/一次性脚本或日志，不再参与当前分析；不影响任何冻结输出，移入 archive/M2_check_debug。,
,_m2_ensg_peek.txt,归档/02_模块调试批次/M2_check_debug,audit_report,archived,none,,,,484,0732c1b94c9a125d65af1edda4c1fb2265e2e1d38c31357b49b14a6f071bb4cb,,2026-08-27 清理归档（M1x_step12 批次）：调试/一次性脚本或日志，不再参与当前分析；不影响任何冻结输出，移入 archive/M2_check_debug。,
,_m2_familysoft_check.txt,归档/02_模块调试批次/M2_check_debug,audit_report,archived,none,,,,284,6c9735726967d88e28137191b6e35e3eb280779ea013e48bd9ed5e9bd7ab0002,,2026-08-27 清理归档（M1x_step12 批次）：调试/一次性脚本或日志，不再参与当前分析；不影响任何冻结输出，移入 archive/M2_check_debug。,
,_m2_fix_figloc.py,归档/02_模块调试批次/M2_check_debug,audit_output,archived,none,,,,758,55c97d1ea26b765dd197b4825484376cf9679d5d7545e2c0bfef47ad89f5745e,,2026-08-27 清理归档（M1x_step12 批次）：调试/一次性脚本或日志，不再参与当前分析；不影响任何冻结输出，移入 archive/M2_check_debug。,
,_m2_fix_numbering.py,归档/02_模块调试批次/M2_check_debug,audit_output,archived,none,,,,684,48667a2cba6929032d7e6313cd5a0443b85108d68934581207c0b45ac8bc2356,,2026-08-27 清理归档（M1x_step12 批次）：调试/一次性脚本或日志，不再参与当前分析；不影响任何冻结输出，移入 archive/M2_check_debug。,
,_m2_gse212865_peek.txt,归档/02_模块调试批次/M2_check_debug,audit_report,archived,none,,,,2408,6064a95228354ae67b556e0743569094b1bb960cd481c3767cb4f293f2057fe0,,2026-08-27 清理归档（M1x_step12 批次）：调试/一次性脚本或日志，不再参与当前分析；不影响任何冻结输出，移入 archive/M2_check_debug。,
,_m2_gse310929_audit.txt,归档/02_模块调试批次/M2_check_debug,audit_report,archived,none,,,,17911,149b30eb73729b696a2ccb4c70ac2856e605078603eb6cdd1654e6833e52cc1b,,2026-08-27 清理归档（M1x_step12 批次）：调试/一次性脚本或日志，不再参与当前分析；不影响任何冻结输出，移入 archive/M2_check_debug。,
,_m2_gse32707_marker.txt,归档/02_模块调试批次/M2_check_debug,audit_report,archived,none,,,,180,084a43d2000ee875b5ea0c3d20f1fb14c360bd5124ced2c5561e1d9ada9e6ac8,,2026-08-27 清理归档（M1x_step12 批次）：调试/一次性脚本或日志，不再参与当前分析；不影响任何冻结输出，移入 archive/M2_check_debug。,
,_m2_gz_verify.txt,归档/02_模块调试批次/M2_check_debug,audit_report,archived,none,,,,449,158ebbb3ece54252aded324474930be19119dea56f6db7b9ce8adb758ff8cc6c,,2026-08-27 清理归档（M1x_step12 批次）：调试/一次性脚本或日志，不再参与当前分析；不影响任何冻结输出，移入 archive/M2_check_debug。,
,_m2_inspect_manifest.py,归档/02_模块调试批次/M2_check_debug,audit_output,archived,none,,,,1113,4ff2828b5ebbcd877afcda76b370e990aefee2d17a8676e2817c3b82b20d4148,,2026-08-27 清理归档（M1x_step12 批次）：调试/一次性脚本或日志，不再参与当前分析；不影响任何冻结输出，移入 archive/M2_check_debug。,
,_m2_internal_format.txt,归档/02_模块调试批次/M2_check_debug,audit_report,archived,none,,,,2299,d04d0377374081ab465ad1e3cb8666bdd616a69ce03a68764de8a3a94f7a7863,,2026-08-27 清理归档（M1x_step12 批次）：调试/一次性脚本或日志，不再参与当前分析；不影响任何冻结输出，移入 archive/M2_check_debug。,
,_m2_internal_matrix_peek.txt,归档/02_模块调试批次/M2_check_debug,audit_report,archived,none,,,,3457,91cc2cda1ddc560f393b10c8d65de7ff70a259b192550d40f0fc590eaf2f3904,,2026-08-27 清理归档（M1x_step12 批次）：调试/一次性脚本或日志，不再参与当前分析；不影响任何冻结输出，移入 archive/M2_check_debug。,
,_m2_lifelines_test.py,归档/02_模块调试批次/M2_check_debug,audit_output,archived,none,,,,1533,fe0458ae26c6b396ea9e45a66d5e125207cfed60bc34808abc057e777055ef31,,2026-08-27 清理归档（M1x_step12 批次）：调试/一次性脚本或日志，不再参与当前分析；不影响任何冻结输出，移入 archive/M2_check_debug。,
,_m2_lifelines_test.txt,归档/02_模块调试批次/M2_check_debug,audit_report,archived,none,,,,275,eca25d88b6907d47f302390525879f1d471c3927a296df157cfa366bcebeaa72,,2026-08-27 清理归档（M1x_step12 批次）：调试/一次性脚本或日志，不再参与当前分析；不影响任何冻结输出，移入 archive/M2_check_debug。,
,_m2_lint_debug.py,归档/02_模块调试批次/M2_check_debug,audit_output,archived,none,,,,1485,1299a2b2ca3782d18377031708b7e6e8e8ebc696ce9e0ac24392075f06b3647c,,2026-08-27 清理归档（M1x_step12 批次）：调试/一次性脚本或日志，不再参与当前分析；不影响任何冻结输出，移入 archive/M2_check_debug。,
,_m2_lint_debug.txt,归档/02_模块调试批次/M2_check_debug,audit_report,archived,none,,,,756,00b7ae1a019ff6f39e92717e120672d03532fde53fc33790845b8d826164c375,,2026-08-27 清理归档（M1x_step12 批次）：调试/一次性脚本或日志，不再参与当前分析；不影响任何冻结输出，移入 archive/M2_check_debug。,
,_m2_manifest_arms.txt,归档/02_模块调试批次/M2_check_debug,audit_report,archived,none,,,,1483,8e7d7942970bd8b2e9ce70b09f628625533134b2d8e385226bfa1788657717fd,,2026-08-27 清理归档（M1x_step12 批次）：调试/一次性脚本或日志，不再参与当前分析；不影响任何冻结输出，移入 archive/M2_check_debug。,
,_m2_manifest_check.txt,归档/02_模块调试批次/M2_check_debug,audit_report,archived,none,,,,229,c4232e7f4777700e14af002832ecd82c06a44ba08895fe6f9120eb3c4a724535,,2026-08-27 清理归档（M1x_step12 批次）：调试/一次性脚本或日志，不再参与当前分析；不影响任何冻结输出，移入 archive/M2_check_debug。,
,_m2_meta_audit.txt,归档/02_模块调试批次/M2_check_debug,audit_report,archived,none,,,,7603,bf864069805baf4512cfe26d05cbfda7e31b9a32e28f8d4892868b1b4a6e7977,,2026-08-27 清理归档（M1x_step12 批次）：调试/一次性脚本或日志，不再参与当前分析；不影响任何冻结输出，移入 archive/M2_check_debug。,
,_m2_mygene_test.txt,归档/02_模块调试批次/M2_check_debug,audit_report,archived,none,,,,221,7ce7a501d616cf65e04b1727e0a3f975a47448d3b4810379633acb19cd08929c,,2026-08-27 清理归档（M1x_step12 批次）：调试/一次性脚本或日志，不再参与当前分析；不影响任何冻结输出，移入 archive/M2_check_debug。,
,_m2_na_check.py,归档/02_模块调试批次/M2_check_debug,audit_output,archived,none,,,,736,ec8d0d6343ba32be205530c585230580f76bd282c5935a4ceda32ad8150951c0,,2026-08-27 清理归档（M1x_step12 批次）：调试/一次性脚本或日志，不再参与当前分析；不影响任何冻结输出，移入 archive/M2_check_debug。,
,_m2_na_check.txt,归档/02_模块调试批次/M2_check_debug,audit_report,archived,none,,,,1827,ca598b75fda2157d0b5fe104c435ce486f820070eca9bd0d5e3ec8d9bd49bd04,,2026-08-27 清理归档（M1x_step12 批次）：调试/一次性脚本或日志，不再参与当前分析；不影响任何冻结输出，移入 archive/M2_check_debug。,
,_m2_peek_ensg.py,归档/02_模块调试批次/M2_check_debug,audit_output,archived,none,,,,702,b2f0df2d87bb0b741a8fb5248117e1af52638867395235ba7137b84753012410,,2026-08-27 清理归档（M1x_step12 批次）：调试/一次性脚本或日志，不再参与当前分析；不影响任何冻结输出，移入 archive/M2_check_debug。,
,_m2_peek_fm.py,归档/02_模块调试批次/M2_check_debug,audit_output,archived,none,,,,564,fd5acb41d364269f3b7374bc73200f92dae54c8813ff00a80d0d98a974f98517,,2026-08-27 清理归档（M1x_step12 批次）：调试/一次性脚本或日志，不再参与当前分析；不影响任何冻结输出，移入 archive/M2_check_debug。,
,_m2_peek_gse212865.py,归档/02_模块调试批次/M2_check_debug,audit_output,archived,none,,,,904,3aac5fc73d0965b5fda965976f76639af500b8236f283de74c188a283a68da43,,2026-08-27 清理归档（M1x_step12 批次）：调试/一次性脚本或日志，不再参与当前分析；不影响任何冻结输出，移入 archive/M2_check_debug。,
,_m2_peek_probeannot.py,归档/02_模块调试批次/M2_check_debug,audit_output,archived,none,,,,1588,95fefac04fa51fee13ee1a84ff0955eed0a3a5481791d7d0040659df448164c8,,2026-08-27 清理归档（M1x_step12 批次）：调试/一次性脚本或日志，不再参与当前分析；不影响任何冻结输出，移入 archive/M2_check_debug。,
,_m2_peek_rm.py,归档/02_模块调试批次/M2_check_debug,audit_output,archived,none,,,,536,b8d6aa134e4f8daa02e454a1371640bbdf16b1d90c351c41da7d1a3621a03903,,2026-08-27 清理归档（M1x_step12 批次）：调试/一次性脚本或日志，不再参与当前分析；不影响任何冻结输出，移入 archive/M2_check_debug。,
,_m2_peek_sm.py,归档/02_模块调试批次/M2_check_debug,audit_output,archived,none,,,,1576,083b2e3110889fb2cee7e40ccb4fb0efa701ca597975095a086c33ecda052064,,2026-08-27 清理归档（M1x_step12 批次）：调试/一次性脚本或日志，不再参与当前分析；不影响任何冻结输出，移入 archive/M2_check_debug。,
,_m2_pkgcheck.py,归档/02_模块调试批次/M2_check_debug,audit_output,archived,none,,,,616,c1f458e358a888837a2b4bd53079b26bace1b6e1fa65228a3dd53c88c93a9256,,2026-08-27 清理归档（M1x_step12 批次）：调试/一次性脚本或日志，不再参与当前分析；不影响任何冻结输出，移入 archive/M2_check_debug。,
,_m2_pkgcheck.txt,归档/02_模块调试批次/M2_check_debug,audit_report,archived,none,,,,329,fa64aaf2c473f34bb4d8da7add8f37eea40f836a775754ba034a42c83534ae61,,2026-08-27 清理归档（M1x_step12 批次）：调试/一次性脚本或日志，不再参与当前分析；不影响任何冻结输出，移入 archive/M2_check_debug。,
,_m2_probe_annot_peek.txt,归档/02_模块调试批次/M2_check_debug,audit_report,archived,none,,,,2874,6cb1b6a4b7e9d01e73b0ae2a2911d282e9707dca5d6d601dc7eb9fc78311e776,,2026-08-27 清理归档（M1x_step12 批次）：调试/一次性脚本或日志，不再参与当前分析；不影响任何冻结输出，移入 archive/M2_check_debug。,
,_m2_register_figure_manifest.py,归档/02_模块调试批次/M2_check_debug,audit_output,archived,none,,,,1731,d5150da97931dc1cf02ade8f89d548af934fef0e37895f360ad2a7f9037f4f4c,,2026-08-27 清理归档（M1x_step12 批次）：调试/一次性脚本或日志，不再参与当前分析；不影响任何冻结输出，移入 archive/M2_check_debug。,
,_m2_rm_compare.py,归档/02_模块调试批次/M2_check_debug,audit_output,archived,none,,,,1337,0ce2cc38b04dcfe10fe6baffd5649f063215f6903d40f3bfd69546a65c8131bf,,2026-08-27 清理归档（M1x_step12 批次）：调试/一次性脚本或日志，不再参与当前分析；不影响任何冻结输出，移入 archive/M2_check_debug。,
,_m2_rm_compare.txt,归档/02_模块调试批次/M2_check_debug,audit_report,archived,none,,,,1037,50733ae66084e36e1a61d5e7ae52282201880b5af89d19aad893475a3a491cbc,,2026-08-27 清理归档（M1x_step12 批次）：调试/一次性脚本或日志，不再参与当前分析；不影响任何冻结输出，移入 archive/M2_check_debug。,
,_m2_rm_peek.txt,归档/02_模块调试批次/M2_check_debug,audit_report,archived,none,,,,1370,eb5fada9364cb4d5407541a8f7051387ed4ce180947d752d3bdf82b23ff474ae,,2026-08-27 清理归档（M1x_step12 批次）：调试/一次性脚本或日志，不再参与当前分析；不影响任何冻结输出，移入 archive/M2_check_debug。,
,_m2_sm_header_check.txt,归档/02_模块调试批次/M2_check_debug,audit_report,archived,none,,,,568,78b6578a7c1057c46ecac237e73ce15784105c6586c14d0d4f1a8855ac730f9c,,2026-08-27 清理归档（M1x_step12 批次）：调试/一次性脚本或日志，不再参与当前分析；不影响任何冻结输出，移入 archive/M2_check_debug。,
,_m2_sm_peek.txt,归档/02_模块调试批次/M2_check_debug,audit_report,archived,none,,,,24557,a305d80cb73a6db6530d47fd622ea8d31c2eb68e358f05cdb2e63fbd059f7aad,,2026-08-27 清理归档（M1x_step12 批次）：调试/一次性脚本或日志，不再参与当前分析；不影响任何冻结输出，移入 archive/M2_check_debug。,
,_m2_test_mygene.py,归档/02_模块调试批次/M2_check_debug,audit_output,archived,none,,,,1043,79e60d8cb1666565447326771618adba0d8a33ca52c31efaa45c437bed9a71c3,,2026-08-27 清理归档（M1x_step12 批次）：调试/一次性脚本或日志，不再参与当前分析；不影响任何冻结输出，移入 archive/M2_check_debug。,
,_m2_verify_abstract.py,归档/02_模块调试批次/M2_check_debug,audit_output,archived,none,,,,625,accec5b8fe19e466fd5e309fb1d9675bebf770ab4719cda8773fd0fa5172bce9,,2026-08-27 清理归档（M1x_step12 批次）：调试/一次性脚本或日志，不再参与当前分析；不影响任何冻结输出，移入 archive/M2_check_debug。,
,_m2_verify_gz.py,归档/02_模块调试批次/M2_check_debug,audit_output,archived,none,,,,1393,96b1f3370ec45c88782b2a68db1e3a8ae5259f388f2ad1f41cf6c60b31499e91,,2026-08-27 清理归档（M1x_step12 批次）：调试/一次性脚本或日志，不再参与当前分析；不影响任何冻结输出，移入 archive/M2_check_debug。,
,_pip_m2.log,归档/03_一次性脚本与运维/ops_scripts_2026,audit_report,archived,none,,,,6023,3f767b5b043a7172d05dffaf557c681942e00a28156bb484d18f45aa1558b12e,,2026-08-27 清理归档（M1x_step12 批次）：调试/一次性脚本或日志，不再参与当前分析；不影响任何冻结输出，移入 archive/ops_scripts_2026。,
,_pip_openpyxl.log,归档/03_一次性脚本与运维/ops_scripts_2026,audit_report,archived,none,,,,618,b1bc475dd1c4f44a34270d973491703f4c9a2b7219cd0f9e317462fd74a57910,,2026-08-27 清理归档（M1x_step12 批次）：调试/一次性脚本或日志，不再参与当前分析；不影响任何冻结输出，移入 archive/ops_scripts_2026。,
,_pip_restore.log,归档/03_一次性脚本与运维/ops_scripts_2026,audit_report,archived,none,,,,1707,f3fc264fcf45bc3adb3d466f377178ce37103b636f487f29aaed9fc1fa54176a,,2026-08-27 清理归档（M1x_step12 批次）：调试/一次性脚本或日志，不再参与当前分析；不影响任何冻结输出，移入 archive/ops_scripts_2026。,
,_pip_venvm2.log,归档/03_一次性脚本与运维/ops_scripts_2026,audit_report,archived,none,,,,2055,a039c7c2b178b665cbcf679629499ec107195e7de807636ede2485c757d33af1,,2026-08-27 清理归档（M1x_step12 批次）：调试/一次性脚本或日志，不再参与当前分析；不影响任何冻结输出，移入 archive/ops_scripts_2026。,
,_run_R_install.py,归档/03_一次性脚本与运维/ops_scripts_2026,audit_output,archived,none,,,,1735,13b5df514b6e5bbe588fae4280b661b9d11141f65bfdb0078e5b034a252c41d7,,2026-08-27 清理归档（M1x_step12 批次）：调试/一次性脚本或日志，不再参与当前分析；不影响任何冻结输出，移入 archive/ops_scripts_2026。,
,wgcna_run.log,归档/01_第1轮R1批次/R1_algo_scripts,audit_report,archived,none,,,,31704,9e48052c37f28186ddfb43d4c3cdbf8fb2016edbf2a7313dd5e612bf33afcd48,,2026-08-27 清理归档（M1x_step12 批次）：第 1 轮（R1）WGCNA 运行日志，移入 archive/R1_algo_scripts。,
,P0_Manuscript_Source_Check_Report_v2.md,04_AUDIT_GOVERNANCE,governance,canonical,none,,,,3236,07d9cd323bd7ce24f06cb0b706843026e524b877ad1d1cf892ab5265ab77f22f,§四-2 扩展终检（13 项断言含 References 完整性）13/13 PASS,2026-08-29 治理批次登记；2026-09-07 改登记为待办5/v2.1后现行版（07:43冻结版误登记终稿侧过期副本，该版仅存终稿归档备份）,
,P0_Novelty_Search_Rerun_Log_20260829.md,04_AUDIT_GOVERNANCE,governance,canonical,none,,,,3818,0a6788be0742e96163efb8074a81db8cffd5649ca7ed117f44561c01e924be85,§四-1 查新重跑（空白维持：Q1=11、×ARDS/肺=0、×脓毒症=1）,2026-08-29 治理批次登记,
S61,Table_S61_M16_Mechanosensing_Module_v10.csv,02_SUPPLEMENTARY_TABLES/SUPPLEMENTARY_Tables_CSV,analysis_output,canonical,mitoxy_80+mech,NA,NA,23,4134,7a9d0faf25b1edb532da8cba727129321688387875064c8291dfe279b926d5d0,M16 机械感应模块 mech_v1.0（23 基因三层，PMID 活验溯源）,2026-08-31 M16 力学边界模块登记,
S62,Table_S62_M16_VILI_Contrasts.csv,02_SUPPLEMENTARY_TABLES/SUPPLEMENTARY_Tables_CSV,analysis_output,canonical,mitoxy_80+mech,NA,NA,66,15525,d0e764d22023bec3ec2d4e1ea89824c7533d3637bb8b9dd5d15b16f9068883df,M16C 4 套 VILI mdi_v1.0 同标准重算对比+合并,2026-08-31 M16 力学边界模块登记,
S63,Table_S63_M16_GSE2411_Interaction.csv,02_SUPPLEMENTARY_TABLES/SUPPLEMENTARY_Tables_CSV,analysis_output,canonical,mitoxy_80+mech,NA,NA,4,1512,f1b2e5ee381ddd1853809dbe330cbda7bf625d3b8e4bc3b6c4853aa0885bebf6,M16C GSE2411 力学×LPS 2×2 互作（判据 B）,2026-08-31 M16 力学边界模块登记,
S64,Table_S64_M16_Bridge_Correlations.csv,02_SUPPLEMENTARY_TABLES/SUPPLEMENTARY_Tables_CSV,analysis_output,canonical,mitoxy_80+mech,NA,NA,14,2347,b6fa72ef9a769289c1e0d9bd0157149dac2e1e5dd82e270dac3eb2026c5d873b,M16B 人体桥接相关+Visium 空间合并,2026-08-31 M16 力学边界模块登记,
S65,Table_S65_M16_Ortholog_Coverage_Audit.csv,02_SUPPLEMENTARY_TABLES/SUPPLEMENTARY_Tables_CSV,analysis_output,canonical,mitoxy_80+mech,NA,NA,12,716,a932e39e3279a634d78b3976c1574b90a4997ba2469ac019fd724bd5c9047e7e,M16 同源映射与平台覆盖审计,2026-08-31 M16 力学边界模块登记,
,M16_GEO_Verification_20260831.md,04_AUDIT_GOVERNANCE,governance,canonical,none,,,,2176,915dba380168f20378a3a1022c136f6155ea5533c9b92d718fb8778156c1cab9,M16 GEO 官方核验+PMID 活验,2026-08-31 M16 力学边界模块登记,
,M16_Mechanical_Boundary_Report.md,04_AUDIT_GOVERNANCE,governance,canonical,none,,,,4857,c6fc2f082f91911a1d347b5f8aa6bce6fa45288b0e4830cabcfec37172666ebc,M16 执行报告（判据 A-D 裁定）,2026-08-31 M16 力学边界模块登记,
,P13_Table4_PreReg_Traceability.md,04_AUDIT_GOVERNANCE,governance,canonical,none,,,,5776,c03043355e870e803266eb7822a091bf15cdd73661a9e3b90837c2e6ce777d11,P13 Table 4 预注册溯源核对报告（17 行逐条；行 1/2/9 重大修正）,111提质计划13 §四 必办事项；2026-09-07 改登记为待办5/v2.1后现行版（07:43冻结版误登记终稿侧过期副本，该版仅存终稿归档备份）,
,Table4_criteria_verdicts.csv,01_FIGURE_DATA_CSV,results_table,canonical,none,Mitoxy-80_v1.0,mdi_v1.0,17,8068,b2a179e1440c11035da29c1459c5563683a97b657a2c2bb670b03e55ae737f8c,Table 4（17 条预设判定标准×结果×判决 + 预注册出处/注册状态溯源列）,111提质计划13 §四.3；已同步登记 FIGURE_DATA_MANIFEST.csv；2026-09-06 修正：07:43 冻结版误登记含 _draft 旧引用的 8104B 旧件（作废，见归档备份），本行为待办5改名来源列同步后的正本（8068B，与修复夹/GitHub repo 镜像一致）,
S93,Table_S93_M17_PXD050432_AcuteLPS_LungProteome_WB_Targets.csv,02_SUPPLEMENTARY_TABLES/SUPPLEMENTARY_Tables_CSV,supplementary_table,canonical,none,NA,NA,17,2510,e1428252e6086b8f361b25d38e6917fa038a856d90d59b1a25400c125dee2701,M17 PXD050432 急性LPS肺蛋白组 WB 靶标核验（Tomm20/Gsdmd/Fth1 等逐基因检出×组别×方向一致性）,2026-09-05 M17 批次（当日上午另一会话产物，本批次登记补录；sha256 以磁盘权威重算）,
S93,Table_S93b_M17_PXD050432_PerSample_LFQ.csv,02_SUPPLEMENTARY_TABLES/SUPPLEMENTARY_Tables_CSV,supplementary_table,canonical,none,NA,NA,117,4376,a71afe47380dad787e084d71b99256c11b93f7645f25b1069f27a62739bcc98a,M17 PXD050432 逐样本 LFQ 强度长表（CTRL/LPS/LPS_IRN × 3 样本/组）,2026-09-05 M17 批次（同上，登记补录）,
,M17_S93_Data_Audit_20260906.md,04_AUDIT_GOVERNANCE,audit_report,canonical,none,NA,NA,33,3161,7d133410f2886b850ce00a5622e17aad08b4008eb20191f72924572b2820fede,S93/S93b 数据审计（13/13 复现、log2-Welch 口径锁定、PXD050432=IRN 异去氢钩藤碱活验）,2026-09-06 N5c 批次登记,
,README_SupplementaryNotes_20260906.md,02_SUPPLEMENTARY_TABLES/Supplementary_Notes,supplementary_report,canonical,none,NA,NA,12,1082,9c5dd7c65b7ffb3dbed46157e1b54bd5bcd2da0eebe25d3f6812224e3917132d,Supplementary Notes 历史图号（NicheNet Figure_13*）披露,2026-09-06 N5c 批次登记,
,P0_Manuscript_Source_Check_Report_prev_20260904.md,归档/07_审计报告备份/P13_report_backups,governance,archived,none,,,,2445,7b3fde2e059a81329755beb57fe4df228bc23caa7dc5371be1dfd763f20ed856,2026-09-04 全量重跑前备份（58 条时代旧报告）,P13 待办 2,
,P0_Manuscript_Source_Check_Report_v2_prev_20260904.md,归档/07_审计报告备份/P13_report_backups,governance,archived,none,,,,3169,ce6ce22beb14640c0e29e6bc088ecfcdc918b97ad73292212cce0414abb52c88,2026-09-04 全量重跑前备份（58 条时代旧报告 v2）,P13 待办 2,
,P13_OSF_verification_20260904.md,04_AUDIT_GOVERNANCE,governance,canonical,none,,,,4597,ec9afe452bdee2a86f62a575e79541759e42d395d15b42b23db60da778cc1c31,OSF 三注册人工浏览器+API 双重核验记录（待办 1 关闭证据；98CM3 大写规范+冻结件不改清单）,2026-09-04 ｜ 2026-09-21 归档区分类整理：本文件路径引用同步（size/sha 随之刷新）,
,M11M12_fix_identifiers.py,归档/03_一次性脚本与运维/scripts_oneoff_20260904,analysis_script,archived,none,,,,2017,cc586f9e01318316110a2ff5ebb4184c4fd75d9efc65d04fa85ada40a9ce263d,一次性历史脚本（2026-09-04 根目录清理移入；来源与用途见脚本头注释）,归档区统一批次,
,M15_step4b_manifest_repair.py,归档/03_一次性脚本与运维/scripts_oneoff_20260904,analysis_script,archived,none,,,,7254,aff97328d98a8c5a3c4441b62161c7e5dbac30e80b4f9019b930c3e74bc2e3a6,一次性历史脚本（2026-09-04 根目录清理移入；来源与用途见脚本头注释）,归档区统一批次,
,M1_step10_lint_closeout.py,归档/03_一次性脚本与运维/scripts_oneoff_20260904,analysis_script,archived,none,,,,5519,1652dd1ca09d7923afe516ef4b2197308c7bfe6c7ab4c5b521749ba173ed0e2f,一次性历史脚本（2026-09-04 根目录清理移入；来源与用途见脚本头注释）,归档区统一批次,
,M1_step11_restore_manifest_na.py,归档/03_一次性脚本与运维/scripts_oneoff_20260904,analysis_script,archived,none,,,,4028,5c4e9ce8f5d7fb2ba9cc80fdadac8b161cbe07bcf1c19f951b412928a4af0064,一次性历史脚本（2026-09-04 根目录清理移入；来源与用途见脚本头注释）,归档区统一批次,
,M1x_step12_archive_cleanup_20260827.py,归档/03_一次性脚本与运维/scripts_oneoff_20260904,analysis_script,archived,none,,,,10150,237d11db67df7e95de3e3f01fa25ad493f0a150414b30a3bd2728ed0801a333b,一次性历史脚本（2026-09-04 根目录清理移入；来源与用途见脚本头注释）,归档区统一批次,
,P0_compile_reference_list.py,归档/03_一次性脚本与运维/scripts_oneoff_20260904,analysis_script,archived,none,,,,9957,a1882f433214cc50e31e0838c44d04574891b6e70fe6bf67a9227d7a4abe66f2,一次性历史脚本（2026-09-04 根目录清理移入；来源与用途见脚本头注释）,归档区统一批次,
,P0_fix_remaining_lint.py,归档/03_一次性脚本与运维/scripts_oneoff_20260904,analysis_script,archived,none,,,,2555,b4ab058d3f98719bffc9f922be9c507f0bbe7b06e42bddbb65cadf05c8a7ff7e,一次性历史脚本（2026-09-04 根目录清理移入；来源与用途见脚本头注释）,归档区统一批次,
,P0_geo_citations.py,归档/03_一次性脚本与运维/scripts_oneoff_20260904,analysis_script,archived,none,,,,2005,f143a8e23119a40cfbeb05d7cff754c7002e6bd0cecbc11c807adaae08bfa8cc,一次性历史脚本（2026-09-04 根目录清理移入；来源与用途见脚本头注释）,归档区统一批次,
,P0_geo_elink.py,归档/03_一次性脚本与运维/scripts_oneoff_20260904,analysis_script,archived,none,,,,2041,6d4007cd253dc9ac26b887b5bab3d6bc9166539425f0c724fcdfab2929e7a0d9,一次性历史脚本（2026-09-04 根目录清理移入；来源与用途见脚本头注释）,归档区统一批次,
,P0_old_vs_new.py,归档/03_一次性脚本与运维/scripts_oneoff_20260904,analysis_script,archived,none,,,,6485,212a3f6710acb8cabb83eacdc30b33331113f5768505ebced9a376d96f132afe,一次性历史脚本（2026-09-04 根目录清理移入；来源与用途见脚本头注释）,归档区统一批次,
,P0_rebuild_manifest_v2.py,归档/03_一次性脚本与运维/scripts_oneoff_20260904,analysis_script,archived,none,,,,8613,e52c25c2600f2eba51f619baf2215fbe3f9612d726f434f7d01ed8b078515474,一次性历史脚本（2026-09-04 根目录清理移入；来源与用途见脚本头注释）,归档区统一批次,
,P0_refs_gbt_fetch.py,归档/03_一次性脚本与运维/scripts_oneoff_20260904,analysis_script,archived,none,,,,4966,9f654a32782c9409ac3a77d2e536da108f0240ce38e09c1985a7c159d1524634,一次性历史脚本（2026-09-04 根目录清理移入；来源与用途见脚本头注释）,归档区统一批次,
,P0_refs_gbt_fixup.py,归档/03_一次性脚本与运维/scripts_oneoff_20260904,analysis_script,archived,none,,,,6021,b625589cac6c0c8e0f5fab713a18b92fd2547222e43b39c1d5385205a0eb4abc,一次性历史脚本（2026-09-04 根目录清理移入；来源与用途见脚本头注释）,归档区统一批次,
,P0_refs_gbt_insert.py,归档/03_一次性脚本与运维/scripts_oneoff_20260904,analysis_script,archived,none,,,,10127,f2598d5bab7e9b10800ff766843f370541f1bbe50ce3ba1a61b38b08606f76f1,一次性历史脚本（2026-09-04 根目录清理移入；来源与用途见脚本头注释）,归档区统一批次,
,P0_refs_vancouver.py,归档/03_一次性脚本与运维/scripts_oneoff_20260904,analysis_script,archived,none,,,,6360,9a97192d7b016a9a31584237ef1ea88144398ab329104bcb6191c0905506cbad,一次性历史脚本（2026-09-04 根目录清理移入；来源与用途见脚本头注释）,归档区统一批次,
,P0_refs_vancouver_fix.py,归档/03_一次性脚本与运维/scripts_oneoff_20260904,analysis_script,archived,none,,,,6648,339b5f28243ba2302328bf966fc523bcb793f3572528e984b1aa338f54f908b6,一次性历史脚本（2026-09-04 根目录清理移入；来源与用途见脚本头注释）,归档区统一批次,
,P0_register_report.py,归档/03_一次性脚本与运维/scripts_oneoff_20260904,analysis_script,archived,none,,,,1497,344866cfb840b9e315863b707cd60fbc303b05bda0239c49efc905d28c4e55f6,一次性历史脚本（2026-09-04 根目录清理移入；来源与用途见脚本头注释）,归档区统一批次,
,P0_repair_manifest.py,归档/03_一次性脚本与运维/scripts_oneoff_20260904,analysis_script,archived,none,,,,12218,301d987e860feb6e9bf0157b189a340b70ac0f43c7134f10c735f47e1a200fb7,一次性历史脚本（2026-09-04 根目录清理移入；来源与用途见脚本头注释）,归档区统一批次,
,P0_rerun_novelty_search.py,归档/03_一次性脚本与运维/scripts_oneoff_20260904,analysis_script,archived,none,,,,6956,cfca6a85d379652fe561ea45f64439600350f9ace85bd6a82ed64da90fbecaac,一次性历史脚本（2026-09-04 根目录清理移入；来源与用途见脚本头注释）,归档区统一批次,
,P0_rerun_novelty_search_20260829.py,归档/03_一次性脚本与运维/scripts_oneoff_20260904,analysis_script,archived,none,,,,7101,e82a517bb51c22f893d1152b4fdec8b60eb0e47e2afb28ebbbf6bd45f3eb2466,一次性历史脚本（2026-09-04 根目录清理移入；来源与用途见脚本头注释）,归档区统一批次,
,P0_verify_references.py,归档/03_一次性脚本与运维/scripts_oneoff_20260904,analysis_script,archived,none,,,,9012,d8733cc4998c5070d2ec5618fb869bcf95ae39c67694abdce323d673b94fa5d1,一次性历史脚本（2026-09-04 根目录清理移入；来源与用途见脚本头注释）,归档区统一批次,
,P0_verify_references_round2.py,归档/03_一次性脚本与运维/scripts_oneoff_20260904,analysis_script,archived,none,,,,4092,bed61517cd1a4e641b01b78e8057947b28f1fa67e163cc3a9b1b0a7ff02dd8e0,一次性历史脚本（2026-09-04 根目录清理移入；来源与用途见脚本头注释）,归档区统一批次,
,P0_verify_references_round3.py,归档/03_一次性脚本与运维/scripts_oneoff_20260904,analysis_script,archived,none,,,,2571,b0028450509ee783300924865840ab8980b90ed85c7d4381d19c5d538ce0e14b,一次性历史脚本（2026-09-04 根目录清理移入；来源与用途见脚本头注释）,归档区统一批次,
,P0_verify_references_round4.py,归档/03_一次性脚本与运维/scripts_oneoff_20260904,analysis_script,archived,none,,,,2746,00e0a35dc82f5656e0d55ed60ea44db4d00f0e09de37695f3b5f8c5579e3a133,一次性历史脚本（2026-09-04 根目录清理移入；来源与用途见脚本头注释）,归档区统一批次,
,P0_verify_references_round5.py,归档/03_一次性脚本与运维/scripts_oneoff_20260904,analysis_script,archived,none,,,,5391,2bcb3bbace751f54dd0401225fe30ec09ac85a3eea5213b6a71e2fe45e64b1d9,一次性历史脚本（2026-09-04 根目录清理移入；来源与用途见脚本头注释）,归档区统一批次,
,P0_verify_references_round5b.py,归档/03_一次性脚本与运维/scripts_oneoff_20260904,analysis_script,archived,none,,,,5136,ab662a03ea703fd2ce3d1e5ca2e4d7ff9eecd3af05751fef62a560d7e5fb50dd,一次性历史脚本（2026-09-04 根目录清理移入；来源与用途见脚本头注释）,归档区统一批次,
,P0_verify_references_round5c.py,归档/03_一次性脚本与运维/scripts_oneoff_20260904,analysis_script,archived,none,,,,2630,9c11c4635d53a5f0b8a699025b43332c3d9aabe4d9a4f7cc40b80f9474c8ca8c,一次性历史脚本（2026-09-04 根目录清理移入；来源与用途见脚本头注释）,归档区统一批次,
,P0_verify_references_round5d.py,归档/03_一次性脚本与运维/scripts_oneoff_20260904,analysis_script,archived,none,,,,3960,2d226abab4c332210fc26e32fd084ca3d4b1c20f91c3f0a1cac46aa6235581b2,一次性历史脚本（2026-09-04 根目录清理移入；来源与用途见脚本头注释）,归档区统一批次,
,P13_export_table4_csv.py,归档/03_一次性脚本与运维/scripts_oneoff_20260904,analysis_script,archived,none,,,,10583,773bb43614e3d1fc8c535f6a0acb18692a574a38bb313b3126faa30381200a9d,一次性历史脚本（2026-09-04 根目录清理移入；来源与用途见脚本头注释）,归档区统一批次,
,P13_numeric_drift_check.py,归档/03_一次性脚本与运维/scripts_oneoff_20260904,analysis_script,archived,none,,,,10515,24656669495923aa476d84814b8de277a8dab3972a8efcc59293280bfc06834c,一次性历史脚本（2026-09-04 根目录清理移入；来源与用途见脚本头注释）,归档区统一批次,
,P13_qc_rerun_E_20260904.py,归档/03_一次性脚本与运维/scripts_oneoff_20260904,analysis_script,archived,none,,,,1394,6851549d39a645ef7589463a0162039aec9c2952a19b0e1d4a463844273b4a69,一次性历史脚本（2026-09-04 根目录清理移入；来源与用途见脚本头注释）,归档区统一批次,
,P13_rerun_qc_local.py,归档/03_一次性脚本与运维/scripts_oneoff_20260904,analysis_script,archived,none,,,,2616,24f8ed473e6576faca00c1eff563a4dd09cf624b1e564df053246457d42c1aad,一次性历史脚本（2026-09-04 根目录清理移入；来源与用途见脚本头注释）,归档区统一批次,
,P13_sync_chinese_manuscript_content.py,归档/03_一次性脚本与运维/scripts_oneoff_20260904,analysis_script,archived,none,,,,41076,a1d5cb22f4f242c3e357a29e89b8405e2fbc6f06d75cc80252a9a41124617756,一次性历史脚本（2026-09-04 根目录清理移入；来源与用途见脚本头注释）,归档区统一批次,
,P13_sync_chinese_manuscript_structure.py,归档/03_一次性脚本与运维/scripts_oneoff_20260904,analysis_script,archived,none,,,,6485,4cfeba7f0bdfe7d541906438fe209109fd530ba584cd2a6d553825b0247d7e3b,一次性历史脚本（2026-09-04 根目录清理移入；来源与用途见脚本头注释）,归档区统一批次,
,111文稿_v5.md,归档/04_文稿与计划备份,governance,archived,none,,,,223448,01d2390dc5ad8f4ab1b762f39013550f0d9841798d804d85287d919949bbfe27,中文主文稿（2026-09-04 起弃用，冻结对照）,归档区统一批次,
,111文稿_v5.md.bak_p13,归档/04_文稿与计划备份,governance,archived,none,,,,196996,23e8541fa9318417ec681f1c5e3fe16b78203542af798f6f500f74605b64c48e,P13 同步前备份,归档区统一批次,
,111提质计划13_20260901.md,归档/04_文稿与计划备份,governance,archived,none,,,,17428,126367b0fc4664c30d4e29137b0ab2e7fdda45262af627bde850e6c0bd26c70a,提质计划13 原稿,归档区统一批次,
S2-N,Supplementary_Note_S2_Extended_Abstract.md,02_SUPPLEMENTARY_TABLES/Supplementary_Notes,supplementary_report,canonical,none,NA,NA,,32427,2c4aa031066e957410dad86e8f035ea2f6b3ff4b03d48c2ed3d587f102390466,Supplementary Note S2 长版摘要（原结构化摘要+Extended Abstract 逐字保留；2026-09-05 主稿摘要改 CDD 单段格式后为技术细节权威载体）,2026-09-05 待办6 CDD 改版批次,
,01_FIGURE_DATA_CSV_pre_AB压缩备份_20260916.zip,归档/05_清单与图数据备份,backup,archived,none,,,,3752893,f6c8060d77aed9c06162a02dd9dcaa7e5499cde135fcd5e49b113735b15a1663,2026-09-16 A+B 主图压缩批次改动前备份,行级登记（2026-09-16 A+B 批次补齐）,
,111文稿_v5_pre_图号同步备份_20260906.md,归档/04_文稿与计划备份,backup,archived,none,,,,223448,01d2390dc5ad8f4ab1b762f39013550f0d9841798d804d85287d919949bbfe27,历史批次改动前备份（2026-09-05/06/07 会话产物，本机百度云同步到达）,行级登记（2026-09-16 A+B 批次补齐）,
,111文稿_v5_英文版_pre_AB压缩备份_20260916.md,归档/04_文稿与计划备份,backup,archived,none,,,,235084,63e603bbb063ca81afdea24da6dac91c2736f19db02f4b92352c97ca89612eb7,2026-09-16 A+B 主图压缩批次改动前备份,行级登记（2026-09-16 A+B 批次补齐）,
,111文稿_v5_英文版_pre_CDD整合备份_20260905.md,归档/04_文稿与计划备份,backup,archived,none,,,,271181,c6a254a3bf56429aa8b230765880d2e637ed715bf4fd53a26edd5732fc50a2ce,历史批次改动前备份（2026-09-05/06/07 会话产物，本机百度云同步到达）,行级登记（2026-09-16 A+B 批次补齐）,
,111文稿_v5_英文版_pre_终排_20260906.md,归档/04_文稿与计划备份,backup,archived,none,,,,235738,dcf1170a13f2e0f99a384bcc0a9465a4055d14e329df52dce14ce5c405f69ae7,历史批次改动前备份（2026-09-05/06/07 会话产物，本机百度云同步到达）,行级登记（2026-09-16 A+B 批次补齐）,
,FIGURE_DATA_MANIFEST_pre_AB压缩备份_20260916.csv,归档/05_清单与图数据备份,backup,archived,none,,,,41171,6d12db76f0d070ae0e24d496bd5b6320bd2d7c080243f0cbae13e74fec94e050,2026-09-16 A+B 主图压缩批次改动前备份,行级登记（2026-09-16 A+B 批次补齐）,
,final_layout_20260906.py,归档/06_工具脚本备份,backup,archived,none,,,,9371,528693dd2f50534fab80399315cc4c68bc62801632e8c88a3dd59f7dbf9dd9e6,历史批次改动前备份（2026-09-05/06/07 会话产物，本机百度云同步到达）,行级登记（2026-09-16 A+B 批次补齐）,
,lint_package_pre_AB压缩备份_20260916.py,归档/06_工具脚本备份,backup,archived,none,,,,57474,95fb60fe261bcf6788ffd7b8c819fb8c57b1a47ae9052621eaad49ce02975b87,2026-09-16 A+B 主图压缩批次改动前备份,行级登记（2026-09-16 A+B 批次补齐）,
,RESULTS_MANIFEST_v2.0_pre_20260906Table4修正.csv,归档/05_清单与图数据备份,backup,archived,none,,,,232146,6f66ed36d53f8972f598ac9fb83482df86f6e8c3a02abe9d0d1e1a04c1c1d432,历史批次改动前备份（2026-09-05/06/07 会话产物，本机百度云同步到达）,行级登记（2026-09-16 A+B 批次补齐）,
,RESULTS_MANIFEST_v2.0_pre_20260907学生机对齐.csv,归档/05_清单与图数据备份,backup,archived,none,,,,232304,9cc747198edbc6359e7bff5b55556b9c768a41dbb2909205b352f7c8b50cc79b,历史批次改动前备份（2026-09-05/06/07 会话产物，本机百度云同步到达）,行级登记（2026-09-16 A+B 批次补齐）,
,RESULTS_MANIFEST_v2.0_pre_AB压缩备份_20260916.csv,归档/05_清单与图数据备份,backup,archived,none,,,,243746,cd96fef34e123529d81509de807b9d9e2189552a8b6455a19835f91ed8612cb1,2026-09-16 A+B 主图压缩批次改动前备份,行级登记（2026-09-16 A+B 批次补齐）,
,111文稿_v5_英文版.md.bak_before_symbol_unify,归档/08_投稿树旧世代与备份_20260921/投稿树旧世代与备份_20260921,figure_data,archived,none,NA,NA,,235725,a06f8fb67f8d1afdef52fe6817eca365f338183bf961d31e03a2307ef783be76,2026-09-21 投稿目录整理（旧世代归档）,2026-09-21 从 投稿CELL DEATH AND DIFFERENTIATION/01_FIGURE_DATA_CSV 移出的旧世代图源数据（2026-09-16 主图压缩 9→7 之前；与真源同名不同表）——现役真源＝01_FIGURE_DATA_CSV/，投稿源数据＝投稿…/Source_Data/*.xlsx,
,README.md,归档/08_投稿树旧世代与备份_20260921/投稿树旧世代与备份_20260921,report,archived,none,NA,NA,,1911,3b75005fb72504677d28d1db27baa8ce0f7ded1d99f317a91b81c47dd9ac5385,2026-09-21 投稿目录整理（旧世代归档）,2026-09-21 从 投稿CELL DEATH AND DIFFERENTIATION/01_FIGURE_DATA_CSV 移出的旧世代图源数据（2026-09-16 主图压缩 9→7 之前；与真源同名不同表）——现役真源＝01_FIGURE_DATA_CSV/，投稿源数据＝投稿…/Source_Data/*.xlsx,
,投稿树_旧世代图源数据_20260921.zip,归档/08_投稿树旧世代与备份_20260921/投稿树旧世代与备份_20260921,backup,archived,none,NA,NA,,3392916,bfbaa629807d98692f6d49e9f57eccf89cd7e4365905491a0114235926b7d266,2026-09-21 投稿目录整理（旧世代归档）,2026-09-21 从 投稿CELL DEATH AND DIFFERENTIATION/01_FIGURE_DATA_CSV 移出的旧世代图源数据（2026-09-16 主图压缩 9→7 之前；与真源同名不同表）——现役真源＝01_FIGURE_DATA_CSV/，投稿源数据＝投稿…/Source_Data/*.xlsx,
,RESULTS_MANIFEST_v2.0_pre_figure_data重登记_20260921.csv,归档/05_清单与图数据备份,backup,archived,none,,,,249977,e70b1ad695c4b51a7666caad4b67ac4e711db61100163330fe5b367bd62b642f,,行级登记；2026-09-21 figure_data 段重登记前的 manifest 备份（sha 与重登记前一致）,
,Cover_Letter_CDD_draft_20260905.md,归档/04_文稿与计划备份,backup,archived,none,NA,NA,,4099,ef5fb86c2e9de90c4c51765b0720bab8a7f3bd99bf47d1a36c94c16efd3be687,2026-09-21 归档区分类整理（新入档）,2026-09-21 从包根入档：封面信早期短稿（4099 B）；现役＝投稿CELL DEATH AND DIFFERENTIATION/Cover_Letter_CDD_draft_20260905.md（5080 B，含后补段落）——两件同名不同内容，勿混用,
,RESULTS_MANIFEST_v2.0_old11fig_backup.csv,归档/05_清单与图数据备份,backup,archived,none,NA,NA,792,225641,178b427ac786a5859cf5ac0d8142defaed0e065ff3a477b88bb41498bca439c1,2026-09-21 归档区分类整理（新入档）,2026-09-21 从包根入档：旧 11 图世代（2026-09-05 前，794 行）manifest 快照，与前 4 份 manifest_pre_*.csv 同族；被 04_AUDIT_GOVERNANCE/RESULTS_MANIFEST_v2.0.csv（831 行）取代。原登记位置＝包根（见 README_打包说明 §四）,
,_cdd_gta_text.txt,归档/09_期刊指南文本提取_202609,report,archived,none,NA,NA,,87203,e027badb61c27610aff0360f5e7b3a23d6ab4a2db314139f9eb545354e2875ac,2026-09-21 归档区分类整理（新入档）,2026-09-21 从 E:\SCI 根入档：CDD Guide to Authors（cdd-gta.pdf）文本提取件，供制图规范条款按行号定位（F0_FIGURES/cdd_export.py 引其行号）；PDF 本体仍留 E:\SCI\cdd-gta.pdf,
,_aj_artwork_text.txt,归档/09_期刊指南文本提取_202609,report,archived,none,NA,NA,,5203,235d4e6660a536ac594669506c6a69ba62495987316fd6a89a34d94cb65d9115,2026-09-21 归档区分类整理（新入档）,2026-09-21 从 E:\SCI 根入档：Guide to preparing final artwork（aj-artworkguidelines.pdf）文本提取件，字号 5–7 pt / 栏宽 88·180·85·175 mm 条款依据；PDF 本体仍留 E:\SCI\,
,_dump_gta.py,归档/09_期刊指南文本提取_202609,analysis_script,archived,none,NA,NA,,328,03ff762e540ddec6ec58b60147a2b98fc360b314abf9810dc0a28dbd70c6e49e,2026-09-21 归档区分类整理（新入档）,2026-09-21 从 E:\SCI 根入档：cdd-gta 文本行区间（255-268/340-395/1025-1060/1150-1180）抽取小脚本，一次性；随提取件留档,
,README_期刊指南提取说明.md,归档/09_期刊指南文本提取_202609,report,archived,none,NA,NA,,1572,01f866ac60347e1d96d9f3ae1536a18d0a17e63181af1089156d9b0200b04890,2026-09-21 归档区分类整理（新入档）,2026-09-21 新建：09_期刊指南文本提取_202609/ 的取件说明（来源、用途、PDF 本体位置）,
,归档分类整理_20260921.py,归档/03_一次性脚本与运维,analysis_script,archived,none,NA,NA,,10508,11fc52f1c18982118bcee5ebf707d0ca0cdb510c23ed639b08f450dc6eac9d8e,2026-09-21 归档区分类整理（批次执行留痕）,2026-09-21 归档区分类整理批次自身的执行脚本（搬迁 + manifest 同步），按 2026-08-27/09-04 清理批次的留痕惯例入档，供复核与重跑参照；文内路径为搬迁前布局，重跑须按 归档/README_归档说明.md 新布局改写,
,归档分类整理_manifest同步_20260921.py,归档/03_一次性脚本与运维,analysis_script,archived,none,NA,NA,,10504,6306a2b3c72009a9dd9d1894fc9f8acd4c6d64d89e17f66fe8197d47ffdc60d3,2026-09-21 归档区分类整理（批次执行留痕）,2026-09-21 归档区分类整理批次自身的执行脚本（搬迁 + manifest 同步），按 2026-08-27/09-04 清理批次的留痕惯例入档，供复核与重跑参照；文内路径为搬迁前布局，重跑须按 归档/README_归档说明.md 新布局改写,
,Figure_8wA.csv,01_FIGURE_DATA_CSV/Main,figure_data,canonical,none,NA,NA,256,13102,941633c2b9748d634d2926ad8aa754588f62c656292749affab4009d1f01de9b,ms_panel=8A（湿实验 Figure_8）；2026-10-02 N6 湿实验三图入包,源包 Figure_8\Figure_8\Figure_8A.csv（逐字节复制、MD5 断言见 N6_integrate_wetlab_figdata_20261002.py）,
,Figure_8wB.csv,01_FIGURE_DATA_CSV/Main,figure_data,canonical,none,NA,NA,192,9678,9b9aa3a02c4e48f0ca7b47ae41c9c09831a976421b403de9646cc0d64ff0cc4d,ms_panel=8B（湿实验 Figure_8）；2026-10-02 N6 湿实验三图入包,源包 Figure_8\Figure_8\Figure_8B.csv（逐字节复制、MD5 断言见 N6_integrate_wetlab_figdata_20261002.py）,
,Figure_8wC.csv,01_FIGURE_DATA_CSV/Main,figure_data,canonical,none,NA,NA,60,8634,52fecd28888ad8622ce0344e84ad71d3a65ec420bf06ff078cfbef7b0fb8bd55,ms_panel=8C（湿实验 Figure_8）；2026-10-02 N6 湿实验三图入包,源包 Figure_8\Figure_8\Figure_8C.csv（逐字节复制、MD5 断言见 N6_integrate_wetlab_figdata_20261002.py）,
,Figure_8wD.csv,01_FIGURE_DATA_CSV/Main,figure_data,canonical,none,NA,NA,128,8512,972eb3f58619b1dd416763bc6d5c1d48af83b398deaef9524fe6c8e3dd5e136c,ms_panel=8D（湿实验 Figure_8）；2026-10-02 N6 湿实验三图入包,源包 Figure_8\Figure_8\Figure_8D.csv（逐字节复制、MD5 断言见 N6_integrate_wetlab_figdata_20261002.py）,
,Figure_8wE.csv,01_FIGURE_DATA_CSV/Main,figure_data,canonical,none,NA,NA,64,5056,26e64384fec839f952efff6ce9cbb121a654ce184b2a01f36efa95d0bea508c5,ms_panel=8E（湿实验 Figure_8）；2026-10-02 N6 湿实验三图入包,源包 Figure_8\Figure_8\Figure_8E.csv（逐字节复制、MD5 断言见 N6_integrate_wetlab_figdata_20261002.py）,
,Figure_8wF.csv,01_FIGURE_DATA_CSV/Main,figure_data,canonical,none,NA,NA,63,3344,1c3abdf901357d8a3ed7ea77620d01f07c0230dc1ba947bf98c0175b92726227,ms_panel=8F（湿实验 Figure_8）；2026-10-02 N6 湿实验三图入包,源包 Figure_8\Figure_8\Figure_8F.csv（逐字节复制、MD5 断言见 N6_integrate_wetlab_figdata_20261002.py）,
,Figure_8wG.csv,01_FIGURE_DATA_CSV/Main,figure_data,canonical,none,NA,NA,528,34407,559f423fff3320d0054702dc9fd4b6990e62cd6a69ecb77bb681ad4cc41f3e23,ms_panel=8G（湿实验 Figure_8）；2026-10-02 N6 湿实验三图入包,源包 Figure_8\Figure_8\Figure_8G.csv（逐字节复制、MD5 断言见 N6_integrate_wetlab_figdata_20261002.py）,
,Figure_8wH.csv,01_FIGURE_DATA_CSV/Main,figure_data,canonical,none,NA,NA,324,17114,db1fb22e87509ddc5bc24bdf24168baa693acab68584864d7a2279b96b8f7639,ms_panel=8H（湿实验 Figure_8）；2026-10-02 N6 湿实验三图入包,源包 Figure_8\Figure_8\Figure_8H.csv（逐字节复制、MD5 断言见 N6_integrate_wetlab_figdata_20261002.py）,
,Figure_S15A.csv,01_FIGURE_DATA_CSV/Supplementary,figure_data,canonical,none,NA,NA,32,1372,13e67ccaec7eb1691a4804fa87b5f45bba0e68cef2ba0103886aa7bc140d5f38,ms_panel=S15A（湿实验 Figure_S15）；2026-10-02 N6 湿实验三图入包,源包 Figure_S15-16待可视化数据\Figure_S15A.csv（逐字节复制、MD5 断言见 N6_integrate_wetlab_figdata_20261002.py）,
,Figure_S15B.csv,01_FIGURE_DATA_CSV/Supplementary,figure_data,canonical,none,NA,NA,32,1735,260b1a692a3e66b24f5bb4a8620b6974486c7469e0a958d6940fedc9bfb4c57b,ms_panel=S15B（湿实验 Figure_S15）；2026-10-02 N6 湿实验三图入包,源包 Figure_S15-16待可视化数据\Figure_S15B.csv（逐字节复制、MD5 断言见 N6_integrate_wetlab_figdata_20261002.py）,
,Figure_S15C.csv,01_FIGURE_DATA_CSV/Supplementary,figure_data,canonical,none,NA,NA,31,3222,a9f2d48a6bfeedb5c0e244738fce0ef1fcd62a45b7aec376414c5e5f4d67f5d6,ms_panel=S15C（湿实验 Figure_S15）；2026-10-02 N6 湿实验三图入包,源包 Figure_S15-16待可视化数据\Figure_S15C.csv（逐字节复制、MD5 断言见 N6_integrate_wetlab_figdata_20261002.py）,
,Figure_S15D.csv,01_FIGURE_DATA_CSV/Supplementary,figure_data,canonical,none,NA,NA,64,4118,e621fbe5cfbe8f0837f953690ce0c70e1817dd58caa0b25c8e718d05a7c87a61,ms_panel=S15D（湿实验 Figure_S15）；2026-10-02 N6 湿实验三图入包,源包 Figure_S15-16待可视化数据\Figure_S15D.csv（逐字节复制、MD5 断言见 N6_integrate_wetlab_figdata_20261002.py）,
,Figure_S15E.csv,01_FIGURE_DATA_CSV/Supplementary,figure_data,canonical,none,NA,NA,640,43669,a94e61dee6090d2f1b566ce2991c9be1ba037dd2d99fd78acb496f19e847db26,ms_panel=S15E（湿实验 Figure_S15）；2026-10-02 N6 湿实验三图入包,源包 Figure_S15-16待可视化数据\Figure_S15E.csv（逐字节复制、MD5 断言见 N6_integrate_wetlab_figdata_20261002.py）,
,Figure_S15F.csv,01_FIGURE_DATA_CSV/Supplementary,figure_data,canonical,none,NA,NA,192,9006,76a76699b97f9684c30d93f161e776f317463e55845a1a36a37353d572ee3432,ms_panel=S15F（湿实验 Figure_S15）；2026-10-02 N6 湿实验三图入包,源包 Figure_S15-16待可视化数据\Figure_S15F.csv（逐字节复制、MD5 断言见 N6_integrate_wetlab_figdata_20261002.py）,
,Figure_S15G.csv,01_FIGURE_DATA_CSV/Supplementary,figure_data,canonical,none,NA,NA,96,6354,6e3b8a86f86e4e5daa8a9ff96eea3f8658497170ab76697db4785084f8aacb2e,ms_panel=S15G（湿实验 Figure_S15）；2026-10-02 N6 湿实验三图入包,源包 Figure_S15-16待可视化数据\Figure_S15G.csv（逐字节复制、MD5 断言见 N6_integrate_wetlab_figdata_20261002.py）,
,Figure_S16A.csv,01_FIGURE_DATA_CSV/Supplementary,figure_data,canonical,none,NA,NA,504,22700,2c765104b2416f7bb551c8f01debdef1b0e90e69c7b750563bbf9b6771db696f,ms_panel=S16A（湿实验 Figure_S16）；2026-10-02 N6 湿实验三图入包,源包 Figure_S15-16待可视化数据\Figure_S16A.csv（逐字节复制、MD5 断言见 N6_integrate_wetlab_figdata_20261002.py）,
,Figure_S16B.csv,01_FIGURE_DATA_CSV/Supplementary,figure_data,canonical,none,NA,NA,84,5626,6b108c7d09abfe845c0034d4cebdd4674f5ea740e31bb789803442c2983aa292,ms_panel=S16B（湿实验 Figure_S16）；2026-10-02 N6 湿实验三图入包,源包 Figure_S15-16待可视化数据\Figure_S16B.csv（逐字节复制、MD5 断言见 N6_integrate_wetlab_figdata_20261002.py）,
,Figure_S16C.csv,01_FIGURE_DATA_CSV/Supplementary,figure_data,canonical,none,NA,NA,108,7227,574ebf89431420358a2606aac78c0dbf4a22abd62b762c8facea6b0a5136f5ed,ms_panel=S16C（湿实验 Figure_S16）；2026-10-02 N6 湿实验三图入包,源包 Figure_S15-16待可视化数据\Figure_S16C.csv（逐字节复制、MD5 断言见 N6_integrate_wetlab_figdata_20261002.py）,
,Figure_S16D.csv,01_FIGURE_DATA_CSV/Supplementary,figure_data,canonical,none,NA,NA,108,7139,8c044f274899d10763a31e91d59aef0275835319f8de13e86e99ca74668771af,ms_panel=S16D（湿实验 Figure_S16）；2026-10-02 N6 湿实验三图入包,源包 Figure_S15-16待可视化数据\Figure_S16D.csv（逐字节复制、MD5 断言见 N6_integrate_wetlab_figdata_20261002.py）,
,Figure_S16E.csv,01_FIGURE_DATA_CSV/Supplementary,figure_data,canonical,none,NA,NA,720,31898,99fecbbcc796642a99b779f57c137eaf27f4da499bc1587a57fee7f5d11d1cc4,ms_panel=S16E（湿实验 Figure_S16）；2026-10-02 N6 湿实验三图入包,源包 Figure_S15-16待可视化数据\Figure_S16E.csv（逐字节复制、MD5 断言见 N6_integrate_wetlab_figdata_20261002.py）,
,Figure_S16F.csv,01_FIGURE_DATA_CSV/Supplementary,figure_data,canonical,none,NA,NA,72,5718,07f3df45d25047b6f461683118e25dc4a4652adca3dbabfcf9cae888050e3190,ms_panel=S16F（湿实验 Figure_S16）；2026-10-02 N6 湿实验三图入包,源包 Figure_S15-16待可视化数据\Figure_S16F.csv（逐字节复制、MD5 断言见 N6_integrate_wetlab_figdata_20261002.py）,
S26,Table_S26k_CellType_Scores.csv,归档,supplementary_table,archived,none,NA,NA,23274,6308758,1d10691f0bb4704da3317e2096ecdc4890a4802932346a3ed471828ead2b712a,Zenodo 上传件归档留档（2026-09-28）,canonical 件 2026-10-02 重编号为 Table_S79k_CellType_Scores.csv；本副本保留原名供溯源,
