record_type,dataset_id,gsm,sample_id,condition,tissue,assay,timepoint,subcohort,n_cells,n_units,group_summary,role,status,evidence_source,notes,gene_set_version,score_version
sample,GSE145926,GSM4475048,C51,Healthy,BALF,scRNA-seq,,,10895,,,主整合 scRNA 队列（BALF）,canonical,GSE145926_family.soft.gz (patient group) + Table_S2_QC_Metrics,GEO 官方分组（N3 修复基准 3/3/6）,NA,NA
sample,GSE145926,GSM4475049,C52,Healthy,BALF,scRNA-seq,,,10123,,,主整合 scRNA 队列（BALF）,canonical,GSE145926_family.soft.gz (patient group) + Table_S2_QC_Metrics,GEO 官方分组（N3 修复基准 3/3/6）,NA,NA
sample,GSE145926,GSM4475050,C100,Healthy,BALF,scRNA-seq,,,5120,,,主整合 scRNA 队列（BALF）,canonical,GSE145926_family.soft.gz (patient group) + Table_S2_QC_Metrics,GEO 官方分组（N3 修复基准 3/3/6）,NA,NA
sample,GSE145926,GSM4339769,C141,COVID_mild,BALF,scRNA-seq,,,3107,,,主整合 scRNA 队列（BALF）,canonical,GSE145926_family.soft.gz (patient group) + Table_S2_QC_Metrics,GEO 官方分组（N3 修复基准 3/3/6）,NA,NA
sample,GSE145926,GSM4339770,C142,COVID_mild,BALF,scRNA-seq,,,3126,,,主整合 scRNA 队列（BALF）,canonical,GSE145926_family.soft.gz (patient group) + Table_S2_QC_Metrics,GEO 官方分组（N3 修复基准 3/3/6）,NA,NA
sample,GSE145926,GSM4339771,C143,COVID_severe,BALF,scRNA-seq,,,19889,,,主整合 scRNA 队列（BALF）,canonical,GSE145926_family.soft.gz (patient group) + Table_S2_QC_Metrics,GEO 官方分组（N3 修复基准 3/3/6）,NA,NA
sample,GSE145926,GSM4339772,C144,COVID_mild,BALF,scRNA-seq,,,817,,,主整合 scRNA 队列（BALF）,canonical,GSE145926_family.soft.gz (patient group) + Table_S2_QC_Metrics,GEO 官方分组（N3 修复基准 3/3/6）,NA,NA
sample,GSE145926,GSM4339773,C145,COVID_severe,BALF,scRNA-seq,,,17080,,,主整合 scRNA 队列（BALF）,canonical,GSE145926_family.soft.gz (patient group) + Table_S2_QC_Metrics,GEO 官方分组（N3 修复基准 3/3/6）,NA,NA
sample,GSE145926,GSM4339774,C146,COVID_severe,BALF,scRNA-seq,,,3149,,,主整合 scRNA 队列（BALF）,canonical,GSE145926_family.soft.gz (patient group) + Table_S2_QC_Metrics,GEO 官方分组（N3 修复基准 3/3/6）,NA,NA
sample,GSE145926,GSM4475051,C148,COVID_severe,BALF,scRNA-seq,,,1999,,,主整合 scRNA 队列（BALF）,canonical,GSE145926_family.soft.gz (patient group) + Table_S2_QC_Metrics,GEO 官方分组（N3 修复基准 3/3/6）,NA,NA
sample,GSE145926,GSM4475052,C149,COVID_severe,BALF,scRNA-seq,,,2349,,,主整合 scRNA 队列（BALF）,canonical,GSE145926_family.soft.gz (patient group) + Table_S2_QC_Metrics,GEO 官方分组（N3 修复基准 3/3/6）,NA,NA
sample,GSE145926,GSM4475053,C152,COVID_severe,BALF,scRNA-seq,,,6298,,,主整合 scRNA 队列（BALF）,canonical,GSE145926_family.soft.gz (patient group) + Table_S2_QC_Metrics,GEO 官方分组（N3 修复基准 3/3/6）,NA,NA
dataset_summary,GSE145926,,,,,,,,,12,Healthy 3 / COVID_mild 3 / COVID_severe 6（GEO 官方；N3 修复基准）,"主整合 scRNA 队列（BALF，Liao et al. 2020）；83,952 细胞",canonical,family.soft.gz 逐 GSM + S2_QC,GSM 范围 GSM4339769–GSM4475056（本表仅登记 12 个 scRNA-seq GSM；另 9 个 TCR-seq GSM 未用）；N3 曾修正 C148/C149/C152→severe、C144→mild,NA,NA
sample,GSE158055,GSM4787555,S-HC008,Healthy,PBMC（GEO source_name）,scRNA-seq,,,1483,,,主整合 scRNA 队列（PBMC）,canonical,GSE158055_family.soft.gz (source_name) + Table_S2_QC_Metrics,GEO 组织字段核验 51 例全为 PBMC（N3 更正）,NA,NA
sample,GSE158055,GSM4787556,S-HC009,Healthy,PBMC（GEO source_name）,scRNA-seq,,,1490,,,主整合 scRNA 队列（PBMC）,canonical,GSE158055_family.soft.gz (source_name) + Table_S2_QC_Metrics,GEO 组织字段核验 51 例全为 PBMC（N3 更正）,NA,NA
sample,GSE158055,GSM4787557,S-HC010,Healthy,PBMC（GEO source_name）,scRNA-seq,,,1491,,,主整合 scRNA 队列（PBMC）,canonical,GSE158055_family.soft.gz (source_name) + Table_S2_QC_Metrics,GEO 组织字段核验 51 例全为 PBMC（N3 更正）,NA,NA
sample,GSE158055,GSM4787558,S-HC011,Healthy,PBMC（GEO source_name）,scRNA-seq,,,1479,,,主整合 scRNA 队列（PBMC）,canonical,GSE158055_family.soft.gz (source_name) + Table_S2_QC_Metrics,GEO 组织字段核验 51 例全为 PBMC（N3 更正）,NA,NA
sample,GSE158055,GSM4787559,S-HC012,Healthy,PBMC（GEO source_name）,scRNA-seq,,,1488,,,主整合 scRNA 队列（PBMC）,canonical,GSE158055_family.soft.gz (source_name) + Table_S2_QC_Metrics,GEO 组织字段核验 51 例全为 PBMC（N3 更正）,NA,NA
sample,GSE158055,GSM4787364,S-M041-1,COVID_mild,PBMC（GEO source_name）,scRNA-seq,,,716,,,主整合 scRNA 队列（PBMC）,canonical,GSE158055_family.soft.gz (source_name) + Table_S2_QC_Metrics,GEO 组织字段核验 51 例全为 PBMC（N3 更正）,NA,NA
sample,GSE158055,GSM4787365,S-M041-2,COVID_mild,PBMC（GEO source_name）,scRNA-seq,,,762,,,主整合 scRNA 队列（PBMC）,canonical,GSE158055_family.soft.gz (source_name) + Table_S2_QC_Metrics,GEO 组织字段核验 51 例全为 PBMC（N3 更正）,NA,NA
sample,GSE158055,GSM4787366,S-M042-1,COVID_mild,PBMC（GEO source_name）,scRNA-seq,,,623,,,主整合 scRNA 队列（PBMC）,canonical,GSE158055_family.soft.gz (source_name) + Table_S2_QC_Metrics,GEO 组织字段核验 51 例全为 PBMC（N3 更正）,NA,NA
sample,GSE158055,GSM4787367,S-M042-2,COVID_mild,PBMC（GEO source_name）,scRNA-seq,,,856,,,主整合 scRNA 队列（PBMC）,canonical,GSE158055_family.soft.gz (source_name) + Table_S2_QC_Metrics,GEO 组织字段核验 51 例全为 PBMC（N3 更正）,NA,NA
sample,GSE158055,GSM4787368,S-M043-1,COVID_mild,PBMC（GEO source_name）,scRNA-seq,,,712,,,主整合 scRNA 队列（PBMC）,canonical,GSE158055_family.soft.gz (source_name) + Table_S2_QC_Metrics,GEO 组织字段核验 51 例全为 PBMC（N3 更正）,NA,NA
sample,GSE158055,GSM4787369,S-M043-2,COVID_mild,PBMC（GEO source_name）,scRNA-seq,,,778,,,主整合 scRNA 队列（PBMC）,canonical,GSE158055_family.soft.gz (source_name) + Table_S2_QC_Metrics,GEO 组织字段核验 51 例全为 PBMC（N3 更正）,NA,NA
sample,GSE158055,GSM4787370,S-M044-1,COVID_mild,PBMC（GEO source_name）,scRNA-seq,,,738,,,主整合 scRNA 队列（PBMC）,canonical,GSE158055_family.soft.gz (source_name) + Table_S2_QC_Metrics,GEO 组织字段核验 51 例全为 PBMC（N3 更正）,NA,NA
sample,GSE158055,GSM4787371,S-M044-2,COVID_mild,PBMC（GEO source_name）,scRNA-seq,,,749,,,主整合 scRNA 队列（PBMC）,canonical,GSE158055_family.soft.gz (source_name) + Table_S2_QC_Metrics,GEO 组织字段核验 51 例全为 PBMC（N3 更正）,NA,NA
sample,GSE158055,GSM4787372,S-M045,COVID_mild,PBMC（GEO source_name）,scRNA-seq,,,1467,,,主整合 scRNA 队列（PBMC）,canonical,GSE158055_family.soft.gz (source_name) + Table_S2_QC_Metrics,GEO 组织字段核验 51 例全为 PBMC（N3 更正）,NA,NA
sample,GSE158055,GSM4787373,S-M046,COVID_mild,PBMC（GEO source_name）,scRNA-seq,,,1438,,,主整合 scRNA 队列（PBMC）,canonical,GSE158055_family.soft.gz (source_name) + Table_S2_QC_Metrics,GEO 组织字段核验 51 例全为 PBMC（N3 更正）,NA,NA
sample,GSE158055,GSM4787374,S-M047,COVID_mild,PBMC（GEO source_name）,scRNA-seq,,,1487,,,主整合 scRNA 队列（PBMC）,canonical,GSE158055_family.soft.gz (source_name) + Table_S2_QC_Metrics,GEO 组织字段核验 51 例全为 PBMC（N3 更正）,NA,NA
sample,GSE158055,GSM4787375,S-M048,COVID_mild,PBMC（GEO source_name）,scRNA-seq,,,1467,,,主整合 scRNA 队列（PBMC）,canonical,GSE158055_family.soft.gz (source_name) + Table_S2_QC_Metrics,GEO 组织字段核验 51 例全为 PBMC（N3 更正）,NA,NA
sample,GSE158055,GSM4787376,S-M049,COVID_mild,PBMC（GEO source_name）,scRNA-seq,,,1437,,,主整合 scRNA 队列（PBMC）,canonical,GSE158055_family.soft.gz (source_name) + Table_S2_QC_Metrics,GEO 组织字段核验 51 例全为 PBMC（N3 更正）,NA,NA
sample,GSE158055,GSM4787377,S-M050,COVID_mild,PBMC（GEO source_name）,scRNA-seq,,,1498,,,主整合 scRNA 队列（PBMC）,canonical,GSE158055_family.soft.gz (source_name) + Table_S2_QC_Metrics,GEO 组织字段核验 51 例全为 PBMC（N3 更正）,NA,NA
sample,GSE158055,GSM4787378,S-M051,COVID_mild,PBMC（GEO source_name）,scRNA-seq,,,1481,,,主整合 scRNA 队列（PBMC）,canonical,GSE158055_family.soft.gz (source_name) + Table_S2_QC_Metrics,GEO 组织字段核验 51 例全为 PBMC（N3 更正）,NA,NA
sample,GSE158055,GSM4787379,S-M052,COVID_mild,PBMC（GEO source_name）,scRNA-seq,,,1483,,,主整合 scRNA 队列（PBMC）,canonical,GSE158055_family.soft.gz (source_name) + Table_S2_QC_Metrics,GEO 组织字段核验 51 例全为 PBMC（N3 更正）,NA,NA
sample,GSE158055,GSM4787380,S-M053,COVID_mild,PBMC（GEO source_name）,scRNA-seq,,,1466,,,主整合 scRNA 队列（PBMC）,canonical,GSE158055_family.soft.gz (source_name) + Table_S2_QC_Metrics,GEO 组织字段核验 51 例全为 PBMC（N3 更正）,NA,NA
sample,GSE158055,GSM4787381,S-M054,COVID_mild,PBMC（GEO source_name）,scRNA-seq,,,1495,,,主整合 scRNA 队列（PBMC）,canonical,GSE158055_family.soft.gz (source_name) + Table_S2_QC_Metrics,GEO 组织字段核验 51 例全为 PBMC（N3 更正）,NA,NA
sample,GSE158055,GSM4787382,S-M055,COVID_mild,PBMC（GEO source_name）,scRNA-seq,,,1489,,,主整合 scRNA 队列（PBMC）,canonical,GSE158055_family.soft.gz (source_name) + Table_S2_QC_Metrics,GEO 组织字段核验 51 例全为 PBMC（N3 更正）,NA,NA
sample,GSE158055,GSM4787383,S-M056,COVID_mild,PBMC（GEO source_name）,scRNA-seq,,,1023,,,主整合 scRNA 队列（PBMC）,canonical,GSE158055_family.soft.gz (source_name) + Table_S2_QC_Metrics,GEO 组织字段核验 51 例全为 PBMC（N3 更正）,NA,NA
sample,GSE158055,GSM4787384,S-M057,COVID_mild,PBMC（GEO source_name）,scRNA-seq,,,356,,,主整合 scRNA 队列（PBMC）,canonical,GSE158055_family.soft.gz (source_name) + Table_S2_QC_Metrics,GEO 组织字段核验 51 例全为 PBMC（N3 更正）,NA,NA
sample,GSE158055,GSM4787492,S-S054,COVID_severe,PBMC（GEO source_name）,scRNA-seq,,,1460,,,主整合 scRNA 队列（PBMC）,canonical,GSE158055_family.soft.gz (source_name) + Table_S2_QC_Metrics,GEO 组织字段核验 51 例全为 PBMC（N3 更正）,NA,NA
sample,GSE158055,GSM4787493,S-S055,COVID_severe,PBMC（GEO source_name）,scRNA-seq,,,1390,,,主整合 scRNA 队列（PBMC）,canonical,GSE158055_family.soft.gz (source_name) + Table_S2_QC_Metrics,GEO 组织字段核验 51 例全为 PBMC（N3 更正）,NA,NA
sample,GSE158055,GSM4787494,S-S056,COVID_severe,PBMC（GEO source_name）,scRNA-seq,,,1449,,,主整合 scRNA 队列（PBMC）,canonical,GSE158055_family.soft.gz (source_name) + Table_S2_QC_Metrics,GEO 组织字段核验 51 例全为 PBMC（N3 更正）,NA,NA
sample,GSE158055,GSM4787495,S-S057,COVID_severe,PBMC（GEO source_name）,scRNA-seq,,,1229,,,主整合 scRNA 队列（PBMC）,canonical,GSE158055_family.soft.gz (source_name) + Table_S2_QC_Metrics,GEO 组织字段核验 51 例全为 PBMC（N3 更正）,NA,NA
sample,GSE158055,GSM4787496,S-S058,COVID_severe,PBMC（GEO source_name）,scRNA-seq,,,520,,,主整合 scRNA 队列（PBMC）,canonical,GSE158055_family.soft.gz (source_name) + Table_S2_QC_Metrics,GEO 组织字段核验 51 例全为 PBMC（N3 更正）,NA,NA
sample,GSE158055,GSM4787497,S-S059,COVID_severe,PBMC（GEO source_name）,scRNA-seq,,,1469,,,主整合 scRNA 队列（PBMC）,canonical,GSE158055_family.soft.gz (source_name) + Table_S2_QC_Metrics,GEO 组织字段核验 51 例全为 PBMC（N3 更正）,NA,NA
sample,GSE158055,GSM4787498,S-S060,COVID_severe,PBMC（GEO source_name）,scRNA-seq,,,1474,,,主整合 scRNA 队列（PBMC）,canonical,GSE158055_family.soft.gz (source_name) + Table_S2_QC_Metrics,GEO 组织字段核验 51 例全为 PBMC（N3 更正）,NA,NA
sample,GSE158055,GSM4787499,S-S061,COVID_severe,PBMC（GEO source_name）,scRNA-seq,,,1498,,,主整合 scRNA 队列（PBMC）,canonical,GSE158055_family.soft.gz (source_name) + Table_S2_QC_Metrics,GEO 组织字段核验 51 例全为 PBMC（N3 更正）,NA,NA
sample,GSE158055,GSM4787500,S-S062,COVID_severe,PBMC（GEO source_name）,scRNA-seq,,,1485,,,主整合 scRNA 队列（PBMC）,canonical,GSE158055_family.soft.gz (source_name) + Table_S2_QC_Metrics,GEO 组织字段核验 51 例全为 PBMC（N3 更正）,NA,NA
sample,GSE158055,GSM4787502,S-S064,COVID_severe,PBMC（GEO source_name）,scRNA-seq,,,1496,,,主整合 scRNA 队列（PBMC）,canonical,GSE158055_family.soft.gz (source_name) + Table_S2_QC_Metrics,GEO 组织字段核验 51 例全为 PBMC（N3 更正）,NA,NA
sample,GSE158055,GSM4787503,S-S065,COVID_severe,PBMC（GEO source_name）,scRNA-seq,,,1477,,,主整合 scRNA 队列（PBMC）,canonical,GSE158055_family.soft.gz (source_name) + Table_S2_QC_Metrics,GEO 组织字段核验 51 例全为 PBMC（N3 更正）,NA,NA
sample,GSE158055,GSM4787504,S-S066,COVID_severe,PBMC（GEO source_name）,scRNA-seq,,,1483,,,主整合 scRNA 队列（PBMC）,canonical,GSE158055_family.soft.gz (source_name) + Table_S2_QC_Metrics,GEO 组织字段核验 51 例全为 PBMC（N3 更正）,NA,NA
sample,GSE158055,GSM4787505,S-S067,COVID_severe,PBMC（GEO source_name）,scRNA-seq,,,1471,,,主整合 scRNA 队列（PBMC）,canonical,GSE158055_family.soft.gz (source_name) + Table_S2_QC_Metrics,GEO 组织字段核验 51 例全为 PBMC（N3 更正）,NA,NA
sample,GSE158055,GSM4787506,S-S068,COVID_severe,PBMC（GEO source_name）,scRNA-seq,,,1487,,,主整合 scRNA 队列（PBMC）,canonical,GSE158055_family.soft.gz (source_name) + Table_S2_QC_Metrics,GEO 组织字段核验 51 例全为 PBMC（N3 更正）,NA,NA
sample,GSE158055,GSM4787507,S-S069-1,COVID_severe,PBMC（GEO source_name）,scRNA-seq,,,153,,,主整合 scRNA 队列（PBMC）,canonical,GSE158055_family.soft.gz (source_name) + Table_S2_QC_Metrics,GEO 组织字段核验 51 例全为 PBMC（N3 更正）,NA,NA
sample,GSE158055,GSM4787508,S-S069-2,COVID_severe,PBMC（GEO source_name）,scRNA-seq,,,31,,,主整合 scRNA 队列（PBMC）,canonical,GSE158055_family.soft.gz (source_name) + Table_S2_QC_Metrics,GEO 组织字段核验 51 例全为 PBMC（N3 更正）,NA,NA
sample,GSE158055,GSM4787509,S-S069-3,COVID_severe,PBMC（GEO source_name）,scRNA-seq,,,1310,,,主整合 scRNA 队列（PBMC）,canonical,GSE158055_family.soft.gz (source_name) + Table_S2_QC_Metrics,GEO 组织字段核验 51 例全为 PBMC（N3 更正）,NA,NA
sample,GSE158055,GSM4787512,S-S070-1,COVID_severe,PBMC（GEO source_name）,scRNA-seq,,,63,,,主整合 scRNA 队列（PBMC）,canonical,GSE158055_family.soft.gz (source_name) + Table_S2_QC_Metrics,GEO 组织字段核验 51 例全为 PBMC（N3 更正）,NA,NA
sample,GSE158055,GSM4787513,S-S070-2,COVID_severe,PBMC（GEO source_name）,scRNA-seq,,,789,,,主整合 scRNA 队列（PBMC）,canonical,GSE158055_family.soft.gz (source_name) + Table_S2_QC_Metrics,GEO 组织字段核验 51 例全为 PBMC（N3 更正）,NA,NA
sample,GSE158055,GSM4787514,S-S070-3,COVID_severe,PBMC（GEO source_name）,scRNA-seq,,,565,,,主整合 scRNA 队列（PBMC）,canonical,GSE158055_family.soft.gz (source_name) + Table_S2_QC_Metrics,GEO 组织字段核验 51 例全为 PBMC（N3 更正）,NA,NA
sample,GSE158055,GSM4787515,S-S071-1,COVID_severe,PBMC（GEO source_name）,scRNA-seq,,,362,,,主整合 scRNA 队列（PBMC）,canonical,GSE158055_family.soft.gz (source_name) + Table_S2_QC_Metrics,GEO 组织字段核验 51 例全为 PBMC（N3 更正）,NA,NA
sample,GSE158055,GSM4787516,S-S071-2,COVID_severe,PBMC（GEO source_name）,scRNA-seq,,,785,,,主整合 scRNA 队列（PBMC）,canonical,GSE158055_family.soft.gz (source_name) + Table_S2_QC_Metrics,GEO 组织字段核验 51 例全为 PBMC（N3 更正）,NA,NA
sample,GSE158055,GSM4787517,S-S072-1,COVID_severe,PBMC（GEO source_name）,scRNA-seq,,,56,,,主整合 scRNA 队列（PBMC）,canonical,GSE158055_family.soft.gz (source_name) + Table_S2_QC_Metrics,GEO 组织字段核验 51 例全为 PBMC（N3 更正）,NA,NA
sample,GSE158055,GSM4787518,S-S072-2,COVID_severe,PBMC（GEO source_name）,scRNA-seq,,,300,,,主整合 scRNA 队列（PBMC）,canonical,GSE158055_family.soft.gz (source_name) + Table_S2_QC_Metrics,GEO 组织字段核验 51 例全为 PBMC（N3 更正）,NA,NA
sample,GSE158055,GSM4787519,S-S072-3,COVID_severe,PBMC（GEO source_name）,scRNA-seq,,,235,,,主整合 scRNA 队列（PBMC）,canonical,GSE158055_family.soft.gz (source_name) + Table_S2_QC_Metrics,GEO 组织字段核验 51 例全为 PBMC（N3 更正）,NA,NA
sample,GSE158055,GSM4787296,S-M002-1,COVID_mild,Sputum（GEO source_name）,scRNA-seq,,,1037,,,scFOCAL 气道子集输入（S22）,canonical,GSE158055_family.soft.gz (source_name) + BALF_filtered/cell_annotation.csv,12 BALF + 22 sputum（N3 更正，无健康对照）,NA,NA
sample,GSE158055,GSM4787295,S-M002-2,COVID_mild,Sputum（GEO source_name）,scRNA-seq,,,586,,,scFOCAL 气道子集输入（S22）,canonical,GSE158055_family.soft.gz (source_name) + BALF_filtered/cell_annotation.csv,12 BALF + 22 sputum（N3 更正，无健康对照）,NA,NA
sample,GSE158055,GSM4787297,S-M003-1,COVID_mild,Sputum（GEO source_name）,scRNA-seq,,,684,,,scFOCAL 气道子集输入（S22）,canonical,GSE158055_family.soft.gz (source_name) + BALF_filtered/cell_annotation.csv,12 BALF + 22 sputum（N3 更正，无健康对照）,NA,NA
sample,GSE158055,GSM4787293,S-M003-2,COVID_mild,Sputum（GEO source_name）,scRNA-seq,,,424,,,scFOCAL 气道子集输入（S22）,canonical,GSE158055_family.soft.gz (source_name) + BALF_filtered/cell_annotation.csv,12 BALF + 22 sputum（N3 更正，无健康对照）,NA,NA
sample,GSE158055,GSM4787294,S-M003-3,COVID_mild,Sputum（GEO source_name）,scRNA-seq,,,450,,,scFOCAL 气道子集输入（S22）,canonical,GSE158055_family.soft.gz (source_name) + BALF_filtered/cell_annotation.csv,12 BALF + 22 sputum（N3 更正，无健康对照）,NA,NA
sample,GSE158055,GSM4787401,S-M074-1,COVID_mild,BALF（GEO source_name）,scRNA-seq,,,3032,,,scFOCAL 气道子集输入（S22）,canonical,GSE158055_family.soft.gz (source_name) + BALF_filtered/cell_annotation.csv,12 BALF + 22 sputum（N3 更正，无健康对照）,NA,NA
sample,GSE158055,GSM4787403,S-M075,COVID_mild,BALF（GEO source_name）,scRNA-seq,,,2910,,,scFOCAL 气道子集输入（S22）,canonical,GSE158055_family.soft.gz (source_name) + BALF_filtered/cell_annotation.csv,12 BALF + 22 sputum（N3 更正，无健康对照）,NA,NA
sample,GSE158055,GSM4787404,S-M076-1,COVID_mild,BALF（GEO source_name）,scRNA-seq,,,315,,,scFOCAL 气道子集输入（S22）,canonical,GSE158055_family.soft.gz (source_name) + BALF_filtered/cell_annotation.csv,12 BALF + 22 sputum（N3 更正，无健康对照）,NA,NA
sample,GSE158055,GSM4787425,S-S001-1,COVID_severe,Sputum（GEO source_name）,scRNA-seq,,,248,,,scFOCAL 气道子集输入（S22）,canonical,GSE158055_family.soft.gz (source_name) + BALF_filtered/cell_annotation.csv,12 BALF + 22 sputum（N3 更正，无健康对照）,NA,NA
sample,GSE158055,GSM4787418,S-S002,COVID_severe,Sputum（GEO source_name）,scRNA-seq,,,252,,,scFOCAL 气道子集输入（S22）,canonical,GSE158055_family.soft.gz (source_name) + BALF_filtered/cell_annotation.csv,12 BALF + 22 sputum（N3 更正，无健康对照）,NA,NA
sample,GSE158055,GSM4787419,S-S003,COVID_severe,Sputum（GEO source_name）,scRNA-seq,,,447,,,scFOCAL 气道子集输入（S22）,canonical,GSE158055_family.soft.gz (source_name) + BALF_filtered/cell_annotation.csv,12 BALF + 22 sputum（N3 更正，无健康对照）,NA,NA
sample,GSE158055,GSM4787421,S-S004-1,COVID_severe,Sputum（GEO source_name）,scRNA-seq,,,489,,,scFOCAL 气道子集输入（S22）,canonical,GSE158055_family.soft.gz (source_name) + BALF_filtered/cell_annotation.csv,12 BALF + 22 sputum（N3 更正，无健康对照）,NA,NA
sample,GSE158055,GSM4787422,S-S004-2,COVID_severe,Sputum（GEO source_name）,scRNA-seq,,,71,,,scFOCAL 气道子集输入（S22）,canonical,GSE158055_family.soft.gz (source_name) + BALF_filtered/cell_annotation.csv,12 BALF + 22 sputum（N3 更正，无健康对照）,NA,NA
sample,GSE158055,GSM4787423,S-S004-3,COVID_severe,Sputum（GEO source_name）,scRNA-seq,,,230,,,scFOCAL 气道子集输入（S22）,canonical,GSE158055_family.soft.gz (source_name) + BALF_filtered/cell_annotation.csv,12 BALF + 22 sputum（N3 更正，无健康对照）,NA,NA
sample,GSE158055,GSM4787424,S-S005-1,COVID_severe,Sputum（GEO source_name）,scRNA-seq,,,274,,,scFOCAL 气道子集输入（S22）,canonical,GSE158055_family.soft.gz (source_name) + BALF_filtered/cell_annotation.csv,12 BALF + 22 sputum（N3 更正，无健康对照）,NA,NA
sample,GSE158055,GSM4787429,S-S005-2,COVID_severe,Sputum（GEO source_name）,scRNA-seq,,,1082,,,scFOCAL 气道子集输入（S22）,canonical,GSE158055_family.soft.gz (source_name) + BALF_filtered/cell_annotation.csv,12 BALF + 22 sputum（N3 更正，无健康对照）,NA,NA
sample,GSE158055,GSM4787426,S-S006,COVID_severe,BALF（GEO source_name）,scRNA-seq,,,403,,,scFOCAL 气道子集输入（S22）,canonical,GSE158055_family.soft.gz (source_name) + BALF_filtered/cell_annotation.csv,12 BALF + 22 sputum（N3 更正，无健康对照）,NA,NA
sample,GSE158055,GSM4787427,S-S007-1,COVID_severe,Sputum（GEO source_name）,scRNA-seq,,,395,,,scFOCAL 气道子集输入（S22）,canonical,GSE158055_family.soft.gz (source_name) + BALF_filtered/cell_annotation.csv,12 BALF + 22 sputum（N3 更正，无健康对照）,NA,NA
sample,GSE158055,GSM4787428,S-S007-2,COVID_severe,Sputum（GEO source_name）,scRNA-seq,,,374,,,scFOCAL 气道子集输入（S22）,canonical,GSE158055_family.soft.gz (source_name) + BALF_filtered/cell_annotation.csv,12 BALF + 22 sputum（N3 更正，无健康对照）,NA,NA
sample,GSE158055,GSM4787431,S-S008,COVID_severe,BALF（GEO source_name）,scRNA-seq,,,579,,,scFOCAL 气道子集输入（S22）,canonical,GSE158055_family.soft.gz (source_name) + BALF_filtered/cell_annotation.csv,12 BALF + 22 sputum（N3 更正，无健康对照）,NA,NA
sample,GSE158055,GSM4787432,S-S009,COVID_severe,BALF（GEO source_name）,scRNA-seq,,,168,,,scFOCAL 气道子集输入（S22）,canonical,GSE158055_family.soft.gz (source_name) + BALF_filtered/cell_annotation.csv,12 BALF + 22 sputum（N3 更正，无健康对照）,NA,NA
sample,GSE158055,GSM4787433,S-S010-1,COVID_severe,Sputum（GEO source_name）,scRNA-seq,,,455,,,scFOCAL 气道子集输入（S22）,canonical,GSE158055_family.soft.gz (source_name) + BALF_filtered/cell_annotation.csv,12 BALF + 22 sputum（N3 更正，无健康对照）,NA,NA
sample,GSE158055,GSM4787416,S-S010-2,COVID_severe,Sputum（GEO source_name）,scRNA-seq,,,715,,,scFOCAL 气道子集输入（S22）,canonical,GSE158055_family.soft.gz (source_name) + BALF_filtered/cell_annotation.csv,12 BALF + 22 sputum（N3 更正，无健康对照）,NA,NA
sample,GSE158055,GSM4787434,S-S011-1,COVID_severe,Sputum（GEO source_name）,scRNA-seq,,,1925,,,scFOCAL 气道子集输入（S22）,canonical,GSE158055_family.soft.gz (source_name) + BALF_filtered/cell_annotation.csv,12 BALF + 22 sputum（N3 更正，无健康对照）,NA,NA
sample,GSE158055,GSM4787430,S-S011-2,COVID_severe,Sputum（GEO source_name）,scRNA-seq,,,273,,,scFOCAL 气道子集输入（S22）,canonical,GSE158055_family.soft.gz (source_name) + BALF_filtered/cell_annotation.csv,12 BALF + 22 sputum（N3 更正，无健康对照）,NA,NA
sample,GSE158055,GSM4787435,S-S012-1,COVID_severe,Sputum（GEO source_name）,scRNA-seq,,,3331,,,scFOCAL 气道子集输入（S22）,canonical,GSE158055_family.soft.gz (source_name) + BALF_filtered/cell_annotation.csv,12 BALF + 22 sputum（N3 更正，无健康对照）,NA,NA
sample,GSE158055,GSM4787417,S-S012-2,COVID_severe,Sputum（GEO source_name）,scRNA-seq,,,535,,,scFOCAL 气道子集输入（S22）,canonical,GSE158055_family.soft.gz (source_name) + BALF_filtered/cell_annotation.csv,12 BALF + 22 sputum（N3 更正，无健康对照）,NA,NA
sample,GSE158055,GSM4787420,S-S012-3,COVID_severe,Sputum（GEO source_name）,scRNA-seq,,,225,,,scFOCAL 气道子集输入（S22）,canonical,GSE158055_family.soft.gz (source_name) + BALF_filtered/cell_annotation.csv,12 BALF + 22 sputum（N3 更正，无健康对照）,NA,NA
sample,GSE158055,GSM4787536,S-S085-1,COVID_severe,BALF（GEO source_name）,scRNA-seq,,,12689,,,scFOCAL 气道子集输入（S22）,canonical,GSE158055_family.soft.gz (source_name) + BALF_filtered/cell_annotation.csv,12 BALF + 22 sputum（N3 更正，无健康对照）,NA,NA
sample,GSE158055,GSM4787538,S-S086-1,COVID_severe,BALF（GEO source_name）,scRNA-seq,,,15767,,,scFOCAL 气道子集输入（S22）,canonical,GSE158055_family.soft.gz (source_name) + BALF_filtered/cell_annotation.csv,12 BALF + 22 sputum（N3 更正，无健康对照）,NA,NA
sample,GSE158055,GSM4787540,S-S087-1,COVID_severe,BALF（GEO source_name）,scRNA-seq,,,988,,,scFOCAL 气道子集输入（S22）,canonical,GSE158055_family.soft.gz (source_name) + BALF_filtered/cell_annotation.csv,12 BALF + 22 sputum（N3 更正，无健康对照）,NA,NA
sample,GSE158055,GSM4787542,S-S088-1,COVID_severe,BALF（GEO source_name）,scRNA-seq,,,1629,,,scFOCAL 气道子集输入（S22）,canonical,GSE158055_family.soft.gz (source_name) + BALF_filtered/cell_annotation.csv,12 BALF + 22 sputum（N3 更正，无健康对照）,NA,NA
sample,GSE158055,GSM4787544,S-S089-1,COVID_severe,BALF（GEO source_name）,scRNA-seq,,,1934,,,scFOCAL 气道子集输入（S22）,canonical,GSE158055_family.soft.gz (source_name) + BALF_filtered/cell_annotation.csv,12 BALF + 22 sputum（N3 更正，无健康对照）,NA,NA
sample,GSE158055,GSM4787546,S-S090-1,COVID_severe,BALF（GEO source_name）,scRNA-seq,,,2309,,,scFOCAL 气道子集输入（S22）,canonical,GSE158055_family.soft.gz (source_name) + BALF_filtered/cell_annotation.csv,12 BALF + 22 sputum（N3 更正，无健康对照）,NA,NA
dataset_summary,GSE158055,,,,,,,,,51+34（本包使用；图谱共 284 GSM）,主整合 PBMC 51 = 5 HC + 21 mild + 25 severe；气道子集 34 = BALF 12（3m+9s）+ sputum 22（5m+17s）,主整合 scRNA 队列（PBMC）+ scFOCAL 气道子集（S22）,canonical,family.soft.gz 逐 GSM + S2_QC + cell_annotation.csv,图谱其余 199 个 GSM（PBMC-B/BT/T、PFMC 等）本包未直接使用；N3 曾更正组织标注（旧 BALF→PBMC）,NA,NA
sample,GSE171668,GSM5229971,02-P005175-S022-R01,未标注（本地元数据无分组字段）,人 COVID-19 尸检肺组织（GEO 官方：Homo sapiens）,scRNA-seq,,,,,,未参与主整合（S3 组成参考）,reference,目录名 GSM + GSE171668_bulk_metadata.csv（无疾病列）+ GEO 官方 series 记录,原始 h5 载入 0 细胞（barcode 与 metadata 不匹配，load_summary.json）,NA,NA
sample,GSE171668,GSM5229972,02-P005175-S041-R01,未标注（本地元数据无分组字段）,人 COVID-19 尸检肺组织（GEO 官方：Homo sapiens）,scRNA-seq,,,,,,未参与主整合（S3 组成参考）,reference,目录名 GSM + GSE171668_bulk_metadata.csv（无疾病列）+ GEO 官方 series 记录,原始 h5 载入 0 细胞（barcode 与 metadata 不匹配，load_summary.json）,NA,NA
sample,GSE171668,GSM5229973,02-P005175-S053-R01,未标注（本地元数据无分组字段）,人 COVID-19 尸检肺组织（GEO 官方：Homo sapiens）,scRNA-seq,,,,,,未参与主整合（S3 组成参考）,reference,目录名 GSM + GSE171668_bulk_metadata.csv（无疾病列）+ GEO 官方 series 记录,原始 h5 载入 0 细胞（barcode 与 metadata 不匹配，load_summary.json）,NA,NA
sample,GSE171668,GSM5229974,02-P118946-S043-R01,未标注（本地元数据无分组字段）,人 COVID-19 尸检肺组织（GEO 官方：Homo sapiens）,scRNA-seq,,,,,,未参与主整合（S3 组成参考）,reference,目录名 GSM + GSE171668_bulk_metadata.csv（无疾病列）+ GEO 官方 series 记录,原始 h5 载入 0 细胞（barcode 与 metadata 不匹配，load_summary.json）,NA,NA
sample,GSE171668,GSM5229975,02-P118946-S058-R01,未标注（本地元数据无分组字段）,人 COVID-19 尸检肺组织（GEO 官方：Homo sapiens）,scRNA-seq,,,,,,未参与主整合（S3 组成参考）,reference,目录名 GSM + GSE171668_bulk_metadata.csv（无疾病列）+ GEO 官方 series 记录,原始 h5 载入 0 细胞（barcode 与 metadata 不匹配，load_summary.json）,NA,NA
sample,GSE171668,GSM5229976,02-P118946-S070-R01,未标注（本地元数据无分组字段）,人 COVID-19 尸检肺组织（GEO 官方：Homo sapiens）,scRNA-seq,,,,,,未参与主整合（S3 组成参考）,reference,目录名 GSM + GSE171668_bulk_metadata.csv（无疾病列）+ GEO 官方 series 记录,原始 h5 载入 0 细胞（barcode 与 metadata 不匹配，load_summary.json）,NA,NA
dataset_summary,GSE171668,,,,,,,,,"6 GSM 原始（发表版 metadata 24 供体 / 106,792 细胞）",无分组字段（COVID-19 尸检供体，非病例-对照设计）,"S3 组成参考表使用发表版 lung_metadata（106,043 细胞入表，749 compartment-NA 细胞剔除）；未参与主整合",reference,load_summary.json + S3 companion 核验 + GEO series 记录,GEO 官方为 Homo sapiens COVID-19 尸检组织图谱（Delore et al. Cell 2021：23 肺+16 肾+15 肝+18 心供体）——方案旧登记“ARDS 小鼠肺组织/动物模型”有误，2026-08-16 按 GEO 订正为人尸检肺组织,NA,NA
sample,GSE185263,GSM5608946,sepcol001,Sepsis,全血（R1 核验）,Bulk RNA-seq,,sepcol,,,,Bulk 主队列（DEG S2 / WGCNA S49 / S5 / ML S9 / CIBERSORTx S47 / Scissor S6）,canonical,GSE185263_groups.csv（R1 正名）+ Table_S16e 双源 + GEO gsm_sample_list（title 精确匹配）,,NA,NA
sample,GSE185263,GSM5608947,sepcol002,Sepsis,全血（R1 核验）,Bulk RNA-seq,,sepcol,,,,Bulk 主队列（DEG S2 / WGCNA S49 / S5 / ML S9 / CIBERSORTx S47 / Scissor S6）,canonical,GSE185263_groups.csv（R1 正名）+ Table_S16e 双源 + GEO gsm_sample_list（title 精确匹配）,,NA,NA
sample,GSE185263,GSM5608948,sepcol003,Sepsis,全血（R1 核验）,Bulk RNA-seq,,sepcol,,,,Bulk 主队列（DEG S2 / WGCNA S49 / S5 / ML S9 / CIBERSORTx S47 / Scissor S6）,canonical,GSE185263_groups.csv（R1 正名）+ Table_S16e 双源 + GEO gsm_sample_list（title 精确匹配）,,NA,NA
sample,GSE185263,GSM5608949,sepcol004,Sepsis,全血（R1 核验）,Bulk RNA-seq,,sepcol,,,,Bulk 主队列（DEG S2 / WGCNA S49 / S5 / ML S9 / CIBERSORTx S47 / Scissor S6）,canonical,GSE185263_groups.csv（R1 正名）+ Table_S16e 双源 + GEO gsm_sample_list（title 精确匹配）,,NA,NA
sample,GSE185263,GSM5608950,sepcol005,Sepsis,全血（R1 核验）,Bulk RNA-seq,,sepcol,,,,Bulk 主队列（DEG S2 / WGCNA S49 / S5 / ML S9 / CIBERSORTx S47 / Scissor S6）,canonical,GSE185263_groups.csv（R1 正名）+ Table_S16e 双源 + GEO gsm_sample_list（title 精确匹配）,,NA,NA
sample,GSE185263,GSM5608951,sepcol006,Sepsis,全血（R1 核验）,Bulk RNA-seq,,sepcol,,,,Bulk 主队列（DEG S2 / WGCNA S49 / S5 / ML S9 / CIBERSORTx S47 / Scissor S6）,canonical,GSE185263_groups.csv（R1 正名）+ Table_S16e 双源 + GEO gsm_sample_list（title 精确匹配）,,NA,NA
sample,GSE185263,GSM5608952,sepcol007,Sepsis,全血（R1 核验）,Bulk RNA-seq,,sepcol,,,,Bulk 主队列（DEG S2 / WGCNA S49 / S5 / ML S9 / CIBERSORTx S47 / Scissor S6）,canonical,GSE185263_groups.csv（R1 正名）+ Table_S16e 双源 + GEO gsm_sample_list（title 精确匹配）,,NA,NA
sample,GSE185263,GSM5608953,sepcol008,Sepsis,全血（R1 核验）,Bulk RNA-seq,,sepcol,,,,Bulk 主队列（DEG S2 / WGCNA S49 / S5 / ML S9 / CIBERSORTx S47 / Scissor S6）,canonical,GSE185263_groups.csv（R1 正名）+ Table_S16e 双源 + GEO gsm_sample_list（title 精确匹配）,,NA,NA
sample,GSE185263,GSM5608954,sepcol009,Sepsis,全血（R1 核验）,Bulk RNA-seq,,sepcol,,,,Bulk 主队列（DEG S2 / WGCNA S49 / S5 / ML S9 / CIBERSORTx S47 / Scissor S6）,canonical,GSE185263_groups.csv（R1 正名）+ Table_S16e 双源 + GEO gsm_sample_list（title 精确匹配）,,NA,NA
sample,GSE185263,GSM5608955,sepcol010,Sepsis,全血（R1 核验）,Bulk RNA-seq,,sepcol,,,,Bulk 主队列（DEG S2 / WGCNA S49 / S5 / ML S9 / CIBERSORTx S47 / Scissor S6）,canonical,GSE185263_groups.csv（R1 正名）+ Table_S16e 双源 + GEO gsm_sample_list（title 精确匹配）,,NA,NA
sample,GSE185263,GSM5608956,sepcol012,Sepsis,全血（R1 核验）,Bulk RNA-seq,,sepcol,,,,Bulk 主队列（DEG S2 / WGCNA S49 / S5 / ML S9 / CIBERSORTx S47 / Scissor S6）,canonical,GSE185263_groups.csv（R1 正名）+ Table_S16e 双源 + GEO gsm_sample_list（title 精确匹配）,,NA,NA
sample,GSE185263,GSM5608957,sepcol014,Sepsis,全血（R1 核验）,Bulk RNA-seq,,sepcol,,,,Bulk 主队列（DEG S2 / WGCNA S49 / S5 / ML S9 / CIBERSORTx S47 / Scissor S6）,canonical,GSE185263_groups.csv（R1 正名）+ Table_S16e 双源 + GEO gsm_sample_list（title 精确匹配）,,NA,NA
sample,GSE185263,GSM5608958,sepcol015,Sepsis,全血（R1 核验）,Bulk RNA-seq,,sepcol,,,,Bulk 主队列（DEG S2 / WGCNA S49 / S5 / ML S9 / CIBERSORTx S47 / Scissor S6）,canonical,GSE185263_groups.csv（R1 正名）+ Table_S16e 双源 + GEO gsm_sample_list（title 精确匹配）,,NA,NA
sample,GSE185263,GSM5608959,sepcol016,Sepsis,全血（R1 核验）,Bulk RNA-seq,,sepcol,,,,Bulk 主队列（DEG S2 / WGCNA S49 / S5 / ML S9 / CIBERSORTx S47 / Scissor S6）,canonical,GSE185263_groups.csv（R1 正名）+ Table_S16e 双源 + GEO gsm_sample_list（title 精确匹配）,,NA,NA
sample,GSE185263,GSM5608960,sepcol017,Sepsis,全血（R1 核验）,Bulk RNA-seq,,sepcol,,,,Bulk 主队列（DEG S2 / WGCNA S49 / S5 / ML S9 / CIBERSORTx S47 / Scissor S6）,canonical,GSE185263_groups.csv（R1 正名）+ Table_S16e 双源 + GEO gsm_sample_list（title 精确匹配）,,NA,NA
sample,GSE185263,GSM5608961,sepcol018,Sepsis,全血（R1 核验）,Bulk RNA-seq,,sepcol,,,,Bulk 主队列（DEG S2 / WGCNA S49 / S5 / ML S9 / CIBERSORTx S47 / Scissor S6）,canonical,GSE185263_groups.csv（R1 正名）+ Table_S16e 双源 + GEO gsm_sample_list（title 精确匹配）,,NA,NA
sample,GSE185263,GSM5608962,sepcol019,Sepsis,全血（R1 核验）,Bulk RNA-seq,,sepcol,,,,Bulk 主队列（DEG S2 / WGCNA S49 / S5 / ML S9 / CIBERSORTx S47 / Scissor S6）,canonical,GSE185263_groups.csv（R1 正名）+ Table_S16e 双源 + GEO gsm_sample_list（title 精确匹配）,,NA,NA
sample,GSE185263,GSM5608963,sepcol020,Sepsis,全血（R1 核验）,Bulk RNA-seq,,sepcol,,,,Bulk 主队列（DEG S2 / WGCNA S49 / S5 / ML S9 / CIBERSORTx S47 / Scissor S6）,canonical,GSE185263_groups.csv（R1 正名）+ Table_S16e 双源 + GEO gsm_sample_list（title 精确匹配）,,NA,NA
sample,GSE185263,GSM5608964,sepcol021,Sepsis,全血（R1 核验）,Bulk RNA-seq,,sepcol,,,,Bulk 主队列（DEG S2 / WGCNA S49 / S5 / ML S9 / CIBERSORTx S47 / Scissor S6）,canonical,GSE185263_groups.csv（R1 正名）+ Table_S16e 双源 + GEO gsm_sample_list（title 精确匹配）,,NA,NA
sample,GSE185263,GSM5608965,sepcol022,Sepsis,全血（R1 核验）,Bulk RNA-seq,,sepcol,,,,Bulk 主队列（DEG S2 / WGCNA S49 / S5 / ML S9 / CIBERSORTx S47 / Scissor S6）,canonical,GSE185263_groups.csv（R1 正名）+ Table_S16e 双源 + GEO gsm_sample_list（title 精确匹配）,,NA,NA
sample,GSE185263,GSM5608966,sepcol024,Sepsis,全血（R1 核验）,Bulk RNA-seq,,sepcol,,,,Bulk 主队列（DEG S2 / WGCNA S49 / S5 / ML S9 / CIBERSORTx S47 / Scissor S6）,canonical,GSE185263_groups.csv（R1 正名）+ Table_S16e 双源 + GEO gsm_sample_list（title 精确匹配）,,NA,NA
sample,GSE185263,GSM5608967,sepcol025,Sepsis,全血（R1 核验）,Bulk RNA-seq,,sepcol,,,,Bulk 主队列（DEG S2 / WGCNA S49 / S5 / ML S9 / CIBERSORTx S47 / Scissor S6）,canonical,GSE185263_groups.csv（R1 正名）+ Table_S16e 双源 + GEO gsm_sample_list（title 精确匹配）,,NA,NA
sample,GSE185263,GSM5608968,sepcol026,Sepsis,全血（R1 核验）,Bulk RNA-seq,,sepcol,,,,Bulk 主队列（DEG S2 / WGCNA S49 / S5 / ML S9 / CIBERSORTx S47 / Scissor S6）,canonical,GSE185263_groups.csv（R1 正名）+ Table_S16e 双源 + GEO gsm_sample_list（title 精确匹配）,,NA,NA
sample,GSE185263,GSM5608969,sepcol027,Sepsis,全血（R1 核验）,Bulk RNA-seq,,sepcol,,,,Bulk 主队列（DEG S2 / WGCNA S49 / S5 / ML S9 / CIBERSORTx S47 / Scissor S6）,canonical,GSE185263_groups.csv（R1 正名）+ Table_S16e 双源 + GEO gsm_sample_list（title 精确匹配）,,NA,NA
sample,GSE185263,GSM5608970,sepcol028,Sepsis,全血（R1 核验）,Bulk RNA-seq,,sepcol,,,,Bulk 主队列（DEG S2 / WGCNA S49 / S5 / ML S9 / CIBERSORTx S47 / Scissor S6）,canonical,GSE185263_groups.csv（R1 正名）+ Table_S16e 双源 + GEO gsm_sample_list（title 精确匹配）,,NA,NA
sample,GSE185263,GSM5608971,sepcol032,Sepsis,全血（R1 核验）,Bulk RNA-seq,,sepcol,,,,Bulk 主队列（DEG S2 / WGCNA S49 / S5 / ML S9 / CIBERSORTx S47 / Scissor S6）,canonical,GSE185263_groups.csv（R1 正名）+ Table_S16e 双源 + GEO gsm_sample_list（title 精确匹配）,,NA,NA
sample,GSE185263,GSM5608972,sepcol034,Sepsis,全血（R1 核验）,Bulk RNA-seq,,sepcol,,,,Bulk 主队列（DEG S2 / WGCNA S49 / S5 / ML S9 / CIBERSORTx S47 / Scissor S6）,canonical,GSE185263_groups.csv（R1 正名）+ Table_S16e 双源 + GEO gsm_sample_list（title 精确匹配）,,NA,NA
sample,GSE185263,GSM5608973,sepcol040,Sepsis,全血（R1 核验）,Bulk RNA-seq,,sepcol,,,,Bulk 主队列（DEG S2 / WGCNA S49 / S5 / ML S9 / CIBERSORTx S47 / Scissor S6）,canonical,GSE185263_groups.csv（R1 正名）+ Table_S16e 双源 + GEO gsm_sample_list（title 精确匹配）,,NA,NA
sample,GSE185263,GSM5608974,sepcol044,Sepsis,全血（R1 核验）,Bulk RNA-seq,,sepcol,,,,Bulk 主队列（DEG S2 / WGCNA S49 / S5 / ML S9 / CIBERSORTx S47 / Scissor S6）,canonical,GSE185263_groups.csv（R1 正名）+ Table_S16e 双源 + GEO gsm_sample_list（title 精确匹配）,,NA,NA
sample,GSE185263,GSM5608975,sepcol045,Sepsis,全血（R1 核验）,Bulk RNA-seq,,sepcol,,,,Bulk 主队列（DEG S2 / WGCNA S49 / S5 / ML S9 / CIBERSORTx S47 / Scissor S6）,canonical,GSE185263_groups.csv（R1 正名）+ Table_S16e 双源 + GEO gsm_sample_list（title 精确匹配）,,NA,NA
sample,GSE185263,GSM5608976,sepcol046,Sepsis,全血（R1 核验）,Bulk RNA-seq,,sepcol,,,,Bulk 主队列（DEG S2 / WGCNA S49 / S5 / ML S9 / CIBERSORTx S47 / Scissor S6）,canonical,GSE185263_groups.csv（R1 正名）+ Table_S16e 双源 + GEO gsm_sample_list（title 精确匹配）,,NA,NA
sample,GSE185263,GSM5608977,sepcol049,Sepsis,全血（R1 核验）,Bulk RNA-seq,,sepcol,,,,Bulk 主队列（DEG S2 / WGCNA S49 / S5 / ML S9 / CIBERSORTx S47 / Scissor S6）,canonical,GSE185263_groups.csv（R1 正名）+ Table_S16e 双源 + GEO gsm_sample_list（title 精确匹配）,,NA,NA
sample,GSE185263,GSM5608978,sepcol050,Sepsis,全血（R1 核验）,Bulk RNA-seq,,sepcol,,,,Bulk 主队列（DEG S2 / WGCNA S49 / S5 / ML S9 / CIBERSORTx S47 / Scissor S6）,canonical,GSE185263_groups.csv（R1 正名）+ Table_S16e 双源 + GEO gsm_sample_list（title 精确匹配）,,NA,NA
sample,GSE185263,GSM5608979,sepcol055,Sepsis,全血（R1 核验）,Bulk RNA-seq,,sepcol,,,,Bulk 主队列（DEG S2 / WGCNA S49 / S5 / ML S9 / CIBERSORTx S47 / Scissor S6）,canonical,GSE185263_groups.csv（R1 正名）+ Table_S16e 双源 + GEO gsm_sample_list（title 精确匹配）,,NA,NA
sample,GSE185263,GSM5608980,sepcol056,Sepsis,全血（R1 核验）,Bulk RNA-seq,,sepcol,,,,Bulk 主队列（DEG S2 / WGCNA S49 / S5 / ML S9 / CIBERSORTx S47 / Scissor S6）,canonical,GSE185263_groups.csv（R1 正名）+ Table_S16e 双源 + GEO gsm_sample_list（title 精确匹配）,,NA,NA
sample,GSE185263,GSM5608981,sepcol058,Sepsis,全血（R1 核验）,Bulk RNA-seq,,sepcol,,,,Bulk 主队列（DEG S2 / WGCNA S49 / S5 / ML S9 / CIBERSORTx S47 / Scissor S6）,canonical,GSE185263_groups.csv（R1 正名）+ Table_S16e 双源 + GEO gsm_sample_list（title 精确匹配）,,NA,NA
sample,GSE185263,GSM5608982,sepcol059,Sepsis,全血（R1 核验）,Bulk RNA-seq,,sepcol,,,,Bulk 主队列（DEG S2 / WGCNA S49 / S5 / ML S9 / CIBERSORTx S47 / Scissor S6）,canonical,GSE185263_groups.csv（R1 正名）+ Table_S16e 双源 + GEO gsm_sample_list（title 精确匹配）,,NA,NA
sample,GSE185263,GSM5608983,sepcol060,Sepsis,全血（R1 核验）,Bulk RNA-seq,,sepcol,,,,Bulk 主队列（DEG S2 / WGCNA S49 / S5 / ML S9 / CIBERSORTx S47 / Scissor S6）,canonical,GSE185263_groups.csv（R1 正名）+ Table_S16e 双源 + GEO gsm_sample_list（title 精确匹配）,,NA,NA
sample,GSE185263,GSM5608984,sepcol061,Sepsis,全血（R1 核验）,Bulk RNA-seq,,sepcol,,,,Bulk 主队列（DEG S2 / WGCNA S49 / S5 / ML S9 / CIBERSORTx S47 / Scissor S6）,canonical,GSE185263_groups.csv（R1 正名）+ Table_S16e 双源 + GEO gsm_sample_list（title 精确匹配）,,NA,NA
sample,GSE185263,GSM5608985,sepcol062,Sepsis,全血（R1 核验）,Bulk RNA-seq,,sepcol,,,,Bulk 主队列（DEG S2 / WGCNA S49 / S5 / ML S9 / CIBERSORTx S47 / Scissor S6）,canonical,GSE185263_groups.csv（R1 正名）+ Table_S16e 双源 + GEO gsm_sample_list（title 精确匹配）,,NA,NA
sample,GSE185263,GSM5608986,sepcol063,Sepsis,全血（R1 核验）,Bulk RNA-seq,,sepcol,,,,Bulk 主队列（DEG S2 / WGCNA S49 / S5 / ML S9 / CIBERSORTx S47 / Scissor S6）,canonical,GSE185263_groups.csv（R1 正名）+ Table_S16e 双源 + GEO gsm_sample_list（title 精确匹配）,,NA,NA
sample,GSE185263,GSM5608987,sepcol064,Sepsis,全血（R1 核验）,Bulk RNA-seq,,sepcol,,,,Bulk 主队列（DEG S2 / WGCNA S49 / S5 / ML S9 / CIBERSORTx S47 / Scissor S6）,canonical,GSE185263_groups.csv（R1 正名）+ Table_S16e 双源 + GEO gsm_sample_list（title 精确匹配）,,NA,NA
sample,GSE185263,GSM5608988,sepcol065,Sepsis,全血（R1 核验）,Bulk RNA-seq,,sepcol,,,,Bulk 主队列（DEG S2 / WGCNA S49 / S5 / ML S9 / CIBERSORTx S47 / Scissor S6）,canonical,GSE185263_groups.csv（R1 正名）+ Table_S16e 双源 + GEO gsm_sample_list（title 精确匹配）,,NA,NA
sample,GSE185263,GSM5608989,sepcol067,Sepsis,全血（R1 核验）,Bulk RNA-seq,,sepcol,,,,Bulk 主队列（DEG S2 / WGCNA S49 / S5 / ML S9 / CIBERSORTx S47 / Scissor S6）,canonical,GSE185263_groups.csv（R1 正名）+ Table_S16e 双源 + GEO gsm_sample_list（title 精确匹配）,,NA,NA
sample,GSE185263,GSM5608990,sepcol069,Sepsis,全血（R1 核验）,Bulk RNA-seq,,sepcol,,,,Bulk 主队列（DEG S2 / WGCNA S49 / S5 / ML S9 / CIBERSORTx S47 / Scissor S6）,canonical,GSE185263_groups.csv（R1 正名）+ Table_S16e 双源 + GEO gsm_sample_list（title 精确匹配）,,NA,NA
sample,GSE185263,GSM5608991,sepcol070,Sepsis,全血（R1 核验）,Bulk RNA-seq,,sepcol,,,,Bulk 主队列（DEG S2 / WGCNA S49 / S5 / ML S9 / CIBERSORTx S47 / Scissor S6）,canonical,GSE185263_groups.csv（R1 正名）+ Table_S16e 双源 + GEO gsm_sample_list（title 精确匹配）,,NA,NA
sample,GSE185263,GSM5608992,sepcol071,Sepsis,全血（R1 核验）,Bulk RNA-seq,,sepcol,,,,Bulk 主队列（DEG S2 / WGCNA S49 / S5 / ML S9 / CIBERSORTx S47 / Scissor S6）,canonical,GSE185263_groups.csv（R1 正名）+ Table_S16e 双源 + GEO gsm_sample_list（title 精确匹配）,,NA,NA
sample,GSE185263,GSM5608993,sepcol073,Sepsis,全血（R1 核验）,Bulk RNA-seq,,sepcol,,,,Bulk 主队列（DEG S2 / WGCNA S49 / S5 / ML S9 / CIBERSORTx S47 / Scissor S6）,canonical,GSE185263_groups.csv（R1 正名）+ Table_S16e 双源 + GEO gsm_sample_list（title 精确匹配）,,NA,NA
sample,GSE185263,GSM5608994,sepcol075,Sepsis,全血（R1 核验）,Bulk RNA-seq,,sepcol,,,,Bulk 主队列（DEG S2 / WGCNA S49 / S5 / ML S9 / CIBERSORTx S47 / Scissor S6）,canonical,GSE185263_groups.csv（R1 正名）+ Table_S16e 双源 + GEO gsm_sample_list（title 精确匹配）,,NA,NA
sample,GSE185263,GSM5608995,sepcol077,Sepsis,全血（R1 核验）,Bulk RNA-seq,,sepcol,,,,Bulk 主队列（DEG S2 / WGCNA S49 / S5 / ML S9 / CIBERSORTx S47 / Scissor S6）,canonical,GSE185263_groups.csv（R1 正名）+ Table_S16e 双源 + GEO gsm_sample_list（title 精确匹配）,,NA,NA
sample,GSE185263,GSM5608996,sepcol082,Sepsis,全血（R1 核验）,Bulk RNA-seq,,sepcol,,,,Bulk 主队列（DEG S2 / WGCNA S49 / S5 / ML S9 / CIBERSORTx S47 / Scissor S6）,canonical,GSE185263_groups.csv（R1 正名）+ Table_S16e 双源 + GEO gsm_sample_list（title 精确匹配）,,NA,NA
sample,GSE185263,GSM5608997,sepcol086,Sepsis,全血（R1 核验）,Bulk RNA-seq,,sepcol,,,,Bulk 主队列（DEG S2 / WGCNA S49 / S5 / ML S9 / CIBERSORTx S47 / Scissor S6）,canonical,GSE185263_groups.csv（R1 正名）+ Table_S16e 双源 + GEO gsm_sample_list（title 精确匹配）,,NA,NA
sample,GSE185263,GSM5608998,sepcol087,Sepsis,全血（R1 核验）,Bulk RNA-seq,,sepcol,,,,Bulk 主队列（DEG S2 / WGCNA S49 / S5 / ML S9 / CIBERSORTx S47 / Scissor S6）,canonical,GSE185263_groups.csv（R1 正名）+ Table_S16e 双源 + GEO gsm_sample_list（title 精确匹配）,,NA,NA
sample,GSE185263,GSM5608999,sepcol089,Sepsis,全血（R1 核验）,Bulk RNA-seq,,sepcol,,,,Bulk 主队列（DEG S2 / WGCNA S49 / S5 / ML S9 / CIBERSORTx S47 / Scissor S6）,canonical,GSE185263_groups.csv（R1 正名）+ Table_S16e 双源 + GEO gsm_sample_list（title 精确匹配）,,NA,NA
sample,GSE185263,GSM5609000,sepcol091,Sepsis,全血（R1 核验）,Bulk RNA-seq,,sepcol,,,,Bulk 主队列（DEG S2 / WGCNA S49 / S5 / ML S9 / CIBERSORTx S47 / Scissor S6）,canonical,GSE185263_groups.csv（R1 正名）+ Table_S16e 双源 + GEO gsm_sample_list（title 精确匹配）,,NA,NA
sample,GSE185263,GSM5609001,sepcol092,Sepsis,全血（R1 核验）,Bulk RNA-seq,,sepcol,,,,Bulk 主队列（DEG S2 / WGCNA S49 / S5 / ML S9 / CIBERSORTx S47 / Scissor S6）,canonical,GSE185263_groups.csv（R1 正名）+ Table_S16e 双源 + GEO gsm_sample_list（title 精确匹配）,,NA,NA
sample,GSE185263,GSM5609002,sepcol093,Sepsis,全血（R1 核验）,Bulk RNA-seq,,sepcol,,,,Bulk 主队列（DEG S2 / WGCNA S49 / S5 / ML S9 / CIBERSORTx S47 / Scissor S6）,canonical,GSE185263_groups.csv（R1 正名）+ Table_S16e 双源 + GEO gsm_sample_list（title 精确匹配）,,NA,NA
sample,GSE185263,GSM5609003,sepcol094,Sepsis,全血（R1 核验）,Bulk RNA-seq,,sepcol,,,,Bulk 主队列（DEG S2 / WGCNA S49 / S5 / ML S9 / CIBERSORTx S47 / Scissor S6）,canonical,GSE185263_groups.csv（R1 正名）+ Table_S16e 双源 + GEO gsm_sample_list（title 精确匹配）,,NA,NA
sample,GSE185263,GSM5609004,sepcol096,Sepsis,全血（R1 核验）,Bulk RNA-seq,,sepcol,,,,Bulk 主队列（DEG S2 / WGCNA S49 / S5 / ML S9 / CIBERSORTx S47 / Scissor S6）,canonical,GSE185263_groups.csv（R1 正名）+ Table_S16e 双源 + GEO gsm_sample_list（title 精确匹配）,,NA,NA
sample,GSE185263,GSM5609005,sepcol097,Sepsis,全血（R1 核验）,Bulk RNA-seq,,sepcol,,,,Bulk 主队列（DEG S2 / WGCNA S49 / S5 / ML S9 / CIBERSORTx S47 / Scissor S6）,canonical,GSE185263_groups.csv（R1 正名）+ Table_S16e 双源 + GEO gsm_sample_list（title 精确匹配）,,NA,NA
sample,GSE185263,GSM5609006,sepcol103,Sepsis,全血（R1 核验）,Bulk RNA-seq,,sepcol,,,,Bulk 主队列（DEG S2 / WGCNA S49 / S5 / ML S9 / CIBERSORTx S47 / Scissor S6）,canonical,GSE185263_groups.csv（R1 正名）+ Table_S16e 双源 + GEO gsm_sample_list（title 精确匹配）,,NA,NA
sample,GSE185263,GSM5609007,sepcol104,Sepsis,全血（R1 核验）,Bulk RNA-seq,,sepcol,,,,Bulk 主队列（DEG S2 / WGCNA S49 / S5 / ML S9 / CIBERSORTx S47 / Scissor S6）,canonical,GSE185263_groups.csv（R1 正名）+ Table_S16e 双源 + GEO gsm_sample_list（title 精确匹配）,,NA,NA
sample,GSE185263,GSM5609008,sepcol105,Sepsis,全血（R1 核验）,Bulk RNA-seq,,sepcol,,,,Bulk 主队列（DEG S2 / WGCNA S49 / S5 / ML S9 / CIBERSORTx S47 / Scissor S6）,canonical,GSE185263_groups.csv（R1 正名）+ Table_S16e 双源 + GEO gsm_sample_list（title 精确匹配）,,NA,NA
sample,GSE185263,GSM5609009,sepcol106,Sepsis,全血（R1 核验）,Bulk RNA-seq,,sepcol,,,,Bulk 主队列（DEG S2 / WGCNA S49 / S5 / ML S9 / CIBERSORTx S47 / Scissor S6）,canonical,GSE185263_groups.csv（R1 正名）+ Table_S16e 双源 + GEO gsm_sample_list（title 精确匹配）,,NA,NA
sample,GSE185263,GSM5609010,sepcol108,Sepsis,全血（R1 核验）,Bulk RNA-seq,,sepcol,,,,Bulk 主队列（DEG S2 / WGCNA S49 / S5 / ML S9 / CIBERSORTx S47 / Scissor S6）,canonical,GSE185263_groups.csv（R1 正名）+ Table_S16e 双源 + GEO gsm_sample_list（title 精确匹配）,,NA,NA
sample,GSE185263,GSM5609011,sepcol109,Sepsis,全血（R1 核验）,Bulk RNA-seq,,sepcol,,,,Bulk 主队列（DEG S2 / WGCNA S49 / S5 / ML S9 / CIBERSORTx S47 / Scissor S6）,canonical,GSE185263_groups.csv（R1 正名）+ Table_S16e 双源 + GEO gsm_sample_list（title 精确匹配）,,NA,NA
sample,GSE185263,GSM5609012,sepcol110,Sepsis,全血（R1 核验）,Bulk RNA-seq,,sepcol,,,,Bulk 主队列（DEG S2 / WGCNA S49 / S5 / ML S9 / CIBERSORTx S47 / Scissor S6）,canonical,GSE185263_groups.csv（R1 正名）+ Table_S16e 双源 + GEO gsm_sample_list（title 精确匹配）,,NA,NA
sample,GSE185263,GSM5609013,sepnet0186,Sepsis,全血（R1 核验）,Bulk RNA-seq,,sepnet,,,,Bulk 主队列（DEG S2 / WGCNA S49 / S5 / ML S9 / CIBERSORTx S47 / Scissor S6）,canonical,GSE185263_groups.csv（R1 正名）+ Table_S16e 双源 + GEO gsm_sample_list（title 精确匹配）,,NA,NA
sample,GSE185263,GSM5609014,sepnet0344,Sepsis,全血（R1 核验）,Bulk RNA-seq,,sepnet,,,,Bulk 主队列（DEG S2 / WGCNA S49 / S5 / ML S9 / CIBERSORTx S47 / Scissor S6）,canonical,GSE185263_groups.csv（R1 正名）+ Table_S16e 双源 + GEO gsm_sample_list（title 精确匹配）,,NA,NA
sample,GSE185263,GSM5609015,sepnet0375,Sepsis,全血（R1 核验）,Bulk RNA-seq,,sepnet,,,,Bulk 主队列（DEG S2 / WGCNA S49 / S5 / ML S9 / CIBERSORTx S47 / Scissor S6）,canonical,GSE185263_groups.csv（R1 正名）+ Table_S16e 双源 + GEO gsm_sample_list（title 精确匹配）,,NA,NA
sample,GSE185263,GSM5609016,sepnet0537,Sepsis,全血（R1 核验）,Bulk RNA-seq,,sepnet,,,,Bulk 主队列（DEG S2 / WGCNA S49 / S5 / ML S9 / CIBERSORTx S47 / Scissor S6）,canonical,GSE185263_groups.csv（R1 正名）+ Table_S16e 双源 + GEO gsm_sample_list（title 精确匹配）,,NA,NA
sample,GSE185263,GSM5609017,sepnet0738,Sepsis,全血（R1 核验）,Bulk RNA-seq,,sepnet,,,,Bulk 主队列（DEG S2 / WGCNA S49 / S5 / ML S9 / CIBERSORTx S47 / Scissor S6）,canonical,GSE185263_groups.csv（R1 正名）+ Table_S16e 双源 + GEO gsm_sample_list（title 精确匹配）,,NA,NA
sample,GSE185263,GSM5609018,sepnet0904,Sepsis,全血（R1 核验）,Bulk RNA-seq,,sepnet,,,,Bulk 主队列（DEG S2 / WGCNA S49 / S5 / ML S9 / CIBERSORTx S47 / Scissor S6）,canonical,GSE185263_groups.csv（R1 正名）+ Table_S16e 双源 + GEO gsm_sample_list（title 精确匹配）,,NA,NA
sample,GSE185263,GSM5609019,sepnet1051,Sepsis,全血（R1 核验）,Bulk RNA-seq,,sepnet,,,,Bulk 主队列（DEG S2 / WGCNA S49 / S5 / ML S9 / CIBERSORTx S47 / Scissor S6）,canonical,GSE185263_groups.csv（R1 正名）+ Table_S16e 双源 + GEO gsm_sample_list（title 精确匹配）,,NA,NA
sample,GSE185263,GSM5609020,sepnet1093,Sepsis,全血（R1 核验）,Bulk RNA-seq,,sepnet,,,,Bulk 主队列（DEG S2 / WGCNA S49 / S5 / ML S9 / CIBERSORTx S47 / Scissor S6）,canonical,GSE185263_groups.csv（R1 正名）+ Table_S16e 双源 + GEO gsm_sample_list（title 精确匹配）,,NA,NA
sample,GSE185263,GSM5609021,sepnet1094,Sepsis,全血（R1 核验）,Bulk RNA-seq,,sepnet,,,,Bulk 主队列（DEG S2 / WGCNA S49 / S5 / ML S9 / CIBERSORTx S47 / Scissor S6）,canonical,GSE185263_groups.csv（R1 正名）+ Table_S16e 双源 + GEO gsm_sample_list（title 精确匹配）,,NA,NA
sample,GSE185263,GSM5609022,sepnet1140,Sepsis,全血（R1 核验）,Bulk RNA-seq,,sepnet,,,,Bulk 主队列（DEG S2 / WGCNA S49 / S5 / ML S9 / CIBERSORTx S47 / Scissor S6）,canonical,GSE185263_groups.csv（R1 正名）+ Table_S16e 双源 + GEO gsm_sample_list（title 精确匹配）,,NA,NA
sample,GSE185263,GSM5609023,sepnet1169,Sepsis,全血（R1 核验）,Bulk RNA-seq,,sepnet,,,,Bulk 主队列（DEG S2 / WGCNA S49 / S5 / ML S9 / CIBERSORTx S47 / Scissor S6）,canonical,GSE185263_groups.csv（R1 正名）+ Table_S16e 双源 + GEO gsm_sample_list（title 精确匹配）,,NA,NA
sample,GSE185263,GSM5609024,sepnet1170,Sepsis,全血（R1 核验）,Bulk RNA-seq,,sepnet,,,,Bulk 主队列（DEG S2 / WGCNA S49 / S5 / ML S9 / CIBERSORTx S47 / Scissor S6）,canonical,GSE185263_groups.csv（R1 正名）+ Table_S16e 双源 + GEO gsm_sample_list（title 精确匹配）,,NA,NA
sample,GSE185263,GSM5609025,sepnet1179a,Sepsis,全血（R1 核验）,Bulk RNA-seq,,sepnet,,,,Bulk 主队列（DEG S2 / WGCNA S49 / S5 / ML S9 / CIBERSORTx S47 / Scissor S6）,canonical,GSE185263_groups.csv（R1 正名）+ Table_S16e 双源 + GEO gsm_sample_list（title 精确匹配）,,NA,NA
sample,GSE185263,GSM5609026,sepnet1182,Sepsis,全血（R1 核验）,Bulk RNA-seq,,sepnet,,,,Bulk 主队列（DEG S2 / WGCNA S49 / S5 / ML S9 / CIBERSORTx S47 / Scissor S6）,canonical,GSE185263_groups.csv（R1 正名）+ Table_S16e 双源 + GEO gsm_sample_list（title 精确匹配）,,NA,NA
sample,GSE185263,GSM5609027,sepnet1183,Sepsis,全血（R1 核验）,Bulk RNA-seq,,sepnet,,,,Bulk 主队列（DEG S2 / WGCNA S49 / S5 / ML S9 / CIBERSORTx S47 / Scissor S6）,canonical,GSE185263_groups.csv（R1 正名）+ Table_S16e 双源 + GEO gsm_sample_list（title 精确匹配）,,NA,NA
sample,GSE185263,GSM5609028,sepnet1185,Sepsis,全血（R1 核验）,Bulk RNA-seq,,sepnet,,,,Bulk 主队列（DEG S2 / WGCNA S49 / S5 / ML S9 / CIBERSORTx S47 / Scissor S6）,canonical,GSE185263_groups.csv（R1 正名）+ Table_S16e 双源 + GEO gsm_sample_list（title 精确匹配）,,NA,NA
sample,GSE185263,GSM5609029,sepnet1191,Sepsis,全血（R1 核验）,Bulk RNA-seq,,sepnet,,,,Bulk 主队列（DEG S2 / WGCNA S49 / S5 / ML S9 / CIBERSORTx S47 / Scissor S6）,canonical,GSE185263_groups.csv（R1 正名）+ Table_S16e 双源 + GEO gsm_sample_list（title 精确匹配）,,NA,NA
sample,GSE185263,GSM5609030,sepnet1195,Sepsis,全血（R1 核验）,Bulk RNA-seq,,sepnet,,,,Bulk 主队列（DEG S2 / WGCNA S49 / S5 / ML S9 / CIBERSORTx S47 / Scissor S6）,canonical,GSE185263_groups.csv（R1 正名）+ Table_S16e 双源 + GEO gsm_sample_list（title 精确匹配）,,NA,NA
sample,GSE185263,GSM5609031,sepnet1196,Sepsis,全血（R1 核验）,Bulk RNA-seq,,sepnet,,,,Bulk 主队列（DEG S2 / WGCNA S49 / S5 / ML S9 / CIBERSORTx S47 / Scissor S6）,canonical,GSE185263_groups.csv（R1 正名）+ Table_S16e 双源 + GEO gsm_sample_list（title 精确匹配）,,NA,NA
sample,GSE185263,GSM5609032,sepnet1199,Sepsis,全血（R1 核验）,Bulk RNA-seq,,sepnet,,,,Bulk 主队列（DEG S2 / WGCNA S49 / S5 / ML S9 / CIBERSORTx S47 / Scissor S6）,canonical,GSE185263_groups.csv（R1 正名）+ Table_S16e 双源 + GEO gsm_sample_list（title 精确匹配）,,NA,NA
sample,GSE185263,GSM5609033,sepnet1201,Sepsis,全血（R1 核验）,Bulk RNA-seq,,sepnet,,,,Bulk 主队列（DEG S2 / WGCNA S49 / S5 / ML S9 / CIBERSORTx S47 / Scissor S6）,canonical,GSE185263_groups.csv（R1 正名）+ Table_S16e 双源 + GEO gsm_sample_list（title 精确匹配）,,NA,NA
sample,GSE185263,GSM5609034,sepnet1204,Sepsis,全血（R1 核验）,Bulk RNA-seq,,sepnet,,,,Bulk 主队列（DEG S2 / WGCNA S49 / S5 / ML S9 / CIBERSORTx S47 / Scissor S6）,canonical,GSE185263_groups.csv（R1 正名）+ Table_S16e 双源 + GEO gsm_sample_list（title 精确匹配）,,NA,NA
sample,GSE185263,GSM5609035,sepnet1205,Sepsis,全血（R1 核验）,Bulk RNA-seq,,sepnet,,,,Bulk 主队列（DEG S2 / WGCNA S49 / S5 / ML S9 / CIBERSORTx S47 / Scissor S6）,canonical,GSE185263_groups.csv（R1 正名）+ Table_S16e 双源 + GEO gsm_sample_list（title 精确匹配）,,NA,NA
sample,GSE185263,GSM5609036,sepnet1206,Sepsis,全血（R1 核验）,Bulk RNA-seq,,sepnet,,,,Bulk 主队列（DEG S2 / WGCNA S49 / S5 / ML S9 / CIBERSORTx S47 / Scissor S6）,canonical,GSE185263_groups.csv（R1 正名）+ Table_S16e 双源 + GEO gsm_sample_list（title 精确匹配）,,NA,NA
sample,GSE185263,GSM5609037,sepnet1209,Sepsis,全血（R1 核验）,Bulk RNA-seq,,sepnet,,,,Bulk 主队列（DEG S2 / WGCNA S49 / S5 / ML S9 / CIBERSORTx S47 / Scissor S6）,canonical,GSE185263_groups.csv（R1 正名）+ Table_S16e 双源 + GEO gsm_sample_list（title 精确匹配）,,NA,NA
sample,GSE185263,GSM5609038,sepnet1214a,Sepsis,全血（R1 核验）,Bulk RNA-seq,,sepnet,,,,Bulk 主队列（DEG S2 / WGCNA S49 / S5 / ML S9 / CIBERSORTx S47 / Scissor S6）,canonical,GSE185263_groups.csv（R1 正名）+ Table_S16e 双源 + GEO gsm_sample_list（title 精确匹配）,,NA,NA
sample,GSE185263,GSM5609039,sepnet1220,Sepsis,全血（R1 核验）,Bulk RNA-seq,,sepnet,,,,Bulk 主队列（DEG S2 / WGCNA S49 / S5 / ML S9 / CIBERSORTx S47 / Scissor S6）,canonical,GSE185263_groups.csv（R1 正名）+ Table_S16e 双源 + GEO gsm_sample_list（title 精确匹配）,,NA,NA
sample,GSE185263,GSM5609040,sepnet1221,Sepsis,全血（R1 核验）,Bulk RNA-seq,,sepnet,,,,Bulk 主队列（DEG S2 / WGCNA S49 / S5 / ML S9 / CIBERSORTx S47 / Scissor S6）,canonical,GSE185263_groups.csv（R1 正名）+ Table_S16e 双源 + GEO gsm_sample_list（title 精确匹配）,,NA,NA
sample,GSE185263,GSM5609041,sepnet1222,Sepsis,全血（R1 核验）,Bulk RNA-seq,,sepnet,,,,Bulk 主队列（DEG S2 / WGCNA S49 / S5 / ML S9 / CIBERSORTx S47 / Scissor S6）,canonical,GSE185263_groups.csv（R1 正名）+ Table_S16e 双源 + GEO gsm_sample_list（title 精确匹配）,,NA,NA
sample,GSE185263,GSM5609042,sepnet1230,Sepsis,全血（R1 核验）,Bulk RNA-seq,,sepnet,,,,Bulk 主队列（DEG S2 / WGCNA S49 / S5 / ML S9 / CIBERSORTx S47 / Scissor S6）,canonical,GSE185263_groups.csv（R1 正名）+ Table_S16e 双源 + GEO gsm_sample_list（title 精确匹配）,,NA,NA
sample,GSE185263,GSM5609043,sepnet1243,Sepsis,全血（R1 核验）,Bulk RNA-seq,,sepnet,,,,Bulk 主队列（DEG S2 / WGCNA S49 / S5 / ML S9 / CIBERSORTx S47 / Scissor S6）,canonical,GSE185263_groups.csv（R1 正名）+ Table_S16e 双源 + GEO gsm_sample_list（title 精确匹配）,,NA,NA
sample,GSE185263,GSM5609044,sepnet1244,Sepsis,全血（R1 核验）,Bulk RNA-seq,,sepnet,,,,Bulk 主队列（DEG S2 / WGCNA S49 / S5 / ML S9 / CIBERSORTx S47 / Scissor S6）,canonical,GSE185263_groups.csv（R1 正名）+ Table_S16e 双源 + GEO gsm_sample_list（title 精确匹配）,,NA,NA
sample,GSE185263,GSM5609045,sepnet1245,Sepsis,全血（R1 核验）,Bulk RNA-seq,,sepnet,,,,Bulk 主队列（DEG S2 / WGCNA S49 / S5 / ML S9 / CIBERSORTx S47 / Scissor S6）,canonical,GSE185263_groups.csv（R1 正名）+ Table_S16e 双源 + GEO gsm_sample_list（title 精确匹配）,,NA,NA
sample,GSE185263,GSM5609046,sepnet1251,Sepsis,全血（R1 核验）,Bulk RNA-seq,,sepnet,,,,Bulk 主队列（DEG S2 / WGCNA S49 / S5 / ML S9 / CIBERSORTx S47 / Scissor S6）,canonical,GSE185263_groups.csv（R1 正名）+ Table_S16e 双源 + GEO gsm_sample_list（title 精确匹配）,,NA,NA
sample,GSE185263,GSM5609047,sepnet1266,Sepsis,全血（R1 核验）,Bulk RNA-seq,,sepnet,,,,Bulk 主队列（DEG S2 / WGCNA S49 / S5 / ML S9 / CIBERSORTx S47 / Scissor S6）,canonical,GSE185263_groups.csv（R1 正名）+ Table_S16e 双源 + GEO gsm_sample_list（title 精确匹配）,,NA,NA
sample,GSE185263,GSM5609048,sepnet1267,Sepsis,全血（R1 核验）,Bulk RNA-seq,,sepnet,,,,Bulk 主队列（DEG S2 / WGCNA S49 / S5 / ML S9 / CIBERSORTx S47 / Scissor S6）,canonical,GSE185263_groups.csv（R1 正名）+ Table_S16e 双源 + GEO gsm_sample_list（title 精确匹配）,,NA,NA
sample,GSE185263,GSM5609049,sepnet1282,Sepsis,全血（R1 核验）,Bulk RNA-seq,,sepnet,,,,Bulk 主队列（DEG S2 / WGCNA S49 / S5 / ML S9 / CIBERSORTx S47 / Scissor S6）,canonical,GSE185263_groups.csv（R1 正名）+ Table_S16e 双源 + GEO gsm_sample_list（title 精确匹配）,,NA,NA
sample,GSE185263,GSM5609050,sepnet1283,Sepsis,全血（R1 核验）,Bulk RNA-seq,,sepnet,,,,Bulk 主队列（DEG S2 / WGCNA S49 / S5 / ML S9 / CIBERSORTx S47 / Scissor S6）,canonical,GSE185263_groups.csv（R1 正名）+ Table_S16e 双源 + GEO gsm_sample_list（title 精确匹配）,,NA,NA
sample,GSE185263,GSM5609051,sepnet1286,Sepsis,全血（R1 核验）,Bulk RNA-seq,,sepnet,,,,Bulk 主队列（DEG S2 / WGCNA S49 / S5 / ML S9 / CIBERSORTx S47 / Scissor S6）,canonical,GSE185263_groups.csv（R1 正名）+ Table_S16e 双源 + GEO gsm_sample_list（title 精确匹配）,,NA,NA
sample,GSE185263,GSM5609052,sepnet1287,Sepsis,全血（R1 核验）,Bulk RNA-seq,,sepnet,,,,Bulk 主队列（DEG S2 / WGCNA S49 / S5 / ML S9 / CIBERSORTx S47 / Scissor S6）,canonical,GSE185263_groups.csv（R1 正名）+ Table_S16e 双源 + GEO gsm_sample_list（title 精确匹配）,,NA,NA
sample,GSE185263,GSM5609053,sepnet1304,Sepsis,全血（R1 核验）,Bulk RNA-seq,,sepnet,,,,Bulk 主队列（DEG S2 / WGCNA S49 / S5 / ML S9 / CIBERSORTx S47 / Scissor S6）,canonical,GSE185263_groups.csv（R1 正名）+ Table_S16e 双源 + GEO gsm_sample_list（title 精确匹配）,,NA,NA
sample,GSE185263,GSM5609054,sepnet1310,Sepsis,全血（R1 核验）,Bulk RNA-seq,,sepnet,,,,Bulk 主队列（DEG S2 / WGCNA S49 / S5 / ML S9 / CIBERSORTx S47 / Scissor S6）,canonical,GSE185263_groups.csv（R1 正名）+ Table_S16e 双源 + GEO gsm_sample_list（title 精确匹配）,,NA,NA
sample,GSE185263,GSM5609055,sepnet1315,Sepsis,全血（R1 核验）,Bulk RNA-seq,,sepnet,,,,Bulk 主队列（DEG S2 / WGCNA S49 / S5 / ML S9 / CIBERSORTx S47 / Scissor S6）,canonical,GSE185263_groups.csv（R1 正名）+ Table_S16e 双源 + GEO gsm_sample_list（title 精确匹配）,,NA,NA
sample,GSE185263,GSM5609056,sepnet1317,Sepsis,全血（R1 核验）,Bulk RNA-seq,,sepnet,,,,Bulk 主队列（DEG S2 / WGCNA S49 / S5 / ML S9 / CIBERSORTx S47 / Scissor S6）,canonical,GSE185263_groups.csv（R1 正名）+ Table_S16e 双源 + GEO gsm_sample_list（title 精确匹配）,,NA,NA
sample,GSE185263,GSM5609057,sepnet1319,Sepsis,全血（R1 核验）,Bulk RNA-seq,,sepnet,,,,Bulk 主队列（DEG S2 / WGCNA S49 / S5 / ML S9 / CIBERSORTx S47 / Scissor S6）,canonical,GSE185263_groups.csv（R1 正名）+ Table_S16e 双源 + GEO gsm_sample_list（title 精确匹配）,,NA,NA
sample,GSE185263,GSM5609058,sepnet1323,Sepsis,全血（R1 核验）,Bulk RNA-seq,,sepnet,,,,Bulk 主队列（DEG S2 / WGCNA S49 / S5 / ML S9 / CIBERSORTx S47 / Scissor S6）,canonical,GSE185263_groups.csv（R1 正名）+ Table_S16e 双源 + GEO gsm_sample_list（title 精确匹配）,,NA,NA
sample,GSE185263,GSM5609059,sepnet1326,Sepsis,全血（R1 核验）,Bulk RNA-seq,,sepnet,,,,Bulk 主队列（DEG S2 / WGCNA S49 / S5 / ML S9 / CIBERSORTx S47 / Scissor S6）,canonical,GSE185263_groups.csv（R1 正名）+ Table_S16e 双源 + GEO gsm_sample_list（title 精确匹配）,,NA,NA
sample,GSE185263,GSM5609060,sepnet1329,Sepsis,全血（R1 核验）,Bulk RNA-seq,,sepnet,,,,Bulk 主队列（DEG S2 / WGCNA S49 / S5 / ML S9 / CIBERSORTx S47 / Scissor S6）,canonical,GSE185263_groups.csv（R1 正名）+ Table_S16e 双源 + GEO gsm_sample_list（title 精确匹配）,,NA,NA
sample,GSE185263,GSM5609061,sepnet1330,Sepsis,全血（R1 核验）,Bulk RNA-seq,,sepnet,,,,Bulk 主队列（DEG S2 / WGCNA S49 / S5 / ML S9 / CIBERSORTx S47 / Scissor S6）,canonical,GSE185263_groups.csv（R1 正名）+ Table_S16e 双源 + GEO gsm_sample_list（title 精确匹配）,,NA,NA
sample,GSE185263,GSM5609062,sepnet1331,Sepsis,全血（R1 核验）,Bulk RNA-seq,,sepnet,,,,Bulk 主队列（DEG S2 / WGCNA S49 / S5 / ML S9 / CIBERSORTx S47 / Scissor S6）,canonical,GSE185263_groups.csv（R1 正名）+ Table_S16e 双源 + GEO gsm_sample_list（title 精确匹配）,,NA,NA
sample,GSE185263,GSM5609063,sepnet1332,Sepsis,全血（R1 核验）,Bulk RNA-seq,,sepnet,,,,Bulk 主队列（DEG S2 / WGCNA S49 / S5 / ML S9 / CIBERSORTx S47 / Scissor S6）,canonical,GSE185263_groups.csv（R1 正名）+ Table_S16e 双源 + GEO gsm_sample_list（title 精确匹配）,,NA,NA
sample,GSE185263,GSM5609064,sepnet1335,Sepsis,全血（R1 核验）,Bulk RNA-seq,,sepnet,,,,Bulk 主队列（DEG S2 / WGCNA S49 / S5 / ML S9 / CIBERSORTx S47 / Scissor S6）,canonical,GSE185263_groups.csv（R1 正名）+ Table_S16e 双源 + GEO gsm_sample_list（title 精确匹配）,,NA,NA
sample,GSE185263,GSM5609065,sepnet1340,Sepsis,全血（R1 核验）,Bulk RNA-seq,,sepnet,,,,Bulk 主队列（DEG S2 / WGCNA S49 / S5 / ML S9 / CIBERSORTx S47 / Scissor S6）,canonical,GSE185263_groups.csv（R1 正名）+ Table_S16e 双源 + GEO gsm_sample_list（title 精确匹配）,,NA,NA
sample,GSE185263,GSM5609066,sepnet1344,Sepsis,全血（R1 核验）,Bulk RNA-seq,,sepnet,,,,Bulk 主队列（DEG S2 / WGCNA S49 / S5 / ML S9 / CIBERSORTx S47 / Scissor S6）,canonical,GSE185263_groups.csv（R1 正名）+ Table_S16e 双源 + GEO gsm_sample_list（title 精确匹配）,,NA,NA
sample,GSE185263,GSM5609067,sepnet1345,Sepsis,全血（R1 核验）,Bulk RNA-seq,,sepnet,,,,Bulk 主队列（DEG S2 / WGCNA S49 / S5 / ML S9 / CIBERSORTx S47 / Scissor S6）,canonical,GSE185263_groups.csv（R1 正名）+ Table_S16e 双源 + GEO gsm_sample_list（title 精确匹配）,,NA,NA
sample,GSE185263,GSM5609068,sepnet1347,Sepsis,全血（R1 核验）,Bulk RNA-seq,,sepnet,,,,Bulk 主队列（DEG S2 / WGCNA S49 / S5 / ML S9 / CIBERSORTx S47 / Scissor S6）,canonical,GSE185263_groups.csv（R1 正名）+ Table_S16e 双源 + GEO gsm_sample_list（title 精确匹配）,,NA,NA
sample,GSE185263,GSM5609069,sepnet1351,Sepsis,全血（R1 核验）,Bulk RNA-seq,,sepnet,,,,Bulk 主队列（DEG S2 / WGCNA S49 / S5 / ML S9 / CIBERSORTx S47 / Scissor S6）,canonical,GSE185263_groups.csv（R1 正名）+ Table_S16e 双源 + GEO gsm_sample_list（title 精确匹配）,,NA,NA
sample,GSE185263,GSM5609070,sepnet1355,Sepsis,全血（R1 核验）,Bulk RNA-seq,,sepnet,,,,Bulk 主队列（DEG S2 / WGCNA S49 / S5 / ML S9 / CIBERSORTx S47 / Scissor S6）,canonical,GSE185263_groups.csv（R1 正名）+ Table_S16e 双源 + GEO gsm_sample_list（title 精确匹配）,,NA,NA
sample,GSE185263,GSM5609071,sepnet1356,Sepsis,全血（R1 核验）,Bulk RNA-seq,,sepnet,,,,Bulk 主队列（DEG S2 / WGCNA S49 / S5 / ML S9 / CIBERSORTx S47 / Scissor S6）,canonical,GSE185263_groups.csv（R1 正名）+ Table_S16e 双源 + GEO gsm_sample_list（title 精确匹配）,,NA,NA
sample,GSE185263,GSM5609072,sepnet1359,Sepsis,全血（R1 核验）,Bulk RNA-seq,,sepnet,,,,Bulk 主队列（DEG S2 / WGCNA S49 / S5 / ML S9 / CIBERSORTx S47 / Scissor S6）,canonical,GSE185263_groups.csv（R1 正名）+ Table_S16e 双源 + GEO gsm_sample_list（title 精确匹配）,,NA,NA
sample,GSE185263,GSM5609073,sepnet1361,Sepsis,全血（R1 核验）,Bulk RNA-seq,,sepnet,,,,Bulk 主队列（DEG S2 / WGCNA S49 / S5 / ML S9 / CIBERSORTx S47 / Scissor S6）,canonical,GSE185263_groups.csv（R1 正名）+ Table_S16e 双源 + GEO gsm_sample_list（title 精确匹配）,,NA,NA
sample,GSE185263,GSM5609074,sepnet1362,Sepsis,全血（R1 核验）,Bulk RNA-seq,,sepnet,,,,Bulk 主队列（DEG S2 / WGCNA S49 / S5 / ML S9 / CIBERSORTx S47 / Scissor S6）,canonical,GSE185263_groups.csv（R1 正名）+ Table_S16e 双源 + GEO gsm_sample_list（title 精确匹配）,,NA,NA
sample,GSE185263,GSM5609075,sepnet1370,Sepsis,全血（R1 核验）,Bulk RNA-seq,,sepnet,,,,Bulk 主队列（DEG S2 / WGCNA S49 / S5 / ML S9 / CIBERSORTx S47 / Scissor S6）,canonical,GSE185263_groups.csv（R1 正名）+ Table_S16e 双源 + GEO gsm_sample_list（title 精确匹配）,,NA,NA
sample,GSE185263,GSM5609076,sepnet1375,Sepsis,全血（R1 核验）,Bulk RNA-seq,,sepnet,,,,Bulk 主队列（DEG S2 / WGCNA S49 / S5 / ML S9 / CIBERSORTx S47 / Scissor S6）,canonical,GSE185263_groups.csv（R1 正名）+ Table_S16e 双源 + GEO gsm_sample_list（title 精确匹配）,,NA,NA
sample,GSE185263,GSM5609077,sepnet1377,Sepsis,全血（R1 核验）,Bulk RNA-seq,,sepnet,,,,Bulk 主队列（DEG S2 / WGCNA S49 / S5 / ML S9 / CIBERSORTx S47 / Scissor S6）,canonical,GSE185263_groups.csv（R1 正名）+ Table_S16e 双源 + GEO gsm_sample_list（title 精确匹配）,,NA,NA
sample,GSE185263,GSM5609078,sepnet1378,Sepsis,全血（R1 核验）,Bulk RNA-seq,,sepnet,,,,Bulk 主队列（DEG S2 / WGCNA S49 / S5 / ML S9 / CIBERSORTx S47 / Scissor S6）,canonical,GSE185263_groups.csv（R1 正名）+ Table_S16e 双源 + GEO gsm_sample_list（title 精确匹配）,,NA,NA
sample,GSE185263,GSM5609079,sepnet1381,Sepsis,全血（R1 核验）,Bulk RNA-seq,,sepnet,,,,Bulk 主队列（DEG S2 / WGCNA S49 / S5 / ML S9 / CIBERSORTx S47 / Scissor S6）,canonical,GSE185263_groups.csv（R1 正名）+ Table_S16e 双源 + GEO gsm_sample_list（title 精确匹配）,,NA,NA
sample,GSE185263,GSM5609080,sepnet1385,Sepsis,全血（R1 核验）,Bulk RNA-seq,,sepnet,,,,Bulk 主队列（DEG S2 / WGCNA S49 / S5 / ML S9 / CIBERSORTx S47 / Scissor S6）,canonical,GSE185263_groups.csv（R1 正名）+ Table_S16e 双源 + GEO gsm_sample_list（title 精确匹配）,,NA,NA
sample,GSE185263,GSM5609081,sepnet1405,Sepsis,全血（R1 核验）,Bulk RNA-seq,,sepnet,,,,Bulk 主队列（DEG S2 / WGCNA S49 / S5 / ML S9 / CIBERSORTx S47 / Scissor S6）,canonical,GSE185263_groups.csv（R1 正名）+ Table_S16e 双源 + GEO gsm_sample_list（title 精确匹配）,,NA,NA
sample,GSE185263,GSM5609082,sepnet1406,Sepsis,全血（R1 核验）,Bulk RNA-seq,,sepnet,,,,Bulk 主队列（DEG S2 / WGCNA S49 / S5 / ML S9 / CIBERSORTx S47 / Scissor S6）,canonical,GSE185263_groups.csv（R1 正名）+ Table_S16e 双源 + GEO gsm_sample_list（title 精确匹配）,,NA,NA
sample,GSE185263,GSM5609083,sepnet1407,Sepsis,全血（R1 核验）,Bulk RNA-seq,,sepnet,,,,Bulk 主队列（DEG S2 / WGCNA S49 / S5 / ML S9 / CIBERSORTx S47 / Scissor S6）,canonical,GSE185263_groups.csv（R1 正名）+ Table_S16e 双源 + GEO gsm_sample_list（title 精确匹配）,,NA,NA
sample,GSE185263,GSM5609084,sepnet1409,Sepsis,全血（R1 核验）,Bulk RNA-seq,,sepnet,,,,Bulk 主队列（DEG S2 / WGCNA S49 / S5 / ML S9 / CIBERSORTx S47 / Scissor S6）,canonical,GSE185263_groups.csv（R1 正名）+ Table_S16e 双源 + GEO gsm_sample_list（title 精确匹配）,,NA,NA
sample,GSE185263,GSM5609085,sepnet1411,Sepsis,全血（R1 核验）,Bulk RNA-seq,,sepnet,,,,Bulk 主队列（DEG S2 / WGCNA S49 / S5 / ML S9 / CIBERSORTx S47 / Scissor S6）,canonical,GSE185263_groups.csv（R1 正名）+ Table_S16e 双源 + GEO gsm_sample_list（title 精确匹配）,,NA,NA
sample,GSE185263,GSM5609086,sepnet1413,Sepsis,全血（R1 核验）,Bulk RNA-seq,,sepnet,,,,Bulk 主队列（DEG S2 / WGCNA S49 / S5 / ML S9 / CIBERSORTx S47 / Scissor S6）,canonical,GSE185263_groups.csv（R1 正名）+ Table_S16e 双源 + GEO gsm_sample_list（title 精确匹配）,,NA,NA
sample,GSE185263,GSM5609087,sepnet1415,Sepsis,全血（R1 核验）,Bulk RNA-seq,,sepnet,,,,Bulk 主队列（DEG S2 / WGCNA S49 / S5 / ML S9 / CIBERSORTx S47 / Scissor S6）,canonical,GSE185263_groups.csv（R1 正名）+ Table_S16e 双源 + GEO gsm_sample_list（title 精确匹配）,,NA,NA
sample,GSE185263,GSM5609088,sepnet1416,Sepsis,全血（R1 核验）,Bulk RNA-seq,,sepnet,,,,Bulk 主队列（DEG S2 / WGCNA S49 / S5 / ML S9 / CIBERSORTx S47 / Scissor S6）,canonical,GSE185263_groups.csv（R1 正名）+ Table_S16e 双源 + GEO gsm_sample_list（title 精确匹配）,,NA,NA
sample,GSE185263,GSM5609089,sepnet1422,Sepsis,全血（R1 核验）,Bulk RNA-seq,,sepnet,,,,Bulk 主队列（DEG S2 / WGCNA S49 / S5 / ML S9 / CIBERSORTx S47 / Scissor S6）,canonical,GSE185263_groups.csv（R1 正名）+ Table_S16e 双源 + GEO gsm_sample_list（title 精确匹配）,,NA,NA
sample,GSE185263,GSM5609090,sepnet1425,Sepsis,全血（R1 核验）,Bulk RNA-seq,,sepnet,,,,Bulk 主队列（DEG S2 / WGCNA S49 / S5 / ML S9 / CIBERSORTx S47 / Scissor S6）,canonical,GSE185263_groups.csv（R1 正名）+ Table_S16e 双源 + GEO gsm_sample_list（title 精确匹配）,,NA,NA
sample,GSE185263,GSM5609091,sepnet1426,Sepsis,全血（R1 核验）,Bulk RNA-seq,,sepnet,,,,Bulk 主队列（DEG S2 / WGCNA S49 / S5 / ML S9 / CIBERSORTx S47 / Scissor S6）,canonical,GSE185263_groups.csv（R1 正名）+ Table_S16e 双源 + GEO gsm_sample_list（title 精确匹配）,,NA,NA
sample,GSE185263,GSM5609092,sepnet1440,Sepsis,全血（R1 核验）,Bulk RNA-seq,,sepnet,,,,Bulk 主队列（DEG S2 / WGCNA S49 / S5 / ML S9 / CIBERSORTx S47 / Scissor S6）,canonical,GSE185263_groups.csv（R1 正名）+ Table_S16e 双源 + GEO gsm_sample_list（title 精确匹配）,,NA,NA
sample,GSE185263,GSM5609093,sepnet1443,Sepsis,全血（R1 核验）,Bulk RNA-seq,,sepnet,,,,Bulk 主队列（DEG S2 / WGCNA S49 / S5 / ML S9 / CIBERSORTx S47 / Scissor S6）,canonical,GSE185263_groups.csv（R1 正名）+ Table_S16e 双源 + GEO gsm_sample_list（title 精确匹配）,,NA,NA
sample,GSE185263,GSM5609094,sepnet1447,Sepsis,全血（R1 核验）,Bulk RNA-seq,,sepnet,,,,Bulk 主队列（DEG S2 / WGCNA S49 / S5 / ML S9 / CIBERSORTx S47 / Scissor S6）,canonical,GSE185263_groups.csv（R1 正名）+ Table_S16e 双源 + GEO gsm_sample_list（title 精确匹配）,,NA,NA
sample,GSE185263,GSM5609095,sepnet1453,Sepsis,全血（R1 核验）,Bulk RNA-seq,,sepnet,,,,Bulk 主队列（DEG S2 / WGCNA S49 / S5 / ML S9 / CIBERSORTx S47 / Scissor S6）,canonical,GSE185263_groups.csv（R1 正名）+ Table_S16e 双源 + GEO gsm_sample_list（title 精确匹配）,,NA,NA
sample,GSE185263,GSM5609096,sepnet1493,Sepsis,全血（R1 核验）,Bulk RNA-seq,,sepnet,,,,Bulk 主队列（DEG S2 / WGCNA S49 / S5 / ML S9 / CIBERSORTx S47 / Scissor S6）,canonical,GSE185263_groups.csv（R1 正名）+ Table_S16e 双源 + GEO gsm_sample_list（title 精确匹配）,,NA,NA
sample,GSE185263,GSM5609097,sepnet155a,Sepsis,全血（R1 核验）,Bulk RNA-seq,,sepnet,,,,Bulk 主队列（DEG S2 / WGCNA S49 / S5 / ML S9 / CIBERSORTx S47 / Scissor S6）,canonical,GSE185263_groups.csv（R1 正名）+ Table_S16e 双源 + GEO gsm_sample_list（title 精确匹配）,,NA,NA
sample,GSE185263,GSM5609098,sepnet9001,Sepsis,全血（R1 核验）,Bulk RNA-seq,,sepnet,,,,Bulk 主队列（DEG S2 / WGCNA S49 / S5 / ML S9 / CIBERSORTx S47 / Scissor S6）,canonical,GSE185263_groups.csv（R1 正名）+ Table_S16e 双源 + GEO gsm_sample_list（title 精确匹配）,,NA,NA
sample,GSE185263,GSM5609099,sepnet9002,Sepsis,全血（R1 核验）,Bulk RNA-seq,,sepnet,,,,Bulk 主队列（DEG S2 / WGCNA S49 / S5 / ML S9 / CIBERSORTx S47 / Scissor S6）,canonical,GSE185263_groups.csv（R1 正名）+ Table_S16e 双源 + GEO gsm_sample_list（title 精确匹配）,,NA,NA
sample,GSE185263,GSM5609100,sepnet9003,Sepsis,全血（R1 核验）,Bulk RNA-seq,,sepnet,,,,Bulk 主队列（DEG S2 / WGCNA S49 / S5 / ML S9 / CIBERSORTx S47 / Scissor S6）,canonical,GSE185263_groups.csv（R1 正名）+ Table_S16e 双源 + GEO gsm_sample_list（title 精确匹配）,,NA,NA
sample,GSE185263,GSM5609101,sepnet9004,Sepsis,全血（R1 核验）,Bulk RNA-seq,,sepnet,,,,Bulk 主队列（DEG S2 / WGCNA S49 / S5 / ML S9 / CIBERSORTx S47 / Scissor S6）,canonical,GSE185263_groups.csv（R1 正名）+ Table_S16e 双源 + GEO gsm_sample_list（title 精确匹配）,,NA,NA
sample,GSE185263,GSM5609102,sepnet9005,Sepsis,全血（R1 核验）,Bulk RNA-seq,,sepnet,,,,Bulk 主队列（DEG S2 / WGCNA S49 / S5 / ML S9 / CIBERSORTx S47 / Scissor S6）,canonical,GSE185263_groups.csv（R1 正名）+ Table_S16e 双源 + GEO gsm_sample_list（title 精确匹配）,,NA,NA
sample,GSE185263,GSM5609103,sepnet9006,Sepsis,全血（R1 核验）,Bulk RNA-seq,,sepnet,,,,Bulk 主队列（DEG S2 / WGCNA S49 / S5 / ML S9 / CIBERSORTx S47 / Scissor S6）,canonical,GSE185263_groups.csv（R1 正名）+ Table_S16e 双源 + GEO gsm_sample_list（title 精确匹配）,,NA,NA
sample,GSE185263,GSM5609104,sepnet9007,Sepsis,全血（R1 核验）,Bulk RNA-seq,,sepnet,,,,Bulk 主队列（DEG S2 / WGCNA S49 / S5 / ML S9 / CIBERSORTx S47 / Scissor S6）,canonical,GSE185263_groups.csv（R1 正名）+ Table_S16e 双源 + GEO gsm_sample_list（title 精确匹配）,,NA,NA
sample,GSE185263,GSM5609105,sepnet9008,Sepsis,全血（R1 核验）,Bulk RNA-seq,,sepnet,,,,Bulk 主队列（DEG S2 / WGCNA S49 / S5 / ML S9 / CIBERSORTx S47 / Scissor S6）,canonical,GSE185263_groups.csv（R1 正名）+ Table_S16e 双源 + GEO gsm_sample_list（title 精确匹配）,,NA,NA
sample,GSE185263,GSM5609106,sepnet9009,Sepsis,全血（R1 核验）,Bulk RNA-seq,,sepnet,,,,Bulk 主队列（DEG S2 / WGCNA S49 / S5 / ML S9 / CIBERSORTx S47 / Scissor S6）,canonical,GSE185263_groups.csv（R1 正名）+ Table_S16e 双源 + GEO gsm_sample_list（title 精确匹配）,,NA,NA
sample,GSE185263,GSM5609107,sepnet9010,Sepsis,全血（R1 核验）,Bulk RNA-seq,,sepnet,,,,Bulk 主队列（DEG S2 / WGCNA S49 / S5 / ML S9 / CIBERSORTx S47 / Scissor S6）,canonical,GSE185263_groups.csv（R1 正名）+ Table_S16e 双源 + GEO gsm_sample_list（title 精确匹配）,,NA,NA
sample,GSE185263,GSM5609108,sepnet9011,Sepsis,全血（R1 核验）,Bulk RNA-seq,,sepnet,,,,Bulk 主队列（DEG S2 / WGCNA S49 / S5 / ML S9 / CIBERSORTx S47 / Scissor S6）,canonical,GSE185263_groups.csv（R1 正名）+ Table_S16e 双源 + GEO gsm_sample_list（title 精确匹配）,,NA,NA
sample,GSE185263,GSM5609109,sepnet9012,Sepsis,全血（R1 核验）,Bulk RNA-seq,,sepnet,,,,Bulk 主队列（DEG S2 / WGCNA S49 / S5 / ML S9 / CIBERSORTx S47 / Scissor S6）,canonical,GSE185263_groups.csv（R1 正名）+ Table_S16e 双源 + GEO gsm_sample_list（title 精确匹配）,,NA,NA
sample,GSE185263,GSM5609110,sepnet9013,Sepsis,全血（R1 核验）,Bulk RNA-seq,,sepnet,,,,Bulk 主队列（DEG S2 / WGCNA S49 / S5 / ML S9 / CIBERSORTx S47 / Scissor S6）,canonical,GSE185263_groups.csv（R1 正名）+ Table_S16e 双源 + GEO gsm_sample_list（title 精确匹配）,,NA,NA
sample,GSE185263,GSM5609111,sepnet9014,Sepsis,全血（R1 核验）,Bulk RNA-seq,,sepnet,,,,Bulk 主队列（DEG S2 / WGCNA S49 / S5 / ML S9 / CIBERSORTx S47 / Scissor S6）,canonical,GSE185263_groups.csv（R1 正名）+ Table_S16e 双源 + GEO gsm_sample_list（title 精确匹配）,,NA,NA
sample,GSE185263,GSM5609112,sepnet9015,Sepsis,全血（R1 核验）,Bulk RNA-seq,,sepnet,,,,Bulk 主队列（DEG S2 / WGCNA S49 / S5 / ML S9 / CIBERSORTx S47 / Scissor S6）,canonical,GSE185263_groups.csv（R1 正名）+ Table_S16e 双源 + GEO gsm_sample_list（title 精确匹配）,,NA,NA
sample,GSE185263,GSM5609113,sepnet9016,Sepsis,全血（R1 核验）,Bulk RNA-seq,,sepnet,,,,Bulk 主队列（DEG S2 / WGCNA S49 / S5 / ML S9 / CIBERSORTx S47 / Scissor S6）,canonical,GSE185263_groups.csv（R1 正名）+ Table_S16e 双源 + GEO gsm_sample_list（title 精确匹配）,,NA,NA
sample,GSE185263,GSM5609114,sepnet9017,Sepsis,全血（R1 核验）,Bulk RNA-seq,,sepnet,,,,Bulk 主队列（DEG S2 / WGCNA S49 / S5 / ML S9 / CIBERSORTx S47 / Scissor S6）,canonical,GSE185263_groups.csv（R1 正名）+ Table_S16e 双源 + GEO gsm_sample_list（title 精确匹配）,,NA,NA
sample,GSE185263,GSM5609115,sepnet9018,Sepsis,全血（R1 核验）,Bulk RNA-seq,,sepnet,,,,Bulk 主队列（DEG S2 / WGCNA S49 / S5 / ML S9 / CIBERSORTx S47 / Scissor S6）,canonical,GSE185263_groups.csv（R1 正名）+ Table_S16e 双源 + GEO gsm_sample_list（title 精确匹配）,,NA,NA
sample,GSE185263,GSM5609116,sepnet9019,Sepsis,全血（R1 核验）,Bulk RNA-seq,,sepnet,,,,Bulk 主队列（DEG S2 / WGCNA S49 / S5 / ML S9 / CIBERSORTx S47 / Scissor S6）,canonical,GSE185263_groups.csv（R1 正名）+ Table_S16e 双源 + GEO gsm_sample_list（title 精确匹配）,,NA,NA
sample,GSE185263,GSM5609117,sepvh006,Sepsis,全血（R1 核验）,Bulk RNA-seq,,sepvh,,,,Bulk 主队列（DEG S2 / WGCNA S49 / S5 / ML S9 / CIBERSORTx S47 / Scissor S6）,canonical,GSE185263_groups.csv（R1 正名）+ Table_S16e 双源 + GEO gsm_sample_list（title 精确匹配）,,NA,NA
sample,GSE185263,GSM5609118,sepvh019,Sepsis,全血（R1 核验）,Bulk RNA-seq,,sepvh,,,,Bulk 主队列（DEG S2 / WGCNA S49 / S5 / ML S9 / CIBERSORTx S47 / Scissor S6）,canonical,GSE185263_groups.csv（R1 正名）+ Table_S16e 双源 + GEO gsm_sample_list（title 精确匹配）,,NA,NA
sample,GSE185263,GSM5609119,sepvh024,Sepsis,全血（R1 核验）,Bulk RNA-seq,,sepvh,,,,Bulk 主队列（DEG S2 / WGCNA S49 / S5 / ML S9 / CIBERSORTx S47 / Scissor S6）,canonical,GSE185263_groups.csv（R1 正名）+ Table_S16e 双源 + GEO gsm_sample_list（title 精确匹配）,,NA,NA
sample,GSE185263,GSM5609120,sepvh029,Sepsis,全血（R1 核验）,Bulk RNA-seq,,sepvh,,,,Bulk 主队列（DEG S2 / WGCNA S49 / S5 / ML S9 / CIBERSORTx S47 / Scissor S6）,canonical,GSE185263_groups.csv（R1 正名）+ Table_S16e 双源 + GEO gsm_sample_list（title 精确匹配）,,NA,NA
sample,GSE185263,GSM5609121,sepvh033,Sepsis,全血（R1 核验）,Bulk RNA-seq,,sepvh,,,,Bulk 主队列（DEG S2 / WGCNA S49 / S5 / ML S9 / CIBERSORTx S47 / Scissor S6）,canonical,GSE185263_groups.csv（R1 正名）+ Table_S16e 双源 + GEO gsm_sample_list（title 精确匹配）,,NA,NA
sample,GSE185263,GSM5609122,sepvh037,Sepsis,全血（R1 核验）,Bulk RNA-seq,,sepvh,,,,Bulk 主队列（DEG S2 / WGCNA S49 / S5 / ML S9 / CIBERSORTx S47 / Scissor S6）,canonical,GSE185263_groups.csv（R1 正名）+ Table_S16e 双源 + GEO gsm_sample_list（title 精确匹配）,,NA,NA
sample,GSE185263,GSM5609123,sepvh040,Sepsis,全血（R1 核验）,Bulk RNA-seq,,sepvh,,,,Bulk 主队列（DEG S2 / WGCNA S49 / S5 / ML S9 / CIBERSORTx S47 / Scissor S6）,canonical,GSE185263_groups.csv（R1 正名）+ Table_S16e 双源 + GEO gsm_sample_list（title 精确匹配）,,NA,NA
sample,GSE185263,GSM5609124,sepvh043,Sepsis,全血（R1 核验）,Bulk RNA-seq,,sepvh,,,,Bulk 主队列（DEG S2 / WGCNA S49 / S5 / ML S9 / CIBERSORTx S47 / Scissor S6）,canonical,GSE185263_groups.csv（R1 正名）+ Table_S16e 双源 + GEO gsm_sample_list（title 精确匹配）,,NA,NA
sample,GSE185263,GSM5609125,sepvh044,Sepsis,全血（R1 核验）,Bulk RNA-seq,,sepvh,,,,Bulk 主队列（DEG S2 / WGCNA S49 / S5 / ML S9 / CIBERSORTx S47 / Scissor S6）,canonical,GSE185263_groups.csv（R1 正名）+ Table_S16e 双源 + GEO gsm_sample_list（title 精确匹配）,,NA,NA
sample,GSE185263,GSM5609126,sepvh047,Sepsis,全血（R1 核验）,Bulk RNA-seq,,sepvh,,,,Bulk 主队列（DEG S2 / WGCNA S49 / S5 / ML S9 / CIBERSORTx S47 / Scissor S6）,canonical,GSE185263_groups.csv（R1 正名）+ Table_S16e 双源 + GEO gsm_sample_list（title 精确匹配）,,NA,NA
sample,GSE185263,GSM5609127,sepvh050,Sepsis,全血（R1 核验）,Bulk RNA-seq,,sepvh,,,,Bulk 主队列（DEG S2 / WGCNA S49 / S5 / ML S9 / CIBERSORTx S47 / Scissor S6）,canonical,GSE185263_groups.csv（R1 正名）+ Table_S16e 双源 + GEO gsm_sample_list（title 精确匹配）,,NA,NA
sample,GSE185263,GSM5609128,sepwes003,Sepsis,全血（R1 核验）,Bulk RNA-seq,,sepwes,,,,Bulk 主队列（DEG S2 / WGCNA S49 / S5 / ML S9 / CIBERSORTx S47 / Scissor S6）,canonical,GSE185263_groups.csv（R1 正名）+ Table_S16e 双源 + GEO gsm_sample_list（title 精确匹配）,,NA,NA
sample,GSE185263,GSM5609129,sepwes006,Sepsis,全血（R1 核验）,Bulk RNA-seq,,sepwes,,,,Bulk 主队列（DEG S2 / WGCNA S49 / S5 / ML S9 / CIBERSORTx S47 / Scissor S6）,canonical,GSE185263_groups.csv（R1 正名）+ Table_S16e 双源 + GEO gsm_sample_list（title 精确匹配）,,NA,NA
sample,GSE185263,GSM5609130,sepwes007,Sepsis,全血（R1 核验）,Bulk RNA-seq,,sepwes,,,,Bulk 主队列（DEG S2 / WGCNA S49 / S5 / ML S9 / CIBERSORTx S47 / Scissor S6）,canonical,GSE185263_groups.csv（R1 正名）+ Table_S16e 双源 + GEO gsm_sample_list（title 精确匹配）,,NA,NA
sample,GSE185263,GSM5609131,sepwes008,Sepsis,全血（R1 核验）,Bulk RNA-seq,,sepwes,,,,Bulk 主队列（DEG S2 / WGCNA S49 / S5 / ML S9 / CIBERSORTx S47 / Scissor S6）,canonical,GSE185263_groups.csv（R1 正名）+ Table_S16e 双源 + GEO gsm_sample_list（title 精确匹配）,,NA,NA
sample,GSE185263,GSM5609132,sepwes009,Sepsis,全血（R1 核验）,Bulk RNA-seq,,sepwes,,,,Bulk 主队列（DEG S2 / WGCNA S49 / S5 / ML S9 / CIBERSORTx S47 / Scissor S6）,canonical,GSE185263_groups.csv（R1 正名）+ Table_S16e 双源 + GEO gsm_sample_list（title 精确匹配）,,NA,NA
sample,GSE185263,GSM5609133,sepwes010,Sepsis,全血（R1 核验）,Bulk RNA-seq,,sepwes,,,,Bulk 主队列（DEG S2 / WGCNA S49 / S5 / ML S9 / CIBERSORTx S47 / Scissor S6）,canonical,GSE185263_groups.csv（R1 正名）+ Table_S16e 双源 + GEO gsm_sample_list（title 精确匹配）,,NA,NA
sample,GSE185263,GSM5609134,sepwes011,Sepsis,全血（R1 核验）,Bulk RNA-seq,,sepwes,,,,Bulk 主队列（DEG S2 / WGCNA S49 / S5 / ML S9 / CIBERSORTx S47 / Scissor S6）,canonical,GSE185263_groups.csv（R1 正名）+ Table_S16e 双源 + GEO gsm_sample_list（title 精确匹配）,,NA,NA
sample,GSE185263,GSM5609135,sepwes012,Sepsis,全血（R1 核验）,Bulk RNA-seq,,sepwes,,,,Bulk 主队列（DEG S2 / WGCNA S49 / S5 / ML S9 / CIBERSORTx S47 / Scissor S6）,canonical,GSE185263_groups.csv（R1 正名）+ Table_S16e 双源 + GEO gsm_sample_list（title 精确匹配）,,NA,NA
sample,GSE185263,GSM5609136,sepwes013,Sepsis,全血（R1 核验）,Bulk RNA-seq,,sepwes,,,,Bulk 主队列（DEG S2 / WGCNA S49 / S5 / ML S9 / CIBERSORTx S47 / Scissor S6）,canonical,GSE185263_groups.csv（R1 正名）+ Table_S16e 双源 + GEO gsm_sample_list（title 精确匹配）,,NA,NA
sample,GSE185263,GSM5609137,sepwes014,Sepsis,全血（R1 核验）,Bulk RNA-seq,,sepwes,,,,Bulk 主队列（DEG S2 / WGCNA S49 / S5 / ML S9 / CIBERSORTx S47 / Scissor S6）,canonical,GSE185263_groups.csv（R1 正名）+ Table_S16e 双源 + GEO gsm_sample_list（title 精确匹配）,,NA,NA
sample,GSE185263,GSM5609138,sepwes015,Sepsis,全血（R1 核验）,Bulk RNA-seq,,sepwes,,,,Bulk 主队列（DEG S2 / WGCNA S49 / S5 / ML S9 / CIBERSORTx S47 / Scissor S6）,canonical,GSE185263_groups.csv（R1 正名）+ Table_S16e 双源 + GEO gsm_sample_list（title 精确匹配）,,NA,NA
sample,GSE185263,GSM5609139,sepwes016,Sepsis,全血（R1 核验）,Bulk RNA-seq,,sepwes,,,,Bulk 主队列（DEG S2 / WGCNA S49 / S5 / ML S9 / CIBERSORTx S47 / Scissor S6）,canonical,GSE185263_groups.csv（R1 正名）+ Table_S16e 双源 + GEO gsm_sample_list（title 精确匹配）,,NA,NA
sample,GSE185263,GSM5609140,sepwes017,Sepsis,全血（R1 核验）,Bulk RNA-seq,,sepwes,,,,Bulk 主队列（DEG S2 / WGCNA S49 / S5 / ML S9 / CIBERSORTx S47 / Scissor S6）,canonical,GSE185263_groups.csv（R1 正名）+ Table_S16e 双源 + GEO gsm_sample_list（title 精确匹配）,,NA,NA
sample,GSE185263,GSM5609141,sepwes018,Sepsis,全血（R1 核验）,Bulk RNA-seq,,sepwes,,,,Bulk 主队列（DEG S2 / WGCNA S49 / S5 / ML S9 / CIBERSORTx S47 / Scissor S6）,canonical,GSE185263_groups.csv（R1 正名）+ Table_S16e 双源 + GEO gsm_sample_list（title 精确匹配）,,NA,NA
sample,GSE185263,GSM5609142,sepwes019,Sepsis,全血（R1 核验）,Bulk RNA-seq,,sepwes,,,,Bulk 主队列（DEG S2 / WGCNA S49 / S5 / ML S9 / CIBERSORTx S47 / Scissor S6）,canonical,GSE185263_groups.csv（R1 正名）+ Table_S16e 双源 + GEO gsm_sample_list（title 精确匹配）,,NA,NA
sample,GSE185263,GSM5609143,sepwes020,Sepsis,全血（R1 核验）,Bulk RNA-seq,,sepwes,,,,Bulk 主队列（DEG S2 / WGCNA S49 / S5 / ML S9 / CIBERSORTx S47 / Scissor S6）,canonical,GSE185263_groups.csv（R1 正名）+ Table_S16e 双源 + GEO gsm_sample_list（title 精确匹配）,,NA,NA
sample,GSE185263,GSM5609144,sepwes021,Sepsis,全血（R1 核验）,Bulk RNA-seq,,sepwes,,,,Bulk 主队列（DEG S2 / WGCNA S49 / S5 / ML S9 / CIBERSORTx S47 / Scissor S6）,canonical,GSE185263_groups.csv（R1 正名）+ Table_S16e 双源 + GEO gsm_sample_list（title 精确匹配）,,NA,NA
sample,GSE185263,GSM5609145,sepwes023,Sepsis,全血（R1 核验）,Bulk RNA-seq,,sepwes,,,,Bulk 主队列（DEG S2 / WGCNA S49 / S5 / ML S9 / CIBERSORTx S47 / Scissor S6）,canonical,GSE185263_groups.csv（R1 正名）+ Table_S16e 双源 + GEO gsm_sample_list（title 精确匹配）,,NA,NA
sample,GSE185263,GSM5609146,sepwes024,Sepsis,全血（R1 核验）,Bulk RNA-seq,,sepwes,,,,Bulk 主队列（DEG S2 / WGCNA S49 / S5 / ML S9 / CIBERSORTx S47 / Scissor S6）,canonical,GSE185263_groups.csv（R1 正名）+ Table_S16e 双源 + GEO gsm_sample_list（title 精确匹配）,,NA,NA
sample,GSE185263,GSM5609147,sepwes025,Sepsis,全血（R1 核验）,Bulk RNA-seq,,sepwes,,,,Bulk 主队列（DEG S2 / WGCNA S49 / S5 / ML S9 / CIBERSORTx S47 / Scissor S6）,canonical,GSE185263_groups.csv（R1 正名）+ Table_S16e 双源 + GEO gsm_sample_list（title 精确匹配）,,NA,NA
sample,GSE185263,GSM5609148,sepwes026,Sepsis,全血（R1 核验）,Bulk RNA-seq,,sepwes,,,,Bulk 主队列（DEG S2 / WGCNA S49 / S5 / ML S9 / CIBERSORTx S47 / Scissor S6）,canonical,GSE185263_groups.csv（R1 正名）+ Table_S16e 双源 + GEO gsm_sample_list（title 精确匹配）,,NA,NA
sample,GSE185263,GSM5609149,sepwes027,Sepsis,全血（R1 核验）,Bulk RNA-seq,,sepwes,,,,Bulk 主队列（DEG S2 / WGCNA S49 / S5 / ML S9 / CIBERSORTx S47 / Scissor S6）,canonical,GSE185263_groups.csv（R1 正名）+ Table_S16e 双源 + GEO gsm_sample_list（title 精确匹配）,,NA,NA
sample,GSE185263,GSM5609150,sepwes029,Sepsis,全血（R1 核验）,Bulk RNA-seq,,sepwes,,,,Bulk 主队列（DEG S2 / WGCNA S49 / S5 / ML S9 / CIBERSORTx S47 / Scissor S6）,canonical,GSE185263_groups.csv（R1 正名）+ Table_S16e 双源 + GEO gsm_sample_list（title 精确匹配）,,NA,NA
sample,GSE185263,GSM5609151,sepwes030,Sepsis,全血（R1 核验）,Bulk RNA-seq,,sepwes,,,,Bulk 主队列（DEG S2 / WGCNA S49 / S5 / ML S9 / CIBERSORTx S47 / Scissor S6）,canonical,GSE185263_groups.csv（R1 正名）+ Table_S16e 双源 + GEO gsm_sample_list（title 精确匹配）,,NA,NA
sample,GSE185263,GSM5609152,sepwes031,Sepsis,全血（R1 核验）,Bulk RNA-seq,,sepwes,,,,Bulk 主队列（DEG S2 / WGCNA S49 / S5 / ML S9 / CIBERSORTx S47 / Scissor S6）,canonical,GSE185263_groups.csv（R1 正名）+ Table_S16e 双源 + GEO gsm_sample_list（title 精确匹配）,,NA,NA
sample,GSE185263,GSM5609153,sepwes032,Sepsis,全血（R1 核验）,Bulk RNA-seq,,sepwes,,,,Bulk 主队列（DEG S2 / WGCNA S49 / S5 / ML S9 / CIBERSORTx S47 / Scissor S6）,canonical,GSE185263_groups.csv（R1 正名）+ Table_S16e 双源 + GEO gsm_sample_list（title 精确匹配）,,NA,NA
sample,GSE185263,GSM5609154,sepwes033,Sepsis,全血（R1 核验）,Bulk RNA-seq,,sepwes,,,,Bulk 主队列（DEG S2 / WGCNA S49 / S5 / ML S9 / CIBERSORTx S47 / Scissor S6）,canonical,GSE185263_groups.csv（R1 正名）+ Table_S16e 双源 + GEO gsm_sample_list（title 精确匹配）,,NA,NA
sample,GSE185263,GSM5609155,sepwes034,Sepsis,全血（R1 核验）,Bulk RNA-seq,,sepwes,,,,Bulk 主队列（DEG S2 / WGCNA S49 / S5 / ML S9 / CIBERSORTx S47 / Scissor S6）,canonical,GSE185263_groups.csv（R1 正名）+ Table_S16e 双源 + GEO gsm_sample_list（title 精确匹配）,,NA,NA
sample,GSE185263,GSM5609156,sepwes036,Sepsis,全血（R1 核验）,Bulk RNA-seq,,sepwes,,,,Bulk 主队列（DEG S2 / WGCNA S49 / S5 / ML S9 / CIBERSORTx S47 / Scissor S6）,canonical,GSE185263_groups.csv（R1 正名）+ Table_S16e 双源 + GEO gsm_sample_list（title 精确匹配）,,NA,NA
sample,GSE185263,GSM5609157,sepwes038,Sepsis,全血（R1 核验）,Bulk RNA-seq,,sepwes,,,,Bulk 主队列（DEG S2 / WGCNA S49 / S5 / ML S9 / CIBERSORTx S47 / Scissor S6）,canonical,GSE185263_groups.csv（R1 正名）+ Table_S16e 双源 + GEO gsm_sample_list（title 精确匹配）,,NA,NA
sample,GSE185263,GSM5609158,sepwes039,Sepsis,全血（R1 核验）,Bulk RNA-seq,,sepwes,,,,Bulk 主队列（DEG S2 / WGCNA S49 / S5 / ML S9 / CIBERSORTx S47 / Scissor S6）,canonical,GSE185263_groups.csv（R1 正名）+ Table_S16e 双源 + GEO gsm_sample_list（title 精确匹配）,,NA,NA
sample,GSE185263,GSM5609159,sepwes040,Sepsis,全血（R1 核验）,Bulk RNA-seq,,sepwes,,,,Bulk 主队列（DEG S2 / WGCNA S49 / S5 / ML S9 / CIBERSORTx S47 / Scissor S6）,canonical,GSE185263_groups.csv（R1 正名）+ Table_S16e 双源 + GEO gsm_sample_list（title 精确匹配）,,NA,NA
sample,GSE185263,GSM5609160,sepwes041,Sepsis,全血（R1 核验）,Bulk RNA-seq,,sepwes,,,,Bulk 主队列（DEG S2 / WGCNA S49 / S5 / ML S9 / CIBERSORTx S47 / Scissor S6）,canonical,GSE185263_groups.csv（R1 正名）+ Table_S16e 双源 + GEO gsm_sample_list（title 精确匹配）,,NA,NA
sample,GSE185263,GSM5609161,sepwes043,Sepsis,全血（R1 核验）,Bulk RNA-seq,,sepwes,,,,Bulk 主队列（DEG S2 / WGCNA S49 / S5 / ML S9 / CIBERSORTx S47 / Scissor S6）,canonical,GSE185263_groups.csv（R1 正名）+ Table_S16e 双源 + GEO gsm_sample_list（title 精确匹配）,,NA,NA
sample,GSE185263,GSM5609162,sepwes044,Sepsis,全血（R1 核验）,Bulk RNA-seq,,sepwes,,,,Bulk 主队列（DEG S2 / WGCNA S49 / S5 / ML S9 / CIBERSORTx S47 / Scissor S6）,canonical,GSE185263_groups.csv（R1 正名）+ Table_S16e 双源 + GEO gsm_sample_list（title 精确匹配）,,NA,NA
sample,GSE185263,GSM5609163,sepwes046,Sepsis,全血（R1 核验）,Bulk RNA-seq,,sepwes,,,,Bulk 主队列（DEG S2 / WGCNA S49 / S5 / ML S9 / CIBERSORTx S47 / Scissor S6）,canonical,GSE185263_groups.csv（R1 正名）+ Table_S16e 双源 + GEO gsm_sample_list（title 精确匹配）,,NA,NA
sample,GSE185263,GSM5609164,sepwes047,Sepsis,全血（R1 核验）,Bulk RNA-seq,,sepwes,,,,Bulk 主队列（DEG S2 / WGCNA S49 / S5 / ML S9 / CIBERSORTx S47 / Scissor S6）,canonical,GSE185263_groups.csv（R1 正名）+ Table_S16e 双源 + GEO gsm_sample_list（title 精确匹配）,,NA,NA
sample,GSE185263,GSM5609165,sepwes049,Sepsis,全血（R1 核验）,Bulk RNA-seq,,sepwes,,,,Bulk 主队列（DEG S2 / WGCNA S49 / S5 / ML S9 / CIBERSORTx S47 / Scissor S6）,canonical,GSE185263_groups.csv（R1 正名）+ Table_S16e 双源 + GEO gsm_sample_list（title 精确匹配）,,NA,NA
sample,GSE185263,GSM5609166,sepwes051,Sepsis,全血（R1 核验）,Bulk RNA-seq,,sepwes,,,,Bulk 主队列（DEG S2 / WGCNA S49 / S5 / ML S9 / CIBERSORTx S47 / Scissor S6）,canonical,GSE185263_groups.csv（R1 正名）+ Table_S16e 双源 + GEO gsm_sample_list（title 精确匹配）,,NA,NA
sample,GSE185263,GSM5609167,sepwes052,Sepsis,全血（R1 核验）,Bulk RNA-seq,,sepwes,,,,Bulk 主队列（DEG S2 / WGCNA S49 / S5 / ML S9 / CIBERSORTx S47 / Scissor S6）,canonical,GSE185263_groups.csv（R1 正名）+ Table_S16e 双源 + GEO gsm_sample_list（title 精确匹配）,,NA,NA
sample,GSE185263,GSM5609168,sepwes056,Sepsis,全血（R1 核验）,Bulk RNA-seq,,sepwes,,,,Bulk 主队列（DEG S2 / WGCNA S49 / S5 / ML S9 / CIBERSORTx S47 / Scissor S6）,canonical,GSE185263_groups.csv（R1 正名）+ Table_S16e 双源 + GEO gsm_sample_list（title 精确匹配）,,NA,NA
sample,GSE185263,GSM5609169,sepwes058,Sepsis,全血（R1 核验）,Bulk RNA-seq,,sepwes,,,,Bulk 主队列（DEG S2 / WGCNA S49 / S5 / ML S9 / CIBERSORTx S47 / Scissor S6）,canonical,GSE185263_groups.csv（R1 正名）+ Table_S16e 双源 + GEO gsm_sample_list（title 精确匹配）,,NA,NA
sample,GSE185263,GSM5609170,sepwes059,Sepsis,全血（R1 核验）,Bulk RNA-seq,,sepwes,,,,Bulk 主队列（DEG S2 / WGCNA S49 / S5 / ML S9 / CIBERSORTx S47 / Scissor S6）,canonical,GSE185263_groups.csv（R1 正名）+ Table_S16e 双源 + GEO gsm_sample_list（title 精确匹配）,,NA,NA
sample,GSE185263,GSM5609171,sepwes060,Sepsis,全血（R1 核验）,Bulk RNA-seq,,sepwes,,,,Bulk 主队列（DEG S2 / WGCNA S49 / S5 / ML S9 / CIBERSORTx S47 / Scissor S6）,canonical,GSE185263_groups.csv（R1 正名）+ Table_S16e 双源 + GEO gsm_sample_list（title 精确匹配）,,NA,NA
sample,GSE185263,GSM5609172,sepwes061,Sepsis,全血（R1 核验）,Bulk RNA-seq,,sepwes,,,,Bulk 主队列（DEG S2 / WGCNA S49 / S5 / ML S9 / CIBERSORTx S47 / Scissor S6）,canonical,GSE185263_groups.csv（R1 正名）+ Table_S16e 双源 + GEO gsm_sample_list（title 精确匹配）,,NA,NA
sample,GSE185263,GSM5609173,sepwes062,Sepsis,全血（R1 核验）,Bulk RNA-seq,,sepwes,,,,Bulk 主队列（DEG S2 / WGCNA S49 / S5 / ML S9 / CIBERSORTx S47 / Scissor S6）,canonical,GSE185263_groups.csv（R1 正名）+ Table_S16e 双源 + GEO gsm_sample_list（title 精确匹配）,,NA,NA
sample,GSE185263,GSM5609174,sepwes063,Sepsis,全血（R1 核验）,Bulk RNA-seq,,sepwes,,,,Bulk 主队列（DEG S2 / WGCNA S49 / S5 / ML S9 / CIBERSORTx S47 / Scissor S6）,canonical,GSE185263_groups.csv（R1 正名）+ Table_S16e 双源 + GEO gsm_sample_list（title 精确匹配）,,NA,NA
sample,GSE185263,GSM5609175,sepwes064,Sepsis,全血（R1 核验）,Bulk RNA-seq,,sepwes,,,,Bulk 主队列（DEG S2 / WGCNA S49 / S5 / ML S9 / CIBERSORTx S47 / Scissor S6）,canonical,GSE185263_groups.csv（R1 正名）+ Table_S16e 双源 + GEO gsm_sample_list（title 精确匹配）,,NA,NA
sample,GSE185263,GSM5609176,sepwes065,Sepsis,全血（R1 核验）,Bulk RNA-seq,,sepwes,,,,Bulk 主队列（DEG S2 / WGCNA S49 / S5 / ML S9 / CIBERSORTx S47 / Scissor S6）,canonical,GSE185263_groups.csv（R1 正名）+ Table_S16e 双源 + GEO gsm_sample_list（title 精确匹配）,,NA,NA
sample,GSE185263,GSM5609177,sepwes066,Sepsis,全血（R1 核验）,Bulk RNA-seq,,sepwes,,,,Bulk 主队列（DEG S2 / WGCNA S49 / S5 / ML S9 / CIBERSORTx S47 / Scissor S6）,canonical,GSE185263_groups.csv（R1 正名）+ Table_S16e 双源 + GEO gsm_sample_list（title 精确匹配）,,NA,NA
sample,GSE185263,GSM5609178,sepwes067,Sepsis,全血（R1 核验）,Bulk RNA-seq,,sepwes,,,,Bulk 主队列（DEG S2 / WGCNA S49 / S5 / ML S9 / CIBERSORTx S47 / Scissor S6）,canonical,GSE185263_groups.csv（R1 正名）+ Table_S16e 双源 + GEO gsm_sample_list（title 精确匹配）,,NA,NA
sample,GSE185263,GSM5609179,sepwes068,Sepsis,全血（R1 核验）,Bulk RNA-seq,,sepwes,,,,Bulk 主队列（DEG S2 / WGCNA S49 / S5 / ML S9 / CIBERSORTx S47 / Scissor S6）,canonical,GSE185263_groups.csv（R1 正名）+ Table_S16e 双源 + GEO gsm_sample_list（title 精确匹配）,,NA,NA
sample,GSE185263,GSM5609180,sepwes069,Sepsis,全血（R1 核验）,Bulk RNA-seq,,sepwes,,,,Bulk 主队列（DEG S2 / WGCNA S49 / S5 / ML S9 / CIBERSORTx S47 / Scissor S6）,canonical,GSE185263_groups.csv（R1 正名）+ Table_S16e 双源 + GEO gsm_sample_list（title 精确匹配）,,NA,NA
sample,GSE185263,GSM5609181,sepwes070,Sepsis,全血（R1 核验）,Bulk RNA-seq,,sepwes,,,,Bulk 主队列（DEG S2 / WGCNA S49 / S5 / ML S9 / CIBERSORTx S47 / Scissor S6）,canonical,GSE185263_groups.csv（R1 正名）+ Table_S16e 双源 + GEO gsm_sample_list（title 精确匹配）,,NA,NA
sample,GSE185263,GSM5609182,sepwes071,Sepsis,全血（R1 核验）,Bulk RNA-seq,,sepwes,,,,Bulk 主队列（DEG S2 / WGCNA S49 / S5 / ML S9 / CIBERSORTx S47 / Scissor S6）,canonical,GSE185263_groups.csv（R1 正名）+ Table_S16e 双源 + GEO gsm_sample_list（title 精确匹配）,,NA,NA
sample,GSE185263,GSM5609183,sepwes072,Sepsis,全血（R1 核验）,Bulk RNA-seq,,sepwes,,,,Bulk 主队列（DEG S2 / WGCNA S49 / S5 / ML S9 / CIBERSORTx S47 / Scissor S6）,canonical,GSE185263_groups.csv（R1 正名）+ Table_S16e 双源 + GEO gsm_sample_list（title 精确匹配）,,NA,NA
sample,GSE185263,GSM5609184,sepwes073,Sepsis,全血（R1 核验）,Bulk RNA-seq,,sepwes,,,,Bulk 主队列（DEG S2 / WGCNA S49 / S5 / ML S9 / CIBERSORTx S47 / Scissor S6）,canonical,GSE185263_groups.csv（R1 正名）+ Table_S16e 双源 + GEO gsm_sample_list（title 精确匹配）,,NA,NA
sample,GSE185263,GSM5609185,sepwes074,Sepsis,全血（R1 核验）,Bulk RNA-seq,,sepwes,,,,Bulk 主队列（DEG S2 / WGCNA S49 / S5 / ML S9 / CIBERSORTx S47 / Scissor S6）,canonical,GSE185263_groups.csv（R1 正名）+ Table_S16e 双源 + GEO gsm_sample_list（title 精确匹配）,,NA,NA
sample,GSE185263,GSM5609186,sepwes076,Sepsis,全血（R1 核验）,Bulk RNA-seq,,sepwes,,,,Bulk 主队列（DEG S2 / WGCNA S49 / S5 / ML S9 / CIBERSORTx S47 / Scissor S6）,canonical,GSE185263_groups.csv（R1 正名）+ Table_S16e 双源 + GEO gsm_sample_list（title 精确匹配）,,NA,NA
sample,GSE185263,GSM5609187,sepwes077,Sepsis,全血（R1 核验）,Bulk RNA-seq,,sepwes,,,,Bulk 主队列（DEG S2 / WGCNA S49 / S5 / ML S9 / CIBERSORTx S47 / Scissor S6）,canonical,GSE185263_groups.csv（R1 正名）+ Table_S16e 双源 + GEO gsm_sample_list（title 精确匹配）,,NA,NA
sample,GSE185263,GSM5609188,sepwes080,Sepsis,全血（R1 核验）,Bulk RNA-seq,,sepwes,,,,Bulk 主队列（DEG S2 / WGCNA S49 / S5 / ML S9 / CIBERSORTx S47 / Scissor S6）,canonical,GSE185263_groups.csv（R1 正名）+ Table_S16e 双源 + GEO gsm_sample_list（title 精确匹配）,,NA,NA
sample,GSE185263,GSM5609189,sepwes082,Sepsis,全血（R1 核验）,Bulk RNA-seq,,sepwes,,,,Bulk 主队列（DEG S2 / WGCNA S49 / S5 / ML S9 / CIBERSORTx S47 / Scissor S6）,canonical,GSE185263_groups.csv（R1 正名）+ Table_S16e 双源 + GEO gsm_sample_list（title 精确匹配）,,NA,NA
sample,GSE185263,GSM5609190,sepwes083,Sepsis,全血（R1 核验）,Bulk RNA-seq,,sepwes,,,,Bulk 主队列（DEG S2 / WGCNA S49 / S5 / ML S9 / CIBERSORTx S47 / Scissor S6）,canonical,GSE185263_groups.csv（R1 正名）+ Table_S16e 双源 + GEO gsm_sample_list（title 精确匹配）,,NA,NA
sample,GSE185263,GSM5609191,sepwes084,Sepsis,全血（R1 核验）,Bulk RNA-seq,,sepwes,,,,Bulk 主队列（DEG S2 / WGCNA S49 / S5 / ML S9 / CIBERSORTx S47 / Scissor S6）,canonical,GSE185263_groups.csv（R1 正名）+ Table_S16e 双源 + GEO gsm_sample_list（title 精确匹配）,,NA,NA
sample,GSE185263,GSM5609192,sepwes086,Sepsis,全血（R1 核验）,Bulk RNA-seq,,sepwes,,,,Bulk 主队列（DEG S2 / WGCNA S49 / S5 / ML S9 / CIBERSORTx S47 / Scissor S6）,canonical,GSE185263_groups.csv（R1 正名）+ Table_S16e 双源 + GEO gsm_sample_list（title 精确匹配）,,NA,NA
sample,GSE185263,GSM5609193,sepwes087,Sepsis,全血（R1 核验）,Bulk RNA-seq,,sepwes,,,,Bulk 主队列（DEG S2 / WGCNA S49 / S5 / ML S9 / CIBERSORTx S47 / Scissor S6）,canonical,GSE185263_groups.csv（R1 正名）+ Table_S16e 双源 + GEO gsm_sample_list（title 精确匹配）,,NA,NA
sample,GSE185263,GSM5609194,sepwes089,Sepsis,全血（R1 核验）,Bulk RNA-seq,,sepwes,,,,Bulk 主队列（DEG S2 / WGCNA S49 / S5 / ML S9 / CIBERSORTx S47 / Scissor S6）,canonical,GSE185263_groups.csv（R1 正名）+ Table_S16e 双源 + GEO gsm_sample_list（title 精确匹配）,,NA,NA
sample,GSE185263,GSM5609195,sepwes090,Sepsis,全血（R1 核验）,Bulk RNA-seq,,sepwes,,,,Bulk 主队列（DEG S2 / WGCNA S49 / S5 / ML S9 / CIBERSORTx S47 / Scissor S6）,canonical,GSE185263_groups.csv（R1 正名）+ Table_S16e 双源 + GEO gsm_sample_list（title 精确匹配）,,NA,NA
sample,GSE185263,GSM5609196,sepwes091,Sepsis,全血（R1 核验）,Bulk RNA-seq,,sepwes,,,,Bulk 主队列（DEG S2 / WGCNA S49 / S5 / ML S9 / CIBERSORTx S47 / Scissor S6）,canonical,GSE185263_groups.csv（R1 正名）+ Table_S16e 双源 + GEO gsm_sample_list（title 精确匹配）,,NA,NA
sample,GSE185263,GSM5609197,sepwes092,Sepsis,全血（R1 核验）,Bulk RNA-seq,,sepwes,,,,Bulk 主队列（DEG S2 / WGCNA S49 / S5 / ML S9 / CIBERSORTx S47 / Scissor S6）,canonical,GSE185263_groups.csv（R1 正名）+ Table_S16e 双源 + GEO gsm_sample_list（title 精确匹配）,,NA,NA
sample,GSE185263,GSM5609198,sepwes095,Sepsis,全血（R1 核验）,Bulk RNA-seq,,sepwes,,,,Bulk 主队列（DEG S2 / WGCNA S49 / S5 / ML S9 / CIBERSORTx S47 / Scissor S6）,canonical,GSE185263_groups.csv（R1 正名）+ Table_S16e 双源 + GEO gsm_sample_list（title 精确匹配）,,NA,NA
sample,GSE185263,GSM5609199,sepwes096,Sepsis,全血（R1 核验）,Bulk RNA-seq,,sepwes,,,,Bulk 主队列（DEG S2 / WGCNA S49 / S5 / ML S9 / CIBERSORTx S47 / Scissor S6）,canonical,GSE185263_groups.csv（R1 正名）+ Table_S16e 双源 + GEO gsm_sample_list（title 精确匹配）,,NA,NA
sample,GSE185263,GSM5609200,sepwes097,Sepsis,全血（R1 核验）,Bulk RNA-seq,,sepwes,,,,Bulk 主队列（DEG S2 / WGCNA S49 / S5 / ML S9 / CIBERSORTx S47 / Scissor S6）,canonical,GSE185263_groups.csv（R1 正名）+ Table_S16e 双源 + GEO gsm_sample_list（title 精确匹配）,,NA,NA
sample,GSE185263,GSM5609201,sepwes098,Sepsis,全血（R1 核验）,Bulk RNA-seq,,sepwes,,,,Bulk 主队列（DEG S2 / WGCNA S49 / S5 / ML S9 / CIBERSORTx S47 / Scissor S6）,canonical,GSE185263_groups.csv（R1 正名）+ Table_S16e 双源 + GEO gsm_sample_list（title 精确匹配）,,NA,NA
sample,GSE185263,GSM5609202,sepwes099,Sepsis,全血（R1 核验）,Bulk RNA-seq,,sepwes,,,,Bulk 主队列（DEG S2 / WGCNA S49 / S5 / ML S9 / CIBERSORTx S47 / Scissor S6）,canonical,GSE185263_groups.csv（R1 正名）+ Table_S16e 双源 + GEO gsm_sample_list（title 精确匹配）,,NA,NA
sample,GSE185263,GSM5609203,sepwes101,Sepsis,全血（R1 核验）,Bulk RNA-seq,,sepwes,,,,Bulk 主队列（DEG S2 / WGCNA S49 / S5 / ML S9 / CIBERSORTx S47 / Scissor S6）,canonical,GSE185263_groups.csv（R1 正名）+ Table_S16e 双源 + GEO gsm_sample_list（title 精确匹配）,,NA,NA
sample,GSE185263,GSM5609204,sepwes102,Sepsis,全血（R1 核验）,Bulk RNA-seq,,sepwes,,,,Bulk 主队列（DEG S2 / WGCNA S49 / S5 / ML S9 / CIBERSORTx S47 / Scissor S6）,canonical,GSE185263_groups.csv（R1 正名）+ Table_S16e 双源 + GEO gsm_sample_list（title 精确匹配）,,NA,NA
sample,GSE185263,GSM5609205,sepwes103,Sepsis,全血（R1 核验）,Bulk RNA-seq,,sepwes,,,,Bulk 主队列（DEG S2 / WGCNA S49 / S5 / ML S9 / CIBERSORTx S47 / Scissor S6）,canonical,GSE185263_groups.csv（R1 正名）+ Table_S16e 双源 + GEO gsm_sample_list（title 精确匹配）,,NA,NA
sample,GSE185263,GSM5609206,sepwes104,Sepsis,全血（R1 核验）,Bulk RNA-seq,,sepwes,,,,Bulk 主队列（DEG S2 / WGCNA S49 / S5 / ML S9 / CIBERSORTx S47 / Scissor S6）,canonical,GSE185263_groups.csv（R1 正名）+ Table_S16e 双源 + GEO gsm_sample_list（title 精确匹配）,,NA,NA
sample,GSE185263,GSM5609207,sepwes105,Sepsis,全血（R1 核验）,Bulk RNA-seq,,sepwes,,,,Bulk 主队列（DEG S2 / WGCNA S49 / S5 / ML S9 / CIBERSORTx S47 / Scissor S6）,canonical,GSE185263_groups.csv（R1 正名）+ Table_S16e 双源 + GEO gsm_sample_list（title 精确匹配）,,NA,NA
sample,GSE185263,GSM5609208,sepwes106,Sepsis,全血（R1 核验）,Bulk RNA-seq,,sepwes,,,,Bulk 主队列（DEG S2 / WGCNA S49 / S5 / ML S9 / CIBERSORTx S47 / Scissor S6）,canonical,GSE185263_groups.csv（R1 正名）+ Table_S16e 双源 + GEO gsm_sample_list（title 精确匹配）,,NA,NA
sample,GSE185263,GSM5609209,sepwes110,Sepsis,全血（R1 核验）,Bulk RNA-seq,,sepwes,,,,Bulk 主队列（DEG S2 / WGCNA S49 / S5 / ML S9 / CIBERSORTx S47 / Scissor S6）,canonical,GSE185263_groups.csv（R1 正名）+ Table_S16e 双源 + GEO gsm_sample_list（title 精确匹配）,,NA,NA
sample,GSE185263,GSM5609210,sepwes111,Sepsis,全血（R1 核验）,Bulk RNA-seq,,sepwes,,,,Bulk 主队列（DEG S2 / WGCNA S49 / S5 / ML S9 / CIBERSORTx S47 / Scissor S6）,canonical,GSE185263_groups.csv（R1 正名）+ Table_S16e 双源 + GEO gsm_sample_list（title 精确匹配）,,NA,NA
sample,GSE185263,GSM5609211,sepwes112,Sepsis,全血（R1 核验）,Bulk RNA-seq,,sepwes,,,,Bulk 主队列（DEG S2 / WGCNA S49 / S5 / ML S9 / CIBERSORTx S47 / Scissor S6）,canonical,GSE185263_groups.csv（R1 正名）+ Table_S16e 双源 + GEO gsm_sample_list（title 精确匹配）,,NA,NA
sample,GSE185263,GSM5609212,hccol001,Control,全血（R1 核验）,Bulk RNA-seq,,hccol,,,,Bulk 主队列（DEG S2 / WGCNA S49 / S5 / ML S9 / CIBERSORTx S47 / Scissor S6）,canonical,GSE185263_groups.csv（R1 正名）+ Table_S16e 双源 + GEO gsm_sample_list（title 精确匹配）,,NA,NA
sample,GSE185263,GSM5609213,hccol002,Control,全血（R1 核验）,Bulk RNA-seq,,hccol,,,,Bulk 主队列（DEG S2 / WGCNA S49 / S5 / ML S9 / CIBERSORTx S47 / Scissor S6）,canonical,GSE185263_groups.csv（R1 正名）+ Table_S16e 双源 + GEO gsm_sample_list（title 精确匹配）,,NA,NA
sample,GSE185263,GSM5609214,hccol003,Control,全血（R1 核验）,Bulk RNA-seq,,hccol,,,,Bulk 主队列（DEG S2 / WGCNA S49 / S5 / ML S9 / CIBERSORTx S47 / Scissor S6）,canonical,GSE185263_groups.csv（R1 正名）+ Table_S16e 双源 + GEO gsm_sample_list（title 精确匹配）,,NA,NA
sample,GSE185263,GSM5609215,hccol004,Control,全血（R1 核验）,Bulk RNA-seq,,hccol,,,,Bulk 主队列（DEG S2 / WGCNA S49 / S5 / ML S9 / CIBERSORTx S47 / Scissor S6）,canonical,GSE185263_groups.csv（R1 正名）+ Table_S16e 双源 + GEO gsm_sample_list（title 精确匹配）,,NA,NA
sample,GSE185263,GSM5609216,hccol005,Control,全血（R1 核验）,Bulk RNA-seq,,hccol,,,,Bulk 主队列（DEG S2 / WGCNA S49 / S5 / ML S9 / CIBERSORTx S47 / Scissor S6）,canonical,GSE185263_groups.csv（R1 正名）+ Table_S16e 双源 + GEO gsm_sample_list（title 精确匹配）,,NA,NA
sample,GSE185263,GSM5609217,hccol006,Control,全血（R1 核验）,Bulk RNA-seq,,hccol,,,,Bulk 主队列（DEG S2 / WGCNA S49 / S5 / ML S9 / CIBERSORTx S47 / Scissor S6）,canonical,GSE185263_groups.csv（R1 正名）+ Table_S16e 双源 + GEO gsm_sample_list（title 精确匹配）,,NA,NA
sample,GSE185263,GSM5609218,hchlD072,Control,全血（R1 核验）,Bulk RNA-seq,,hchl,,,,Bulk 主队列（DEG S2 / WGCNA S49 / S5 / ML S9 / CIBERSORTx S47 / Scissor S6）,canonical,GSE185263_groups.csv（R1 正名）+ Table_S16e 双源 + GEO gsm_sample_list（title 精确匹配）,,NA,NA
sample,GSE185263,GSM5609219,hchlD149,Control,全血（R1 核验）,Bulk RNA-seq,,hchl,,,,Bulk 主队列（DEG S2 / WGCNA S49 / S5 / ML S9 / CIBERSORTx S47 / Scissor S6）,canonical,GSE185263_groups.csv（R1 正名）+ Table_S16e 双源 + GEO gsm_sample_list（title 精确匹配）,,NA,NA
sample,GSE185263,GSM5609220,hchlD188,Control,全血（R1 核验）,Bulk RNA-seq,,hchl,,,,Bulk 主队列（DEG S2 / WGCNA S49 / S5 / ML S9 / CIBERSORTx S47 / Scissor S6）,canonical,GSE185263_groups.csv（R1 正名）+ Table_S16e 双源 + GEO gsm_sample_list（title 精确匹配）,,NA,NA
sample,GSE185263,GSM5609221,hchlD201,Control,全血（R1 核验）,Bulk RNA-seq,,hchl,,,,Bulk 主队列（DEG S2 / WGCNA S49 / S5 / ML S9 / CIBERSORTx S47 / Scissor S6）,canonical,GSE185263_groups.csv（R1 正名）+ Table_S16e 双源 + GEO gsm_sample_list（title 精确匹配）,,NA,NA
sample,GSE185263,GSM5609222,hcwes025,Control,全血（R1 核验）,Bulk RNA-seq,,hcwes,,,,Bulk 主队列（DEG S2 / WGCNA S49 / S5 / ML S9 / CIBERSORTx S47 / Scissor S6）,canonical,GSE185263_groups.csv（R1 正名）+ Table_S16e 双源 + GEO gsm_sample_list（title 精确匹配）,,NA,NA
sample,GSE185263,GSM5609223,hcwes027,Control,全血（R1 核验）,Bulk RNA-seq,,hcwes,,,,Bulk 主队列（DEG S2 / WGCNA S49 / S5 / ML S9 / CIBERSORTx S47 / Scissor S6）,canonical,GSE185263_groups.csv（R1 正名）+ Table_S16e 双源 + GEO gsm_sample_list（title 精确匹配）,,NA,NA
sample,GSE185263,GSM5609224,hcwes036,Control,全血（R1 核验）,Bulk RNA-seq,,hcwes,,,,Bulk 主队列（DEG S2 / WGCNA S49 / S5 / ML S9 / CIBERSORTx S47 / Scissor S6）,canonical,GSE185263_groups.csv（R1 正名）+ Table_S16e 双源 + GEO gsm_sample_list（title 精确匹配）,,NA,NA
sample,GSE185263,GSM5609225,hcwes037,Control,全血（R1 核验）,Bulk RNA-seq,,hcwes,,,,Bulk 主队列（DEG S2 / WGCNA S49 / S5 / ML S9 / CIBERSORTx S47 / Scissor S6）,canonical,GSE185263_groups.csv（R1 正名）+ Table_S16e 双源 + GEO gsm_sample_list（title 精确匹配）,,NA,NA
sample,GSE185263,GSM5609226,hcwes038,Control,全血（R1 核验）,Bulk RNA-seq,,hcwes,,,,Bulk 主队列（DEG S2 / WGCNA S49 / S5 / ML S9 / CIBERSORTx S47 / Scissor S6）,canonical,GSE185263_groups.csv（R1 正名）+ Table_S16e 双源 + GEO gsm_sample_list（title 精确匹配）,,NA,NA
sample,GSE185263,GSM5609227,hcwes039,Control,全血（R1 核验）,Bulk RNA-seq,,hcwes,,,,Bulk 主队列（DEG S2 / WGCNA S49 / S5 / ML S9 / CIBERSORTx S47 / Scissor S6）,canonical,GSE185263_groups.csv（R1 正名）+ Table_S16e 双源 + GEO gsm_sample_list（title 精确匹配）,,NA,NA
sample,GSE185263,GSM5609228,hcwes040,Control,全血（R1 核验）,Bulk RNA-seq,,hcwes,,,,Bulk 主队列（DEG S2 / WGCNA S49 / S5 / ML S9 / CIBERSORTx S47 / Scissor S6）,canonical,GSE185263_groups.csv（R1 正名）+ Table_S16e 双源 + GEO gsm_sample_list（title 精确匹配）,,NA,NA
sample,GSE185263,GSM5609229,hcwes050,Control,全血（R1 核验）,Bulk RNA-seq,,hcwes,,,,Bulk 主队列（DEG S2 / WGCNA S49 / S5 / ML S9 / CIBERSORTx S47 / Scissor S6）,canonical,GSE185263_groups.csv（R1 正名）+ Table_S16e 双源 + GEO gsm_sample_list（title 精确匹配）,,NA,NA
sample,GSE185263,GSM5609230,hcwes051,Control,全血（R1 核验）,Bulk RNA-seq,,hcwes,,,,Bulk 主队列（DEG S2 / WGCNA S49 / S5 / ML S9 / CIBERSORTx S47 / Scissor S6）,canonical,GSE185263_groups.csv（R1 正名）+ Table_S16e 双源 + GEO gsm_sample_list（title 精确匹配）,,NA,NA
sample,GSE185263,GSM5609231,hcwes054,Control,全血（R1 核验）,Bulk RNA-seq,,hcwes,,,,Bulk 主队列（DEG S2 / WGCNA S49 / S5 / ML S9 / CIBERSORTx S47 / Scissor S6）,canonical,GSE185263_groups.csv（R1 正名）+ Table_S16e 双源 + GEO gsm_sample_list（title 精确匹配）,,NA,NA
sample,GSE185263,GSM5609232,hcwes055,Control,全血（R1 核验）,Bulk RNA-seq,,hcwes,,,,Bulk 主队列（DEG S2 / WGCNA S49 / S5 / ML S9 / CIBERSORTx S47 / Scissor S6）,canonical,GSE185263_groups.csv（R1 正名）+ Table_S16e 双源 + GEO gsm_sample_list（title 精确匹配）,,NA,NA
sample,GSE185263,GSM5609233,hcwes056,Control,全血（R1 核验）,Bulk RNA-seq,,hcwes,,,,Bulk 主队列（DEG S2 / WGCNA S49 / S5 / ML S9 / CIBERSORTx S47 / Scissor S6）,canonical,GSE185263_groups.csv（R1 正名）+ Table_S16e 双源 + GEO gsm_sample_list（title 精确匹配）,,NA,NA
sample,GSE185263,GSM5609234,hcwes058,Control,全血（R1 核验）,Bulk RNA-seq,,hcwes,,,,Bulk 主队列（DEG S2 / WGCNA S49 / S5 / ML S9 / CIBERSORTx S47 / Scissor S6）,canonical,GSE185263_groups.csv（R1 正名）+ Table_S16e 双源 + GEO gsm_sample_list（title 精确匹配）,,NA,NA
sample,GSE185263,GSM5609235,hcwes059,Control,全血（R1 核验）,Bulk RNA-seq,,hcwes,,,,Bulk 主队列（DEG S2 / WGCNA S49 / S5 / ML S9 / CIBERSORTx S47 / Scissor S6）,canonical,GSE185263_groups.csv（R1 正名）+ Table_S16e 双源 + GEO gsm_sample_list（title 精确匹配）,,NA,NA
sample,GSE185263,GSM5609236,hcwes060,Control,全血（R1 核验）,Bulk RNA-seq,,hcwes,,,,Bulk 主队列（DEG S2 / WGCNA S49 / S5 / ML S9 / CIBERSORTx S47 / Scissor S6）,canonical,GSE185263_groups.csv（R1 正名）+ Table_S16e 双源 + GEO gsm_sample_list（title 精确匹配）,,NA,NA
sample,GSE185263,GSM5609237,hcwes062,Control,全血（R1 核验）,Bulk RNA-seq,,hcwes,,,,Bulk 主队列（DEG S2 / WGCNA S49 / S5 / ML S9 / CIBERSORTx S47 / Scissor S6）,canonical,GSE185263_groups.csv（R1 正名）+ Table_S16e 双源 + GEO gsm_sample_list（title 精确匹配）,,NA,NA
sample,GSE185263,GSM5609238,hcwes063,Control,全血（R1 核验）,Bulk RNA-seq,,hcwes,,,,Bulk 主队列（DEG S2 / WGCNA S49 / S5 / ML S9 / CIBERSORTx S47 / Scissor S6）,canonical,GSE185263_groups.csv（R1 正名）+ Table_S16e 双源 + GEO gsm_sample_list（title 精确匹配）,,NA,NA
sample,GSE185263,GSM5609239,hcwes064,Control,全血（R1 核验）,Bulk RNA-seq,,hcwes,,,,Bulk 主队列（DEG S2 / WGCNA S49 / S5 / ML S9 / CIBERSORTx S47 / Scissor S6）,canonical,GSE185263_groups.csv（R1 正名）+ Table_S16e 双源 + GEO gsm_sample_list（title 精确匹配）,,NA,NA
sample,GSE185263,GSM5609240,hcwes066,Control,全血（R1 核验）,Bulk RNA-seq,,hcwes,,,,Bulk 主队列（DEG S2 / WGCNA S49 / S5 / ML S9 / CIBERSORTx S47 / Scissor S6）,canonical,GSE185263_groups.csv（R1 正名）+ Table_S16e 双源 + GEO gsm_sample_list（title 精确匹配）,,NA,NA
sample,GSE185263,GSM5609241,hcwes067,Control,全血（R1 核验）,Bulk RNA-seq,,hcwes,,,,Bulk 主队列（DEG S2 / WGCNA S49 / S5 / ML S9 / CIBERSORTx S47 / Scissor S6）,canonical,GSE185263_groups.csv（R1 正名）+ Table_S16e 双源 + GEO gsm_sample_list（title 精确匹配）,,NA,NA
sample,GSE185263,GSM5609242,hcwes072,Control,全血（R1 核验）,Bulk RNA-seq,,hcwes,,,,Bulk 主队列（DEG S2 / WGCNA S49 / S5 / ML S9 / CIBERSORTx S47 / Scissor S6）,canonical,GSE185263_groups.csv（R1 正名）+ Table_S16e 双源 + GEO gsm_sample_list（title 精确匹配）,,NA,NA
sample,GSE185263,GSM5609243,hcwes074,Control,全血（R1 核验）,Bulk RNA-seq,,hcwes,,,,Bulk 主队列（DEG S2 / WGCNA S49 / S5 / ML S9 / CIBERSORTx S47 / Scissor S6）,canonical,GSE185263_groups.csv（R1 正名）+ Table_S16e 双源 + GEO gsm_sample_list（title 精确匹配）,,NA,NA
sample,GSE185263,GSM5609244,hcwes075,Control,全血（R1 核验）,Bulk RNA-seq,,hcwes,,,,Bulk 主队列（DEG S2 / WGCNA S49 / S5 / ML S9 / CIBERSORTx S47 / Scissor S6）,canonical,GSE185263_groups.csv（R1 正名）+ Table_S16e 双源 + GEO gsm_sample_list（title 精确匹配）,,NA,NA
sample,GSE185263,GSM5609245,hcwes078,Control,全血（R1 核验）,Bulk RNA-seq,,hcwes,,,,Bulk 主队列（DEG S2 / WGCNA S49 / S5 / ML S9 / CIBERSORTx S47 / Scissor S6）,canonical,GSE185263_groups.csv（R1 正名）+ Table_S16e 双源 + GEO gsm_sample_list（title 精确匹配）,,NA,NA
sample,GSE185263,GSM5609246,hcwimr093,Control,全血（R1 核验）,Bulk RNA-seq,,hcwimr,,,,Bulk 主队列（DEG S2 / WGCNA S49 / S5 / ML S9 / CIBERSORTx S47 / Scissor S6）,canonical,GSE185263_groups.csv（R1 正名）+ Table_S16e 双源 + GEO gsm_sample_list（title 精确匹配）,,NA,NA
sample,GSE185263,GSM5609247,hcwimr094,Control,全血（R1 核验）,Bulk RNA-seq,,hcwimr,,,,Bulk 主队列（DEG S2 / WGCNA S49 / S5 / ML S9 / CIBERSORTx S47 / Scissor S6）,canonical,GSE185263_groups.csv（R1 正名）+ Table_S16e 双源 + GEO gsm_sample_list（title 精确匹配）,,NA,NA
sample,GSE185263,GSM5609248,hcwimr095,Control,全血（R1 核验）,Bulk RNA-seq,,hcwimr,,,,Bulk 主队列（DEG S2 / WGCNA S49 / S5 / ML S9 / CIBERSORTx S47 / Scissor S6）,canonical,GSE185263_groups.csv（R1 正名）+ Table_S16e 双源 + GEO gsm_sample_list（title 精确匹配）,,NA,NA
sample,GSE185263,GSM5609249,hcwimr096,Control,全血（R1 核验）,Bulk RNA-seq,,hcwimr,,,,Bulk 主队列（DEG S2 / WGCNA S49 / S5 / ML S9 / CIBERSORTx S47 / Scissor S6）,canonical,GSE185263_groups.csv（R1 正名）+ Table_S16e 双源 + GEO gsm_sample_list（title 精确匹配）,,NA,NA
sample,GSE185263,GSM5609250,hcwimr097,Control,全血（R1 核验）,Bulk RNA-seq,,hcwimr,,,,Bulk 主队列（DEG S2 / WGCNA S49 / S5 / ML S9 / CIBERSORTx S47 / Scissor S6）,canonical,GSE185263_groups.csv（R1 正名）+ Table_S16e 双源 + GEO gsm_sample_list（title 精确匹配）,,NA,NA
sample,GSE185263,GSM5609251,sepcv001T1,Sepsis_COVID,全血（R1 核验）,Bulk RNA-seq,T1,sepcv,,,,Bulk 主队列（DEG S2 / WGCNA S49 / S5 / ML S9 / CIBERSORTx S47 / Scissor S6）,canonical,GSE185263_groups.csv（R1 正名）+ Table_S16e 双源 + GEO gsm_sample_list（title 精确匹配）,,NA,NA
sample,GSE185263,GSM5609252,sepcv002T0,Sepsis_COVID,全血（R1 核验）,Bulk RNA-seq,T0,sepcv,,,,Bulk 主队列（DEG S2 / WGCNA S49 / S5 / ML S9 / CIBERSORTx S47 / Scissor S6）,canonical,GSE185263_groups.csv（R1 正名）+ Table_S16e 双源 + GEO gsm_sample_list（title 精确匹配）,,NA,NA
sample,GSE185263,GSM5609253,sepcv003T0,Sepsis_COVID,全血（R1 核验）,Bulk RNA-seq,T0,sepcv,,,,Bulk 主队列（DEG S2 / WGCNA S49 / S5 / ML S9 / CIBERSORTx S47 / Scissor S6）,canonical,GSE185263_groups.csv（R1 正名）+ Table_S16e 双源 + GEO gsm_sample_list（title 精确匹配）,,NA,NA
sample,GSE185263,GSM5609254,sepcv004T0,Sepsis_COVID,全血（R1 核验）,Bulk RNA-seq,T0,sepcv,,,,Bulk 主队列（DEG S2 / WGCNA S49 / S5 / ML S9 / CIBERSORTx S47 / Scissor S6）,canonical,GSE185263_groups.csv（R1 正名）+ Table_S16e 双源 + GEO gsm_sample_list（title 精确匹配）,,NA,NA
sample,GSE185263,GSM5609255,sepcv005T0,Sepsis_COVID,全血（R1 核验）,Bulk RNA-seq,T0,sepcv,,,,Bulk 主队列（DEG S2 / WGCNA S49 / S5 / ML S9 / CIBERSORTx S47 / Scissor S6）,canonical,GSE185263_groups.csv（R1 正名）+ Table_S16e 双源 + GEO gsm_sample_list（title 精确匹配）,,NA,NA
sample,GSE185263,GSM5609256,sepcv006T0,Sepsis_COVID,全血（R1 核验）,Bulk RNA-seq,T0,sepcv,,,,Bulk 主队列（DEG S2 / WGCNA S49 / S5 / ML S9 / CIBERSORTx S47 / Scissor S6）,canonical,GSE185263_groups.csv（R1 正名）+ Table_S16e 双源 + GEO gsm_sample_list（title 精确匹配）,,NA,NA
sample,GSE185263,GSM5609257,sepcv007T1,Sepsis_COVID,全血（R1 核验）,Bulk RNA-seq,T1,sepcv,,,,Bulk 主队列（DEG S2 / WGCNA S49 / S5 / ML S9 / CIBERSORTx S47 / Scissor S6）,canonical,GSE185263_groups.csv（R1 正名）+ Table_S16e 双源 + GEO gsm_sample_list（title 精确匹配）,,NA,NA
sample,GSE185263,GSM5609258,sepcv008T1,Sepsis_COVID,全血（R1 核验）,Bulk RNA-seq,T1,sepcv,,,,Bulk 主队列（DEG S2 / WGCNA S49 / S5 / ML S9 / CIBERSORTx S47 / Scissor S6）,canonical,GSE185263_groups.csv（R1 正名）+ Table_S16e 双源 + GEO gsm_sample_list（title 精确匹配）,,NA,NA
sample,GSE185263,GSM5609259,sepcv009T1,Sepsis_COVID,全血（R1 核验）,Bulk RNA-seq,T1,sepcv,,,,Bulk 主队列（DEG S2 / WGCNA S49 / S5 / ML S9 / CIBERSORTx S47 / Scissor S6）,canonical,GSE185263_groups.csv（R1 正名）+ Table_S16e 双源 + GEO gsm_sample_list（title 精确匹配）,,NA,NA
sample,GSE185263,GSM5609260,sepcv010T0,Sepsis_COVID,全血（R1 核验）,Bulk RNA-seq,T0,sepcv,,,,Bulk 主队列（DEG S2 / WGCNA S49 / S5 / ML S9 / CIBERSORTx S47 / Scissor S6）,canonical,GSE185263_groups.csv（R1 正名）+ Table_S16e 双源 + GEO gsm_sample_list（title 精确匹配）,,NA,NA
sample,GSE185263,GSM5609261,sepcv011T0,Sepsis_COVID,全血（R1 核验）,Bulk RNA-seq,T0,sepcv,,,,Bulk 主队列（DEG S2 / WGCNA S49 / S5 / ML S9 / CIBERSORTx S47 / Scissor S6）,canonical,GSE185263_groups.csv（R1 正名）+ Table_S16e 双源 + GEO gsm_sample_list（title 精确匹配）,,NA,NA
sample,GSE185263,GSM5609262,sepcv012T1,Sepsis_COVID,全血（R1 核验）,Bulk RNA-seq,T1,sepcv,,,,Bulk 主队列（DEG S2 / WGCNA S49 / S5 / ML S9 / CIBERSORTx S47 / Scissor S6）,canonical,GSE185263_groups.csv（R1 正名）+ Table_S16e 双源 + GEO gsm_sample_list（title 精确匹配）,,NA,NA
sample,GSE185263,GSM5609263,sepcv013T1,Sepsis_COVID,全血（R1 核验）,Bulk RNA-seq,T1,sepcv,,,,Bulk 主队列（DEG S2 / WGCNA S49 / S5 / ML S9 / CIBERSORTx S47 / Scissor S6）,canonical,GSE185263_groups.csv（R1 正名）+ Table_S16e 双源 + GEO gsm_sample_list（title 精确匹配）,,NA,NA
sample,GSE185263,GSM5609264,sepcv015T1,Sepsis_COVID,全血（R1 核验）,Bulk RNA-seq,T1,sepcv,,,,Bulk 主队列（DEG S2 / WGCNA S49 / S5 / ML S9 / CIBERSORTx S47 / Scissor S6）,canonical,GSE185263_groups.csv（R1 正名）+ Table_S16e 双源 + GEO gsm_sample_list（title 精确匹配）,,NA,NA
sample,GSE185263,GSM5609265,sepcv016T1,Sepsis_COVID,全血（R1 核验）,Bulk RNA-seq,T1,sepcv,,,,Bulk 主队列（DEG S2 / WGCNA S49 / S5 / ML S9 / CIBERSORTx S47 / Scissor S6）,canonical,GSE185263_groups.csv（R1 正名）+ Table_S16e 双源 + GEO gsm_sample_list（title 精确匹配）,,NA,NA
sample,GSE185263,GSM5609266,sepcv017T0,Sepsis_COVID,全血（R1 核验）,Bulk RNA-seq,T0,sepcv,,,,Bulk 主队列（DEG S2 / WGCNA S49 / S5 / ML S9 / CIBERSORTx S47 / Scissor S6）,canonical,GSE185263_groups.csv（R1 正名）+ Table_S16e 双源 + GEO gsm_sample_list（title 精确匹配）,,NA,NA
sample,GSE185263,GSM5609267,sepcv018T1,Sepsis_COVID,全血（R1 核验）,Bulk RNA-seq,T1,sepcv,,,,Bulk 主队列（DEG S2 / WGCNA S49 / S5 / ML S9 / CIBERSORTx S47 / Scissor S6）,canonical,GSE185263_groups.csv（R1 正名）+ Table_S16e 双源 + GEO gsm_sample_list（title 精确匹配）,,NA,NA
sample,GSE185263,GSM5609268,sepcv019T0,Sepsis_COVID,全血（R1 核验）,Bulk RNA-seq,T0,sepcv,,,,Bulk 主队列（DEG S2 / WGCNA S49 / S5 / ML S9 / CIBERSORTx S47 / Scissor S6）,canonical,GSE185263_groups.csv（R1 正名）+ Table_S16e 双源 + GEO gsm_sample_list（title 精确匹配）,,NA,NA
sample,GSE185263,GSM5609269,sepcv020T0,Sepsis_COVID,全血（R1 核验）,Bulk RNA-seq,T0,sepcv,,,,Bulk 主队列（DEG S2 / WGCNA S49 / S5 / ML S9 / CIBERSORTx S47 / Scissor S6）,canonical,GSE185263_groups.csv（R1 正名）+ Table_S16e 双源 + GEO gsm_sample_list（title 精确匹配）,,NA,NA
sample,GSE185263,GSM5609270,sepcv021T0,Sepsis_COVID,全血（R1 核验）,Bulk RNA-seq,T0,sepcv,,,,Bulk 主队列（DEG S2 / WGCNA S49 / S5 / ML S9 / CIBERSORTx S47 / Scissor S6）,canonical,GSE185263_groups.csv（R1 正名）+ Table_S16e 双源 + GEO gsm_sample_list（title 精确匹配）,,NA,NA
sample,GSE185263,GSM5609271,sepcv022T0,Sepsis_COVID,全血（R1 核验）,Bulk RNA-seq,T0,sepcv,,,,Bulk 主队列（DEG S2 / WGCNA S49 / S5 / ML S9 / CIBERSORTx S47 / Scissor S6）,canonical,GSE185263_groups.csv（R1 正名）+ Table_S16e 双源 + GEO gsm_sample_list（title 精确匹配）,,NA,NA
sample,GSE185263,GSM5609272,sepcv023T1,Sepsis_COVID,全血（R1 核验）,Bulk RNA-seq,T1,sepcv,,,,Bulk 主队列（DEG S2 / WGCNA S49 / S5 / ML S9 / CIBERSORTx S47 / Scissor S6）,canonical,GSE185263_groups.csv（R1 正名）+ Table_S16e 双源 + GEO gsm_sample_list（title 精确匹配）,,NA,NA
sample,GSE185263,GSM5609273,sepcv024T1,Sepsis_COVID,全血（R1 核验）,Bulk RNA-seq,T1,sepcv,,,,Bulk 主队列（DEG S2 / WGCNA S49 / S5 / ML S9 / CIBERSORTx S47 / Scissor S6）,canonical,GSE185263_groups.csv（R1 正名）+ Table_S16e 双源 + GEO gsm_sample_list（title 精确匹配）,,NA,NA
sample,GSE185263,GSM5609274,sepcv026T0,Sepsis_COVID,全血（R1 核验）,Bulk RNA-seq,T0,sepcv,,,,Bulk 主队列（DEG S2 / WGCNA S49 / S5 / ML S9 / CIBERSORTx S47 / Scissor S6）,canonical,GSE185263_groups.csv（R1 正名）+ Table_S16e 双源 + GEO gsm_sample_list（title 精确匹配）,,NA,NA
sample,GSE185263,GSM5609275,sepcv027T0,Sepsis_COVID,全血（R1 核验）,Bulk RNA-seq,T0,sepcv,,,,Bulk 主队列（DEG S2 / WGCNA S49 / S5 / ML S9 / CIBERSORTx S47 / Scissor S6）,canonical,GSE185263_groups.csv（R1 正名）+ Table_S16e 双源 + GEO gsm_sample_list（title 精确匹配）,,NA,NA
sample,GSE185263,GSM5609276,sepcv028T1,Sepsis_COVID,全血（R1 核验）,Bulk RNA-seq,T1,sepcv,,,,Bulk 主队列（DEG S2 / WGCNA S49 / S5 / ML S9 / CIBERSORTx S47 / Scissor S6）,canonical,GSE185263_groups.csv（R1 正名）+ Table_S16e 双源 + GEO gsm_sample_list（title 精确匹配）,,NA,NA
sample,GSE185263,GSM5609277,sepcv029T1,Sepsis_COVID,全血（R1 核验）,Bulk RNA-seq,T1,sepcv,,,,Bulk 主队列（DEG S2 / WGCNA S49 / S5 / ML S9 / CIBERSORTx S47 / Scissor S6）,canonical,GSE185263_groups.csv（R1 正名）+ Table_S16e 双源 + GEO gsm_sample_list（title 精确匹配）,,NA,NA
sample,GSE185263,GSM5609278,sepcv030T1,Sepsis_COVID,全血（R1 核验）,Bulk RNA-seq,T1,sepcv,,,,Bulk 主队列（DEG S2 / WGCNA S49 / S5 / ML S9 / CIBERSORTx S47 / Scissor S6）,canonical,GSE185263_groups.csv（R1 正名）+ Table_S16e 双源 + GEO gsm_sample_list（title 精确匹配）,,NA,NA
sample,GSE185263,GSM5609279,sepcv031T1,Sepsis_COVID,全血（R1 核验）,Bulk RNA-seq,T1,sepcv,,,,Bulk 主队列（DEG S2 / WGCNA S49 / S5 / ML S9 / CIBERSORTx S47 / Scissor S6）,canonical,GSE185263_groups.csv（R1 正名）+ Table_S16e 双源 + GEO gsm_sample_list（title 精确匹配）,,NA,NA
sample,GSE185263,GSM5609280,sepcv032T1,Sepsis_COVID,全血（R1 核验）,Bulk RNA-seq,T1,sepcv,,,,Bulk 主队列（DEG S2 / WGCNA S49 / S5 / ML S9 / CIBERSORTx S47 / Scissor S6）,canonical,GSE185263_groups.csv（R1 正名）+ Table_S16e 双源 + GEO gsm_sample_list（title 精确匹配）,,NA,NA
sample,GSE185263,GSM5609281,sepcv033T1,Sepsis_COVID,全血（R1 核验）,Bulk RNA-seq,T1,sepcv,,,,Bulk 主队列（DEG S2 / WGCNA S49 / S5 / ML S9 / CIBERSORTx S47 / Scissor S6）,canonical,GSE185263_groups.csv（R1 正名）+ Table_S16e 双源 + GEO gsm_sample_list（title 精确匹配）,,NA,NA
sample,GSE185263,GSM5609282,sepcv034T1,Sepsis_COVID,全血（R1 核验）,Bulk RNA-seq,T1,sepcv,,,,Bulk 主队列（DEG S2 / WGCNA S49 / S5 / ML S9 / CIBERSORTx S47 / Scissor S6）,canonical,GSE185263_groups.csv（R1 正名）+ Table_S16e 双源 + GEO gsm_sample_list（title 精确匹配）,,NA,NA
sample,GSE185263,GSM5609283,sepcv036T0,Sepsis_COVID,全血（R1 核验）,Bulk RNA-seq,T0,sepcv,,,,Bulk 主队列（DEG S2 / WGCNA S49 / S5 / ML S9 / CIBERSORTx S47 / Scissor S6）,canonical,GSE185263_groups.csv（R1 正名）+ Table_S16e 双源 + GEO gsm_sample_list（title 精确匹配）,,NA,NA
sample,GSE185263,GSM5609284,sepcv037T0,Sepsis_COVID,全血（R1 核验）,Bulk RNA-seq,T0,sepcv,,,,Bulk 主队列（DEG S2 / WGCNA S49 / S5 / ML S9 / CIBERSORTx S47 / Scissor S6）,canonical,GSE185263_groups.csv（R1 正名）+ Table_S16e 双源 + GEO gsm_sample_list（title 精确匹配）,,NA,NA
sample,GSE185263,GSM5609285,sepcv039T1,Sepsis_COVID,全血（R1 核验）,Bulk RNA-seq,T1,sepcv,,,,Bulk 主队列（DEG S2 / WGCNA S49 / S5 / ML S9 / CIBERSORTx S47 / Scissor S6）,canonical,GSE185263_groups.csv（R1 正名）+ Table_S16e 双源 + GEO gsm_sample_list（title 精确匹配）,,NA,NA
sample,GSE185263,GSM5609286,sepcv040T1,Sepsis_COVID,全血（R1 核验）,Bulk RNA-seq,T1,sepcv,,,,Bulk 主队列（DEG S2 / WGCNA S49 / S5 / ML S9 / CIBERSORTx S47 / Scissor S6）,canonical,GSE185263_groups.csv（R1 正名）+ Table_S16e 双源 + GEO gsm_sample_list（title 精确匹配）,,NA,NA
sample,GSE185263,GSM5609287,sepcv041T2,Sepsis_COVID,全血（R1 核验）,Bulk RNA-seq,T2,sepcv,,,,Bulk 主队列（DEG S2 / WGCNA S49 / S5 / ML S9 / CIBERSORTx S47 / Scissor S6）,canonical,GSE185263_groups.csv（R1 正名）+ Table_S16e 双源 + GEO gsm_sample_list（title 精确匹配）,,NA,NA
sample,GSE185263,GSM5609288,sepcv042T0,Sepsis_COVID,全血（R1 核验）,Bulk RNA-seq,T0,sepcv,,,,Bulk 主队列（DEG S2 / WGCNA S49 / S5 / ML S9 / CIBERSORTx S47 / Scissor S6）,canonical,GSE185263_groups.csv（R1 正名）+ Table_S16e 双源 + GEO gsm_sample_list（title 精确匹配）,,NA,NA
sample,GSE185263,GSM5609289,sepcv043T1,Sepsis_COVID,全血（R1 核验）,Bulk RNA-seq,T1,sepcv,,,,Bulk 主队列（DEG S2 / WGCNA S49 / S5 / ML S9 / CIBERSORTx S47 / Scissor S6）,canonical,GSE185263_groups.csv（R1 正名）+ Table_S16e 双源 + GEO gsm_sample_list（title 精确匹配）,,NA,NA
sample,GSE185263,GSM5609290,sepcv044T0,Sepsis_COVID,全血（R1 核验）,Bulk RNA-seq,T0,sepcv,,,,Bulk 主队列（DEG S2 / WGCNA S49 / S5 / ML S9 / CIBERSORTx S47 / Scissor S6）,canonical,GSE185263_groups.csv（R1 正名）+ Table_S16e 双源 + GEO gsm_sample_list（title 精确匹配）,,NA,NA
sample,GSE185263,GSM5609291,sepcv045T1,Sepsis_COVID,全血（R1 核验）,Bulk RNA-seq,T1,sepcv,,,,Bulk 主队列（DEG S2 / WGCNA S49 / S5 / ML S9 / CIBERSORTx S47 / Scissor S6）,canonical,GSE185263_groups.csv（R1 正名）+ Table_S16e 双源 + GEO gsm_sample_list（title 精确匹配）,,NA,NA
sample,GSE185263,GSM5609292,sepcv047T1,Sepsis_COVID,全血（R1 核验）,Bulk RNA-seq,T1,sepcv,,,,Bulk 主队列（DEG S2 / WGCNA S49 / S5 / ML S9 / CIBERSORTx S47 / Scissor S6）,canonical,GSE185263_groups.csv（R1 正名）+ Table_S16e 双源 + GEO gsm_sample_list（title 精确匹配）,,NA,NA
sample,GSE185263,GSM5609293,sepcv048T1,Sepsis_COVID,全血（R1 核验）,Bulk RNA-seq,T1,sepcv,,,,Bulk 主队列（DEG S2 / WGCNA S49 / S5 / ML S9 / CIBERSORTx S47 / Scissor S6）,canonical,GSE185263_groups.csv（R1 正名）+ Table_S16e 双源 + GEO gsm_sample_list（title 精确匹配）,,NA,NA
sample,GSE185263,GSM5609294,sepcv049T1,Sepsis_COVID,全血（R1 核验）,Bulk RNA-seq,T1,sepcv,,,,Bulk 主队列（DEG S2 / WGCNA S49 / S5 / ML S9 / CIBERSORTx S47 / Scissor S6）,canonical,GSE185263_groups.csv（R1 正名）+ Table_S16e 双源 + GEO gsm_sample_list（title 精确匹配）,,NA,NA
sample,GSE185263,GSM5609295,sepcv050T1,Sepsis_COVID,全血（R1 核验）,Bulk RNA-seq,T1,sepcv,,,,Bulk 主队列（DEG S2 / WGCNA S49 / S5 / ML S9 / CIBERSORTx S47 / Scissor S6）,canonical,GSE185263_groups.csv（R1 正名）+ Table_S16e 双源 + GEO gsm_sample_list（title 精确匹配）,,NA,NA
sample,GSE185263,GSM5609296,sepcv051T1,Sepsis_COVID,全血（R1 核验）,Bulk RNA-seq,T1,sepcv,,,,Bulk 主队列（DEG S2 / WGCNA S49 / S5 / ML S9 / CIBERSORTx S47 / Scissor S6）,canonical,GSE185263_groups.csv（R1 正名）+ Table_S16e 双源 + GEO gsm_sample_list（title 精确匹配）,,NA,NA
sample,GSE185263,GSM5609297,sepcv052T1,Sepsis_COVID,全血（R1 核验）,Bulk RNA-seq,T1,sepcv,,,,Bulk 主队列（DEG S2 / WGCNA S49 / S5 / ML S9 / CIBERSORTx S47 / Scissor S6）,canonical,GSE185263_groups.csv（R1 正名）+ Table_S16e 双源 + GEO gsm_sample_list（title 精确匹配）,,NA,NA
sample,GSE185263,GSM5609298,sepcv053T1,Sepsis_COVID,全血（R1 核验）,Bulk RNA-seq,T1,sepcv,,,,Bulk 主队列（DEG S2 / WGCNA S49 / S5 / ML S9 / CIBERSORTx S47 / Scissor S6）,canonical,GSE185263_groups.csv（R1 正名）+ Table_S16e 双源 + GEO gsm_sample_list（title 精确匹配）,,NA,NA
sample,GSE185263,GSM5609299,sepcv054T1,Sepsis_COVID,全血（R1 核验）,Bulk RNA-seq,T1,sepcv,,,,Bulk 主队列（DEG S2 / WGCNA S49 / S5 / ML S9 / CIBERSORTx S47 / Scissor S6）,canonical,GSE185263_groups.csv（R1 正名）+ Table_S16e 双源 + GEO gsm_sample_list（title 精确匹配）,,NA,NA
sample,GSE185263,GSM5609300,sepcv055T1,Sepsis_COVID,全血（R1 核验）,Bulk RNA-seq,T1,sepcv,,,,Bulk 主队列（DEG S2 / WGCNA S49 / S5 / ML S9 / CIBERSORTx S47 / Scissor S6）,canonical,GSE185263_groups.csv（R1 正名）+ Table_S16e 双源 + GEO gsm_sample_list（title 精确匹配）,,NA,NA
sample,GSE185263,GSM5609301,sepcv056T1,Sepsis_COVID,全血（R1 核验）,Bulk RNA-seq,T1,sepcv,,,,Bulk 主队列（DEG S2 / WGCNA S49 / S5 / ML S9 / CIBERSORTx S47 / Scissor S6）,canonical,GSE185263_groups.csv（R1 正名）+ Table_S16e 双源 + GEO gsm_sample_list（title 精确匹配）,,NA,NA
sample,GSE185263,GSM5609302,sepcv057T1,Sepsis_COVID,全血（R1 核验）,Bulk RNA-seq,T1,sepcv,,,,Bulk 主队列（DEG S2 / WGCNA S49 / S5 / ML S9 / CIBERSORTx S47 / Scissor S6）,canonical,GSE185263_groups.csv（R1 正名）+ Table_S16e 双源 + GEO gsm_sample_list（title 精确匹配）,,NA,NA
sample,GSE185263,GSM5609303,sepcv058T1,Sepsis_COVID,全血（R1 核验）,Bulk RNA-seq,T1,sepcv,,,,Bulk 主队列（DEG S2 / WGCNA S49 / S5 / ML S9 / CIBERSORTx S47 / Scissor S6）,canonical,GSE185263_groups.csv（R1 正名）+ Table_S16e 双源 + GEO gsm_sample_list（title 精确匹配）,,NA,NA
sample,GSE185263,GSM5609304,sepcv059T1,Sepsis_COVID,全血（R1 核验）,Bulk RNA-seq,T1,sepcv,,,,Bulk 主队列（DEG S2 / WGCNA S49 / S5 / ML S9 / CIBERSORTx S47 / Scissor S6）,canonical,GSE185263_groups.csv（R1 正名）+ Table_S16e 双源 + GEO gsm_sample_list（title 精确匹配）,,NA,NA
sample,GSE185263,GSM5609305,sepcv060T1,Sepsis_COVID,全血（R1 核验）,Bulk RNA-seq,T1,sepcv,,,,Bulk 主队列（DEG S2 / WGCNA S49 / S5 / ML S9 / CIBERSORTx S47 / Scissor S6）,canonical,GSE185263_groups.csv（R1 正名）+ Table_S16e 双源 + GEO gsm_sample_list（title 精确匹配）,,NA,NA
sample,GSE185263,GSM5609306,sepcv061T1,Sepsis_COVID,全血（R1 核验）,Bulk RNA-seq,T1,sepcv,,,,Bulk 主队列（DEG S2 / WGCNA S49 / S5 / ML S9 / CIBERSORTx S47 / Scissor S6）,canonical,GSE185263_groups.csv（R1 正名）+ Table_S16e 双源 + GEO gsm_sample_list（title 精确匹配）,,NA,NA
sample,GSE185263,GSM5609307,sepcv062T1,Sepsis_COVID,全血（R1 核验）,Bulk RNA-seq,T1,sepcv,,,,Bulk 主队列（DEG S2 / WGCNA S49 / S5 / ML S9 / CIBERSORTx S47 / Scissor S6）,canonical,GSE185263_groups.csv（R1 正名）+ Table_S16e 双源 + GEO gsm_sample_list（title 精确匹配）,,NA,NA
sample,GSE185263,GSM5609308,sepcv063T1,Sepsis_COVID,全血（R1 核验）,Bulk RNA-seq,T1,sepcv,,,,Bulk 主队列（DEG S2 / WGCNA S49 / S5 / ML S9 / CIBERSORTx S47 / Scissor S6）,canonical,GSE185263_groups.csv（R1 正名）+ Table_S16e 双源 + GEO gsm_sample_list（title 精确匹配）,,NA,NA
sample,GSE185263,GSM5609309,sepcv065T0,Sepsis_COVID,全血（R1 核验）,Bulk RNA-seq,T0,sepcv,,,,Bulk 主队列（DEG S2 / WGCNA S49 / S5 / ML S9 / CIBERSORTx S47 / Scissor S6）,canonical,GSE185263_groups.csv（R1 正名）+ Table_S16e 双源 + GEO gsm_sample_list（title 精确匹配）,,NA,NA
sample,GSE185263,GSM5609310,sepcv066T1,Sepsis_COVID,全血（R1 核验）,Bulk RNA-seq,T1,sepcv,,,,Bulk 主队列（DEG S2 / WGCNA S49 / S5 / ML S9 / CIBERSORTx S47 / Scissor S6）,canonical,GSE185263_groups.csv（R1 正名）+ Table_S16e 双源 + GEO gsm_sample_list（title 精确匹配）,,NA,NA
sample,GSE185263,GSM5609311,sepcv067T1,Sepsis_COVID,全血（R1 核验）,Bulk RNA-seq,T1,sepcv,,,,Bulk 主队列（DEG S2 / WGCNA S49 / S5 / ML S9 / CIBERSORTx S47 / Scissor S6）,canonical,GSE185263_groups.csv（R1 正名）+ Table_S16e 双源 + GEO gsm_sample_list（title 精确匹配）,,NA,NA
sample,GSE185263,GSM5609312,sepcv068T1a,Sepsis_COVID,全血（R1 核验）,Bulk RNA-seq,T1,sepcv,,,,Bulk 主队列（DEG S2 / WGCNA S49 / S5 / ML S9 / CIBERSORTx S47 / Scissor S6）,canonical,GSE185263_groups.csv（R1 正名）+ Table_S16e 双源 + GEO gsm_sample_list（title 精确匹配）,,NA,NA
sample,GSE185263,GSM5609313,sepcv069T1,Sepsis_COVID,全血（R1 核验）,Bulk RNA-seq,T1,sepcv,,,,Bulk 主队列（DEG S2 / WGCNA S49 / S5 / ML S9 / CIBERSORTx S47 / Scissor S6）,canonical,GSE185263_groups.csv（R1 正名）+ Table_S16e 双源 + GEO gsm_sample_list（title 精确匹配）,,NA,NA
sample,GSE185263,GSM5609314,sepcv070T1,Sepsis_COVID,全血（R1 核验）,Bulk RNA-seq,T1,sepcv,,,,Bulk 主队列（DEG S2 / WGCNA S49 / S5 / ML S9 / CIBERSORTx S47 / Scissor S6）,canonical,GSE185263_groups.csv（R1 正名）+ Table_S16e 双源 + GEO gsm_sample_list（title 精确匹配）,,NA,NA
sample,GSE185263,GSM5609315,sepcv071T1,Sepsis_COVID,全血（R1 核验）,Bulk RNA-seq,T1,sepcv,,,,Bulk 主队列（DEG S2 / WGCNA S49 / S5 / ML S9 / CIBERSORTx S47 / Scissor S6）,canonical,GSE185263_groups.csv（R1 正名）+ Table_S16e 双源 + GEO gsm_sample_list（title 精确匹配）,,NA,NA
sample,GSE185263,GSM5609316,sepcv072T1,Sepsis_COVID,全血（R1 核验）,Bulk RNA-seq,T1,sepcv,,,,Bulk 主队列（DEG S2 / WGCNA S49 / S5 / ML S9 / CIBERSORTx S47 / Scissor S6）,canonical,GSE185263_groups.csv（R1 正名）+ Table_S16e 双源 + GEO gsm_sample_list（title 精确匹配）,,NA,NA
sample,GSE185263,GSM5609317,sepcv073T1,Sepsis_COVID,全血（R1 核验）,Bulk RNA-seq,T1,sepcv,,,,Bulk 主队列（DEG S2 / WGCNA S49 / S5 / ML S9 / CIBERSORTx S47 / Scissor S6）,canonical,GSE185263_groups.csv（R1 正名）+ Table_S16e 双源 + GEO gsm_sample_list（title 精确匹配）,,NA,NA
sample,GSE185263,GSM5609318,sepcv074T1,Sepsis_COVID,全血（R1 核验）,Bulk RNA-seq,T1,sepcv,,,,Bulk 主队列（DEG S2 / WGCNA S49 / S5 / ML S9 / CIBERSORTx S47 / Scissor S6）,canonical,GSE185263_groups.csv（R1 正名）+ Table_S16e 双源 + GEO gsm_sample_list（title 精确匹配）,,NA,NA
sample,GSE185263,GSM5609319,sepcv075T1,Sepsis_COVID,全血（R1 核验）,Bulk RNA-seq,T1,sepcv,,,,Bulk 主队列（DEG S2 / WGCNA S49 / S5 / ML S9 / CIBERSORTx S47 / Scissor S6）,canonical,GSE185263_groups.csv（R1 正名）+ Table_S16e 双源 + GEO gsm_sample_list（title 精确匹配）,,NA,NA
sample,GSE185263,GSM5609320,sepcv076T1,Sepsis_COVID,全血（R1 核验）,Bulk RNA-seq,T1,sepcv,,,,Bulk 主队列（DEG S2 / WGCNA S49 / S5 / ML S9 / CIBERSORTx S47 / Scissor S6）,canonical,GSE185263_groups.csv（R1 正名）+ Table_S16e 双源 + GEO gsm_sample_list（title 精确匹配）,,NA,NA
sample,GSE185263,GSM5609321,sepcv077T1,Sepsis_COVID,全血（R1 核验）,Bulk RNA-seq,T1,sepcv,,,,Bulk 主队列（DEG S2 / WGCNA S49 / S5 / ML S9 / CIBERSORTx S47 / Scissor S6）,canonical,GSE185263_groups.csv（R1 正名）+ Table_S16e 双源 + GEO gsm_sample_list（title 精确匹配）,,NA,NA
sample,GSE185263,GSM5609322,sepcv078T1,Sepsis_COVID,全血（R1 核验）,Bulk RNA-seq,T1,sepcv,,,,Bulk 主队列（DEG S2 / WGCNA S49 / S5 / ML S9 / CIBERSORTx S47 / Scissor S6）,canonical,GSE185263_groups.csv（R1 正名）+ Table_S16e 双源 + GEO gsm_sample_list（title 精确匹配）,,NA,NA
sample,GSE185263,GSM5609323,sepcv079T1,Sepsis_COVID,全血（R1 核验）,Bulk RNA-seq,T1,sepcv,,,,Bulk 主队列（DEG S2 / WGCNA S49 / S5 / ML S9 / CIBERSORTx S47 / Scissor S6）,canonical,GSE185263_groups.csv（R1 正名）+ Table_S16e 双源 + GEO gsm_sample_list（title 精确匹配）,,NA,NA
sample,GSE185263,GSM5609324,sepcv080T1,Sepsis_COVID,全血（R1 核验）,Bulk RNA-seq,T1,sepcv,,,,Bulk 主队列（DEG S2 / WGCNA S49 / S5 / ML S9 / CIBERSORTx S47 / Scissor S6）,canonical,GSE185263_groups.csv（R1 正名）+ Table_S16e 双源 + GEO gsm_sample_list（title 精确匹配）,,NA,NA
sample,GSE185263,GSM5609325,sepcv082T1,Sepsis_COVID,全血（R1 核验）,Bulk RNA-seq,T1,sepcv,,,,Bulk 主队列（DEG S2 / WGCNA S49 / S5 / ML S9 / CIBERSORTx S47 / Scissor S6）,canonical,GSE185263_groups.csv（R1 正名）+ Table_S16e 双源 + GEO gsm_sample_list（title 精确匹配）,,NA,NA
sample,GSE185263,GSM5609326,sepcv083T0,Sepsis_COVID,全血（R1 核验）,Bulk RNA-seq,T0,sepcv,,,,Bulk 主队列（DEG S2 / WGCNA S49 / S5 / ML S9 / CIBERSORTx S47 / Scissor S6）,canonical,GSE185263_groups.csv（R1 正名）+ Table_S16e 双源 + GEO gsm_sample_list（title 精确匹配）,,NA,NA
sample,GSE185263,GSM5609327,sepcv084T0,Sepsis_COVID,全血（R1 核验）,Bulk RNA-seq,T0,sepcv,,,,Bulk 主队列（DEG S2 / WGCNA S49 / S5 / ML S9 / CIBERSORTx S47 / Scissor S6）,canonical,GSE185263_groups.csv（R1 正名）+ Table_S16e 双源 + GEO gsm_sample_list（title 精确匹配）,,NA,NA
sample,GSE185263,GSM5609328,sepcv085T1,Sepsis_COVID,全血（R1 核验）,Bulk RNA-seq,T1,sepcv,,,,Bulk 主队列（DEG S2 / WGCNA S49 / S5 / ML S9 / CIBERSORTx S47 / Scissor S6）,canonical,GSE185263_groups.csv（R1 正名）+ Table_S16e 双源 + GEO gsm_sample_list（title 精确匹配）,,NA,NA
sample,GSE185263,GSM5609329,sepcv086T1,Sepsis_COVID,全血（R1 核验）,Bulk RNA-seq,T1,sepcv,,,,Bulk 主队列（DEG S2 / WGCNA S49 / S5 / ML S9 / CIBERSORTx S47 / Scissor S6）,canonical,GSE185263_groups.csv（R1 正名）+ Table_S16e 双源 + GEO gsm_sample_list（title 精确匹配）,,NA,NA
sample,GSE185263,GSM5609330,sepcv087T1,Sepsis_COVID,全血（R1 核验）,Bulk RNA-seq,T1,sepcv,,,,Bulk 主队列（DEG S2 / WGCNA S49 / S5 / ML S9 / CIBERSORTx S47 / Scissor S6）,canonical,GSE185263_groups.csv（R1 正名）+ Table_S16e 双源 + GEO gsm_sample_list（title 精确匹配）,,NA,NA
sample,GSE185263,GSM5609331,sepcv702W1,Sepsis_COVID,全血（R1 核验）,Bulk RNA-seq,W1,sepcv,,,,Bulk 主队列（DEG S2 / WGCNA S49 / S5 / ML S9 / CIBERSORTx S47 / Scissor S6）,canonical,GSE185263_groups.csv（R1 正名）+ Table_S16e 双源 + GEO gsm_sample_list（title 精确匹配）,,NA,NA
sample,GSE185263,GSM5609332,sepcv703W1,Sepsis_COVID,全血（R1 核验）,Bulk RNA-seq,W1,sepcv,,,,Bulk 主队列（DEG S2 / WGCNA S49 / S5 / ML S9 / CIBERSORTx S47 / Scissor S6）,canonical,GSE185263_groups.csv（R1 正名）+ Table_S16e 双源 + GEO gsm_sample_list（title 精确匹配）,,NA,NA
sample,GSE185263,GSM5609333,hchlD044,Control,全血（R1 核验）,Bulk RNA-seq,,hchl,,,,Bulk 主队列（DEG S2 / WGCNA S49 / S5 / ML S9 / CIBERSORTx S47 / Scissor S6）,canonical,GSE185263_groups.csv（R1 正名）+ Table_S16e 双源 + GEO gsm_sample_list（title 精确匹配）,,NA,NA
sample,GSE185263,GSM5609334,hchlD187,Control,全血（R1 核验）,Bulk RNA-seq,,hchl,,,,Bulk 主队列（DEG S2 / WGCNA S49 / S5 / ML S9 / CIBERSORTx S47 / Scissor S6）,canonical,GSE185263_groups.csv（R1 正名）+ Table_S16e 双源 + GEO gsm_sample_list（title 精确匹配）,,NA,NA
sample,GSE185263,GSM5609335,hchlD204,Control,全血（R1 核验）,Bulk RNA-seq,,hchl,,,,Bulk 主队列（DEG S2 / WGCNA S49 / S5 / ML S9 / CIBERSORTx S47 / Scissor S6）,canonical,GSE185263_groups.csv（R1 正名）+ Table_S16e 双源 + GEO gsm_sample_list（title 精确匹配）,,NA,NA
sample,GSE185263,GSM5609336,hchlD218,Control,全血（R1 核验）,Bulk RNA-seq,,hchl,,,,Bulk 主队列（DEG S2 / WGCNA S49 / S5 / ML S9 / CIBERSORTx S47 / Scissor S6）,canonical,GSE185263_groups.csv（R1 正名）+ Table_S16e 双源 + GEO gsm_sample_list（title 精确匹配）,,NA,NA
sample,GSE185263,GSM5609337,hchlD219,Control,全血（R1 核验）,Bulk RNA-seq,,hchl,,,,Bulk 主队列（DEG S2 / WGCNA S49 / S5 / ML S9 / CIBERSORTx S47 / Scissor S6）,canonical,GSE185263_groups.csv（R1 正名）+ Table_S16e 双源 + GEO gsm_sample_list（title 精确匹配）,,NA,NA
dataset_summary,GSE185263,,,,,,,,,392,Sepsis 266 / Sepsis_COVID 82 / Control 44（前缀亚队列 sepcol67+sepnet104+sepwes84+sepvh11+sepcv82+hc*44）,全血 Bulk 主队列（Baghela & Hancock 脓毒症队列；R1 正名：82 例 sepcv=脓毒症合并 COVID-19，非 ARDS）,canonical,groups.csv × S16e 双源 + R1 报告,sepcv 采血时点 T0 21/T1 58（含 sepcv068T1a）/T2 1/W1 2；样本命名层面无同患者重复采样（N3 残留4 逐样本核验）,NA,NA
sample,GSE212865,GSM6559856,patient 5,Healthy_Control,外周血（全血 RNA）,微阵列（Bulk）,,5,,,,外周血微阵列验证队列（S8 / S9 外部验证 / S46b / Bridge）,canonical,GSE212865_series_matrix.txt.gz (disease state/time),SDRA=COVID-19 相关 ARDS；患者编号 5 共 3 个样本（时点 NA/D0/D7，**跨疾病组（对照↔疾病）——判定为编号撞号（对照与患者为两套独立去标识化编号空间：原文仅招募 60 例住院COVID 患者、51 例对照未在原文任何处出现；对照 GSM 连续成块且无时点标注；2026-08-16 经 GEO series 摘要+原文 PMC10216228 核验）**）,NA,NA
sample,GSE212865,GSM6559857,patient 18,Healthy_Control,外周血（全血 RNA）,微阵列（Bulk）,,18,,,,外周血微阵列验证队列（S8 / S9 外部验证 / S46b / Bridge）,canonical,GSE212865_series_matrix.txt.gz (disease state/time),SDRA=COVID-19 相关 ARDS；患者编号 18 共 3 个样本（时点 NA/D0/D7，**跨疾病组（对照↔疾病）——判定为编号撞号（对照与患者为两套独立去标识化编号空间：原文仅招募 60 例住院COVID 患者、51 例对照未在原文任何处出现；对照 GSM 连续成块且无时点标注；2026-08-16 经 GEO series 摘要+原文 PMC10216228 核验）**）,NA,NA
sample,GSE212865,GSM6559858,patient 26,Healthy_Control,外周血（全血 RNA）,微阵列（Bulk）,,26,,,,外周血微阵列验证队列（S8 / S9 外部验证 / S46b / Bridge）,canonical,GSE212865_series_matrix.txt.gz (disease state/time),SDRA=COVID-19 相关 ARDS；患者编号 26 共 3 个样本（时点 NA/D0/D7，**跨疾病组（对照↔疾病）——判定为编号撞号（对照与患者为两套独立去标识化编号空间：原文仅招募 60 例住院COVID 患者、51 例对照未在原文任何处出现；对照 GSM 连续成块且无时点标注；2026-08-16 经 GEO series 摘要+原文 PMC10216228 核验）**）,NA,NA
sample,GSE212865,GSM6559859,patient 27,Healthy_Control,外周血（全血 RNA）,微阵列（Bulk）,,27,,,,外周血微阵列验证队列（S8 / S9 外部验证 / S46b / Bridge）,canonical,GSE212865_series_matrix.txt.gz (disease state/time),SDRA=COVID-19 相关 ARDS,NA,NA
sample,GSE212865,GSM6559860,patient 37,Healthy_Control,外周血（全血 RNA）,微阵列（Bulk）,,37,,,,外周血微阵列验证队列（S8 / S9 外部验证 / S46b / Bridge）,canonical,GSE212865_series_matrix.txt.gz (disease state/time),SDRA=COVID-19 相关 ARDS,NA,NA
sample,GSE212865,GSM6559861,patient 48,Healthy_Control,外周血（全血 RNA）,微阵列（Bulk）,,48,,,,外周血微阵列验证队列（S8 / S9 外部验证 / S46b / Bridge）,canonical,GSE212865_series_matrix.txt.gz (disease state/time),SDRA=COVID-19 相关 ARDS,NA,NA
sample,GSE212865,GSM6559862,patient 61,Healthy_Control,外周血（全血 RNA）,微阵列（Bulk）,,61,,,,外周血微阵列验证队列（S8 / S9 外部验证 / S46b / Bridge）,canonical,GSE212865_series_matrix.txt.gz (disease state/time),SDRA=COVID-19 相关 ARDS,NA,NA
sample,GSE212865,GSM6559863,patient 62,Healthy_Control,外周血（全血 RNA）,微阵列（Bulk）,,62,,,,外周血微阵列验证队列（S8 / S9 外部验证 / S46b / Bridge）,canonical,GSE212865_series_matrix.txt.gz (disease state/time),SDRA=COVID-19 相关 ARDS,NA,NA
sample,GSE212865,GSM6559864,patient 65,Healthy_Control,外周血（全血 RNA）,微阵列（Bulk）,,65,,,,外周血微阵列验证队列（S8 / S9 外部验证 / S46b / Bridge）,canonical,GSE212865_series_matrix.txt.gz (disease state/time),SDRA=COVID-19 相关 ARDS,NA,NA
sample,GSE212865,GSM6559865,patient 66,Healthy_Control,外周血（全血 RNA）,微阵列（Bulk）,,66,,,,外周血微阵列验证队列（S8 / S9 外部验证 / S46b / Bridge）,canonical,GSE212865_series_matrix.txt.gz (disease state/time),SDRA=COVID-19 相关 ARDS；患者编号 66 共 2 个样本（时点 NA/D0，**跨疾病组（对照↔疾病）——判定为编号撞号（对照与患者为两套独立去标识化编号空间：原文仅招募 60 例住院COVID 患者、51 例对照未在原文任何处出现；对照 GSM 连续成块且无时点标注；2026-08-16 经 GEO series 摘要+原文 PMC10216228 核验）**）,NA,NA
sample,GSE212865,GSM6559866,patient 72,Healthy_Control,外周血（全血 RNA）,微阵列（Bulk）,,72,,,,外周血微阵列验证队列（S8 / S9 外部验证 / S46b / Bridge）,canonical,GSE212865_series_matrix.txt.gz (disease state/time),SDRA=COVID-19 相关 ARDS,NA,NA
sample,GSE212865,GSM6559867,patient 78,Healthy_Control,外周血（全血 RNA）,微阵列（Bulk）,,78,,,,外周血微阵列验证队列（S8 / S9 外部验证 / S46b / Bridge）,canonical,GSE212865_series_matrix.txt.gz (disease state/time),SDRA=COVID-19 相关 ARDS,NA,NA
sample,GSE212865,GSM6559868,patient 80,Healthy_Control,外周血（全血 RNA）,微阵列（Bulk）,,80,,,,外周血微阵列验证队列（S8 / S9 外部验证 / S46b / Bridge）,canonical,GSE212865_series_matrix.txt.gz (disease state/time),SDRA=COVID-19 相关 ARDS；患者编号 80 共 2 个样本（时点 NA/D0，**跨疾病组（对照↔疾病）——判定为编号撞号（对照与患者为两套独立去标识化编号空间：原文仅招募 60 例住院COVID 患者、51 例对照未在原文任何处出现；对照 GSM 连续成块且无时点标注；2026-08-16 经 GEO series 摘要+原文 PMC10216228 核验）**）,NA,NA
sample,GSE212865,GSM6559869,patient 84,Healthy_Control,外周血（全血 RNA）,微阵列（Bulk）,,84,,,,外周血微阵列验证队列（S8 / S9 外部验证 / S46b / Bridge）,canonical,GSE212865_series_matrix.txt.gz (disease state/time),SDRA=COVID-19 相关 ARDS,NA,NA
sample,GSE212865,GSM6559870,patient 85,Healthy_Control,外周血（全血 RNA）,微阵列（Bulk）,,85,,,,外周血微阵列验证队列（S8 / S9 外部验证 / S46b / Bridge）,canonical,GSE212865_series_matrix.txt.gz (disease state/time),SDRA=COVID-19 相关 ARDS；患者编号 85 共 3 个样本（时点 NA/D0/D7，**跨疾病组（对照↔疾病）——判定为编号撞号（对照与患者为两套独立去标识化编号空间：原文仅招募 60 例住院COVID 患者、51 例对照未在原文任何处出现；对照 GSM 连续成块且无时点标注；2026-08-16 经 GEO series 摘要+原文 PMC10216228 核验）**）,NA,NA
sample,GSE212865,GSM6559871,patient 86,Healthy_Control,外周血（全血 RNA）,微阵列（Bulk）,,86,,,,外周血微阵列验证队列（S8 / S9 外部验证 / S46b / Bridge）,canonical,GSE212865_series_matrix.txt.gz (disease state/time),SDRA=COVID-19 相关 ARDS,NA,NA
sample,GSE212865,GSM6559872,patient 92,Healthy_Control,外周血（全血 RNA）,微阵列（Bulk）,,92,,,,外周血微阵列验证队列（S8 / S9 外部验证 / S46b / Bridge）,canonical,GSE212865_series_matrix.txt.gz (disease state/time),SDRA=COVID-19 相关 ARDS,NA,NA
sample,GSE212865,GSM6559873,patient 94,Healthy_Control,外周血（全血 RNA）,微阵列（Bulk）,,94,,,,外周血微阵列验证队列（S8 / S9 外部验证 / S46b / Bridge）,canonical,GSE212865_series_matrix.txt.gz (disease state/time),SDRA=COVID-19 相关 ARDS,NA,NA
sample,GSE212865,GSM6559874,patient 104,Healthy_Control,外周血（全血 RNA）,微阵列（Bulk）,,104,,,,外周血微阵列验证队列（S8 / S9 外部验证 / S46b / Bridge）,canonical,GSE212865_series_matrix.txt.gz (disease state/time),SDRA=COVID-19 相关 ARDS,NA,NA
sample,GSE212865,GSM6559875,patient 106,Healthy_Control,外周血（全血 RNA）,微阵列（Bulk）,,106,,,,外周血微阵列验证队列（S8 / S9 外部验证 / S46b / Bridge）,canonical,GSE212865_series_matrix.txt.gz (disease state/time),SDRA=COVID-19 相关 ARDS,NA,NA
sample,GSE212865,GSM6559876,patient 108,Healthy_Control,外周血（全血 RNA）,微阵列（Bulk）,,108,,,,外周血微阵列验证队列（S8 / S9 外部验证 / S46b / Bridge）,canonical,GSE212865_series_matrix.txt.gz (disease state/time),SDRA=COVID-19 相关 ARDS,NA,NA
sample,GSE212865,GSM6559877,patient 112,Healthy_Control,外周血（全血 RNA）,微阵列（Bulk）,,112,,,,外周血微阵列验证队列（S8 / S9 外部验证 / S46b / Bridge）,canonical,GSE212865_series_matrix.txt.gz (disease state/time),SDRA=COVID-19 相关 ARDS,NA,NA
sample,GSE212865,GSM6559878,patient 113,Healthy_Control,外周血（全血 RNA）,微阵列（Bulk）,,113,,,,外周血微阵列验证队列（S8 / S9 外部验证 / S46b / Bridge）,canonical,GSE212865_series_matrix.txt.gz (disease state/time),SDRA=COVID-19 相关 ARDS,NA,NA
sample,GSE212865,GSM6559879,patient 122,Healthy_Control,外周血（全血 RNA）,微阵列（Bulk）,,122,,,,外周血微阵列验证队列（S8 / S9 外部验证 / S46b / Bridge）,canonical,GSE212865_series_matrix.txt.gz (disease state/time),SDRA=COVID-19 相关 ARDS,NA,NA
sample,GSE212865,GSM6559880,patient 126,Healthy_Control,外周血（全血 RNA）,微阵列（Bulk）,,126,,,,外周血微阵列验证队列（S8 / S9 外部验证 / S46b / Bridge）,canonical,GSE212865_series_matrix.txt.gz (disease state/time),SDRA=COVID-19 相关 ARDS,NA,NA
sample,GSE212865,GSM6559881,patient 128,Healthy_Control,外周血（全血 RNA）,微阵列（Bulk）,,128,,,,外周血微阵列验证队列（S8 / S9 外部验证 / S46b / Bridge）,canonical,GSE212865_series_matrix.txt.gz (disease state/time),SDRA=COVID-19 相关 ARDS,NA,NA
sample,GSE212865,GSM6559882,patient 142,Healthy_Control,外周血（全血 RNA）,微阵列（Bulk）,,142,,,,外周血微阵列验证队列（S8 / S9 外部验证 / S46b / Bridge）,canonical,GSE212865_series_matrix.txt.gz (disease state/time),SDRA=COVID-19 相关 ARDS,NA,NA
sample,GSE212865,GSM6559883,patient 143,Healthy_Control,外周血（全血 RNA）,微阵列（Bulk）,,143,,,,外周血微阵列验证队列（S8 / S9 外部验证 / S46b / Bridge）,canonical,GSE212865_series_matrix.txt.gz (disease state/time),SDRA=COVID-19 相关 ARDS,NA,NA
sample,GSE212865,GSM6559884,patient 148,Healthy_Control,外周血（全血 RNA）,微阵列（Bulk）,,148,,,,外周血微阵列验证队列（S8 / S9 外部验证 / S46b / Bridge）,canonical,GSE212865_series_matrix.txt.gz (disease state/time),SDRA=COVID-19 相关 ARDS,NA,NA
sample,GSE212865,GSM6559885,patient 150,Healthy_Control,外周血（全血 RNA）,微阵列（Bulk）,,150,,,,外周血微阵列验证队列（S8 / S9 外部验证 / S46b / Bridge）,canonical,GSE212865_series_matrix.txt.gz (disease state/time),SDRA=COVID-19 相关 ARDS,NA,NA
sample,GSE212865,GSM6559886,patient 152,Healthy_Control,外周血（全血 RNA）,微阵列（Bulk）,,152,,,,外周血微阵列验证队列（S8 / S9 外部验证 / S46b / Bridge）,canonical,GSE212865_series_matrix.txt.gz (disease state/time),SDRA=COVID-19 相关 ARDS,NA,NA
sample,GSE212865,GSM6559887,patient 153,Healthy_Control,外周血（全血 RNA）,微阵列（Bulk）,,153,,,,外周血微阵列验证队列（S8 / S9 外部验证 / S46b / Bridge）,canonical,GSE212865_series_matrix.txt.gz (disease state/time),SDRA=COVID-19 相关 ARDS,NA,NA
sample,GSE212865,GSM6559888,patient 154,Healthy_Control,外周血（全血 RNA）,微阵列（Bulk）,,154,,,,外周血微阵列验证队列（S8 / S9 外部验证 / S46b / Bridge）,canonical,GSE212865_series_matrix.txt.gz (disease state/time),SDRA=COVID-19 相关 ARDS,NA,NA
sample,GSE212865,GSM6559889,patient 163,Healthy_Control,外周血（全血 RNA）,微阵列（Bulk）,,163,,,,外周血微阵列验证队列（S8 / S9 外部验证 / S46b / Bridge）,canonical,GSE212865_series_matrix.txt.gz (disease state/time),SDRA=COVID-19 相关 ARDS,NA,NA
sample,GSE212865,GSM6559890,patient 164,Healthy_Control,外周血（全血 RNA）,微阵列（Bulk）,,164,,,,外周血微阵列验证队列（S8 / S9 外部验证 / S46b / Bridge）,canonical,GSE212865_series_matrix.txt.gz (disease state/time),SDRA=COVID-19 相关 ARDS,NA,NA
sample,GSE212865,GSM6559891,patient 170,Healthy_Control,外周血（全血 RNA）,微阵列（Bulk）,,170,,,,外周血微阵列验证队列（S8 / S9 外部验证 / S46b / Bridge）,canonical,GSE212865_series_matrix.txt.gz (disease state/time),SDRA=COVID-19 相关 ARDS,NA,NA
sample,GSE212865,GSM6559892,patient 174,Healthy_Control,外周血（全血 RNA）,微阵列（Bulk）,,174,,,,外周血微阵列验证队列（S8 / S9 外部验证 / S46b / Bridge）,canonical,GSE212865_series_matrix.txt.gz (disease state/time),SDRA=COVID-19 相关 ARDS,NA,NA
sample,GSE212865,GSM6559893,patient 181,Healthy_Control,外周血（全血 RNA）,微阵列（Bulk）,,181,,,,外周血微阵列验证队列（S8 / S9 外部验证 / S46b / Bridge）,canonical,GSE212865_series_matrix.txt.gz (disease state/time),SDRA=COVID-19 相关 ARDS,NA,NA
sample,GSE212865,GSM6559894,patient 185,Healthy_Control,外周血（全血 RNA）,微阵列（Bulk）,,185,,,,外周血微阵列验证队列（S8 / S9 外部验证 / S46b / Bridge）,canonical,GSE212865_series_matrix.txt.gz (disease state/time),SDRA=COVID-19 相关 ARDS,NA,NA
sample,GSE212865,GSM6559895,patient 196,Healthy_Control,外周血（全血 RNA）,微阵列（Bulk）,,196,,,,外周血微阵列验证队列（S8 / S9 外部验证 / S46b / Bridge）,canonical,GSE212865_series_matrix.txt.gz (disease state/time),SDRA=COVID-19 相关 ARDS,NA,NA
sample,GSE212865,GSM6559896,patient 201,Healthy_Control,外周血（全血 RNA）,微阵列（Bulk）,,201,,,,外周血微阵列验证队列（S8 / S9 外部验证 / S46b / Bridge）,canonical,GSE212865_series_matrix.txt.gz (disease state/time),SDRA=COVID-19 相关 ARDS,NA,NA
sample,GSE212865,GSM6559897,patient 206,Healthy_Control,外周血（全血 RNA）,微阵列（Bulk）,,206,,,,外周血微阵列验证队列（S8 / S9 外部验证 / S46b / Bridge）,canonical,GSE212865_series_matrix.txt.gz (disease state/time),SDRA=COVID-19 相关 ARDS,NA,NA
sample,GSE212865,GSM6559898,patient 212,Healthy_Control,外周血（全血 RNA）,微阵列（Bulk）,,212,,,,外周血微阵列验证队列（S8 / S9 外部验证 / S46b / Bridge）,canonical,GSE212865_series_matrix.txt.gz (disease state/time),SDRA=COVID-19 相关 ARDS,NA,NA
sample,GSE212865,GSM6559899,patient 216,Healthy_Control,外周血（全血 RNA）,微阵列（Bulk）,,216,,,,外周血微阵列验证队列（S8 / S9 外部验证 / S46b / Bridge）,canonical,GSE212865_series_matrix.txt.gz (disease state/time),SDRA=COVID-19 相关 ARDS,NA,NA
sample,GSE212865,GSM6559900,patient 221,Healthy_Control,外周血（全血 RNA）,微阵列（Bulk）,,221,,,,外周血微阵列验证队列（S8 / S9 外部验证 / S46b / Bridge）,canonical,GSE212865_series_matrix.txt.gz (disease state/time),SDRA=COVID-19 相关 ARDS,NA,NA
sample,GSE212865,GSM6559901,patient 223,Healthy_Control,外周血（全血 RNA）,微阵列（Bulk）,,223,,,,外周血微阵列验证队列（S8 / S9 外部验证 / S46b / Bridge）,canonical,GSE212865_series_matrix.txt.gz (disease state/time),SDRA=COVID-19 相关 ARDS,NA,NA
sample,GSE212865,GSM6559902,patient 233,Healthy_Control,外周血（全血 RNA）,微阵列（Bulk）,,233,,,,外周血微阵列验证队列（S8 / S9 外部验证 / S46b / Bridge）,canonical,GSE212865_series_matrix.txt.gz (disease state/time),SDRA=COVID-19 相关 ARDS,NA,NA
sample,GSE212865,GSM6559903,patient 234,Healthy_Control,外周血（全血 RNA）,微阵列（Bulk）,,234,,,,外周血微阵列验证队列（S8 / S9 外部验证 / S46b / Bridge）,canonical,GSE212865_series_matrix.txt.gz (disease state/time),SDRA=COVID-19 相关 ARDS,NA,NA
sample,GSE212865,GSM6559904,patient 244,Healthy_Control,外周血（全血 RNA）,微阵列（Bulk）,,244,,,,外周血微阵列验证队列（S8 / S9 外部验证 / S46b / Bridge）,canonical,GSE212865_series_matrix.txt.gz (disease state/time),SDRA=COVID-19 相关 ARDS,NA,NA
sample,GSE212865,GSM6559905,patient 271,Healthy_Control,外周血（全血 RNA）,微阵列（Bulk）,,271,,,,外周血微阵列验证队列（S8 / S9 外部验证 / S46b / Bridge）,canonical,GSE212865_series_matrix.txt.gz (disease state/time),SDRA=COVID-19 相关 ARDS,NA,NA
sample,GSE212865,GSM6559906,patient 295,Healthy_Control,外周血（全血 RNA）,微阵列（Bulk）,,295,,,,外周血微阵列验证队列（S8 / S9 外部验证 / S46b / Bridge）,canonical,GSE212865_series_matrix.txt.gz (disease state/time),SDRA=COVID-19 相关 ARDS,NA,NA
sample,GSE212865,GSM6559907,patient 1_D0,COVID19,外周血（全血 RNA）,微阵列（Bulk）,D0,1,,,,外周血微阵列验证队列（S8 / S9 外部验证 / S46b / Bridge）,canonical,GSE212865_series_matrix.txt.gz (disease state/time),SDRA=COVID-19 相关 ARDS,NA,NA
sample,GSE212865,GSM6559908,patient 100_D7,COVID19,外周血（全血 RNA）,微阵列（Bulk）,D7,100,,,,外周血微阵列验证队列（S8 / S9 外部验证 / S46b / Bridge）,canonical,GSE212865_series_matrix.txt.gz (disease state/time),SDRA=COVID-19 相关 ARDS,NA,NA
sample,GSE212865,GSM6559909,patient 12_D0,COVID19_SDRA,外周血（全血 RNA）,微阵列（Bulk）,D0,12,,,,外周血微阵列验证队列（S8 / S9 外部验证 / S46b / Bridge）,canonical,GSE212865_series_matrix.txt.gz (disease state/time),SDRA=COVID-19 相关 ARDS,NA,NA
sample,GSE212865,GSM6559910,patient 1304_D0,COVID19,外周血（全血 RNA）,微阵列（Bulk）,D0,1304,,,,外周血微阵列验证队列（S8 / S9 外部验证 / S46b / Bridge）,canonical,GSE212865_series_matrix.txt.gz (disease state/time),SDRA=COVID-19 相关 ARDS；患者编号 1304 共 2 个样本（时点 D0/D7）,NA,NA
sample,GSE212865,GSM6559911,patient 1304_D7,COVID19,外周血（全血 RNA）,微阵列（Bulk）,D7,1304,,,,外周血微阵列验证队列（S8 / S9 外部验证 / S46b / Bridge）,canonical,GSE212865_series_matrix.txt.gz (disease state/time),SDRA=COVID-19 相关 ARDS；患者编号 1304 共 2 个样本（时点 D0/D7）,NA,NA
sample,GSE212865,GSM6559912,patient 1306_D0,COVID19_SDRA,外周血（全血 RNA）,微阵列（Bulk）,D0,1306,,,,外周血微阵列验证队列（S8 / S9 外部验证 / S46b / Bridge）,canonical,GSE212865_series_matrix.txt.gz (disease state/time),SDRA=COVID-19 相关 ARDS；患者编号 1306 共 2 个样本（时点 D0/D7）,NA,NA
sample,GSE212865,GSM6559913,patient 1306_D7,COVID19_SDRA,外周血（全血 RNA）,微阵列（Bulk）,D7,1306,,,,外周血微阵列验证队列（S8 / S9 外部验证 / S46b / Bridge）,canonical,GSE212865_series_matrix.txt.gz (disease state/time),SDRA=COVID-19 相关 ARDS；患者编号 1306 共 2 个样本（时点 D0/D7）,NA,NA
sample,GSE212865,GSM6559914,patient 1307_D0,COVID19,外周血（全血 RNA）,微阵列（Bulk）,D0,1307,,,,外周血微阵列验证队列（S8 / S9 外部验证 / S46b / Bridge）,canonical,GSE212865_series_matrix.txt.gz (disease state/time),SDRA=COVID-19 相关 ARDS,NA,NA
sample,GSE212865,GSM6559915,patient 1315_D0,COVID19,外周血（全血 RNA）,微阵列（Bulk）,D0,1315,,,,外周血微阵列验证队列（S8 / S9 外部验证 / S46b / Bridge）,canonical,GSE212865_series_matrix.txt.gz (disease state/time),SDRA=COVID-19 相关 ARDS；患者编号 1315 共 2 个样本（时点 D0/D7）,NA,NA
sample,GSE212865,GSM6559916,patient 1315_D7,COVID19,外周血（全血 RNA）,微阵列（Bulk）,D7,1315,,,,外周血微阵列验证队列（S8 / S9 外部验证 / S46b / Bridge）,canonical,GSE212865_series_matrix.txt.gz (disease state/time),SDRA=COVID-19 相关 ARDS；患者编号 1315 共 2 个样本（时点 D0/D7）,NA,NA
sample,GSE212865,GSM6559917,patient 1317_D0,COVID19,外周血（全血 RNA）,微阵列（Bulk）,D0,1317,,,,外周血微阵列验证队列（S8 / S9 外部验证 / S46b / Bridge）,canonical,GSE212865_series_matrix.txt.gz (disease state/time),SDRA=COVID-19 相关 ARDS；患者编号 1317 共 2 个样本（时点 D0/D7）,NA,NA
sample,GSE212865,GSM6559918,patient 1317_D7,COVID19,外周血（全血 RNA）,微阵列（Bulk）,D7,1317,,,,外周血微阵列验证队列（S8 / S9 外部验证 / S46b / Bridge）,canonical,GSE212865_series_matrix.txt.gz (disease state/time),SDRA=COVID-19 相关 ARDS；患者编号 1317 共 2 个样本（时点 D0/D7）,NA,NA
sample,GSE212865,GSM6559919,patient 1320_D0,COVID19_SDRA,外周血（全血 RNA）,微阵列（Bulk）,D0,1320,,,,外周血微阵列验证队列（S8 / S9 外部验证 / S46b / Bridge）,canonical,GSE212865_series_matrix.txt.gz (disease state/time),SDRA=COVID-19 相关 ARDS；患者编号 1320 共 2 个样本（时点 D0/D7）,NA,NA
sample,GSE212865,GSM6559920,patient 1320_D7,COVID19_SDRA,外周血（全血 RNA）,微阵列（Bulk）,D7,1320,,,,外周血微阵列验证队列（S8 / S9 外部验证 / S46b / Bridge）,canonical,GSE212865_series_matrix.txt.gz (disease state/time),SDRA=COVID-19 相关 ARDS；患者编号 1320 共 2 个样本（时点 D0/D7）,NA,NA
sample,GSE212865,GSM6559921,patient 14_D0,COVID19_SDRA,外周血（全血 RNA）,微阵列（Bulk）,D0,14,,,,外周血微阵列验证队列（S8 / S9 外部验证 / S46b / Bridge）,canonical,GSE212865_series_matrix.txt.gz (disease state/time),SDRA=COVID-19 相关 ARDS；患者编号 14 共 2 个样本（时点 D0/D7）,NA,NA
sample,GSE212865,GSM6559922,patient 14_D7,COVID19_SDRA,外周血（全血 RNA）,微阵列（Bulk）,D7,14,,,,外周血微阵列验证队列（S8 / S9 外部验证 / S46b / Bridge）,canonical,GSE212865_series_matrix.txt.gz (disease state/time),SDRA=COVID-19 相关 ARDS；患者编号 14 共 2 个样本（时点 D0/D7）,NA,NA
sample,GSE212865,GSM6559923,patient 15_D0,COVID19,外周血（全血 RNA）,微阵列（Bulk）,D0,15,,,,外周血微阵列验证队列（S8 / S9 外部验证 / S46b / Bridge）,canonical,GSE212865_series_matrix.txt.gz (disease state/time),SDRA=COVID-19 相关 ARDS；患者编号 15 共 2 个样本（时点 D0/D7）,NA,NA
sample,GSE212865,GSM6559924,patient 15_D7,COVID19,外周血（全血 RNA）,微阵列（Bulk）,D7,15,,,,外周血微阵列验证队列（S8 / S9 外部验证 / S46b / Bridge）,canonical,GSE212865_series_matrix.txt.gz (disease state/time),SDRA=COVID-19 相关 ARDS；患者编号 15 共 2 个样本（时点 D0/D7）,NA,NA
sample,GSE212865,GSM6559925,patient 16_D0,COVID19,外周血（全血 RNA）,微阵列（Bulk）,D0,16,,,,外周血微阵列验证队列（S8 / S9 外部验证 / S46b / Bridge）,canonical,GSE212865_series_matrix.txt.gz (disease state/time),SDRA=COVID-19 相关 ARDS,NA,NA
sample,GSE212865,GSM6559926,patient 17_D0,COVID19,外周血（全血 RNA）,微阵列（Bulk）,D0,17,,,,外周血微阵列验证队列（S8 / S9 外部验证 / S46b / Bridge）,canonical,GSE212865_series_matrix.txt.gz (disease state/time),SDRA=COVID-19 相关 ARDS,NA,NA
sample,GSE212865,GSM6559927,patient 18_D0,COVID19,外周血（全血 RNA）,微阵列（Bulk）,D0,18,,,,外周血微阵列验证队列（S8 / S9 外部验证 / S46b / Bridge）,canonical,GSE212865_series_matrix.txt.gz (disease state/time),SDRA=COVID-19 相关 ARDS；患者编号 18 共 3 个样本（时点 NA/D0/D7，**跨疾病组（对照↔疾病）——判定为编号撞号（对照与患者为两套独立去标识化编号空间：原文仅招募 60 例住院COVID 患者、51 例对照未在原文任何处出现；对照 GSM 连续成块且无时点标注；2026-08-16 经 GEO series 摘要+原文 PMC10216228 核验）**）,NA,NA
sample,GSE212865,GSM6559928,patient 18_D7,COVID19,外周血（全血 RNA）,微阵列（Bulk）,D7,18,,,,外周血微阵列验证队列（S8 / S9 外部验证 / S46b / Bridge）,canonical,GSE212865_series_matrix.txt.gz (disease state/time),SDRA=COVID-19 相关 ARDS；患者编号 18 共 3 个样本（时点 NA/D0/D7，**跨疾病组（对照↔疾病）——判定为编号撞号（对照与患者为两套独立去标识化编号空间：原文仅招募 60 例住院COVID 患者、51 例对照未在原文任何处出现；对照 GSM 连续成块且无时点标注；2026-08-16 经 GEO series 摘要+原文 PMC10216228 核验）**）,NA,NA
sample,GSE212865,GSM6559929,patient 20_D0,COVID19,外周血（全血 RNA）,微阵列（Bulk）,D0,20,,,,外周血微阵列验证队列（S8 / S9 外部验证 / S46b / Bridge）,canonical,GSE212865_series_matrix.txt.gz (disease state/time),SDRA=COVID-19 相关 ARDS,NA,NA
sample,GSE212865,GSM6559930,patient 21_D0,COVID19,外周血（全血 RNA）,微阵列（Bulk）,D0,21,,,,外周血微阵列验证队列（S8 / S9 外部验证 / S46b / Bridge）,canonical,GSE212865_series_matrix.txt.gz (disease state/time),SDRA=COVID-19 相关 ARDS；患者编号 21 共 2 个样本（时点 D0/D7）,NA,NA
sample,GSE212865,GSM6559931,patient 21_D7,COVID19,外周血（全血 RNA）,微阵列（Bulk）,D7,21,,,,外周血微阵列验证队列（S8 / S9 外部验证 / S46b / Bridge）,canonical,GSE212865_series_matrix.txt.gz (disease state/time),SDRA=COVID-19 相关 ARDS；患者编号 21 共 2 个样本（时点 D0/D7）,NA,NA
sample,GSE212865,GSM6559932,patient 22_D0,COVID19,外周血（全血 RNA）,微阵列（Bulk）,D0,22,,,,外周血微阵列验证队列（S8 / S9 外部验证 / S46b / Bridge）,canonical,GSE212865_series_matrix.txt.gz (disease state/time),SDRA=COVID-19 相关 ARDS；患者编号 22 共 2 个样本（时点 D0/D7）,NA,NA
sample,GSE212865,GSM6559933,patient 22_D7,COVID19,外周血（全血 RNA）,微阵列（Bulk）,D7,22,,,,外周血微阵列验证队列（S8 / S9 外部验证 / S46b / Bridge）,canonical,GSE212865_series_matrix.txt.gz (disease state/time),SDRA=COVID-19 相关 ARDS；患者编号 22 共 2 个样本（时点 D0/D7）,NA,NA
sample,GSE212865,GSM6559934,patient 23_D0,COVID19,外周血（全血 RNA）,微阵列（Bulk）,D0,23,,,,外周血微阵列验证队列（S8 / S9 外部验证 / S46b / Bridge）,canonical,GSE212865_series_matrix.txt.gz (disease state/time),SDRA=COVID-19 相关 ARDS,NA,NA
sample,GSE212865,GSM6559935,patient 24_D0,COVID19,外周血（全血 RNA）,微阵列（Bulk）,D0,24,,,,外周血微阵列验证队列（S8 / S9 外部验证 / S46b / Bridge）,canonical,GSE212865_series_matrix.txt.gz (disease state/time),SDRA=COVID-19 相关 ARDS,NA,NA
sample,GSE212865,GSM6559936,patient 25_D0,COVID19_SDRA,外周血（全血 RNA）,微阵列（Bulk）,D0,25,,,,外周血微阵列验证队列（S8 / S9 外部验证 / S46b / Bridge）,canonical,GSE212865_series_matrix.txt.gz (disease state/time),SDRA=COVID-19 相关 ARDS；患者编号 25 共 2 个样本（时点 D0/D7）,NA,NA
sample,GSE212865,GSM6559937,patient 25_D7,COVID19_SDRA,外周血（全血 RNA）,微阵列（Bulk）,D7,25,,,,外周血微阵列验证队列（S8 / S9 外部验证 / S46b / Bridge）,canonical,GSE212865_series_matrix.txt.gz (disease state/time),SDRA=COVID-19 相关 ARDS；患者编号 25 共 2 个样本（时点 D0/D7）,NA,NA
sample,GSE212865,GSM6559938,patient 26_D0,COVID19,外周血（全血 RNA）,微阵列（Bulk）,D0,26,,,,外周血微阵列验证队列（S8 / S9 外部验证 / S46b / Bridge）,canonical,GSE212865_series_matrix.txt.gz (disease state/time),SDRA=COVID-19 相关 ARDS；患者编号 26 共 3 个样本（时点 NA/D0/D7，**跨疾病组（对照↔疾病）——判定为编号撞号（对照与患者为两套独立去标识化编号空间：原文仅招募 60 例住院COVID 患者、51 例对照未在原文任何处出现；对照 GSM 连续成块且无时点标注；2026-08-16 经 GEO series 摘要+原文 PMC10216228 核验）**）,NA,NA
sample,GSE212865,GSM6559939,patient 26_D7,COVID19,外周血（全血 RNA）,微阵列（Bulk）,D7,26,,,,外周血微阵列验证队列（S8 / S9 外部验证 / S46b / Bridge）,canonical,GSE212865_series_matrix.txt.gz (disease state/time),SDRA=COVID-19 相关 ARDS；患者编号 26 共 3 个样本（时点 NA/D0/D7，**跨疾病组（对照↔疾病）——判定为编号撞号（对照与患者为两套独立去标识化编号空间：原文仅招募 60 例住院COVID 患者、51 例对照未在原文任何处出现；对照 GSM 连续成块且无时点标注；2026-08-16 经 GEO series 摘要+原文 PMC10216228 核验）**）,NA,NA
sample,GSE212865,GSM6559940,patient 28_D0,COVID19_SDRA,外周血（全血 RNA）,微阵列（Bulk）,D0,28,,,,外周血微阵列验证队列（S8 / S9 外部验证 / S46b / Bridge）,canonical,GSE212865_series_matrix.txt.gz (disease state/time),SDRA=COVID-19 相关 ARDS；患者编号 28 共 2 个样本（时点 D0/D7）,NA,NA
sample,GSE212865,GSM6559941,patient 28_D7,COVID19_SDRA,外周血（全血 RNA）,微阵列（Bulk）,D7,28,,,,外周血微阵列验证队列（S8 / S9 外部验证 / S46b / Bridge）,canonical,GSE212865_series_matrix.txt.gz (disease state/time),SDRA=COVID-19 相关 ARDS；患者编号 28 共 2 个样本（时点 D0/D7）,NA,NA
sample,GSE212865,GSM6559942,patient 29_D0,COVID19,外周血（全血 RNA）,微阵列（Bulk）,D0,29,,,,外周血微阵列验证队列（S8 / S9 外部验证 / S46b / Bridge）,canonical,GSE212865_series_matrix.txt.gz (disease state/time),SDRA=COVID-19 相关 ARDS；患者编号 29 共 2 个样本（时点 D0/D7）,NA,NA
sample,GSE212865,GSM6559943,patient 29_D7,COVID19,外周血（全血 RNA）,微阵列（Bulk）,D7,29,,,,外周血微阵列验证队列（S8 / S9 外部验证 / S46b / Bridge）,canonical,GSE212865_series_matrix.txt.gz (disease state/time),SDRA=COVID-19 相关 ARDS；患者编号 29 共 2 个样本（时点 D0/D7）,NA,NA
sample,GSE212865,GSM6559944,patient 30_D0,COVID19_SDRA,外周血（全血 RNA）,微阵列（Bulk）,D0,30,,,,外周血微阵列验证队列（S8 / S9 外部验证 / S46b / Bridge）,canonical,GSE212865_series_matrix.txt.gz (disease state/time),SDRA=COVID-19 相关 ARDS；患者编号 30 共 2 个样本（时点 D0/D7）,NA,NA
sample,GSE212865,GSM6559945,patient 30_D7,COVID19_SDRA,外周血（全血 RNA）,微阵列（Bulk）,D7,30,,,,外周血微阵列验证队列（S8 / S9 外部验证 / S46b / Bridge）,canonical,GSE212865_series_matrix.txt.gz (disease state/time),SDRA=COVID-19 相关 ARDS；患者编号 30 共 2 个样本（时点 D0/D7）,NA,NA
sample,GSE212865,GSM6559946,patient 34_D0,COVID19,外周血（全血 RNA）,微阵列（Bulk）,D0,34,,,,外周血微阵列验证队列（S8 / S9 外部验证 / S46b / Bridge）,canonical,GSE212865_series_matrix.txt.gz (disease state/time),SDRA=COVID-19 相关 ARDS；患者编号 34 共 2 个样本（时点 D0/D7）,NA,NA
sample,GSE212865,GSM6559947,patient 34_D7,COVID19,外周血（全血 RNA）,微阵列（Bulk）,D7,34,,,,外周血微阵列验证队列（S8 / S9 外部验证 / S46b / Bridge）,canonical,GSE212865_series_matrix.txt.gz (disease state/time),SDRA=COVID-19 相关 ARDS；患者编号 34 共 2 个样本（时点 D0/D7）,NA,NA
sample,GSE212865,GSM6559948,patient 36_D0,COVID19,外周血（全血 RNA）,微阵列（Bulk）,D0,36,,,,外周血微阵列验证队列（S8 / S9 外部验证 / S46b / Bridge）,canonical,GSE212865_series_matrix.txt.gz (disease state/time),SDRA=COVID-19 相关 ARDS；患者编号 36 共 2 个样本（时点 D0/D7）,NA,NA
sample,GSE212865,GSM6559949,patient 36_D7,COVID19,外周血（全血 RNA）,微阵列（Bulk）,D7,36,,,,外周血微阵列验证队列（S8 / S9 外部验证 / S46b / Bridge）,canonical,GSE212865_series_matrix.txt.gz (disease state/time),SDRA=COVID-19 相关 ARDS；患者编号 36 共 2 个样本（时点 D0/D7）,NA,NA
sample,GSE212865,GSM6559950,patient 41_D0,COVID19,外周血（全血 RNA）,微阵列（Bulk）,D0,41,,,,外周血微阵列验证队列（S8 / S9 外部验证 / S46b / Bridge）,canonical,GSE212865_series_matrix.txt.gz (disease state/time),SDRA=COVID-19 相关 ARDS；患者编号 41 共 2 个样本（时点 D0/D7）,NA,NA
sample,GSE212865,GSM6559951,patient 41_D7,COVID19,外周血（全血 RNA）,微阵列（Bulk）,D7,41,,,,外周血微阵列验证队列（S8 / S9 外部验证 / S46b / Bridge）,canonical,GSE212865_series_matrix.txt.gz (disease state/time),SDRA=COVID-19 相关 ARDS；患者编号 41 共 2 个样本（时点 D0/D7）,NA,NA
sample,GSE212865,GSM6559952,patient 42_D0,COVID19_SDRA,外周血（全血 RNA）,微阵列（Bulk）,D0,42,,,,外周血微阵列验证队列（S8 / S9 外部验证 / S46b / Bridge）,canonical,GSE212865_series_matrix.txt.gz (disease state/time),SDRA=COVID-19 相关 ARDS,NA,NA
sample,GSE212865,GSM6559953,patient 46_D0,COVID19_SDRA,外周血（全血 RNA）,微阵列（Bulk）,D0,46,,,,外周血微阵列验证队列（S8 / S9 外部验证 / S46b / Bridge）,canonical,GSE212865_series_matrix.txt.gz (disease state/time),SDRA=COVID-19 相关 ARDS；患者编号 46 共 2 个样本（时点 D0/D7）,NA,NA
sample,GSE212865,GSM6559954,patient 46_D7,COVID19_SDRA,外周血（全血 RNA）,微阵列（Bulk）,D7,46,,,,外周血微阵列验证队列（S8 / S9 外部验证 / S46b / Bridge）,canonical,GSE212865_series_matrix.txt.gz (disease state/time),SDRA=COVID-19 相关 ARDS；患者编号 46 共 2 个样本（时点 D0/D7）,NA,NA
sample,GSE212865,GSM6559955,patient 47_D0,COVID19_SDRA,外周血（全血 RNA）,微阵列（Bulk）,D0,47,,,,外周血微阵列验证队列（S8 / S9 外部验证 / S46b / Bridge）,canonical,GSE212865_series_matrix.txt.gz (disease state/time),SDRA=COVID-19 相关 ARDS；患者编号 47 共 2 个样本（时点 D0/D7）,NA,NA
sample,GSE212865,GSM6559956,patient 47_D7,COVID19_SDRA,外周血（全血 RNA）,微阵列（Bulk）,D7,47,,,,外周血微阵列验证队列（S8 / S9 外部验证 / S46b / Bridge）,canonical,GSE212865_series_matrix.txt.gz (disease state/time),SDRA=COVID-19 相关 ARDS；患者编号 47 共 2 个样本（时点 D0/D7）,NA,NA
sample,GSE212865,GSM6559957,patient 5_D0,COVID19_SDRA,外周血（全血 RNA）,微阵列（Bulk）,D0,5,,,,外周血微阵列验证队列（S8 / S9 外部验证 / S46b / Bridge）,canonical,GSE212865_series_matrix.txt.gz (disease state/time),SDRA=COVID-19 相关 ARDS；患者编号 5 共 3 个样本（时点 NA/D0/D7，**跨疾病组（对照↔疾病）——判定为编号撞号（对照与患者为两套独立去标识化编号空间：原文仅招募 60 例住院COVID 患者、51 例对照未在原文任何处出现；对照 GSM 连续成块且无时点标注；2026-08-16 经 GEO series 摘要+原文 PMC10216228 核验）**）,NA,NA
sample,GSE212865,GSM6559958,patient 5_D7,COVID19_SDRA,外周血（全血 RNA）,微阵列（Bulk）,D7,5,,,,外周血微阵列验证队列（S8 / S9 外部验证 / S46b / Bridge）,canonical,GSE212865_series_matrix.txt.gz (disease state/time),SDRA=COVID-19 相关 ARDS；患者编号 5 共 3 个样本（时点 NA/D0/D7，**跨疾病组（对照↔疾病）——判定为编号撞号（对照与患者为两套独立去标识化编号空间：原文仅招募 60 例住院COVID 患者、51 例对照未在原文任何处出现；对照 GSM 连续成块且无时点标注；2026-08-16 经 GEO series 摘要+原文 PMC10216228 核验）**）,NA,NA
sample,GSE212865,GSM6559959,patient 56_D0,COVID19,外周血（全血 RNA）,微阵列（Bulk）,D0,56,,,,外周血微阵列验证队列（S8 / S9 外部验证 / S46b / Bridge）,canonical,GSE212865_series_matrix.txt.gz (disease state/time),SDRA=COVID-19 相关 ARDS；患者编号 56 共 2 个样本（时点 D0/D7）,NA,NA
sample,GSE212865,GSM6559960,patient 56_D7,COVID19,外周血（全血 RNA）,微阵列（Bulk）,D7,56,,,,外周血微阵列验证队列（S8 / S9 外部验证 / S46b / Bridge）,canonical,GSE212865_series_matrix.txt.gz (disease state/time),SDRA=COVID-19 相关 ARDS；患者编号 56 共 2 个样本（时点 D0/D7）,NA,NA
sample,GSE212865,GSM6559961,patient 57_D0,COVID19,外周血（全血 RNA）,微阵列（Bulk）,D0,57,,,,外周血微阵列验证队列（S8 / S9 外部验证 / S46b / Bridge）,canonical,GSE212865_series_matrix.txt.gz (disease state/time),SDRA=COVID-19 相关 ARDS；患者编号 57 共 2 个样本（时点 D0/D7）,NA,NA
sample,GSE212865,GSM6559962,patient 57_D7,COVID19,外周血（全血 RNA）,微阵列（Bulk）,D7,57,,,,外周血微阵列验证队列（S8 / S9 外部验证 / S46b / Bridge）,canonical,GSE212865_series_matrix.txt.gz (disease state/time),SDRA=COVID-19 相关 ARDS；患者编号 57 共 2 个样本（时点 D0/D7）,NA,NA
sample,GSE212865,GSM6559963,patient 58_D0,COVID19_SDRA,外周血（全血 RNA）,微阵列（Bulk）,D0,58,,,,外周血微阵列验证队列（S8 / S9 外部验证 / S46b / Bridge）,canonical,GSE212865_series_matrix.txt.gz (disease state/time),SDRA=COVID-19 相关 ARDS；患者编号 58 共 2 个样本（时点 D0/D7）,NA,NA
sample,GSE212865,GSM6559964,patient 58_D7,COVID19_SDRA,外周血（全血 RNA）,微阵列（Bulk）,D7,58,,,,外周血微阵列验证队列（S8 / S9 外部验证 / S46b / Bridge）,canonical,GSE212865_series_matrix.txt.gz (disease state/time),SDRA=COVID-19 相关 ARDS；患者编号 58 共 2 个样本（时点 D0/D7）,NA,NA
sample,GSE212865,GSM6559965,patient 6_D0,COVID19_SDRA,外周血（全血 RNA）,微阵列（Bulk）,D0,6,,,,外周血微阵列验证队列（S8 / S9 外部验证 / S46b / Bridge）,canonical,GSE212865_series_matrix.txt.gz (disease state/time),SDRA=COVID-19 相关 ARDS；患者编号 6 共 2 个样本（时点 D0/D7）,NA,NA
sample,GSE212865,GSM6559966,patient 6_D7,COVID19_SDRA,外周血（全血 RNA）,微阵列（Bulk）,D7,6,,,,外周血微阵列验证队列（S8 / S9 外部验证 / S46b / Bridge）,canonical,GSE212865_series_matrix.txt.gz (disease state/time),SDRA=COVID-19 相关 ARDS；患者编号 6 共 2 个样本（时点 D0/D7）,NA,NA
sample,GSE212865,GSM6559967,patient 63_D0,COVID19,外周血（全血 RNA）,微阵列（Bulk）,D0,63,,,,外周血微阵列验证队列（S8 / S9 外部验证 / S46b / Bridge）,canonical,GSE212865_series_matrix.txt.gz (disease state/time),SDRA=COVID-19 相关 ARDS；患者编号 63 共 2 个样本（时点 D0/D7）,NA,NA
sample,GSE212865,GSM6559968,patient 63_D7,COVID19,外周血（全血 RNA）,微阵列（Bulk）,D7,63,,,,外周血微阵列验证队列（S8 / S9 外部验证 / S46b / Bridge）,canonical,GSE212865_series_matrix.txt.gz (disease state/time),SDRA=COVID-19 相关 ARDS；患者编号 63 共 2 个样本（时点 D0/D7）,NA,NA
sample,GSE212865,GSM6559969,patient 66_D0,COVID19,外周血（全血 RNA）,微阵列（Bulk）,D0,66,,,,外周血微阵列验证队列（S8 / S9 外部验证 / S46b / Bridge）,canonical,GSE212865_series_matrix.txt.gz (disease state/time),SDRA=COVID-19 相关 ARDS；患者编号 66 共 2 个样本（时点 NA/D0，**跨疾病组（对照↔疾病）——判定为编号撞号（对照与患者为两套独立去标识化编号空间：原文仅招募 60 例住院COVID 患者、51 例对照未在原文任何处出现；对照 GSM 连续成块且无时点标注；2026-08-16 经 GEO series 摘要+原文 PMC10216228 核验）**）,NA,NA
sample,GSE212865,GSM6559970,patient 67_D0,COVID19,外周血（全血 RNA）,微阵列（Bulk）,D0,67,,,,外周血微阵列验证队列（S8 / S9 外部验证 / S46b / Bridge）,canonical,GSE212865_series_matrix.txt.gz (disease state/time),SDRA=COVID-19 相关 ARDS,NA,NA
sample,GSE212865,GSM6559971,patient 68_D0,COVID19_SDRA,外周血（全血 RNA）,微阵列（Bulk）,D0,68,,,,外周血微阵列验证队列（S8 / S9 外部验证 / S46b / Bridge）,canonical,GSE212865_series_matrix.txt.gz (disease state/time),SDRA=COVID-19 相关 ARDS；患者编号 68 共 2 个样本（时点 D0/D7）,NA,NA
sample,GSE212865,GSM6559972,patient 68_D7,COVID19_SDRA,外周血（全血 RNA）,微阵列（Bulk）,D7,68,,,,外周血微阵列验证队列（S8 / S9 外部验证 / S46b / Bridge）,canonical,GSE212865_series_matrix.txt.gz (disease state/time),SDRA=COVID-19 相关 ARDS；患者编号 68 共 2 个样本（时点 D0/D7）,NA,NA
sample,GSE212865,GSM6559973,patient 69_D0,COVID19,外周血（全血 RNA）,微阵列（Bulk）,D0,69,,,,外周血微阵列验证队列（S8 / S9 外部验证 / S46b / Bridge）,canonical,GSE212865_series_matrix.txt.gz (disease state/time),SDRA=COVID-19 相关 ARDS；患者编号 69 共 2 个样本（时点 D0/D7）,NA,NA
sample,GSE212865,GSM6559974,patient 69_D7,COVID19,外周血（全血 RNA）,微阵列（Bulk）,D7,69,,,,外周血微阵列验证队列（S8 / S9 外部验证 / S46b / Bridge）,canonical,GSE212865_series_matrix.txt.gz (disease state/time),SDRA=COVID-19 相关 ARDS；患者编号 69 共 2 个样本（时点 D0/D7）,NA,NA
sample,GSE212865,GSM6559975,patient 7_D0,COVID19,外周血（全血 RNA）,微阵列（Bulk）,D0,7,,,,外周血微阵列验证队列（S8 / S9 外部验证 / S46b / Bridge）,canonical,GSE212865_series_matrix.txt.gz (disease state/time),SDRA=COVID-19 相关 ARDS；患者编号 7 共 2 个样本（时点 D0/D7）,NA,NA
sample,GSE212865,GSM6559976,patient 7_D7,COVID19,外周血（全血 RNA）,微阵列（Bulk）,D7,7,,,,外周血微阵列验证队列（S8 / S9 外部验证 / S46b / Bridge）,canonical,GSE212865_series_matrix.txt.gz (disease state/time),SDRA=COVID-19 相关 ARDS；患者编号 7 共 2 个样本（时点 D0/D7）,NA,NA
sample,GSE212865,GSM6559977,patient 70_D0,COVID19_SDRA,外周血（全血 RNA）,微阵列（Bulk）,D0,70,,,,外周血微阵列验证队列（S8 / S9 外部验证 / S46b / Bridge）,canonical,GSE212865_series_matrix.txt.gz (disease state/time),SDRA=COVID-19 相关 ARDS；患者编号 70 共 2 个样本（时点 D0/D7）,NA,NA
sample,GSE212865,GSM6559978,patient 70_D7,COVID19_SDRA,外周血（全血 RNA）,微阵列（Bulk）,D7,70,,,,外周血微阵列验证队列（S8 / S9 外部验证 / S46b / Bridge）,canonical,GSE212865_series_matrix.txt.gz (disease state/time),SDRA=COVID-19 相关 ARDS；患者编号 70 共 2 个样本（时点 D0/D7）,NA,NA
sample,GSE212865,GSM6559979,patient 71_D0,COVID19_SDRA,外周血（全血 RNA）,微阵列（Bulk）,D0,71,,,,外周血微阵列验证队列（S8 / S9 外部验证 / S46b / Bridge）,canonical,GSE212865_series_matrix.txt.gz (disease state/time),SDRA=COVID-19 相关 ARDS；患者编号 71 共 2 个样本（时点 D0/D7）,NA,NA
sample,GSE212865,GSM6559980,patient 71_D7,COVID19_SDRA,外周血（全血 RNA）,微阵列（Bulk）,D7,71,,,,外周血微阵列验证队列（S8 / S9 外部验证 / S46b / Bridge）,canonical,GSE212865_series_matrix.txt.gz (disease state/time),SDRA=COVID-19 相关 ARDS；患者编号 71 共 2 个样本（时点 D0/D7）,NA,NA
sample,GSE212865,GSM6559981,patient 74_D0,COVID19,外周血（全血 RNA）,微阵列（Bulk）,D0,74,,,,外周血微阵列验证队列（S8 / S9 外部验证 / S46b / Bridge）,canonical,GSE212865_series_matrix.txt.gz (disease state/time),SDRA=COVID-19 相关 ARDS,NA,NA
sample,GSE212865,GSM6559982,patient 80_D0,COVID19_SDRA,外周血（全血 RNA）,微阵列（Bulk）,D0,80,,,,外周血微阵列验证队列（S8 / S9 外部验证 / S46b / Bridge）,canonical,GSE212865_series_matrix.txt.gz (disease state/time),SDRA=COVID-19 相关 ARDS；患者编号 80 共 2 个样本（时点 NA/D0，**跨疾病组（对照↔疾病）——判定为编号撞号（对照与患者为两套独立去标识化编号空间：原文仅招募 60 例住院COVID 患者、51 例对照未在原文任何处出现；对照 GSM 连续成块且无时点标注；2026-08-16 经 GEO series 摘要+原文 PMC10216228 核验）**）,NA,NA
sample,GSE212865,GSM6559983,patient 85_D0,COVID19,外周血（全血 RNA）,微阵列（Bulk）,D0,85,,,,外周血微阵列验证队列（S8 / S9 外部验证 / S46b / Bridge）,canonical,GSE212865_series_matrix.txt.gz (disease state/time),SDRA=COVID-19 相关 ARDS；患者编号 85 共 3 个样本（时点 NA/D0/D7，**跨疾病组（对照↔疾病）——判定为编号撞号（对照与患者为两套独立去标识化编号空间：原文仅招募 60 例住院COVID 患者、51 例对照未在原文任何处出现；对照 GSM 连续成块且无时点标注；2026-08-16 经 GEO series 摘要+原文 PMC10216228 核验）**）,NA,NA
sample,GSE212865,GSM6559984,patient 85_D7,COVID19,外周血（全血 RNA）,微阵列（Bulk）,D7,85,,,,外周血微阵列验证队列（S8 / S9 外部验证 / S46b / Bridge）,canonical,GSE212865_series_matrix.txt.gz (disease state/time),SDRA=COVID-19 相关 ARDS；患者编号 85 共 3 个样本（时点 NA/D0/D7，**跨疾病组（对照↔疾病）——判定为编号撞号（对照与患者为两套独立去标识化编号空间：原文仅招募 60 例住院COVID 患者、51 例对照未在原文任何处出现；对照 GSM 连续成块且无时点标注；2026-08-16 经 GEO series 摘要+原文 PMC10216228 核验）**）,NA,NA
sample,GSE212865,GSM6559985,patient 89_D0,COVID19_SDRA,外周血（全血 RNA）,微阵列（Bulk）,D0,89,,,,外周血微阵列验证队列（S8 / S9 外部验证 / S46b / Bridge）,canonical,GSE212865_series_matrix.txt.gz (disease state/time),SDRA=COVID-19 相关 ARDS；患者编号 89 共 2 个样本（时点 D0/D7）,NA,NA
sample,GSE212865,GSM6559986,patient 89_D7,COVID19_SDRA,外周血（全血 RNA）,微阵列（Bulk）,D7,89,,,,外周血微阵列验证队列（S8 / S9 外部验证 / S46b / Bridge）,canonical,GSE212865_series_matrix.txt.gz (disease state/time),SDRA=COVID-19 相关 ARDS；患者编号 89 共 2 个样本（时点 D0/D7）,NA,NA
sample,GSE212865,GSM6559987,patient 9_D0,COVID19_SDRA,外周血（全血 RNA）,微阵列（Bulk）,D0,9,,,,外周血微阵列验证队列（S8 / S9 外部验证 / S46b / Bridge）,canonical,GSE212865_series_matrix.txt.gz (disease state/time),SDRA=COVID-19 相关 ARDS,NA,NA
sample,GSE212865,GSM6559988,patient 90_D0,COVID19,外周血（全血 RNA）,微阵列（Bulk）,D0,90,,,,外周血微阵列验证队列（S8 / S9 外部验证 / S46b / Bridge）,canonical,GSE212865_series_matrix.txt.gz (disease state/time),SDRA=COVID-19 相关 ARDS,NA,NA
sample,GSE212865,GSM6559989,patient 91_D0,COVID19,外周血（全血 RNA）,微阵列（Bulk）,D0,91,,,,外周血微阵列验证队列（S8 / S9 外部验证 / S46b / Bridge）,canonical,GSE212865_series_matrix.txt.gz (disease state/time),SDRA=COVID-19 相关 ARDS；患者编号 91 共 2 个样本（时点 D0/D7）,NA,NA
sample,GSE212865,GSM6559990,patient 91_D7,COVID19,外周血（全血 RNA）,微阵列（Bulk）,D7,91,,,,外周血微阵列验证队列（S8 / S9 外部验证 / S46b / Bridge）,canonical,GSE212865_series_matrix.txt.gz (disease state/time),SDRA=COVID-19 相关 ARDS；患者编号 91 共 2 个样本（时点 D0/D7）,NA,NA
sample,GSE212865,GSM6559991,patient 99_D0,COVID19,外周血（全血 RNA）,微阵列（Bulk）,D0,99,,,,外周血微阵列验证队列（S8 / S9 外部验证 / S46b / Bridge）,canonical,GSE212865_series_matrix.txt.gz (disease state/time),SDRA=COVID-19 相关 ARDS；患者编号 99 共 2 个样本（时点 D0/D7）,NA,NA
sample,GSE212865,GSM6559992,patient 99_D7,COVID19,外周血（全血 RNA）,微阵列（Bulk）,D7,99,,,,外周血微阵列验证队列（S8 / S9 外部验证 / S46b / Bridge）,canonical,GSE212865_series_matrix.txt.gz (disease state/time),SDRA=COVID-19 相关 ARDS；患者编号 99 共 2 个样本（时点 D0/D7）,NA,NA
dataset_summary,GSE212865,,,,,,,,,137 样本（编号层面 96 个患者号）,Healthy 51 / COVID-19 52 / COVID-19+SDRA 34（GEO disease state 字段）,外周血微阵列验证队列（唯一真 ARDS 表型层=SDRA 34 例）,canonical,series_matrix 逐 GSM + GEO series 摘要 + 原文 PMC10216228（撞号核验三源）,"采血时点 D0 50 / D7 36 / 对照未标注 51；编号层面非互异——37 个编号贡献 78 个样本（D0/D7 纵向重复采样，为原文设计内行为：入院 24h 内与第 7 天各采一次），其中 6 个编号（5/18/26/66/80/85）同时在对照组与疾病组出现——**2026-08-16 经 GEO series 摘要+原文（Rombauts et al. Biomedicines 2023, PMC10216228）核验判定为编号撞号**：队列仅招募 60 例住院 COVID 患者（19 例 ARDS；SDRA 组 34 样本恰为 19 编号=15 对 D0/D7+4 单时点，与原文 19 例精确吻合）、51 例健康对照未在原文任何处描述（仅见于微阵列子系列，GSM 连续成块且无时点标注），对照编号空间（5–295 稀疏）与患者编号空间（1–1320，含 1304–1320 块）独立编制、小编号相撞；ML 外部验证子集（COVID+SDRA 86 例）中 70 例来自 35 个编号的 D0/D7 重复——外部 AUC 的独立样本基础弱于名义样本量（主稿局限 (3) 已补告诫）",NA,NA
sample,GSE67530,GSM1648896,KS001,ICU_Control,whole blood（GEO tissue 字段）,DNA 甲基化 450K,,,,,,表观遗传时钟队列（S27/S27b/S27c）,canonical,GSE67530_series_matrix.txt.gz (ards 字段) + Table_S27 零错配核验,,NA,NA
sample,GSE67530,GSM1648897,KS002,ICU_Control,whole blood（GEO tissue 字段）,DNA 甲基化 450K,,,,,,表观遗传时钟队列（S27/S27b/S27c）,canonical,GSE67530_series_matrix.txt.gz (ards 字段) + Table_S27 零错配核验,,NA,NA
sample,GSE67530,GSM1648898,KS003,ARDS,whole blood（GEO tissue 字段）,DNA 甲基化 450K,,,,,,表观遗传时钟队列（S27/S27b/S27c）,canonical,GSE67530_series_matrix.txt.gz (ards 字段) + Table_S27 零错配核验,,NA,NA
sample,GSE67530,GSM1648899,KS004,ICU_Control,whole blood（GEO tissue 字段）,DNA 甲基化 450K,,,,,,表观遗传时钟队列（S27/S27b/S27c）,canonical,GSE67530_series_matrix.txt.gz (ards 字段) + Table_S27 零错配核验,,NA,NA
sample,GSE67530,GSM1648900,KS005,ARDS,whole blood（GEO tissue 字段）,DNA 甲基化 450K,,,,,,表观遗传时钟队列（S27/S27b/S27c）,canonical,GSE67530_series_matrix.txt.gz (ards 字段) + Table_S27 零错配核验,,NA,NA
sample,GSE67530,GSM1648901,KS006,ICU_Control,whole blood（GEO tissue 字段）,DNA 甲基化 450K,,,,,,表观遗传时钟队列（S27/S27b/S27c）,canonical,GSE67530_series_matrix.txt.gz (ards 字段) + Table_S27 零错配核验,,NA,NA
sample,GSE67530,GSM1648902,KS007,ICU_Control,whole blood（GEO tissue 字段）,DNA 甲基化 450K,,,,,,表观遗传时钟队列（S27/S27b/S27c）,canonical,GSE67530_series_matrix.txt.gz (ards 字段) + Table_S27 零错配核验,,NA,NA
sample,GSE67530,GSM1648903,KS008,Healthy_Control,whole blood（GEO tissue 字段）,DNA 甲基化 450K,,,,,,表观遗传时钟队列（S27/S27b/S27c）,canonical,GSE67530_series_matrix.txt.gz (ards 字段) + Table_S27 零错配核验,,NA,NA
sample,GSE67530,GSM1648904,KS009,Healthy_Control,whole blood（GEO tissue 字段）,DNA 甲基化 450K,,,,,,表观遗传时钟队列（S27/S27b/S27c）,canonical,GSE67530_series_matrix.txt.gz (ards 字段) + Table_S27 零错配核验,,NA,NA
sample,GSE67530,GSM1648905,KS010,ICU_Control,whole blood（GEO tissue 字段）,DNA 甲基化 450K,,,,,,表观遗传时钟队列（S27/S27b/S27c）,canonical,GSE67530_series_matrix.txt.gz (ards 字段) + Table_S27 零错配核验,,NA,NA
sample,GSE67530,GSM1648906,KS011,ICU_Control,whole blood（GEO tissue 字段）,DNA 甲基化 450K,,,,,,表观遗传时钟队列（S27/S27b/S27c）,canonical,GSE67530_series_matrix.txt.gz (ards 字段) + Table_S27 零错配核验,,NA,NA
sample,GSE67530,GSM1648907,KS012,ICU_Control,whole blood（GEO tissue 字段）,DNA 甲基化 450K,,,,,,表观遗传时钟队列（S27/S27b/S27c）,canonical,GSE67530_series_matrix.txt.gz (ards 字段) + Table_S27 零错配核验,,NA,NA
sample,GSE67530,GSM1648908,KS013,ARDS,whole blood（GEO tissue 字段）,DNA 甲基化 450K,,,,,,表观遗传时钟队列（S27/S27b/S27c）,canonical,GSE67530_series_matrix.txt.gz (ards 字段) + Table_S27 零错配核验,,NA,NA
sample,GSE67530,GSM1648909,KS014,ICU_Control,whole blood（GEO tissue 字段）,DNA 甲基化 450K,,,,,,表观遗传时钟队列（S27/S27b/S27c）,canonical,GSE67530_series_matrix.txt.gz (ards 字段) + Table_S27 零错配核验,,NA,NA
sample,GSE67530,GSM1648910,KS015,ARDS,whole blood（GEO tissue 字段）,DNA 甲基化 450K,,,,,,表观遗传时钟队列（S27/S27b/S27c）,canonical,GSE67530_series_matrix.txt.gz (ards 字段) + Table_S27 零错配核验,,NA,NA
sample,GSE67530,GSM1648911,KS016,ARDS,whole blood（GEO tissue 字段）,DNA 甲基化 450K,,,,,,表观遗传时钟队列（S27/S27b/S27c）,canonical,GSE67530_series_matrix.txt.gz (ards 字段) + Table_S27 零错配核验,,NA,NA
sample,GSE67530,GSM1648912,KS017,ICU_Control,whole blood（GEO tissue 字段）,DNA 甲基化 450K,,,,,,表观遗传时钟队列（S27/S27b/S27c）,canonical,GSE67530_series_matrix.txt.gz (ards 字段) + Table_S27 零错配核验,,NA,NA
sample,GSE67530,GSM1648913,KS018,Healthy_Control,whole blood（GEO tissue 字段）,DNA 甲基化 450K,,,,,,表观遗传时钟队列（S27/S27b/S27c）,canonical,GSE67530_series_matrix.txt.gz (ards 字段) + Table_S27 零错配核验,,NA,NA
sample,GSE67530,GSM1648914,KS019,Healthy_Control,whole blood（GEO tissue 字段）,DNA 甲基化 450K,,,,,,表观遗传时钟队列（S27/S27b/S27c）,canonical,GSE67530_series_matrix.txt.gz (ards 字段) + Table_S27 零错配核验,,NA,NA
sample,GSE67530,GSM1648915,KS020,ARDS,whole blood（GEO tissue 字段）,DNA 甲基化 450K,,,,,,表观遗传时钟队列（S27/S27b/S27c）,canonical,GSE67530_series_matrix.txt.gz (ards 字段) + Table_S27 零错配核验,,NA,NA
sample,GSE67530,GSM1648916,KS021,ICU_Control,whole blood（GEO tissue 字段）,DNA 甲基化 450K,,,,,,表观遗传时钟队列（S27/S27b/S27c）,canonical,GSE67530_series_matrix.txt.gz (ards 字段) + Table_S27 零错配核验,,NA,NA
sample,GSE67530,GSM1648917,KS022,ICU_Control,whole blood（GEO tissue 字段）,DNA 甲基化 450K,,,,,,表观遗传时钟队列（S27/S27b/S27c）,canonical,GSE67530_series_matrix.txt.gz (ards 字段) + Table_S27 零错配核验,,NA,NA
sample,GSE67530,GSM1648918,KS023,ICU_Control,whole blood（GEO tissue 字段）,DNA 甲基化 450K,,,,,,表观遗传时钟队列（S27/S27b/S27c）,canonical,GSE67530_series_matrix.txt.gz (ards 字段) + Table_S27 零错配核验,,NA,NA
sample,GSE67530,GSM1648919,KS024,ICU_Control,whole blood（GEO tissue 字段）,DNA 甲基化 450K,,,,,,表观遗传时钟队列（S27/S27b/S27c）,canonical,GSE67530_series_matrix.txt.gz (ards 字段) + Table_S27 零错配核验,,NA,NA
sample,GSE67530,GSM1648920,KS025,ICU_Control,whole blood（GEO tissue 字段）,DNA 甲基化 450K,,,,,,表观遗传时钟队列（S27/S27b/S27c）,canonical,GSE67530_series_matrix.txt.gz (ards 字段) + Table_S27 零错配核验,,NA,NA
sample,GSE67530,GSM1648921,KS026,ARDS,whole blood（GEO tissue 字段）,DNA 甲基化 450K,,,,,,表观遗传时钟队列（S27/S27b/S27c）,canonical,GSE67530_series_matrix.txt.gz (ards 字段) + Table_S27 零错配核验,,NA,NA
sample,GSE67530,GSM1648922,KS027,ICU_Control,whole blood（GEO tissue 字段）,DNA 甲基化 450K,,,,,,表观遗传时钟队列（S27/S27b/S27c）,canonical,GSE67530_series_matrix.txt.gz (ards 字段) + Table_S27 零错配核验,,NA,NA
sample,GSE67530,GSM1648923,KS028,Healthy_Control,whole blood（GEO tissue 字段）,DNA 甲基化 450K,,,,,,表观遗传时钟队列（S27/S27b/S27c）,canonical,GSE67530_series_matrix.txt.gz (ards 字段) + Table_S27 零错配核验,,NA,NA
sample,GSE67530,GSM1648924,KS029,Healthy_Control,whole blood（GEO tissue 字段）,DNA 甲基化 450K,,,,,,表观遗传时钟队列（S27/S27b/S27c）,canonical,GSE67530_series_matrix.txt.gz (ards 字段) + Table_S27 零错配核验,,NA,NA
sample,GSE67530,GSM1648925,KS030,ARDS,whole blood（GEO tissue 字段）,DNA 甲基化 450K,,,,,,表观遗传时钟队列（S27/S27b/S27c）,canonical,GSE67530_series_matrix.txt.gz (ards 字段) + Table_S27 零错配核验,,NA,NA
sample,GSE67530,GSM1648926,KS031,ARDS,whole blood（GEO tissue 字段）,DNA 甲基化 450K,,,,,,表观遗传时钟队列（S27/S27b/S27c）,canonical,GSE67530_series_matrix.txt.gz (ards 字段) + Table_S27 零错配核验,,NA,NA
sample,GSE67530,GSM1648927,KS032,ARDS,whole blood（GEO tissue 字段）,DNA 甲基化 450K,,,,,,表观遗传时钟队列（S27/S27b/S27c）,canonical,GSE67530_series_matrix.txt.gz (ards 字段) + Table_S27 零错配核验,,NA,NA
sample,GSE67530,GSM1648928,KS033,ICU_Control,whole blood（GEO tissue 字段）,DNA 甲基化 450K,,,,,,表观遗传时钟队列（S27/S27b/S27c）,canonical,GSE67530_series_matrix.txt.gz (ards 字段) + Table_S27 零错配核验,,NA,NA
sample,GSE67530,GSM1648929,KS034,ARDS,whole blood（GEO tissue 字段）,DNA 甲基化 450K,,,,,,表观遗传时钟队列（S27/S27b/S27c）,canonical,GSE67530_series_matrix.txt.gz (ards 字段) + Table_S27 零错配核验,,NA,NA
sample,GSE67530,GSM1648930,KS035,ARDS,whole blood（GEO tissue 字段）,DNA 甲基化 450K,,,,,,表观遗传时钟队列（S27/S27b/S27c）,canonical,GSE67530_series_matrix.txt.gz (ards 字段) + Table_S27 零错配核验,,NA,NA
sample,GSE67530,GSM1648931,KS036,ICU_Control,whole blood（GEO tissue 字段）,DNA 甲基化 450K,,,,,,表观遗传时钟队列（S27/S27b/S27c）,canonical,GSE67530_series_matrix.txt.gz (ards 字段) + Table_S27 零错配核验,,NA,NA
sample,GSE67530,GSM1648932,KS037,ICU_Control,whole blood（GEO tissue 字段）,DNA 甲基化 450K,,,,,,表观遗传时钟队列（S27/S27b/S27c）,canonical,GSE67530_series_matrix.txt.gz (ards 字段) + Table_S27 零错配核验,,NA,NA
sample,GSE67530,GSM1648933,KS038,Healthy_Control,whole blood（GEO tissue 字段）,DNA 甲基化 450K,,,,,,表观遗传时钟队列（S27/S27b/S27c）,canonical,GSE67530_series_matrix.txt.gz (ards 字段) + Table_S27 零错配核验,,NA,NA
sample,GSE67530,GSM1648934,KS039,Healthy_Control,whole blood（GEO tissue 字段）,DNA 甲基化 450K,,,,,,表观遗传时钟队列（S27/S27b/S27c）,canonical,GSE67530_series_matrix.txt.gz (ards 字段) + Table_S27 零错配核验,,NA,NA
sample,GSE67530,GSM1648935,KS040,ICU_Control,whole blood（GEO tissue 字段）,DNA 甲基化 450K,,,,,,表观遗传时钟队列（S27/S27b/S27c）,canonical,GSE67530_series_matrix.txt.gz (ards 字段) + Table_S27 零错配核验,,NA,NA
sample,GSE67530,GSM1648936,KS041,ICU_Control,whole blood（GEO tissue 字段）,DNA 甲基化 450K,,,,,,表观遗传时钟队列（S27/S27b/S27c）,canonical,GSE67530_series_matrix.txt.gz (ards 字段) + Table_S27 零错配核验,,NA,NA
sample,GSE67530,GSM1648937,KS042,ICU_Control,whole blood（GEO tissue 字段）,DNA 甲基化 450K,,,,,,表观遗传时钟队列（S27/S27b/S27c）,canonical,GSE67530_series_matrix.txt.gz (ards 字段) + Table_S27 零错配核验,,NA,NA
sample,GSE67530,GSM1648938,KS043,ICU_Control,whole blood（GEO tissue 字段）,DNA 甲基化 450K,,,,,,表观遗传时钟队列（S27/S27b/S27c）,canonical,GSE67530_series_matrix.txt.gz (ards 字段) + Table_S27 零错配核验,,NA,NA
sample,GSE67530,GSM1648939,KS044,ICU_Control,whole blood（GEO tissue 字段）,DNA 甲基化 450K,,,,,,表观遗传时钟队列（S27/S27b/S27c）,canonical,GSE67530_series_matrix.txt.gz (ards 字段) + Table_S27 零错配核验,,NA,NA
sample,GSE67530,GSM1648940,KS045,ICU_Control,whole blood（GEO tissue 字段）,DNA 甲基化 450K,,,,,,表观遗传时钟队列（S27/S27b/S27c）,canonical,GSE67530_series_matrix.txt.gz (ards 字段) + Table_S27 零错配核验,,NA,NA
sample,GSE67530,GSM1648941,KS046,ICU_Control,whole blood（GEO tissue 字段）,DNA 甲基化 450K,,,,,,表观遗传时钟队列（S27/S27b/S27c）,canonical,GSE67530_series_matrix.txt.gz (ards 字段) + Table_S27 零错配核验,,NA,NA
sample,GSE67530,GSM1648942,KS047,ARDS,whole blood（GEO tissue 字段）,DNA 甲基化 450K,,,,,,表观遗传时钟队列（S27/S27b/S27c）,canonical,GSE67530_series_matrix.txt.gz (ards 字段) + Table_S27 零错配核验,,NA,NA
sample,GSE67530,GSM1648943,KS048,Healthy_Control,whole blood（GEO tissue 字段）,DNA 甲基化 450K,,,,,,表观遗传时钟队列（S27/S27b/S27c）,canonical,GSE67530_series_matrix.txt.gz (ards 字段) + Table_S27 零错配核验,,NA,NA
sample,GSE67530,GSM1648944,KS049,Healthy_Control,whole blood（GEO tissue 字段）,DNA 甲基化 450K,,,,,,表观遗传时钟队列（S27/S27b/S27c）,canonical,GSE67530_series_matrix.txt.gz (ards 字段) + Table_S27 零错配核验,,NA,NA
sample,GSE67530,GSM1648945,KS050,ARDS,whole blood（GEO tissue 字段）,DNA 甲基化 450K,,,,,,表观遗传时钟队列（S27/S27b/S27c）,canonical,GSE67530_series_matrix.txt.gz (ards 字段) + Table_S27 零错配核验,S27b QC：Notable_biological_extreme（保留）,NA,NA
sample,GSE67530,GSM1648946,KS051,ARDS,whole blood（GEO tissue 字段）,DNA 甲基化 450K,,,,,,表观遗传时钟队列（S27/S27b/S27c）,canonical,GSE67530_series_matrix.txt.gz (ards 字段) + Table_S27 零错配核验,,NA,NA
sample,GSE67530,GSM1648947,KS052,ARDS,whole blood（GEO tissue 字段）,DNA 甲基化 450K,,,,,,表观遗传时钟队列（S27/S27b/S27c）,canonical,GSE67530_series_matrix.txt.gz (ards 字段) + Table_S27 零错配核验,,NA,NA
sample,GSE67530,GSM1648948,KS053,ICU_Control,whole blood（GEO tissue 字段）,DNA 甲基化 450K,,,,,,表观遗传时钟队列（S27/S27b/S27c）,canonical,GSE67530_series_matrix.txt.gz (ards 字段) + Table_S27 零错配核验,,NA,NA
sample,GSE67530,GSM1648949,KS054,ICU_Control,whole blood（GEO tissue 字段）,DNA 甲基化 450K,,,,,,表观遗传时钟队列（S27/S27b/S27c）,canonical,GSE67530_series_matrix.txt.gz (ards 字段) + Table_S27 零错配核验,,NA,NA
sample,GSE67530,GSM1648950,KS055,ICU_Control,whole blood（GEO tissue 字段）,DNA 甲基化 450K,,,,,,表观遗传时钟队列（S27/S27b/S27c）,canonical,GSE67530_series_matrix.txt.gz (ards 字段) + Table_S27 零错配核验,,NA,NA
sample,GSE67530,GSM1648951,KS056,ICU_Control,whole blood（GEO tissue 字段）,DNA 甲基化 450K,,,,,,表观遗传时钟队列（S27/S27b/S27c）,canonical,GSE67530_series_matrix.txt.gz (ards 字段) + Table_S27 零错配核验,,NA,NA
sample,GSE67530,GSM1648952,KS057,ICU_Control,whole blood（GEO tissue 字段）,DNA 甲基化 450K,,,,,,表观遗传时钟队列（S27/S27b/S27c）,canonical,GSE67530_series_matrix.txt.gz (ards 字段) + Table_S27 零错配核验,,NA,NA
sample,GSE67530,GSM1648953,KS058,Healthy_Control,whole blood（GEO tissue 字段）,DNA 甲基化 450K,,,,,,表观遗传时钟队列（S27/S27b/S27c）,canonical,GSE67530_series_matrix.txt.gz (ards 字段) + Table_S27 零错配核验,,NA,NA
sample,GSE67530,GSM1648954,KS059,Healthy_Control,whole blood（GEO tissue 字段）,DNA 甲基化 450K,,,,,,表观遗传时钟队列（S27/S27b/S27c）,canonical,GSE67530_series_matrix.txt.gz (ards 字段) + Table_S27 零错配核验,,NA,NA
sample,GSE67530,GSM1648955,KS060,ICU_Control,whole blood（GEO tissue 字段）,DNA 甲基化 450K,,,,,,表观遗传时钟队列（S27/S27b/S27c）,canonical,GSE67530_series_matrix.txt.gz (ards 字段) + Table_S27 零错配核验,,NA,NA
sample,GSE67530,GSM1648956,KS061,ARDS,whole blood（GEO tissue 字段）,DNA 甲基化 450K,,,,,,表观遗传时钟队列（S27/S27b/S27c）,canonical,GSE67530_series_matrix.txt.gz (ards 字段) + Table_S27 零错配核验,,NA,NA
sample,GSE67530,GSM1648957,KS062,ICU_Control,whole blood（GEO tissue 字段）,DNA 甲基化 450K,,,,,,表观遗传时钟队列（S27/S27b/S27c）,canonical,GSE67530_series_matrix.txt.gz (ards 字段) + Table_S27 零错配核验,,NA,NA
sample,GSE67530,GSM1648958,KS063,ICU_Control,whole blood（GEO tissue 字段）,DNA 甲基化 450K,,,,,,表观遗传时钟队列（S27/S27b/S27c）,canonical,GSE67530_series_matrix.txt.gz (ards 字段) + Table_S27 零错配核验,,NA,NA
sample,GSE67530,GSM1648959,KS064,ICU_Control,whole blood（GEO tissue 字段）,DNA 甲基化 450K,,,,,,表观遗传时钟队列（S27/S27b/S27c）,canonical,GSE67530_series_matrix.txt.gz (ards 字段) + Table_S27 零错配核验,,NA,NA
sample,GSE67530,GSM1648960,KS065,ICU_Control,whole blood（GEO tissue 字段）,DNA 甲基化 450K,,,,,,表观遗传时钟队列（S27/S27b/S27c）,canonical,GSE67530_series_matrix.txt.gz (ards 字段) + Table_S27 零错配核验,,NA,NA
sample,GSE67530,GSM1648961,KS066,ICU_Control,whole blood（GEO tissue 字段）,DNA 甲基化 450K,,,,,,表观遗传时钟队列（S27/S27b/S27c）,canonical,GSE67530_series_matrix.txt.gz (ards 字段) + Table_S27 零错配核验,,NA,NA
sample,GSE67530,GSM1648962,KS067,ICU_Control,whole blood（GEO tissue 字段）,DNA 甲基化 450K,,,,,,表观遗传时钟队列（S27/S27b/S27c）,canonical,GSE67530_series_matrix.txt.gz (ards 字段) + Table_S27 零错配核验,,NA,NA
sample,GSE67530,GSM1648963,KS068,Healthy_Control,whole blood（GEO tissue 字段）,DNA 甲基化 450K,,,,,,表观遗传时钟队列（S27/S27b/S27c）,canonical,GSE67530_series_matrix.txt.gz (ards 字段) + Table_S27 零错配核验,,NA,NA
sample,GSE67530,GSM1648964,KS069,Healthy_Control,whole blood（GEO tissue 字段）,DNA 甲基化 450K,,,,,,表观遗传时钟队列（S27/S27b/S27c）,canonical,GSE67530_series_matrix.txt.gz (ards 字段) + Table_S27 零错配核验,,NA,NA
sample,GSE67530,GSM1648965,KS070,ARDS,whole blood（GEO tissue 字段）,DNA 甲基化 450K,,,,,,表观遗传时钟队列（S27/S27b/S27c）,canonical,GSE67530_series_matrix.txt.gz (ards 字段) + Table_S27 零错配核验,,NA,NA
sample,GSE67530,GSM1648966,KS071,ICU_Control,whole blood（GEO tissue 字段）,DNA 甲基化 450K,,,,,,表观遗传时钟队列（S27/S27b/S27c）,canonical,GSE67530_series_matrix.txt.gz (ards 字段) + Table_S27 零错配核验,,NA,NA
sample,GSE67530,GSM1648967,KS072,ICU_Control,whole blood（GEO tissue 字段）,DNA 甲基化 450K,,,,,,表观遗传时钟队列（S27/S27b/S27c）,canonical,GSE67530_series_matrix.txt.gz (ards 字段) + Table_S27 零错配核验,,NA,NA
sample,GSE67530,GSM1648968,KS073,ICU_Control,whole blood（GEO tissue 字段）,DNA 甲基化 450K,,,,,,表观遗传时钟队列（S27/S27b/S27c）,canonical,GSE67530_series_matrix.txt.gz (ards 字段) + Table_S27 零错配核验,,NA,NA
sample,GSE67530,GSM1648969,KS074,ICU_Control,whole blood（GEO tissue 字段）,DNA 甲基化 450K,,,,,,表观遗传时钟队列（S27/S27b/S27c）,canonical,GSE67530_series_matrix.txt.gz (ards 字段) + Table_S27 零错配核验,,NA,NA
sample,GSE67530,GSM1648970,KS075,ARDS,whole blood（GEO tissue 字段）,DNA 甲基化 450K,,,,,,表观遗传时钟队列（S27/S27b/S27c）,canonical,GSE67530_series_matrix.txt.gz (ards 字段) + Table_S27 零错配核验,,NA,NA
sample,GSE67530,GSM1648971,KS076,ARDS,whole blood（GEO tissue 字段）,DNA 甲基化 450K,,,,,,表观遗传时钟队列（S27/S27b/S27c）,canonical,GSE67530_series_matrix.txt.gz (ards 字段) + Table_S27 零错配核验,,NA,NA
sample,GSE67530,GSM1648972,KS077,ICU_Control,whole blood（GEO tissue 字段）,DNA 甲基化 450K,,,,,,表观遗传时钟队列（S27/S27b/S27c）,canonical,GSE67530_series_matrix.txt.gz (ards 字段) + Table_S27 零错配核验,,NA,NA
sample,GSE67530,GSM1648973,KS078,Healthy_Control,whole blood（GEO tissue 字段）,DNA 甲基化 450K,,,,,,表观遗传时钟队列（S27/S27b/S27c）,canonical,GSE67530_series_matrix.txt.gz (ards 字段) + Table_S27 零错配核验,,NA,NA
sample,GSE67530,GSM1648974,KS079,Healthy_Control,whole blood（GEO tissue 字段）,DNA 甲基化 450K,,,,,,表观遗传时钟队列（S27/S27b/S27c）,canonical,GSE67530_series_matrix.txt.gz (ards 字段) + Table_S27 零错配核验,,NA,NA
sample,GSE67530,GSM1648975,KS080,ARDS,whole blood（GEO tissue 字段）,DNA 甲基化 450K,,,,,,表观遗传时钟队列（S27/S27b/S27c）,canonical,GSE67530_series_matrix.txt.gz (ards 字段) + Table_S27 零错配核验,,NA,NA
sample,GSE67530,GSM1648976,KS081,ARDS,whole blood（GEO tissue 字段）,DNA 甲基化 450K,,,,,,表观遗传时钟队列（S27/S27b/S27c）,canonical,GSE67530_series_matrix.txt.gz (ards 字段) + Table_S27 零错配核验,,NA,NA
sample,GSE67530,GSM1648977,KS082,ARDS,whole blood（GEO tissue 字段）,DNA 甲基化 450K,,,,,,表观遗传时钟队列（S27/S27b/S27c）,canonical,GSE67530_series_matrix.txt.gz (ards 字段) + Table_S27 零错配核验,,NA,NA
sample,GSE67530,GSM1648978,KS083,ICU_Control,whole blood（GEO tissue 字段）,DNA 甲基化 450K,,,,,,表观遗传时钟队列（S27/S27b/S27c）,canonical,GSE67530_series_matrix.txt.gz (ards 字段) + Table_S27 零错配核验,,NA,NA
sample,GSE67530,GSM1648979,KS084,ICU_Control,whole blood（GEO tissue 字段）,DNA 甲基化 450K,,,,,,表观遗传时钟队列（S27/S27b/S27c）,canonical,GSE67530_series_matrix.txt.gz (ards 字段) + Table_S27 零错配核验,,NA,NA
sample,GSE67530,GSM1648980,KS085,ICU_Control,whole blood（GEO tissue 字段）,DNA 甲基化 450K,,,,,,表观遗传时钟队列（S27/S27b/S27c）,canonical,GSE67530_series_matrix.txt.gz (ards 字段) + Table_S27 零错配核验,,NA,NA
sample,GSE67530,GSM1648981,KS086,ICU_Control,whole blood（GEO tissue 字段）,DNA 甲基化 450K,,,,,,表观遗传时钟队列（S27/S27b/S27c）,canonical,GSE67530_series_matrix.txt.gz (ards 字段) + Table_S27 零错配核验,,NA,NA
sample,GSE67530,GSM1648982,KS087,ICU_Control,whole blood（GEO tissue 字段）,DNA 甲基化 450K,,,,,,表观遗传时钟队列（S27/S27b/S27c）,canonical,GSE67530_series_matrix.txt.gz (ards 字段) + Table_S27 零错配核验,,NA,NA
sample,GSE67530,GSM1648983,KS088,Healthy_Control,whole blood（GEO tissue 字段）,DNA 甲基化 450K,,,,,,表观遗传时钟队列（S27/S27b/S27c）,canonical,GSE67530_series_matrix.txt.gz (ards 字段) + Table_S27 零错配核验,,NA,NA
sample,GSE67530,GSM1648984,KS089,Healthy_Control,whole blood（GEO tissue 字段）,DNA 甲基化 450K,,,,,,表观遗传时钟队列（S27/S27b/S27c）,canonical,GSE67530_series_matrix.txt.gz (ards 字段) + Table_S27 零错配核验,,NA,NA
sample,GSE67530,GSM1648985,KS090,ARDS,whole blood（GEO tissue 字段）,DNA 甲基化 450K,,,,,,表观遗传时钟队列（S27/S27b/S27c）,canonical,GSE67530_series_matrix.txt.gz (ards 字段) + Table_S27 零错配核验,,NA,NA
sample,GSE67530,GSM1648986,KS091,ICU_Control,whole blood（GEO tissue 字段）,DNA 甲基化 450K,,,,,,表观遗传时钟队列（S27/S27b/S27c）,canonical,GSE67530_series_matrix.txt.gz (ards 字段) + Table_S27 零错配核验,,NA,NA
sample,GSE67530,GSM1648987,KS092,ARDS,whole blood（GEO tissue 字段）,DNA 甲基化 450K,,,,,,表观遗传时钟队列（S27/S27b/S27c）,canonical,GSE67530_series_matrix.txt.gz (ards 字段) + Table_S27 零错配核验,,NA,NA
sample,GSE67530,GSM1648988,KS093,ICU_Control,whole blood（GEO tissue 字段）,DNA 甲基化 450K,,,,,,表观遗传时钟队列（S27/S27b/S27c）,canonical,GSE67530_series_matrix.txt.gz (ards 字段) + Table_S27 零错配核验,,NA,NA
sample,GSE67530,GSM1648989,KS094,ICU_Control,whole blood（GEO tissue 字段）,DNA 甲基化 450K,,,,,,表观遗传时钟队列（S27/S27b/S27c）,canonical,GSE67530_series_matrix.txt.gz (ards 字段) + Table_S27 零错配核验,,NA,NA
sample,GSE67530,GSM1648990,KS095,ICU_Control,whole blood（GEO tissue 字段）,DNA 甲基化 450K,,,,,,表观遗传时钟队列（S27/S27b/S27c）,canonical,GSE67530_series_matrix.txt.gz (ards 字段) + Table_S27 零错配核验,,NA,NA
sample,GSE67530,GSM1648991,KS096,ARDS,whole blood（GEO tissue 字段）,DNA 甲基化 450K,,,,,,表观遗传时钟队列（S27/S27b/S27c）,canonical,GSE67530_series_matrix.txt.gz (ards 字段) + Table_S27 零错配核验,,NA,NA
sample,GSE67530,GSM1648992,KS097,ICU_Control,whole blood（GEO tissue 字段）,DNA 甲基化 450K,,,,,,表观遗传时钟队列（S27/S27b/S27c）,canonical,GSE67530_series_matrix.txt.gz (ards 字段) + Table_S27 零错配核验,,NA,NA
sample,GSE67530,GSM1648993,KS098,Healthy_Control,whole blood（GEO tissue 字段）,DNA 甲基化 450K,,,,,,表观遗传时钟队列（S27/S27b/S27c）,canonical,GSE67530_series_matrix.txt.gz (ards 字段) + Table_S27 零错配核验,,NA,NA
sample,GSE67530,GSM1648994,KS099,Healthy_Control,whole blood（GEO tissue 字段）,DNA 甲基化 450K,,,,,,表观遗传时钟队列（S27/S27b/S27c）,canonical,GSE67530_series_matrix.txt.gz (ards 字段) + Table_S27 零错配核验,,NA,NA
sample,GSE67530,GSM1648995,KS100,ARDS,whole blood（GEO tissue 字段）,DNA 甲基化 450K,,,,,,表观遗传时钟队列（S27/S27b/S27c）,canonical,GSE67530_series_matrix.txt.gz (ards 字段) + Table_S27 零错配核验,,NA,NA
sample,GSE67530,GSM1648996,KS101,ICU_Control,whole blood（GEO tissue 字段）,DNA 甲基化 450K,,,,,,表观遗传时钟队列（S27/S27b/S27c）,canonical,GSE67530_series_matrix.txt.gz (ards 字段) + Table_S27 零错配核验,,NA,NA
sample,GSE67530,GSM1648997,KS102,ARDS,whole blood（GEO tissue 字段）,DNA 甲基化 450K,,,,,,表观遗传时钟队列（S27/S27b/S27c）,canonical,GSE67530_series_matrix.txt.gz (ards 字段) + Table_S27 零错配核验,,NA,NA
sample,GSE67530,GSM1648998,KS103,ICU_Control,whole blood（GEO tissue 字段）,DNA 甲基化 450K,,,,,,表观遗传时钟队列（S27/S27b/S27c）,canonical,GSE67530_series_matrix.txt.gz (ards 字段) + Table_S27 零错配核验,,NA,NA
sample,GSE67530,GSM1648999,KS104,ICU_Control,whole blood（GEO tissue 字段）,DNA 甲基化 450K,,,,,,表观遗传时钟队列（S27/S27b/S27c）,canonical,GSE67530_series_matrix.txt.gz (ards 字段) + Table_S27 零错配核验,,NA,NA
sample,GSE67530,GSM1649000,KS105,ICU_Control,whole blood（GEO tissue 字段）,DNA 甲基化 450K,,,,,,表观遗传时钟队列（S27/S27b/S27c）,canonical,GSE67530_series_matrix.txt.gz (ards 字段) + Table_S27 零错配核验,,NA,NA
sample,GSE67530,GSM1649001,KS106,ICU_Control,whole blood（GEO tissue 字段）,DNA 甲基化 450K,,,,,,表观遗传时钟队列（S27/S27b/S27c）,canonical,GSE67530_series_matrix.txt.gz (ards 字段) + Table_S27 零错配核验,,NA,NA
sample,GSE67530,GSM1649002,KS107,ICU_Control,whole blood（GEO tissue 字段）,DNA 甲基化 450K,,,,,,表观遗传时钟队列（S27/S27b/S27c）,canonical,GSE67530_series_matrix.txt.gz (ards 字段) + Table_S27 零错配核验,,NA,NA
sample,GSE67530,GSM1649003,KS108,Healthy_Control,whole blood（GEO tissue 字段）,DNA 甲基化 450K,,,,,,表观遗传时钟队列（S27/S27b/S27c）,canonical,GSE67530_series_matrix.txt.gz (ards 字段) + Table_S27 零错配核验,,NA,NA
sample,GSE67530,GSM1649004,KS109,Healthy_Control,whole blood（GEO tissue 字段）,DNA 甲基化 450K,,,,,,表观遗传时钟队列（S27/S27b/S27c）,canonical,GSE67530_series_matrix.txt.gz (ards 字段) + Table_S27 零错配核验,,NA,NA
sample,GSE67530,GSM1649005,KS110,ARDS,whole blood（GEO tissue 字段）,DNA 甲基化 450K,,,,,,表观遗传时钟队列（S27/S27b/S27c）,canonical,GSE67530_series_matrix.txt.gz (ards 字段) + Table_S27 零错配核验,,NA,NA
sample,GSE67530,GSM1649006,KS111,ARDS,whole blood（GEO tissue 字段）,DNA 甲基化 450K,,,,,,表观遗传时钟队列（S27/S27b/S27c）,canonical,GSE67530_series_matrix.txt.gz (ards 字段) + Table_S27 零错配核验,,NA,NA
sample,GSE67530,GSM1649007,KS112,ICU_Control,whole blood（GEO tissue 字段）,DNA 甲基化 450K,,,,,,表观遗传时钟队列（S27/S27b/S27c）,canonical,GSE67530_series_matrix.txt.gz (ards 字段) + Table_S27 零错配核验,,NA,NA
sample,GSE67530,GSM1649008,KS113,ARDS,whole blood（GEO tissue 字段）,DNA 甲基化 450K,,,,,,表观遗传时钟队列（S27/S27b/S27c）,canonical,GSE67530_series_matrix.txt.gz (ards 字段) + Table_S27 零错配核验,,NA,NA
sample,GSE67530,GSM1649009,KS114,ICU_Control,whole blood（GEO tissue 字段）,DNA 甲基化 450K,,,,,,表观遗传时钟队列（S27/S27b/S27c）,canonical,GSE67530_series_matrix.txt.gz (ards 字段) + Table_S27 零错配核验,,NA,NA
sample,GSE67530,GSM1649010,KS115,ARDS,whole blood（GEO tissue 字段）,DNA 甲基化 450K,,,,,,表观遗传时钟队列（S27/S27b/S27c）,canonical,GSE67530_series_matrix.txt.gz (ards 字段) + Table_S27 零错配核验,,NA,NA
sample,GSE67530,GSM1649011,KS116,ARDS,whole blood（GEO tissue 字段）,DNA 甲基化 450K,,,,,,表观遗传时钟队列（S27/S27b/S27c）,canonical,GSE67530_series_matrix.txt.gz (ards 字段) + Table_S27 零错配核验,,NA,NA
sample,GSE67530,GSM1649012,KS117,ARDS,whole blood（GEO tissue 字段）,DNA 甲基化 450K,,,,,,表观遗传时钟队列（S27/S27b/S27c）,canonical,GSE67530_series_matrix.txt.gz (ards 字段) + Table_S27 零错配核验,,NA,NA
sample,GSE67530,GSM1649013,KS118,Healthy_Control,whole blood（GEO tissue 字段）,DNA 甲基化 450K,,,,,,表观遗传时钟队列（S27/S27b/S27c）,canonical,GSE67530_series_matrix.txt.gz (ards 字段) + Table_S27 零错配核验,,NA,NA
sample,GSE67530,GSM1649014,KS119,Healthy_Control,whole blood（GEO tissue 字段）,DNA 甲基化 450K,,,,,,表观遗传时钟队列（S27/S27b/S27c）,canonical,GSE67530_series_matrix.txt.gz (ards 字段) + Table_S27 零错配核验,,NA,NA
sample,GSE67530,GSM1649015,KS120,ARDS,whole blood（GEO tissue 字段）,DNA 甲基化 450K,,,,,,表观遗传时钟队列（S27/S27b/S27c）,canonical,GSE67530_series_matrix.txt.gz (ards 字段) + Table_S27 零错配核验,,NA,NA
sample,GSE67530,GSM1649016,KS121,ARDS,whole blood（GEO tissue 字段）,DNA 甲基化 450K,,,,,,表观遗传时钟队列（S27/S27b/S27c）,canonical,GSE67530_series_matrix.txt.gz (ards 字段) + Table_S27 零错配核验,,NA,NA
sample,GSE67530,GSM1649017,KS122,ICU_Control,whole blood（GEO tissue 字段）,DNA 甲基化 450K,,,,,,表观遗传时钟队列（S27/S27b/S27c）,canonical,GSE67530_series_matrix.txt.gz (ards 字段) + Table_S27 零错配核验,,NA,NA
sample,GSE67530,GSM1649018,KS123,ARDS,whole blood（GEO tissue 字段）,DNA 甲基化 450K,,,,,,表观遗传时钟队列（S27/S27b/S27c）,canonical,GSE67530_series_matrix.txt.gz (ards 字段) + Table_S27 零错配核验,S27b QC：Excluded_data_error（表内保留，时钟分析按脚本口径含全 144 例）,NA,NA
sample,GSE67530,GSM1649019,KS124,ARDS,whole blood（GEO tissue 字段）,DNA 甲基化 450K,,,,,,表观遗传时钟队列（S27/S27b/S27c）,canonical,GSE67530_series_matrix.txt.gz (ards 字段) + Table_S27 零错配核验,,NA,NA
sample,GSE67530,GSM1649020,KS125,ICU_Control,whole blood（GEO tissue 字段）,DNA 甲基化 450K,,,,,,表观遗传时钟队列（S27/S27b/S27c）,canonical,GSE67530_series_matrix.txt.gz (ards 字段) + Table_S27 零错配核验,,NA,NA
sample,GSE67530,GSM1649021,KS126,ICU_Control,whole blood（GEO tissue 字段）,DNA 甲基化 450K,,,,,,表观遗传时钟队列（S27/S27b/S27c）,canonical,GSE67530_series_matrix.txt.gz (ards 字段) + Table_S27 零错配核验,,NA,NA
sample,GSE67530,GSM1649022,KS127,ICU_Control,whole blood（GEO tissue 字段）,DNA 甲基化 450K,,,,,,表观遗传时钟队列（S27/S27b/S27c）,canonical,GSE67530_series_matrix.txt.gz (ards 字段) + Table_S27 零错配核验,,NA,NA
sample,GSE67530,GSM1649023,KS128,Healthy_Control,whole blood（GEO tissue 字段）,DNA 甲基化 450K,,,,,,表观遗传时钟队列（S27/S27b/S27c）,canonical,GSE67530_series_matrix.txt.gz (ards 字段) + Table_S27 零错配核验,,NA,NA
sample,GSE67530,GSM1649024,KS129,Healthy_Control,whole blood（GEO tissue 字段）,DNA 甲基化 450K,,,,,,表观遗传时钟队列（S27/S27b/S27c）,canonical,GSE67530_series_matrix.txt.gz (ards 字段) + Table_S27 零错配核验,,NA,NA
sample,GSE67530,GSM1649025,KS130,ICU_Control,whole blood（GEO tissue 字段）,DNA 甲基化 450K,,,,,,表观遗传时钟队列（S27/S27b/S27c）,canonical,GSE67530_series_matrix.txt.gz (ards 字段) + Table_S27 零错配核验,,NA,NA
sample,GSE67530,GSM1649026,KS131,ICU_Control,whole blood（GEO tissue 字段）,DNA 甲基化 450K,,,,,,表观遗传时钟队列（S27/S27b/S27c）,canonical,GSE67530_series_matrix.txt.gz (ards 字段) + Table_S27 零错配核验,,NA,NA
sample,GSE67530,GSM1649027,KS132,ICU_Control,whole blood（GEO tissue 字段）,DNA 甲基化 450K,,,,,,表观遗传时钟队列（S27/S27b/S27c）,canonical,GSE67530_series_matrix.txt.gz (ards 字段) + Table_S27 零错配核验,,NA,NA
sample,GSE67530,GSM1649028,KS133,ICU_Control,whole blood（GEO tissue 字段）,DNA 甲基化 450K,,,,,,表观遗传时钟队列（S27/S27b/S27c）,canonical,GSE67530_series_matrix.txt.gz (ards 字段) + Table_S27 零错配核验,,NA,NA
sample,GSE67530,GSM1649029,KS134,ICU_Control,whole blood（GEO tissue 字段）,DNA 甲基化 450K,,,,,,表观遗传时钟队列（S27/S27b/S27c）,canonical,GSE67530_series_matrix.txt.gz (ards 字段) + Table_S27 零错配核验,,NA,NA
sample,GSE67530,GSM1649030,KS135,ICU_Control,whole blood（GEO tissue 字段）,DNA 甲基化 450K,,,,,,表观遗传时钟队列（S27/S27b/S27c）,canonical,GSE67530_series_matrix.txt.gz (ards 字段) + Table_S27 零错配核验,,NA,NA
sample,GSE67530,GSM1649031,KS136,ARDS,whole blood（GEO tissue 字段）,DNA 甲基化 450K,,,,,,表观遗传时钟队列（S27/S27b/S27c）,canonical,GSE67530_series_matrix.txt.gz (ards 字段) + Table_S27 零错配核验,,NA,NA
sample,GSE67530,GSM1649032,KS137,ICU_Control,whole blood（GEO tissue 字段）,DNA 甲基化 450K,,,,,,表观遗传时钟队列（S27/S27b/S27c）,canonical,GSE67530_series_matrix.txt.gz (ards 字段) + Table_S27 零错配核验,,NA,NA
sample,GSE67530,GSM1649033,KS138,Healthy_Control,whole blood（GEO tissue 字段）,DNA 甲基化 450K,,,,,,表观遗传时钟队列（S27/S27b/S27c）,canonical,GSE67530_series_matrix.txt.gz (ards 字段) + Table_S27 零错配核验,,NA,NA
sample,GSE67530,GSM1649034,KS139,Healthy_Control,whole blood（GEO tissue 字段）,DNA 甲基化 450K,,,,,,表观遗传时钟队列（S27/S27b/S27c）,canonical,GSE67530_series_matrix.txt.gz (ards 字段) + Table_S27 零错配核验,,NA,NA
sample,GSE67530,GSM1649035,KS140,ICU_Control,whole blood（GEO tissue 字段）,DNA 甲基化 450K,,,,,,表观遗传时钟队列（S27/S27b/S27c）,canonical,GSE67530_series_matrix.txt.gz (ards 字段) + Table_S27 零错配核验,,NA,NA
sample,GSE67530,GSM1649036,KS141,ICU_Control,whole blood（GEO tissue 字段）,DNA 甲基化 450K,,,,,,表观遗传时钟队列（S27/S27b/S27c）,canonical,GSE67530_series_matrix.txt.gz (ards 字段) + Table_S27 零错配核验,,NA,NA
sample,GSE67530,GSM1649037,KS142,ICU_Control,whole blood（GEO tissue 字段）,DNA 甲基化 450K,,,,,,表观遗传时钟队列（S27/S27b/S27c）,canonical,GSE67530_series_matrix.txt.gz (ards 字段) + Table_S27 零错配核验,,NA,NA
sample,GSE67530,GSM1649038,KS143,Healthy_Control,whole blood（GEO tissue 字段）,DNA 甲基化 450K,,,,,,表观遗传时钟队列（S27/S27b/S27c）,canonical,GSE67530_series_matrix.txt.gz (ards 字段) + Table_S27 零错配核验,,NA,NA
sample,GSE67530,GSM1649039,KS144,Healthy_Control,whole blood（GEO tissue 字段）,DNA 甲基化 450K,,,,,,表观遗传时钟队列（S27/S27b/S27c）,canonical,GSE67530_series_matrix.txt.gz (ards 字段) + Table_S27 零错配核验,,NA,NA
dataset_summary,GSE67530,,,,,,,,,144,Healthy 30 / ICU 非 ARDS 75 / ARDS 39（GEO ards 字段；S27 同口径）,表观遗传时钟队列（全血 450K）,canonical,series_matrix 逐 GSM（ards 字段）× S27 零错配,主稿 Methods 原写 24/72/48 系误记，2026-08-16 按本 manifest 更正为 30/75/39；KS123 数据错误样本、KS050 极端值样本（S27b 注）,NA,NA
sample,GSE32707,GSM812609,GSM812609,Sepsis,whole blood（GEO source_name）,表达微阵列（GPL10558 HumanHT-12 V4.0）,d0,170433,,,,D1b 全血 ARDS 外部验证队列（S50–S54）,canonical,GSE32707_series_matrix.txt.gz (source_name + subject id) + D1b 元数据核验报告,,NA,NA
sample,GSE32707,GSM812610,GSM812610,Sepsis,whole blood（GEO source_name）,表达微阵列（GPL10558 HumanHT-12 V4.0）,d7,169921,,,,D1b 全血 ARDS 外部验证队列（S50–S54）,canonical,GSE32707_series_matrix.txt.gz (source_name + subject id) + D1b 元数据核验报告,,NA,NA
sample,GSE32707,GSM812611,GSM812611,Control,whole blood（GEO source_name）,表达微阵列（GPL10558 HumanHT-12 V4.0）,NA,169694,,,,D1b 全血 ARDS 外部验证队列（S50–S54）,canonical,GSE32707_series_matrix.txt.gz (source_name + subject id) + D1b 元数据核验报告,,NA,NA
sample,GSE32707,GSM812612,GSM812612,Control,whole blood（GEO source_name）,表达微阵列（GPL10558 HumanHT-12 V4.0）,NA,169695,,,,D1b 全血 ARDS 外部验证队列（S50–S54）,canonical,GSE32707_series_matrix.txt.gz (source_name + subject id) + D1b 元数据核验报告,,NA,NA
sample,GSE32707,GSM812613,GSM812613,Control,whole blood（GEO source_name）,表达微阵列（GPL10558 HumanHT-12 V4.0）,NA,169696,,,,D1b 全血 ARDS 外部验证队列（S50–S54）,canonical,GSE32707_series_matrix.txt.gz (source_name + subject id) + D1b 元数据核验报告,,NA,NA
sample,GSE32707,GSM812614,GSM812614,Sepsis,whole blood（GEO source_name）,表达微阵列（GPL10558 HumanHT-12 V4.0）,d0,169930,,,,D1b 全血 ARDS 外部验证队列（S50–S54）,canonical,GSE32707_series_matrix.txt.gz (source_name + subject id) + D1b 元数据核验报告,,NA,NA
sample,GSE32707,GSM812615,GSM812615,ARDS,whole blood（GEO source_name）,表达微阵列（GPL10558 HumanHT-12 V4.0）,d0,169832,,,,D1b 全血 ARDS 外部验证队列（S50–S54）,canonical,GSE32707_series_matrix.txt.gz (source_name + subject id) + D1b 元数据核验报告,,NA,NA
sample,GSE32707,GSM812616,GSM812616,ARDS,whole blood（GEO source_name）,表达微阵列（GPL10558 HumanHT-12 V4.0）,d0,169792,,,,D1b 全血 ARDS 外部验证队列（S50–S54）,canonical,GSE32707_series_matrix.txt.gz (source_name + subject id) + D1b 元数据核验报告,,NA,NA
sample,GSE32707,GSM812617,GSM812617,ARDS,whole blood（GEO source_name）,表达微阵列（GPL10558 HumanHT-12 V4.0）,d7,170235,,,,D1b 全血 ARDS 外部验证队列（S50–S54）,canonical,GSE32707_series_matrix.txt.gz (source_name + subject id) + D1b 元数据核验报告,,NA,NA
sample,GSE32707,GSM812618,GSM812618,ARDS,whole blood（GEO source_name）,表达微阵列（GPL10558 HumanHT-12 V4.0）,d0,169790,,,,D1b 全血 ARDS 外部验证队列（S50–S54）,canonical,GSE32707_series_matrix.txt.gz (source_name + subject id) + D1b 元数据核验报告,,NA,NA
sample,GSE32707,GSM812619,GSM812619,Control,whole blood（GEO source_name）,表达微阵列（GPL10558 HumanHT-12 V4.0）,NA,169697,,,,D1b 全血 ARDS 外部验证队列（S50–S54）,canonical,GSE32707_series_matrix.txt.gz (source_name + subject id) + D1b 元数据核验报告,,NA,NA
sample,GSE32707,GSM812620,GSM812620,Control,whole blood（GEO source_name）,表达微阵列（GPL10558 HumanHT-12 V4.0）,NA,169698,,,,D1b 全血 ARDS 外部验证队列（S50–S54）,canonical,GSE32707_series_matrix.txt.gz (source_name + subject id) + D1b 元数据核验报告,,NA,NA
sample,GSE32707,GSM812621,GSM812621,Control,whole blood（GEO source_name）,表达微阵列（GPL10558 HumanHT-12 V4.0）,NA,169699,,,,D1b 全血 ARDS 外部验证队列（S50–S54）,canonical,GSE32707_series_matrix.txt.gz (source_name + subject id) + D1b 元数据核验报告,,NA,NA
sample,GSE32707,GSM812622,GSM812622,Sepsis,whole blood（GEO source_name）,表达微阵列（GPL10558 HumanHT-12 V4.0）,d0,169926,,,,D1b 全血 ARDS 外部验证队列（S50–S54）,canonical,GSE32707_series_matrix.txt.gz (source_name + subject id) + D1b 元数据核验报告,,NA,NA
sample,GSE32707,GSM812623,GSM812623,Sepsis,whole blood（GEO source_name）,表达微阵列（GPL10558 HumanHT-12 V4.0）,d7,169922,,,,D1b 全血 ARDS 外部验证队列（S50–S54）,canonical,GSE32707_series_matrix.txt.gz (source_name + subject id) + D1b 元数据核验报告,,NA,NA
sample,GSE32707,GSM812624,GSM812624,Control,whole blood（GEO source_name）,表达微阵列（GPL10558 HumanHT-12 V4.0）,NA,169701,,,,D1b 全血 ARDS 外部验证队列（S50–S54）,canonical,GSE32707_series_matrix.txt.gz (source_name + subject id) + D1b 元数据核验报告,,NA,NA
sample,GSE32707,GSM812625,GSM812625,Control,whole blood（GEO source_name）,表达微阵列（GPL10558 HumanHT-12 V4.0）,NA,169701,,,,D1b 全血 ARDS 外部验证队列（S50–S54）,canonical,GSE32707_series_matrix.txt.gz (source_name + subject id) + D1b 元数据核验报告,对照技术重复（subject 169701 共 2 管，主分析保留、S54 受试者塌陷敏感性）,NA,NA
sample,GSE32707,GSM812626,GSM812626,SIRS,whole blood（GEO source_name）,表达微阵列（GPL10558 HumanHT-12 V4.0）,d0,169936,,,,D1b 全血 ARDS 外部验证队列（S50–S54）,canonical,GSE32707_series_matrix.txt.gz (source_name + subject id) + D1b 元数据核验报告,,NA,NA
sample,GSE32707,GSM812627,GSM812627,Control,whole blood（GEO source_name）,表达微阵列（GPL10558 HumanHT-12 V4.0）,NA,169700,,,,D1b 全血 ARDS 外部验证队列（S50–S54）,canonical,GSE32707_series_matrix.txt.gz (source_name + subject id) + D1b 元数据核验报告,,NA,NA
sample,GSE32707,GSM812628,GSM812628,SIRS,whole blood（GEO source_name）,表达微阵列（GPL10558 HumanHT-12 V4.0）,d0,169963,,,,D1b 全血 ARDS 外部验证队列（S50–S54）,canonical,GSE32707_series_matrix.txt.gz (source_name + subject id) + D1b 元数据核验报告,,NA,NA
sample,GSE32707,GSM812629,GSM812629,Sepsis,whole blood（GEO source_name）,表达微阵列（GPL10558 HumanHT-12 V4.0）,d0,169894,,,,D1b 全血 ARDS 外部验证队列（S50–S54）,canonical,GSE32707_series_matrix.txt.gz (source_name + subject id) + D1b 元数据核验报告,,NA,NA
sample,GSE32707,GSM812630,GSM812630,Sepsis,whole blood（GEO source_name）,表达微阵列（GPL10558 HumanHT-12 V4.0）,d7,169932,,,,D1b 全血 ARDS 外部验证队列（S50–S54）,canonical,GSE32707_series_matrix.txt.gz (source_name + subject id) + D1b 元数据核验报告,,NA,NA
sample,GSE32707,GSM812631,GSM812631,ARDS,whole blood（GEO source_name）,表达微阵列（GPL10558 HumanHT-12 V4.0）,d0,169774,,,,D1b 全血 ARDS 外部验证队列（S50–S54）,canonical,GSE32707_series_matrix.txt.gz (source_name + subject id) + D1b 元数据核验报告,,NA,NA
sample,GSE32707,GSM812632,GSM812632,ARDS,whole blood（GEO source_name）,表达微阵列（GPL10558 HumanHT-12 V4.0）,d7,169831,,,,D1b 全血 ARDS 外部验证队列（S50–S54）,canonical,GSE32707_series_matrix.txt.gz (source_name + subject id) + D1b 元数据核验报告,,NA,NA
sample,GSE32707,GSM812633,GSM812633,Sepsis,whole blood（GEO source_name）,表达微阵列（GPL10558 HumanHT-12 V4.0）,d0,169928,,,,D1b 全血 ARDS 外部验证队列（S50–S54）,canonical,GSE32707_series_matrix.txt.gz (source_name + subject id) + D1b 元数据核验报告,,NA,NA
sample,GSE32707,GSM812634,GSM812634,Sepsis,whole blood（GEO source_name）,表达微阵列（GPL10558 HumanHT-12 V4.0）,d0,169853,,,,D1b 全血 ARDS 外部验证队列（S50–S54）,canonical,GSE32707_series_matrix.txt.gz (source_name + subject id) + D1b 元数据核验报告,,NA,NA
sample,GSE32707,GSM812635,GSM812635,Sepsis,whole blood（GEO source_name）,表达微阵列（GPL10558 HumanHT-12 V4.0）,d7,169923,,,,D1b 全血 ARDS 外部验证队列（S50–S54）,canonical,GSE32707_series_matrix.txt.gz (source_name + subject id) + D1b 元数据核验报告,,NA,NA
sample,GSE32707,GSM812636,GSM812636,SIRS,whole blood（GEO source_name）,表达微阵列（GPL10558 HumanHT-12 V4.0）,d0,169982,,,,D1b 全血 ARDS 外部验证队列（S50–S54）,canonical,GSE32707_series_matrix.txt.gz (source_name + subject id) + D1b 元数据核验报告,,NA,NA
sample,GSE32707,GSM812637,GSM812637,SIRS,whole blood（GEO source_name）,表达微阵列（GPL10558 HumanHT-12 V4.0）,d0,169935,,,,D1b 全血 ARDS 外部验证队列（S50–S54）,canonical,GSE32707_series_matrix.txt.gz (source_name + subject id) + D1b 元数据核验报告,,NA,NA
sample,GSE32707,GSM812638,GSM812638,Sepsis,whole blood（GEO source_name）,表达微阵列（GPL10558 HumanHT-12 V4.0）,d0,169929,,,,D1b 全血 ARDS 外部验证队列（S50–S54）,canonical,GSE32707_series_matrix.txt.gz (source_name + subject id) + D1b 元数据核验报告,,NA,NA
sample,GSE32707,GSM812639,GSM812639,Sepsis,whole blood（GEO source_name）,表达微阵列（GPL10558 HumanHT-12 V4.0）,d7,170373,,,,D1b 全血 ARDS 外部验证队列（S50–S54）,canonical,GSE32707_series_matrix.txt.gz (source_name + subject id) + D1b 元数据核验报告,,NA,NA
sample,GSE32707,GSM812640,GSM812640,SIRS,whole blood（GEO source_name）,表达微阵列（GPL10558 HumanHT-12 V4.0）,d0,169987,,,,D1b 全血 ARDS 外部验证队列（S50–S54）,canonical,GSE32707_series_matrix.txt.gz (source_name + subject id) + D1b 元数据核验报告,,NA,NA
sample,GSE32707,GSM812641,GSM812641,SIRS,whole blood（GEO source_name）,表达微阵列（GPL10558 HumanHT-12 V4.0）,d0,169965,,,,D1b 全血 ARDS 外部验证队列（S50–S54）,canonical,GSE32707_series_matrix.txt.gz (source_name + subject id) + D1b 元数据核验报告,,NA,NA
sample,GSE32707,GSM812642,GSM812642,Sepsis,whole blood（GEO source_name）,表达微阵列（GPL10558 HumanHT-12 V4.0）,d0,169925,,,,D1b 全血 ARDS 外部验证队列（S50–S54）,canonical,GSE32707_series_matrix.txt.gz (source_name + subject id) + D1b 元数据核验报告,,NA,NA
sample,GSE32707,GSM812643,GSM812643,Sepsis,whole blood（GEO source_name）,表达微阵列（GPL10558 HumanHT-12 V4.0）,d7,169896,,,,D1b 全血 ARDS 外部验证队列（S50–S54）,canonical,GSE32707_series_matrix.txt.gz (source_name + subject id) + D1b 元数据核验报告,,NA,NA
sample,GSE32707,GSM812644,GSM812644,SIRS,whole blood（GEO source_name）,表达微阵列（GPL10558 HumanHT-12 V4.0）,d0,169957,,,,D1b 全血 ARDS 外部验证队列（S50–S54）,canonical,GSE32707_series_matrix.txt.gz (source_name + subject id) + D1b 元数据核验报告,,NA,NA
sample,GSE32707,GSM812645,GSM812645,Sepsis,whole blood（GEO source_name）,表达微阵列（GPL10558 HumanHT-12 V4.0）,d0,169897,,,,D1b 全血 ARDS 外部验证队列（S50–S54）,canonical,GSE32707_series_matrix.txt.gz (source_name + subject id) + D1b 元数据核验报告,,NA,NA
sample,GSE32707,GSM812646,GSM812646,Sepsis,whole blood（GEO source_name）,表达微阵列（GPL10558 HumanHT-12 V4.0）,d7,170239,,,,D1b 全血 ARDS 外部验证队列（S50–S54）,canonical,GSE32707_series_matrix.txt.gz (source_name + subject id) + D1b 元数据核验报告,,NA,NA
sample,GSE32707,GSM812647,GSM812647,ARDS,whole blood（GEO source_name）,表达微阵列（GPL10558 HumanHT-12 V4.0）,d0,169791,,,,D1b 全血 ARDS 外部验证队列（S50–S54）,canonical,GSE32707_series_matrix.txt.gz (source_name + subject id) + D1b 元数据核验报告,,NA,NA
sample,GSE32707,GSM812648,GSM812648,ARDS,whole blood（GEO source_name）,表达微阵列（GPL10558 HumanHT-12 V4.0）,d7,169775,,,,D1b 全血 ARDS 外部验证队列（S50–S54）,canonical,GSE32707_series_matrix.txt.gz (source_name + subject id) + D1b 元数据核验报告,,NA,NA
sample,GSE32707,GSM812649,GSM812649,Sepsis,whole blood（GEO source_name）,表达微阵列（GPL10558 HumanHT-12 V4.0）,d0,169898,,,,D1b 全血 ARDS 外部验证队列（S50–S54）,canonical,GSE32707_series_matrix.txt.gz (source_name + subject id) + D1b 元数据核验报告,,NA,NA
sample,GSE32707,GSM812650,GSM812650,Sepsis,whole blood（GEO source_name）,表达微阵列（GPL10558 HumanHT-12 V4.0）,d7,170244,,,,D1b 全血 ARDS 外部验证队列（S50–S54）,canonical,GSE32707_series_matrix.txt.gz (source_name + subject id) + D1b 元数据核验报告,,NA,NA
sample,GSE32707,GSM812651,GSM812651,Sepsis,whole blood（GEO source_name）,表达微阵列（GPL10558 HumanHT-12 V4.0）,d0,169899,,,,D1b 全血 ARDS 外部验证队列（S50–S54）,canonical,GSE32707_series_matrix.txt.gz (source_name + subject id) + D1b 元数据核验报告,,NA,NA
sample,GSE32707,GSM812652,GSM812652,Sepsis,whole blood（GEO source_name）,表达微阵列（GPL10558 HumanHT-12 V4.0）,d7,170196,,,,D1b 全血 ARDS 外部验证队列（S50–S54）,canonical,GSE32707_series_matrix.txt.gz (source_name + subject id) + D1b 元数据核验报告,,NA,NA
sample,GSE32707,GSM812653,GSM812653,Sepsis,whole blood（GEO source_name）,表达微阵列（GPL10558 HumanHT-12 V4.0）,d0,169913,,,,D1b 全血 ARDS 外部验证队列（S50–S54）,canonical,GSE32707_series_matrix.txt.gz (source_name + subject id) + D1b 元数据核验报告,,NA,NA
sample,GSE32707,GSM812654,GSM812654,Sepsis,whole blood（GEO source_name）,表达微阵列（GPL10558 HumanHT-12 V4.0）,d7,170194,,,,D1b 全血 ARDS 外部验证队列（S50–S54）,canonical,GSE32707_series_matrix.txt.gz (source_name + subject id) + D1b 元数据核验报告,,NA,NA
sample,GSE32707,GSM812655,GSM812655,Control,whole blood（GEO source_name）,表达微阵列（GPL10558 HumanHT-12 V4.0）,NA,169722,,,,D1b 全血 ARDS 外部验证队列（S50–S54）,canonical,GSE32707_series_matrix.txt.gz (source_name + subject id) + D1b 元数据核验报告,,NA,NA
sample,GSE32707,GSM812656,GSM812656,SIRS,whole blood（GEO source_name）,表达微阵列（GPL10558 HumanHT-12 V4.0）,d0,169968,,,,D1b 全血 ARDS 外部验证队列（S50–S54）,canonical,GSE32707_series_matrix.txt.gz (source_name + subject id) + D1b 元数据核验报告,,NA,NA
sample,GSE32707,GSM812657,GSM812657,SIRS,whole blood（GEO source_name）,表达微阵列（GPL10558 HumanHT-12 V4.0）,d0,169968,,,,D1b 全血 ARDS 外部验证队列（S50–S54）,canonical,GSE32707_series_matrix.txt.gz (source_name + subject id) + D1b 元数据核验报告,,NA,NA
sample,GSE32707,GSM812658,GSM812658,SIRS,whole blood（GEO source_name）,表达微阵列（GPL10558 HumanHT-12 V4.0）,d0,169970,,,,D1b 全血 ARDS 外部验证队列（S50–S54）,canonical,GSE32707_series_matrix.txt.gz (source_name + subject id) + D1b 元数据核验报告,,NA,NA
sample,GSE32707,GSM812659,GSM812659,Control,whole blood（GEO source_name）,表达微阵列（GPL10558 HumanHT-12 V4.0）,NA,169720,,,,D1b 全血 ARDS 外部验证队列（S50–S54）,canonical,GSE32707_series_matrix.txt.gz (source_name + subject id) + D1b 元数据核验报告,,NA,NA
sample,GSE32707,GSM812660,GSM812660,Sepsis,whole blood（GEO source_name）,表达微阵列（GPL10558 HumanHT-12 V4.0）,d0,169914,,,,D1b 全血 ARDS 外部验证队列（S50–S54）,canonical,GSE32707_series_matrix.txt.gz (source_name + subject id) + D1b 元数据核验报告,,NA,NA
sample,GSE32707,GSM812661,GSM812661,Sepsis,whole blood（GEO source_name）,表达微阵列（GPL10558 HumanHT-12 V4.0）,d7,170191,,,,D1b 全血 ARDS 外部验证队列（S50–S54）,canonical,GSE32707_series_matrix.txt.gz (source_name + subject id) + D1b 元数据核验报告,,NA,NA
sample,GSE32707,GSM812662,GSM812662,Sepsis,whole blood（GEO source_name）,表达微阵列（GPL10558 HumanHT-12 V4.0）,d0,169915,,,,D1b 全血 ARDS 外部验证队列（S50–S54）,canonical,GSE32707_series_matrix.txt.gz (source_name + subject id) + D1b 元数据核验报告,,NA,NA
sample,GSE32707,GSM812663,GSM812663,Sepsis,whole blood（GEO source_name）,表达微阵列（GPL10558 HumanHT-12 V4.0）,d7,170238,,,,D1b 全血 ARDS 外部验证队列（S50–S54）,canonical,GSE32707_series_matrix.txt.gz (source_name + subject id) + D1b 元数据核验报告,,NA,NA
sample,GSE32707,GSM812664,GSM812664,Sepsis,whole blood（GEO source_name）,表达微阵列（GPL10558 HumanHT-12 V4.0）,d0,170380,,,,D1b 全血 ARDS 外部验证队列（S50–S54）,canonical,GSE32707_series_matrix.txt.gz (source_name + subject id) + D1b 元数据核验报告,,NA,NA
sample,GSE32707,GSM812665,GSM812665,Sepsis,whole blood（GEO source_name）,表达微阵列（GPL10558 HumanHT-12 V4.0）,d7,170243,,,,D1b 全血 ARDS 外部验证队列（S50–S54）,canonical,GSE32707_series_matrix.txt.gz (source_name + subject id) + D1b 元数据核验报告,,NA,NA
sample,GSE32707,GSM812666,GSM812666,SIRS,whole blood（GEO source_name）,表达微阵列（GPL10558 HumanHT-12 V4.0）,d0,169972,,,,D1b 全血 ARDS 外部验证队列（S50–S54）,canonical,GSE32707_series_matrix.txt.gz (source_name + subject id) + D1b 元数据核验报告,,NA,NA
sample,GSE32707,GSM812667,GSM812667,Control,whole blood（GEO source_name）,表达微阵列（GPL10558 HumanHT-12 V4.0）,NA,169717,,,,D1b 全血 ARDS 外部验证队列（S50–S54）,canonical,GSE32707_series_matrix.txt.gz (source_name + subject id) + D1b 元数据核验报告,,NA,NA
sample,GSE32707,GSM812668,GSM812668,SIRS,whole blood（GEO source_name）,表达微阵列（GPL10558 HumanHT-12 V4.0）,d0,169969,,,,D1b 全血 ARDS 外部验证队列（S50–S54）,canonical,GSE32707_series_matrix.txt.gz (source_name + subject id) + D1b 元数据核验报告,,NA,NA
sample,GSE32707,GSM812669,GSM812669,SIRS,whole blood（GEO source_name）,表达微阵列（GPL10558 HumanHT-12 V4.0）,d0,169967,,,,D1b 全血 ARDS 外部验证队列（S50–S54）,canonical,GSE32707_series_matrix.txt.gz (source_name + subject id) + D1b 元数据核验报告,,NA,NA
sample,GSE32707,GSM812670,GSM812670,Control,whole blood（GEO source_name）,表达微阵列（GPL10558 HumanHT-12 V4.0）,NA,169718,,,,D1b 全血 ARDS 外部验证队列（S50–S54）,canonical,GSE32707_series_matrix.txt.gz (source_name + subject id) + D1b 元数据核验报告,,NA,NA
sample,GSE32707,GSM812671,GSM812671,Sepsis,whole blood（GEO source_name）,表达微阵列（GPL10558 HumanHT-12 V4.0）,d0,169886,,,,D1b 全血 ARDS 外部验证队列（S50–S54）,canonical,GSE32707_series_matrix.txt.gz (source_name + subject id) + D1b 元数据核验报告,,NA,NA
sample,GSE32707,GSM812672,GSM812672,Sepsis,whole blood（GEO source_name）,表达微阵列（GPL10558 HumanHT-12 V4.0）,d7,170195,,,,D1b 全血 ARDS 外部验证队列（S50–S54）,canonical,GSE32707_series_matrix.txt.gz (source_name + subject id) + D1b 元数据核验报告,,NA,NA
sample,GSE32707,GSM812673,GSM812673,ARDS,whole blood（GEO source_name）,表达微阵列（GPL10558 HumanHT-12 V4.0）,d0,169841,,,,D1b 全血 ARDS 外部验证队列（S50–S54）,canonical,GSE32707_series_matrix.txt.gz (source_name + subject id) + D1b 元数据核验报告,,NA,NA
sample,GSE32707,GSM812674,GSM812674,Sepsis,whole blood（GEO source_name）,表达微阵列（GPL10558 HumanHT-12 V4.0）,d0,169887,,,,D1b 全血 ARDS 外部验证队列（S50–S54）,canonical,GSE32707_series_matrix.txt.gz (source_name + subject id) + D1b 元数据核验报告,,NA,NA
sample,GSE32707,GSM812675,GSM812675,Sepsis,whole blood（GEO source_name）,表达微阵列（GPL10558 HumanHT-12 V4.0）,d7,170193,,,,D1b 全血 ARDS 外部验证队列（S50–S54）,canonical,GSE32707_series_matrix.txt.gz (source_name + subject id) + D1b 元数据核验报告,,NA,NA
sample,GSE32707,GSM812676,GSM812676,Control,whole blood（GEO source_name）,表达微阵列（GPL10558 HumanHT-12 V4.0）,NA,169721,,,,D1b 全血 ARDS 外部验证队列（S50–S54）,canonical,GSE32707_series_matrix.txt.gz (source_name + subject id) + D1b 元数据核验报告,,NA,NA
sample,GSE32707,GSM812677,GSM812677,ARDS,whole blood（GEO source_name）,表达微阵列（GPL10558 HumanHT-12 V4.0）,d0,169797,,,,D1b 全血 ARDS 外部验证队列（S50–S54）,canonical,GSE32707_series_matrix.txt.gz (source_name + subject id) + D1b 元数据核验报告,,NA,NA
sample,GSE32707,GSM812678,GSM812678,ARDS,whole blood（GEO source_name）,表达微阵列（GPL10558 HumanHT-12 V4.0）,d7,169798,,,,D1b 全血 ARDS 外部验证队列（S50–S54）,canonical,GSE32707_series_matrix.txt.gz (source_name + subject id) + D1b 元数据核验报告,,NA,NA
sample,GSE32707,GSM812679,GSM812679,SIRS,whole blood（GEO source_name）,表达微阵列（GPL10558 HumanHT-12 V4.0）,d0,169934,,,,D1b 全血 ARDS 外部验证队列（S50–S54）,canonical,GSE32707_series_matrix.txt.gz (source_name + subject id) + D1b 元数据核验报告,,NA,NA
sample,GSE32707,GSM812680,GSM812680,SIRS,whole blood（GEO source_name）,表达微阵列（GPL10558 HumanHT-12 V4.0）,d0,169985,,,,D1b 全血 ARDS 外部验证队列（S50–S54）,canonical,GSE32707_series_matrix.txt.gz (source_name + subject id) + D1b 元数据核验报告,,NA,NA
sample,GSE32707,GSM812681,GSM812681,Sepsis,whole blood（GEO source_name）,表达微阵列（GPL10558 HumanHT-12 V4.0）,d0,169888,,,,D1b 全血 ARDS 外部验证队列（S50–S54）,canonical,GSE32707_series_matrix.txt.gz (source_name + subject id) + D1b 元数据核验报告,,NA,NA
sample,GSE32707,GSM812682,GSM812682,Sepsis,whole blood（GEO source_name）,表达微阵列（GPL10558 HumanHT-12 V4.0）,d7,170190,,,,D1b 全血 ARDS 外部验证队列（S50–S54）,canonical,GSE32707_series_matrix.txt.gz (source_name + subject id) + D1b 元数据核验报告,,NA,NA
sample,GSE32707,GSM812683,GSM812683,ARDS,whole blood（GEO source_name）,表达微阵列（GPL10558 HumanHT-12 V4.0）,d0,169830,,,,D1b 全血 ARDS 外部验证队列（S50–S54）,canonical,GSE32707_series_matrix.txt.gz (source_name + subject id) + D1b 元数据核验报告,,NA,NA
sample,GSE32707,GSM812684,GSM812684,ARDS,whole blood（GEO source_name）,表达微阵列（GPL10558 HumanHT-12 V4.0）,d7,169840,,,,D1b 全血 ARDS 外部验证队列（S50–S54）,canonical,GSE32707_series_matrix.txt.gz (source_name + subject id) + D1b 元数据核验报告,,NA,NA
sample,GSE32707,GSM812685,GSM812685,SIRS,whole blood（GEO source_name）,表达微阵列（GPL10558 HumanHT-12 V4.0）,d0,169956,,,,D1b 全血 ARDS 外部验证队列（S50–S54）,canonical,GSE32707_series_matrix.txt.gz (source_name + subject id) + D1b 元数据核验报告,,NA,NA
sample,GSE32707,GSM812686,GSM812686,ARDS,whole blood（GEO source_name）,表达微阵列（GPL10558 HumanHT-12 V4.0）,d0,169833,,,,D1b 全血 ARDS 外部验证队列（S50–S54）,canonical,GSE32707_series_matrix.txt.gz (source_name + subject id) + D1b 元数据核验报告,,NA,NA
sample,GSE32707,GSM812687,GSM812687,ARDS,whole blood（GEO source_name）,表达微阵列（GPL10558 HumanHT-12 V4.0）,d7,169799,,,,D1b 全血 ARDS 外部验证队列（S50–S54）,canonical,GSE32707_series_matrix.txt.gz (source_name + subject id) + D1b 元数据核验报告,,NA,NA
sample,GSE32707,GSM812688,GSM812688,Control,whole blood（GEO source_name）,表达微阵列（GPL10558 HumanHT-12 V4.0）,NA,169723,,,,D1b 全血 ARDS 外部验证队列（S50–S54）,canonical,GSE32707_series_matrix.txt.gz (source_name + subject id) + D1b 元数据核验报告,,NA,NA
sample,GSE32707,GSM812689,GSM812689,Control,whole blood（GEO source_name）,表达微阵列（GPL10558 HumanHT-12 V4.0）,NA,169724,,,,D1b 全血 ARDS 外部验证队列（S50–S54）,canonical,GSE32707_series_matrix.txt.gz (source_name + subject id) + D1b 元数据核验报告,,NA,NA
sample,GSE32707,GSM812690,GSM812690,Control,whole blood（GEO source_name）,表达微阵列（GPL10558 HumanHT-12 V4.0）,NA,169725,,,,D1b 全血 ARDS 外部验证队列（S50–S54）,canonical,GSE32707_series_matrix.txt.gz (source_name + subject id) + D1b 元数据核验报告,,NA,NA
sample,GSE32707,GSM812691,GSM812691,Sepsis,whole blood（GEO source_name）,表达微阵列（GPL10558 HumanHT-12 V4.0）,d0,169889,,,,D1b 全血 ARDS 外部验证队列（S50–S54）,canonical,GSE32707_series_matrix.txt.gz (source_name + subject id) + D1b 元数据核验报告,,NA,NA
sample,GSE32707,GSM812692,GSM812692,Sepsis,whole blood（GEO source_name）,表达微阵列（GPL10558 HumanHT-12 V4.0）,d7,170237,,,,D1b 全血 ARDS 外部验证队列（S50–S54）,canonical,GSE32707_series_matrix.txt.gz (source_name + subject id) + D1b 元数据核验报告,,NA,NA
sample,GSE32707,GSM812693,GSM812693,ARDS,whole blood（GEO source_name）,表达微阵列（GPL10558 HumanHT-12 V4.0）,d0,169835,,,,D1b 全血 ARDS 外部验证队列（S50–S54）,canonical,GSE32707_series_matrix.txt.gz (source_name + subject id) + D1b 元数据核验报告,,NA,NA
sample,GSE32707,GSM812694,GSM812694,ARDS,whole blood（GEO source_name）,表达微阵列（GPL10558 HumanHT-12 V4.0）,d7,169764,,,,D1b 全血 ARDS 外部验证队列（S50–S54）,canonical,GSE32707_series_matrix.txt.gz (source_name + subject id) + D1b 元数据核验报告,,NA,NA
sample,GSE32707,GSM812695,GSM812695,ARDS,whole blood（GEO source_name）,表达微阵列（GPL10558 HumanHT-12 V4.0）,d0,169772,,,,D1b 全血 ARDS 外部验证队列（S50–S54）,canonical,GSE32707_series_matrix.txt.gz (source_name + subject id) + D1b 元数据核验报告,,NA,NA
sample,GSE32707,GSM812696,GSM812696,Sepsis,whole blood（GEO source_name）,表达微阵列（GPL10558 HumanHT-12 V4.0）,d0,169890,,,,D1b 全血 ARDS 外部验证队列（S50–S54）,canonical,GSE32707_series_matrix.txt.gz (source_name + subject id) + D1b 元数据核验报告,,NA,NA
sample,GSE32707,GSM812697,GSM812697,Sepsis,whole blood（GEO source_name）,表达微阵列（GPL10558 HumanHT-12 V4.0）,d7,170242,,,,D1b 全血 ARDS 外部验证队列（S50–S54）,canonical,GSE32707_series_matrix.txt.gz (source_name + subject id) + D1b 元数据核验报告,,NA,NA
sample,GSE32707,GSM812698,GSM812698,SIRS,whole blood（GEO source_name）,表达微阵列（GPL10558 HumanHT-12 V4.0）,d0,169971,,,,D1b 全血 ARDS 外部验证队列（S50–S54）,canonical,GSE32707_series_matrix.txt.gz (source_name + subject id) + D1b 元数据核验报告,,NA,NA
sample,GSE32707,GSM812699,GSM812699,Control,whole blood（GEO source_name）,表达微阵列（GPL10558 HumanHT-12 V4.0）,NA,169727,,,,D1b 全血 ARDS 外部验证队列（S50–S54）,canonical,GSE32707_series_matrix.txt.gz (source_name + subject id) + D1b 元数据核验报告,,NA,NA
sample,GSE32707,GSM812700,GSM812700,Sepsis,whole blood（GEO source_name）,表达微阵列（GPL10558 HumanHT-12 V4.0）,d0,169891,,,,D1b 全血 ARDS 外部验证队列（S50–S54）,canonical,GSE32707_series_matrix.txt.gz (source_name + subject id) + D1b 元数据核验报告,,NA,NA
sample,GSE32707,GSM812701,GSM812701,Sepsis,whole blood（GEO source_name）,表达微阵列（GPL10558 HumanHT-12 V4.0）,d7,170198,,,,D1b 全血 ARDS 外部验证队列（S50–S54）,canonical,GSE32707_series_matrix.txt.gz (source_name + subject id) + D1b 元数据核验报告,,NA,NA
sample,GSE32707,GSM812702,GSM812702,Control,whole blood（GEO source_name）,表达微阵列（GPL10558 HumanHT-12 V4.0）,NA,169726,,,,D1b 全血 ARDS 外部验证队列（S50–S54）,canonical,GSE32707_series_matrix.txt.gz (source_name + subject id) + D1b 元数据核验报告,,NA,NA
sample,GSE32707,GSM812703,GSM812703,Sepsis,whole blood（GEO source_name）,表达微阵列（GPL10558 HumanHT-12 V4.0）,d0,169892,,,,D1b 全血 ARDS 外部验证队列（S50–S54）,canonical,GSE32707_series_matrix.txt.gz (source_name + subject id) + D1b 元数据核验报告,,NA,NA
sample,GSE32707,GSM812704,GSM812704,Sepsis,whole blood（GEO source_name）,表达微阵列（GPL10558 HumanHT-12 V4.0）,d7,170192,,,,D1b 全血 ARDS 外部验证队列（S50–S54）,canonical,GSE32707_series_matrix.txt.gz (source_name + subject id) + D1b 元数据核验报告,,NA,NA
sample,GSE32707,GSM812705,GSM812705,ARDS,whole blood（GEO source_name）,表达微阵列（GPL10558 HumanHT-12 V4.0）,d0,169770,,,,D1b 全血 ARDS 外部验证队列（S50–S54）,canonical,GSE32707_series_matrix.txt.gz (source_name + subject id) + D1b 元数据核验报告,,NA,NA
sample,GSE32707,GSM812706,GSM812706,ARDS,whole blood（GEO source_name）,表达微阵列（GPL10558 HumanHT-12 V4.0）,d7,169765,,,,D1b 全血 ARDS 外部验证队列（S50–S54）,canonical,GSE32707_series_matrix.txt.gz (source_name + subject id) + D1b 元数据核验报告,,NA,NA
sample,GSE32707,GSM812707,GSM812707,ARDS,whole blood（GEO source_name）,表达微阵列（GPL10558 HumanHT-12 V4.0）,d0,169728,,,,D1b 全血 ARDS 外部验证队列（S50–S54）,canonical,GSE32707_series_matrix.txt.gz (source_name + subject id) + D1b 元数据核验报告,,NA,NA
sample,GSE32707,GSM812708,GSM812708,ARDS,whole blood（GEO source_name）,表达微阵列（GPL10558 HumanHT-12 V4.0）,d7,169771,,,,D1b 全血 ARDS 外部验证队列（S50–S54）,canonical,GSE32707_series_matrix.txt.gz (source_name + subject id) + D1b 元数据核验报告,,NA,NA
sample,GSE32707,GSM812709,GSM812709,SIRS,whole blood（GEO source_name）,表达微阵列（GPL10558 HumanHT-12 V4.0）,d0,169984,,,,D1b 全血 ARDS 外部验证队列（S50–S54）,canonical,GSE32707_series_matrix.txt.gz (source_name + subject id) + D1b 元数据核验报告,,NA,NA
sample,GSE32707,GSM812710,GSM812710,Sepsis,whole blood（GEO source_name）,表达微阵列（GPL10558 HumanHT-12 V4.0）,d0,169893,,,,D1b 全血 ARDS 外部验证队列（S50–S54）,canonical,GSE32707_series_matrix.txt.gz (source_name + subject id) + D1b 元数据核验报告,,NA,NA
sample,GSE32707,GSM812711,GSM812711,Sepsis,whole blood（GEO source_name）,表达微阵列（GPL10558 HumanHT-12 V4.0）,d7,170189,,,,D1b 全血 ARDS 外部验证队列（S50–S54）,canonical,GSE32707_series_matrix.txt.gz (source_name + subject id) + D1b 元数据核验报告,,NA,NA
sample,GSE32707,GSM812712,GSM812712,Sepsis,whole blood（GEO source_name）,表达微阵列（GPL10558 HumanHT-12 V4.0）,d0,170375,,,,D1b 全血 ARDS 外部验证队列（S50–S54）,canonical,GSE32707_series_matrix.txt.gz (source_name + subject id) + D1b 元数据核验报告,,NA,NA
sample,GSE32707,GSM812713,GSM812713,Sepsis,whole blood（GEO source_name）,表达微阵列（GPL10558 HumanHT-12 V4.0）,d7,170236,,,,D1b 全血 ARDS 外部验证队列（S50–S54）,canonical,GSE32707_series_matrix.txt.gz (source_name + subject id) + D1b 元数据核验报告,,NA,NA
sample,GSE32707,GSM812714,GSM812714,Sepsis,whole blood（GEO source_name）,表达微阵列（GPL10558 HumanHT-12 V4.0）,d0,170378,,,,D1b 全血 ARDS 外部验证队列（S50–S54）,canonical,GSE32707_series_matrix.txt.gz (source_name + subject id) + D1b 元数据核验报告,,NA,NA
sample,GSE32707,GSM812715,GSM812715,Sepsis,whole blood（GEO source_name）,表达微阵列（GPL10558 HumanHT-12 V4.0）,d7,170241,,,,D1b 全血 ARDS 外部验证队列（S50–S54）,canonical,GSE32707_series_matrix.txt.gz (source_name + subject id) + D1b 元数据核验报告,,NA,NA
sample,GSE32707,GSM812716,GSM812716,Sepsis,whole blood（GEO source_name）,表达微阵列（GPL10558 HumanHT-12 V4.0）,d0,170437,,,,D1b 全血 ARDS 外部验证队列（S50–S54）,canonical,GSE32707_series_matrix.txt.gz (source_name + subject id) + D1b 元数据核验报告,,NA,NA
sample,GSE32707,GSM812717,GSM812717,Sepsis,whole blood（GEO source_name）,表达微阵列（GPL10558 HumanHT-12 V4.0）,d7,170432,,,,D1b 全血 ARDS 外部验证队列（S50–S54）,canonical,GSE32707_series_matrix.txt.gz (source_name + subject id) + D1b 元数据核验报告,,NA,NA
sample,GSE32707,GSM812718,GSM812718,Sepsis,whole blood（GEO source_name）,表达微阵列（GPL10558 HumanHT-12 V4.0）,d0,170371,,,,D1b 全血 ARDS 外部验证队列（S50–S54）,canonical,GSE32707_series_matrix.txt.gz (source_name + subject id) + D1b 元数据核验报告,,NA,NA
sample,GSE32707,GSM812719,GSM812719,Sepsis,whole blood（GEO source_name）,表达微阵列（GPL10558 HumanHT-12 V4.0）,d7,170197,,,,D1b 全血 ARDS 外部验证队列（S50–S54）,canonical,GSE32707_series_matrix.txt.gz (source_name + subject id) + D1b 元数据核验报告,,NA,NA
sample,GSE32707,GSM812720,GSM812720,SIRS,whole blood（GEO source_name）,表达微阵列（GPL10558 HumanHT-12 V4.0）,d0,169961,,,,D1b 全血 ARDS 外部验证队列（S50–S54）,canonical,GSE32707_series_matrix.txt.gz (source_name + subject id) + D1b 元数据核验报告,,NA,NA
sample,GSE32707,GSM812721,GSM812721,ARDS,whole blood（GEO source_name）,表达微阵列（GPL10558 HumanHT-12 V4.0）,d0,169768,,,,D1b 全血 ARDS 外部验证队列（S50–S54）,canonical,GSE32707_series_matrix.txt.gz (source_name + subject id) + D1b 元数据核验报告,,NA,NA
sample,GSE32707,GSM812722,GSM812722,SIRS,whole blood（GEO source_name）,表达微阵列（GPL10558 HumanHT-12 V4.0）,d0,169959,,,,D1b 全血 ARDS 外部验证队列（S50–S54）,canonical,GSE32707_series_matrix.txt.gz (source_name + subject id) + D1b 元数据核验报告,,NA,NA
sample,GSE32707,GSM812723,GSM812723,SIRS,whole blood（GEO source_name）,表达微阵列（GPL10558 HumanHT-12 V4.0）,d0,169983,,,,D1b 全血 ARDS 外部验证队列（S50–S54）,canonical,GSE32707_series_matrix.txt.gz (source_name + subject id) + D1b 元数据核验报告,,NA,NA
sample,GSE32707,GSM812724,GSM812724,Sepsis,whole blood（GEO source_name）,表达微阵列（GPL10558 HumanHT-12 V4.0）,d0,170434,,,,D1b 全血 ARDS 外部验证队列（S50–S54）,canonical,GSE32707_series_matrix.txt.gz (source_name + subject id) + D1b 元数据核验报告,,NA,NA
sample,GSE32707,GSM812725,GSM812725,Sepsis,whole blood（GEO source_name）,表达微阵列（GPL10558 HumanHT-12 V4.0）,d7,170431,,,,D1b 全血 ARDS 外部验证队列（S50–S54）,canonical,GSE32707_series_matrix.txt.gz (source_name + subject id) + D1b 元数据核验报告,,NA,NA
sample,GSE32707,GSM812726,GSM812726,Sepsis,whole blood（GEO source_name）,表达微阵列（GPL10558 HumanHT-12 V4.0）,d0,170436,,,,D1b 全血 ARDS 外部验证队列（S50–S54）,canonical,GSE32707_series_matrix.txt.gz (source_name + subject id) + D1b 元数据核验报告,,NA,NA
sample,GSE32707,GSM812727,GSM812727,Sepsis,whole blood（GEO source_name）,表达微阵列（GPL10558 HumanHT-12 V4.0）,d7,170429,,,,D1b 全血 ARDS 外部验证队列（S50–S54）,canonical,GSE32707_series_matrix.txt.gz (source_name + subject id) + D1b 元数据核验报告,,NA,NA
sample,GSE32707,GSM812728,GSM812728,Control,whole blood（GEO source_name）,表达微阵列（GPL10558 HumanHT-12 V4.0）,NA,169692,,,,D1b 全血 ARDS 外部验证队列（S50–S54）,canonical,GSE32707_series_matrix.txt.gz (source_name + subject id) + D1b 元数据核验报告,,NA,NA
sample,GSE32707,GSM812729,GSM812729,Sepsis,whole blood（GEO source_name）,表达微阵列（GPL10558 HumanHT-12 V4.0）,d0,170379,,,,D1b 全血 ARDS 外部验证队列（S50–S54）,canonical,GSE32707_series_matrix.txt.gz (source_name + subject id) + D1b 元数据核验报告,,NA,NA
sample,GSE32707,GSM812730,GSM812730,Sepsis,whole blood（GEO source_name）,表达微阵列（GPL10558 HumanHT-12 V4.0）,d7,170430,,,,D1b 全血 ARDS 外部验证队列（S50–S54）,canonical,GSE32707_series_matrix.txt.gz (source_name + subject id) + D1b 元数据核验报告,,NA,NA
sample,GSE32707,GSM812731,GSM812731,ARDS,whole blood（GEO source_name）,表达微阵列（GPL10558 HumanHT-12 V4.0）,d0,169794,,,,D1b 全血 ARDS 外部验证队列（S50–S54）,canonical,GSE32707_series_matrix.txt.gz (source_name + subject id) + D1b 元数据核验报告,,NA,NA
sample,GSE32707,GSM812732,GSM812732,ARDS,whole blood（GEO source_name）,表达微阵列（GPL10558 HumanHT-12 V4.0）,d7,170240,,,,D1b 全血 ARDS 外部验证队列（S50–S54）,canonical,GSE32707_series_matrix.txt.gz (source_name + subject id) + D1b 元数据核验报告,,NA,NA
sample,GSE32707,GSM812733,GSM812733,ARDS,whole blood（GEO source_name）,表达微阵列（GPL10558 HumanHT-12 V4.0）,d0,170370,,,,D1b 全血 ARDS 外部验证队列（S50–S54）,canonical,GSE32707_series_matrix.txt.gz (source_name + subject id) + D1b 元数据核验报告,,NA,NA
sample,GSE32707,GSM812734,GSM812734,ARDS,whole blood（GEO source_name）,表达微阵列（GPL10558 HumanHT-12 V4.0）,d7,170369,,,,D1b 全血 ARDS 外部验证队列（S50–S54）,canonical,GSE32707_series_matrix.txt.gz (source_name + subject id) + D1b 元数据核验报告,,NA,NA
sample,GSE32707,GSM812735,GSM812735,Control,whole blood（GEO source_name）,表达微阵列（GPL10558 HumanHT-12 V4.0）,NA,169691,,,,D1b 全血 ARDS 外部验证队列（S50–S54）,canonical,GSE32707_series_matrix.txt.gz (source_name + subject id) + D1b 元数据核验报告,,NA,NA
sample,GSE32707,GSM812736,GSM812736,Control,whole blood（GEO source_name）,表达微阵列（GPL10558 HumanHT-12 V4.0）,NA,169719,,,,D1b 全血 ARDS 外部验证队列（S50–S54）,canonical,GSE32707_series_matrix.txt.gz (source_name + subject id) + D1b 元数据核验报告,,NA,NA
sample,GSE32707,GSM812737,GSM812737,ARDS,whole blood（GEO source_name）,表达微阵列（GPL10558 HumanHT-12 V4.0）,d0,170374,,,,D1b 全血 ARDS 外部验证队列（S50–S54）,canonical,GSE32707_series_matrix.txt.gz (source_name + subject id) + D1b 元数据核验报告,,NA,NA
sample,GSE32707,GSM812738,GSM812738,ARDS,whole blood（GEO source_name）,表达微阵列（GPL10558 HumanHT-12 V4.0）,d7,170377,,,,D1b 全血 ARDS 外部验证队列（S50–S54）,canonical,GSE32707_series_matrix.txt.gz (source_name + subject id) + D1b 元数据核验报告,,NA,NA
sample,GSE32707,GSM812739,GSM812739,ARDS,whole blood（GEO source_name）,表达微阵列（GPL10558 HumanHT-12 V4.0）,d0,170376,,,,D1b 全血 ARDS 外部验证队列（S50–S54）,canonical,GSE32707_series_matrix.txt.gz (source_name + subject id) + D1b 元数据核验报告,,NA,NA
sample,GSE32707,GSM812740,GSM812740,ARDS,whole blood（GEO source_name）,表达微阵列（GPL10558 HumanHT-12 V4.0）,d7,170372,,,,D1b 全血 ARDS 外部验证队列（S50–S54）,canonical,GSE32707_series_matrix.txt.gz (source_name + subject id) + D1b 元数据核验报告,,NA,NA
sample,GSE32707,GSM812741,GSM812741,Control,whole blood（GEO source_name）,表达微阵列（GPL10558 HumanHT-12 V4.0）,NA,128115,,,,D1b 全血 ARDS 外部验证队列（S50–S54）,canonical,GSE32707_series_matrix.txt.gz (source_name + subject id) + D1b 元数据核验报告,,NA,NA
sample,GSE32707,GSM812742,GSM812742,Control,whole blood（GEO source_name）,表达微阵列（GPL10558 HumanHT-12 V4.0）,NA,128115,,,,D1b 全血 ARDS 外部验证队列（S50–S54）,canonical,GSE32707_series_matrix.txt.gz (source_name + subject id) + D1b 元数据核验报告,对照技术重复（subject 128115 共 2 管，主分析保留、S54 受试者塌陷敏感性）,NA,NA
sample,GSE32707,GSM812743,GSM812743,Control,whole blood（GEO source_name）,表达微阵列（GPL10558 HumanHT-12 V4.0）,NA,128115,,,,D1b 全血 ARDS 外部验证队列（S50–S54）,canonical,GSE32707_series_matrix.txt.gz (source_name + subject id) + D1b 元数据核验报告,对照技术重复（subject 128115 共 3 管，主分析保留、S54 受试者塌陷敏感性）,NA,NA
sample,GSE32707,GSM812744,GSM812744,Control,whole blood（GEO source_name）,表达微阵列（GPL10558 HumanHT-12 V4.0）,NA,128115,,,,D1b 全血 ARDS 外部验证队列（S50–S54）,canonical,GSE32707_series_matrix.txt.gz (source_name + subject id) + D1b 元数据核验报告,对照技术重复（subject 128115 共 4 管，主分析保留、S54 受试者塌陷敏感性）,NA,NA
sample,GSE32707,GSM812745,GSM812745,Control,whole blood（GEO source_name）,表达微阵列（GPL10558 HumanHT-12 V4.0）,NA,128115,,,,D1b 全血 ARDS 外部验证队列（S50–S54）,canonical,GSE32707_series_matrix.txt.gz (source_name + subject id) + D1b 元数据核验报告,对照技术重复（subject 128115 共 5 管，主分析保留、S54 受试者塌陷敏感性）,NA,NA
sample,GSE32707,GSM812746,GSM812746,Control,whole blood（GEO source_name）,表达微阵列（GPL10558 HumanHT-12 V4.0）,NA,128115,,,,D1b 全血 ARDS 外部验证队列（S50–S54）,canonical,GSE32707_series_matrix.txt.gz (source_name + subject id) + D1b 元数据核验报告,对照技术重复（subject 128115 共 6 管，主分析保留、S54 受试者塌陷敏感性）,NA,NA
sample,GSE32707,GSM812747,GSM812747,Control,whole blood（GEO source_name）,表达微阵列（GPL10558 HumanHT-12 V4.0）,NA,128115,,,,D1b 全血 ARDS 外部验证队列（S50–S54）,canonical,GSE32707_series_matrix.txt.gz (source_name + subject id) + D1b 元数据核验报告,对照技术重复（subject 128115 共 7 管，主分析保留、S54 受试者塌陷敏感性）,NA,NA
sample,GSE32707,GSM812748,GSM812748,Control,whole blood（GEO source_name）,表达微阵列（GPL10558 HumanHT-12 V4.0）,NA,128115,,,,D1b 全血 ARDS 外部验证队列（S50–S54）,canonical,GSE32707_series_matrix.txt.gz (source_name + subject id) + D1b 元数据核验报告,对照技术重复（subject 128115 共 8 管，主分析保留、S54 受试者塌陷敏感性）,NA,NA
sample,GSE32707,GSM812749,GSM812749,Control,whole blood（GEO source_name）,表达微阵列（GPL10558 HumanHT-12 V4.0）,NA,128115,,,,D1b 全血 ARDS 外部验证队列（S50–S54）,canonical,GSE32707_series_matrix.txt.gz (source_name + subject id) + D1b 元数据核验报告,对照技术重复（subject 128115 共 9 管，主分析保留、S54 受试者塌陷敏感性）,NA,NA
sample,GSE32707,GSM812750,GSM812750,Control,whole blood（GEO source_name）,表达微阵列（GPL10558 HumanHT-12 V4.0）,NA,128115,,,,D1b 全血 ARDS 外部验证队列（S50–S54）,canonical,GSE32707_series_matrix.txt.gz (source_name + subject id) + D1b 元数据核验报告,对照技术重复（subject 128115 共 10 管，主分析保留、S54 受试者塌陷敏感性）,NA,NA
sample,GSE32707,GSM812751,GSM812751,Control,whole blood（GEO source_name）,表达微阵列（GPL10558 HumanHT-12 V4.0）,NA,128115,,,,D1b 全血 ARDS 外部验证队列（S50–S54）,canonical,GSE32707_series_matrix.txt.gz (source_name + subject id) + D1b 元数据核验报告,对照技术重复（subject 128115 共 11 管，主分析保留、S54 受试者塌陷敏感性）,NA,NA
sample,GSE32707,GSM812752,GSM812752,Control,whole blood（GEO source_name）,表达微阵列（GPL10558 HumanHT-12 V4.0）,NA,128115,,,,D1b 全血 ARDS 外部验证队列（S50–S54）,canonical,GSE32707_series_matrix.txt.gz (source_name + subject id) + D1b 元数据核验报告,对照技术重复（subject 128115 共 12 管，主分析保留、S54 受试者塌陷敏感性）,NA,NA
dataset_summary,GSE32707,,,,,,,,,144,Control 34 / SIRS d0 21 / Sepsis d0 30 / Sepsis d7 28 / se-ARDS d0 18 / se-ARDS d7 13（GEO source_name 逐样本）,D1b 全血真 ARDS 表型外部验证队列（S50–S54；Davenport et al. Sci Transl Med 2016）,canonical,series_matrix 逐 GSM + D1b_GSE32707_Metadata_Check_Report.md + Table_S50_D1b_GSE32707_Groups.csv,非配对横断面两时点（无双时点受试者；主分析 d0 子集）；对照 34 样本=22 受试者（subject 128115 占 12 管技术重复，主分析保留+受试者塌陷敏感性 S54）；80 基因可测 74/80——6 个 MT 基因（MT-ATP6/ATP8/CO1/CYB/ND1/ND2）为 GPL10558 官方注释层真实缺席（S52 登记）；GSDME 以旧名 DFNA5 检出（manifest aliases 2026-08-16 登记）,NA,NA
sample,GSE165659,GSM5047856,SM-A62E9,健康供体（主稿 Methods 口径：图谱基线）,肺组织,sci-ATAC-seq,,,5126,,,scATAC 染色质可及性基线（S26）,canonical,目录名 GSM + barcodes 行数,"raw barcodes；SnapATAC2 QC 后全队列 21,790 细胞（主稿 Methods）",NA,NA
sample,GSE165659,GSM5047857,SM-A8WNH,健康供体（主稿 Methods 口径：图谱基线）,肺组织,sci-ATAC-seq,,,5307,,,scATAC 染色质可及性基线（S26）,canonical,目录名 GSM + barcodes 行数,"raw barcodes；SnapATAC2 QC 后全队列 21,790 细胞（主稿 Methods）",NA,NA
sample,GSE165659,GSM5047858,SM-ACCPU,健康供体（主稿 Methods 口径：图谱基线）,肺组织,sci-ATAC-seq,,,5502,,,scATAC 染色质可及性基线（S26）,canonical,目录名 GSM + barcodes 行数,"raw barcodes；SnapATAC2 QC 后全队列 21,790 细胞（主稿 Methods）",NA,NA
sample,GSE165659,GSM5047859,SM-JF1NZ,健康供体（主稿 Methods 口径：图谱基线）,肺组织,sci-ATAC-seq,,,7339,,,scATAC 染色质可及性基线（S26）,canonical,目录名 GSM + barcodes 行数,"raw barcodes；SnapATAC2 QC 后全队列 21,790 细胞（主稿 Methods）",NA,NA
dataset_summary,GSE165659,,,,,,,,,4,健康供体 4（无病例分组；主稿定位为基线非 ARDS 重塑）,scATAC-seq 染色质可及性基线（S26）,canonical,目录名 + 主稿 Methods,"raw barcodes 23,274 → SnapATAC2 QC 后 21,790 细胞 / 562,444 bins",NA,NA
external_source,ieu-b-69,,,,,,,,,"486,484",脓毒症 GWAS 汇总统计,cis-MR 主分析结局（S15a）,canonical,主稿 Methods（IEU OpenGWAS）,,NA,NA
external_source,ieu-b-5086,,,,,,,,,"486,484",脓毒症 28 天死亡 GWAS,cis-MR 主分析结局（S15a）,canonical,主稿 Methods（IEU OpenGWAS）,,NA,NA
external_source,FinnGen_R10_J10_ARDS,,,,,,,,,"357 病例 / 406,536 对照（EUR）",真 ARDS 结局 GWAS,S19 疾病关联检索 + cis-MR 敏感性结局 + coloc（S15b/S15c）,canonical,00_RAW_DATA/GWAS/finngen_R10_J10_ARDS + 方案 §13.2,,NA,NA
external_source,eQTLGen,,,,,,,,,"31,470",全血 cis-eQTL 汇总统计,MR/coloc 暴露工具变量来源（S15a/S15b/S15d）,canonical,主稿 Methods,cis-only 过滤后 34 工具/15 基因,NA,NA
external_source,gnomAD_v2.1.1,,,,,,,,,"141,456 个体",LoF/错义约束统计,S40 纯化选择约束（Bridge 维度）,canonical,主稿 Methods,,NA,NA
external_source,AlphaMissense,,,,,,,,,"全库 182,567 错义（55 基因面板）",错义致病性评分,S18 致病变异负荷（Bridge 维度）,canonical,主稿 Methods,,NA,NA
external_source,CMap_L1000,,,,,,,,,19 种通路相关药物,转录连接性扰动签名,S23 药物重定位评分,canonical,主稿 Methods,,NA,NA
external_source,1000G_PLINK_参考面板,,,,,,,,,AFR 661 + AMR 等,LD 参考基因型,MR LD clumping（r²<0.001）,reference,00_RAW_DATA/AFR.fam 等（HG* 个体 ID 核验）,,NA,NA
external_source,HLCA_肺细胞图谱,,,,,,,,,参考注释,肺细胞类型参考映射,单细胞注释（S26a）,reference,annotate_cell_types_lung_atlas.py,,NA,NA
external_source,cCRE_EpiAgent 参考,,,,,,,,,cCRE.bed + document_frequency.npy,染色质元件参考,scATAC 分析参考（run_scATAC_SCENIC_joint_27.1.py）,reference,00_RAW_DATA/EpiAgent_reference/,,NA,NA
external_source,GSE171524,,,,,,,,,54 GSM（已下载）,IPF 肺组织空间转录组,空间验证（B1）——2026-08-15 暂缓 ⏭️,downloaded_unused,00_RAW_DATA/GSE171524_RAW（C51ctr–C57ctr 等样本文件）,未产出任何结果表；可视化类任务暂缓决策,NA,NA
external_source,GSE200042,,,,,,,,,已下载（tar+RAW）,小鼠 LPS ALI 空间转录组,空间验证——随 B1 暂缓 ⏭️,downloaded_unused,00_RAW_DATA/GSE200042_Mouse_LPS_ALI_Spatial/,,NA,NA
external_source,MosMedData_CT,,,,,,,,,CT-0/CT-23 等 zip,COVID-19 胸部 CT 影像,影像组学×基因组（radiomics_imaging_genomics_24.1.py / radiomics_v2_real_data.py 输入）——N16 保留在册,exploratory_asset,00_RAW_DATA/MosMedData_CT + 孤儿脚本头注,N16 处置（2026-08-16）：7 个孤儿脚本（radiomics×2、run_mofa×2、GEARS、celloracle×2）保留为探索性资产并登记入册，不删除；是否纳入留档位 C 启动时定夺,NA,NA
