source,library,rank,term,p_value,adj_p_value,odds_ratio,combined_score,overlap_genes,n_overlap,gene_set_version,score_version
GO_BP,GO_Biological_Process_2023,38,Interleukin-27-Mediated Signaling Pathway (GO:0070106),5.0729068690531145e-06,0.0005335897040948763,91260.0,1112605.1018564752,OAS1; OAS2; STAT1; MX1; OASL,5,NA,NA
GO_BP,GO_Biological_Process_2023,22,Double-Strand Break Repair Via Break-Induced Replication (GO:0000727),4.3488298661637457e-07,7.901033170480223e-05,27.967816091954024,409.6778515105687,GINS2; MCM7; MCM3; MCM4; CDC7; MCM5; MCM6; MCM2,8,NA,NA
GO_BP,GO_Biological_Process_2023,88,Regulation Of Ribonuclease Activity (GO:0060700),0.00027053811667271486,0.012287964231145924,41.86009174311926,343.88473744361903,OAS1; OAS2; OAS3; OASL,4,NA,NA
GO_BP,GO_Biological_Process_2023,2,Negative Regulation Of Mitotic Metaphase/Anaphase Transition (GO:0045841),1.194526858072076e-10,2.3872619258570436e-07,14.041570438799075,320.8232161810054,ZWILCH; PLK1; BUB1B; TTK; ZWINT; CDC20; CENPF; NUF2; KNTC1; ATM; FBXO5; TRIP13; BUB1; SPC24; MAD2L1; SPC25,16,NA,NA
GO_BP,GO_Biological_Process_2023,3,Mitotic Spindle Assembly Checkpoint Signaling (GO:0007094),3.821613505108927e-10,3.0549978359840764e-07,14.353197293185753,311.2516412285716,ZWILCH; PLK1; BUB1B; TTK; ZWINT; CDC20; CENPF; NUF2; KNTC1; ATM; TRIP13; BUB1; SPC24; MAD2L1; SPC25,15,NA,NA
GO_BP,GO_Biological_Process_2023,4,Mitotic Spindle Checkpoint Signaling (GO:0071174),3.821613505108927e-10,3.0549978359840764e-07,14.353197293185753,311.2516412285716,ZWILCH; PLK1; BUB1B; TTK; ZWINT; CDC20; CENPF; NUF2; KNTC1; ATM; TRIP13; BUB1; SPC24; MAD2L1; SPC25,15,NA,NA
GO_BP,GO_Biological_Process_2023,5,Spindle Assembly Checkpoint Signaling (GO:0071173),3.821613505108927e-10,3.0549978359840764e-07,14.353197293185753,311.2516412285716,ZWILCH; PLK1; BUB1B; TTK; ZWINT; CDC20; CENPF; NUF2; KNTC1; ATM; TRIP13; BUB1; SPC24; MAD2L1; SPC25,15,NA,NA
GO_BP,GO_Biological_Process_2023,36,Mitotic DNA Replication (GO:1902969),3.646170253931086e-06,0.00040482618069340414,24.457782883400345,306.2562773827496,GINS1; POLA1; MCM3; MCM4; MCM6; TK1; MCM2,7,NA,NA
GO_BP,GO_Biological_Process_2023,11,DNA Unwinding Involved In DNA Replication (GO:0006268),1.240230687945686e-08,4.478239503021777e-06,15.763824884792626,286.9864749791405,GINS1; RECQL4; GINS2; WRN; CDC45; MCM7; HMGA1; MCM3; MCM4; MCM5; MCM6; MCM2,12,NA,NA
GO_BP,GO_Biological_Process_2023,20,MHC Class II Protein Complex Assembly (GO:0002399),3.8915124835727266e-07,7.406845427066756e-05,18.887061529614723,278.7597648446485,HLA-DMA; HLA-DMB; HLA-DRA; HLA-DOA; HLA-DQA2; HLA-DQA1; HLA-DQB2; HLA-DRB1; HLA-DPA1,9,NA,NA
GO_BP,GO_Biological_Process_2023,21,Peptide Antigen Assembly With MHC Class II Protein Complex (GO:0002503),3.8915124835727266e-07,7.406845427066756e-05,18.887061529614723,278.7597648446485,HLA-DMA; HLA-DMB; HLA-DRA; HLA-DOA; HLA-DQA2; HLA-DQA1; HLA-DQB2; HLA-DRB1; HLA-DPA1,9,NA,NA
GO_BP,GO_Biological_Process_2023,6,Immunoglobulin Mediated Immune Response (GO:0016064),4.819650134855292e-10,3.2106902648361004e-07,12.03431210821511,258.1738978780137,CD74; CD81; HLA-DMA; HLA-DMB; IL2RB; IL21R; FCER1A; CD27; HLA-DRA; TLR8; HLA-DOA; HLA-DQA2; HLA-DQA1; HLA-DQB2; HLA-DRB1; HLA-DPA1,16,NA,NA
GO_BP,GO_Biological_Process_2023,23,Peptide Antigen Assembly With MHC Protein Complex (GO:0002501),5.76167903855867e-07,9.618218575355313e-05,13.121403912543153,188.51346117739112,HLA-DMA; HLA-DMB; HLA-DRA; CALR; HLA-DOA; HLA-DQA2; HLA-DQA1; HLA-DQB2; HLA-DRB1; HLA-DPA1,10,NA,NA
GO_BP,GO_Biological_Process_2023,28,Immunoglobulin Production Involved In Immunoglobulin-Mediated Immune Response (GO:0002381),1.1207630753401385e-06,0.00015998892900480477,11.66283084004603,159.79828593797666,HLA-DMA; HLA-DMB; SHLD2; HLA-DRA; HLA-DOA; HLA-DQA2; HLA-DQA1; HLA-DQB2; HLA-DRB1; HLA-DPA1,10,NA,NA
GO_BP,GO_Biological_Process_2023,49,DNA Strand Elongation Involved In DNA Replication (GO:0006271),2.055286728637993e-05,0.0016765267457889913,14.673061458931649,158.35916398518407,POLA1; RFC3; PCNA; MCM7; POLD2; MCM3; MCM4,7,NA,NA
GO_BP,GO_Biological_Process_2023,102,Regulation Of T-helper Cell Differentiation (GO:0045622),0.0007551648298077363,0.029035555364902956,20.928899082568808,150.44895057022254,MYDGF; IRF4; HLA-DRA; HLA-DRB1,4,NA,NA
GO_BP,GO_Biological_Process_2023,103,Regulation Of Nuclease Activity (GO:0032069),0.0007551648298077363,0.029035555364902956,20.928899082568808,150.44895057022254,OAS1; OAS2; OAS3; OASL,4,NA,NA
GO_BP,GO_Biological_Process_2023,83,Positive Regulation Of Adaptive Immune Response (GO:0002821),0.0002266868016553456,0.010916471641161643,17.449799196787147,146.43768918772525,PYCARD; CD81; IL6ST; SIRT1; SKAP1,5,NA,NA
GO_BP,GO_Biological_Process_2023,43,Alpha-Beta T Cell Activation (GO:0046631),1.230979876002946e-05,0.0011182333100872217,11.983579638752053,135.47574551532296,RSAD2; TRBC2; TRBC1; NKG7; CD3G; CD247; CD3E; CD3D,8,NA,NA
GO_BP,GO_Biological_Process_2023,44,Defense Response To Protozoan (GO:0042832),1.230979876002946e-05,0.0011182333100872217,11.983579638752053,135.47574551532296,GBP6; BATF2; CD40; IRF4; SLC11A1; NKG7; GBP1; GBP4,8,NA,NA
GO_BP,GO_Biological_Process_2023,24,Antigen Processing And Presentation Of Exogenous Peptide Antigen Via MHC Class II (GO:0019886),5.775262592157307e-07,9.618218575355313e-05,9.00493745885451,129.35153151232228,HLA-DMA; PIKFYVE; HLA-DMB; HLA-DRA; HLA-DOA; CTSD; HLA-DQA2; HLA-DQA1; HLA-DQB2; HLA-DRB1; HLA-DPA1; LGMN,12,NA,NA
GO_BP,GO_Biological_Process_2023,1,Antigen Receptor-Mediated Signaling Pathway (GO:0050851),1.892350107602788e-12,7.563723380088343e-09,4.523892570631322,122.11434424870116,DENND1B; IGHM; ITK; TXK; CD3G; GATA3; CD3E; CD3D; IGHG3; IGHG4; TRGC1; IGHG1; IGHG2; IGKC; TRBC2; TRBC1; IGLC3; CD38; TRDC; IGHA1; TRGC2; HLA-DPA1; MEF2C; BTN3A1; IGLC7; PLEKHA1; THEMIS; NFATC2; BTN3A3; BTN3A2; BMX; CD8B; CD8A; LCK; BCL2; CD28; CD247; MS4A1; SKAP1; HLA-DRB1,40,NA,NA
GO_BP,GO_Biological_Process_2023,14,B Cell Receptor Signaling Pathway (GO:0050853),2.113234964207653e-08,6.033285822812849e-06,6.771924029727498,119.67656203828098,IGHM; ITK; MEF2C; IGLC7; PLEKHA1; NFATC2; BMX; IGHG3; IGHG4; IGHG1; IGHG2; IGKC; LCK; IGLC3; BCL2; CD38; IGHA1; MS4A1,18,NA,NA
GO_BP,GO_Biological_Process_2023,10,Positive Regulation Of Type II Interferon Production (GO:0032729),7.382663392222846e-09,2.9508505578714716e-06,5.986243916180222,112.08721750053046,IL1R1; SLC11A1; TXK; CRTAM; BTN3A2; RASGRP1; PYCARD; CD2; MYDGF; TLR8; F2RL1; CD226; TLR7; SLAMF6; CD14; JAK2; CD244; IL18R1; HLA-DPA1; IL12RB2; SLAMF1,21,NA,NA
GO_BP,GO_Biological_Process_2023,9,Regulation Of T Cell Activation (GO:0050863),5.034110451606414e-09,2.2357043861189815e-06,5.8033603707995365,110.88497489855885,SIRPG; CRTAM; PYCARD; CD2; LGALS3; MYDGF; HLA-DMA; CD4; HLA-DMB; SIT1; LCK; CCL5; TBX21; HLA-DRA; PRKCQ; HLA-DOA; TIGIT; HLA-DQA2; HLA-DQB2; HLA-DQA1; HLA-DRB1; HLA-DPA1,22,NA,NA
GO_BP,GO_Biological_Process_2023,27,Antigen Processing And Presentation Of Exogenous Peptide Antigen (GO:0002478),7.617346298675461e-07,0.00011276493761409561,7.590201729106628,106.92823895141163,HLA-DMA; MFSD6; PIKFYVE; HLA-DMB; HLA-DRA; HLA-DOA; CTSD; HLA-DQA2; HLA-DQA1; HLA-DQB2; HLA-DRB1; HLA-DPA1; LGMN,13,NA,NA
GO_BP,GO_Biological_Process_2023,30,Antigen Processing And Presentation Of Peptide Antigen Via MHC Class II (GO:0002495),1.5412200372227213e-06,0.0002053418829593072,7.878456221198157,105.43687714577325,HLA-DMA; PIKFYVE; HLA-DMB; HLA-DRA; HLA-DOA; CTSD; HLA-DQA2; HLA-DQA1; HLA-DQB2; HLA-DRB1; HLA-DPA1; LGMN,12,NA,NA
GO_BP,GO_Biological_Process_2023,98,Kinetochore Assembly (GO:0051382),0.0004732445106269478,0.01930161539771337,13.08663224325875,100.18992642398234,CENPE; CENPF; KNTC1; DLGAP5; CENPC,5,NA,NA
GO_BP,GO_Biological_Process_2023,57,Regulation Of DNA-templated DNA Replication (GO:0090329),3.963937051069213e-05,0.0027796239286181834,9.319540229885057,94.45994954594231,CDT1; MCM7; MCM3; MCM4; MCM5; MCM6; NUGGC; MCM2,8,NA,NA
GO_BP,GO_Biological_Process_2023,48,T Cell Mediated Immunity (GO:0002456),2.008440842962664e-05,0.001672445426942035,8.58220502901354,92.82141130137694,CR2; CR1; CADM1; CD8A; CRTAM; PRF1; BTN3A3; BTN3A2; CD46,9,NA,NA
GO_BP,GO_Biological_Process_2023,85,DNA Strand Elongation (GO:0022616),0.0002570112491008519,0.01180774669719661,10.474167623421355,86.58356186607715,POLA1; RFC3; MCM7; POLD2; MCM3; MCM4,6,NA,NA
GO_BP,GO_Biological_Process_2023,86,Gamma-Delta T Cell Activation (GO:0046629),0.0002570112491008519,0.01180774669719661,10.474167623421355,86.58356186607715,ITK; TRGC1; CD3G; TRDC; CD3E; TRGC2,6,NA,NA
GO_BP,GO_Biological_Process_2023,87,Regulation Of DNA-templated DNA Replication Initiation (GO:0030174),0.0002570112491008519,0.01180774669719661,10.474167623421355,86.58356186607715,MCM7; MCM3; MCM4; MCM5; MCM6; MCM2,6,NA,NA
GO_BP,GO_Biological_Process_2023,71,Mitotic Chromosome Condensation (GO:0007076),0.00013191379552514193,0.007359710273418538,9.169155657668007,81.91138592585261,CDCA5; PLK1; NUSAP1; NCAPG; SMC4; NCAPH; SMC2,7,NA,NA
GO_BP,GO_Biological_Process_2023,12,Regulation Of Type II Interferon Production (GO:0032649),1.3444802110648316e-08,4.478239503021777e-06,4.502637040421926,81.60882519199377,TXK; RASGRP1; PYCARD; MYDGF; CCR7; SLAMF6; CD14; JAK2; HLA-DPA1; IL12RB2; SLAMF1; CR1; BTN3A1; IL1R1; SLC11A1; CRTAM; BTN3A2; PDCD1LG2; CD2; TLR8; F2RL1; CD226; TLR7; CD244; HLA-DRB1; IL18R1,26,NA,NA
GO_BP,GO_Biological_Process_2023,53,DNA Replication Initiation (GO:0006270),3.242247377659184e-05,0.002399863475648844,7.866589994249568,81.31425622230134,POLA1; CDC45; MCM7; ORC1; MCM3; MCM10; MCM5; NOC3L; MCM2,9,NA,NA
GO_BP,GO_Biological_Process_2023,54,Positive Regulation Of Natural Killer Cell Mediated Cytotoxicity (GO:0045954),3.242247377659184e-05,0.002399863475648844,7.866589994249568,81.31425622230134,NCR3; KLRK1; CADM1; CD160; CRTAM; CD226; KLRD1; SLAMF6; RASGRP1,9,NA,NA
GO_BP,GO_Biological_Process_2023,17,Positive Regulation Of Lymphocyte Proliferation (GO:0050671),4.043420736085972e-08,9.5067956953739e-06,4.75843137254902,81.00558327042361,CD86; CD74; CD40; MEF2C; TFRC; CD81; FCRL3; NFATC2; PDCD1LG2; CD3E; HLA-DMB; CD40LG; CD6; CCL5; GPR183; BCL2; CD28; CD38; JAK2; CD46; IL6ST; HLA-DPA1; CD320,23,NA,NA
GO_BP,GO_Biological_Process_2023,31,G2/M Transition Of Mitotic Cell Cycle (GO:0000086),1.8606047929691366e-06,0.0002398979792741174,6.132064590542099,80.91019442388932,PLK1; FBXL15; FOXM1; PKMYT1; BACH1; CDC25A; AURKA; CDC25B; CCNA2; LATS1; CCNB1; WEE1; MELK; CDK1,14,NA,NA
GO_BP,GO_Biological_Process_2023,62,Positive Regulation Of Chromosome Segregation (GO:0051984),6.58839164049848e-05,0.004247387320495552,8.387126436781609,80.74803441179154,CCNB1; CDK1; NCAPG; SMC5; CDC6; SMC4; NCAPH; SMC2,8,NA,NA
GO_BP,GO_Biological_Process_2023,7,T Cell Activation (GO:0042110),3.4859945518031008e-09,1.9905028890795707e-06,4.101135701805474,79.86761829514222,CD86; ITK; CD3G; GATA3; CD1C; CD3E; LY9; RASGRP1; CD3D; DPP4; LFNG; TRGC1; TRBC2; TRBC1; SLAMF7; SLAMF6; TRDC; CCR7; TRGC2; CD74; CRTAM; CD2; CD4; CD8B; CD8A; IRF4; LCK; CD7; CD28; F2RL1; CD247,31,NA,NA
GO_BP,GO_Biological_Process_2023,107,Kinetochore Organization (GO:0051383),0.0008783550979583922,0.03262646578013201,10.46873207114171,73.67327908197962,CENPE; CENPF; NUF2; DLGAP5; CENPC,5,NA,NA
GO_BP,GO_Biological_Process_2023,37,Cell Cycle G2/M Phase Transition (GO:0044839),3.778032796840431e-06,0.00040812965105327577,5.659746251441753,70.66932984838206,PLK1; FBXL15; FOXM1; PKMYT1; AURKB; CDC25A; AURKA; CDC25B; CCNA2; LATS1; CCNB1; WEE1; MELK; CDK1,14,NA,NA
GO_BP,GO_Biological_Process_2023,18,DNA-templated DNA Replication (GO:0006261),2.3275141911075372e-07,5.1683745676982366e-05,4.611609727851766,70.43447498514645,GINS1; GINS2; RFC3; MCM7; WDR18; HMGA1; MCM10; NOC3L; RECQL4; POLA1; WRN; CDC45; RRM2B; ORC1; POLD2; REV3L; MCM3; MCM4; MCM5; MCM6; MCM2,21,NA,NA
GO_BP,GO_Biological_Process_2023,47,Positive Regulation Of B Cell Proliferation (GO:0030890),1.7285530170006964e-05,0.0014700056189259113,6.4150834772596435,70.3455011957668,CD74; CD40; MEF2C; TFRC; CD81; FCRL3; GPR183; BCL2; CD38; NFATC2; CD320,11,NA,NA
GO_BP,GO_Biological_Process_2023,33,Positive Regulation Of Leukocyte Cell-Cell Adhesion (GO:1903039),2.4980139245664606e-06,0.00029366357813212187,5.438943828720377,70.16245464673018,SIRPG; ETS1; PYCARD; HLA-DMA; HLA-DMB; LCK; HLA-DRA; PRKCQ; HLA-DOA; HLA-DQA2; HLA-DQA1; HLA-DQB2; HLA-DRB1; SKAP1; HLA-DPA1,15,NA,NA
GO_BP,GO_Biological_Process_2023,34,Regulation Of B Cell Proliferation (GO:0030888),2.4980139245664606e-06,0.00029366357813212187,5.438943828720377,70.16245464673018,CD74; CD40; MEF2C; TFRC; TNFRSF13B; CD81; FCRL3; NFATC2; IKZF3; GPR183; BCL2; MZB1; CD38; ATM; CD320,15,NA,NA
GO_BP,GO_Biological_Process_2023,94,Negative Regulation Of Interleukin-12 Production (GO:0032695),0.0004420273496428675,0.018434720594037057,8.977365917664425,69.34242041343907,TLR8; IRAK3; CCR7; TIGIT; CMKLR1; SLAMF1,6,NA,NA
GO_BP,GO_Biological_Process_2023,95,Positive Regulation Of T Cell Receptor Signaling Pathway (GO:0050862),0.0004420273496428675,0.018434720594037057,8.977365917664425,69.34242041343907,TESPA1; CD81; TRAT1; LCK; CD226; KCNN4,6,NA,NA
GO_BP,GO_Biological_Process_2023,15,Positive Regulation Of T Cell Activation (GO:0050870),2.3160488272233617e-08,6.171498108274517e-06,3.9307737056428156,69.10621751862845,CD86; TFRC; CD81; SIRPG; ZBTB1; GATA3; CD3E; PYCARD; HLA-DMA; HLA-DMB; CCL5; CCR7; HLA-DOA; JAK2; HLA-DQA2; HLA-DQA1; HLA-DPA1; PHF10; PDCD1LG2; CD40LG; CD6; LCK; CD28; HLA-DRA; PRKCQ; IL6ST; CD46; HLA-DRB1; HLA-DQB2,29,NA,NA
GO_BP,GO_Biological_Process_2023,82,Lymphocyte Mediated Immunity (GO:0002449),0.00021683585949900175,0.010569425980701342,8.149913842619185,68.75568781710459,CR2; CR1; MSH2; CD8A; BTN3A3; KLRD1; CD46,7,NA,NA
GO_BP,GO_Biological_Process_2023,13,Positive Regulation Of Cell Cycle Process (GO:0090068),1.7169692335096668e-08,5.279020020260106e-06,3.769706585262989,67.40280641443356,FEN1; CEP120; KIF14; NCAPG; TGFA; SMC5; SMC4; CDC14A; NCAPH; AURKB; SMC2; AURKA; NUSAP1; E2F8; GEN1; PLK4; STIL; SPAG5; CDC7; KIF23; CDC6; CDC25B; CIT; DBF4; RRM2B; GIPC1; CD28; BIRC5; PKN2; KIF20B; MAD2L1,31,NA,NA
GO_BP,GO_Biological_Process_2023,39,DNA Duplex Unwinding (GO:0032508),5.277303309109277e-06,0.0005408559314489688,5.449826989619377,66.22681709693323,GINS1; GINS2; MCM7; HMGA1; RECQL4; WRN; CDC45; MCM3; MCM4; ASCC2; MCM5; ASCC3; MCM6; MCM2,14,NA,NA
GO_BP,GO_Biological_Process_2023,46,Sister Chromatid Segregation (GO:0000819),1.691240244497915e-05,0.0014695407080996014,5.727901131126938,62.93510365161105,TOP2A; LATS1; KIF18B; SPAG5; ESPL1; KIFC1; PLK1; CENPK; NUSAP1; KNTC1; SMC4; ZWINT,12,NA,NA
GO_BP,GO_Biological_Process_2023,76,Positive Regulation Of Antigen Receptor-Mediated Signaling Pathway (GO:0050857),0.00016176085294399104,0.008507343805488583,6.988505747126437,61.0054028749797,PRKCH; TESPA1; CD81; TRAT1; LCK; SLC39A10; CD226; KCNN4,8,NA,NA
GO_BP,GO_Biological_Process_2023,90,DNA Biosynthetic Process (GO:0071897),0.00034087415080613355,0.014972241546946326,7.334520390580126,58.55879032055324,POLA1; RFC3; WRN; RRM2B; POLD2; TYMS; SIRT1,7,NA,NA
GO_BP,GO_Biological_Process_2023,91,Regulation Of Ubiquitin Protein Ligase Activity (GO:1904666),0.00034087415080613355,0.014972241546946326,7.334520390580126,58.55879032055324,CDC20; RPL5; RPS7; UBE2C; PLK1; FBXO5; MAD2L1,7,NA,NA
GO_BP,GO_Biological_Process_2023,68,Positive Regulation Of Cell Cycle G2/M Phase Transition (GO:1902751),0.0001132664591146947,0.006561246914223691,6.292236917768832,57.16980149983339,NPM1; CCNB1; RRM2B; CDK4; CDK1; CDC7; FBXO5; CDC25A; CDC25B,9,NA,NA
GO_BP,GO_Biological_Process_2023,69,Positive Regulation Of Natural Killer Cell Mediated Immunity (GO:0002717),0.0001132664591146947,0.006561246914223691,6.292236917768832,57.16980149983339,NCR3; KLRK1; CADM1; CD160; CRTAM; CD226; KLRD1; SLAMF6; RASGRP1,9,NA,NA
GO_BP,GO_Biological_Process_2023,16,Defense Response To Symbiont (GO:0140546),3.949417540446964e-08,9.5067956953739e-06,3.2797865360672422,55.91089049590368,RTP4; CD40; IFIT5; PRF1; IFI6; IFIT1; DDX60; IFI44L; IFIT3; IFIT2; OASL; PYCARD; IFIH1; NLRP6; PMAIP1; GBP5; APOBEC3F; RSAD2; APOBEC3H; STAT1; STAT2; MX1; EIF2AK2; SLFN13; MOV10; OAS1; OAS2; OAS3; BCL2; TLR8; F2RL1; TLR7; TBKBP1; ZMYND11; RIGI,35,NA,NA
GO_BP,GO_Biological_Process_2023,64,Regulation Of Chromosome Segregation (GO:0051983),7.644313197602826e-05,0.00477411247669039,5.828538550057537,55.24850397869044,CDCA2; NCAPG; SMC5; KIF2C; CDC6; MKI67; SMC4; BUB1; NCAPH; SMC2,10,NA,NA
GO_BP,GO_Biological_Process_2023,61,Regulation Of Natural Killer Cell Mediated Cytotoxicity (GO:0042269),5.040917722455677e-05,0.0033030406781402195,5.497738300847109,54.40197493819215,NCR3; KLRK1; KLRB1; CADM1; CD160; CLEC12B; CRTAM; SLAMF6; CD226; KLRD1; RASGRP1,11,NA,NA
GO_BP,GO_Biological_Process_2023,41,Regulation Of Cyclin-Dependent Protein Kinase Activity (GO:1904029),7.0589087254974045e-06,0.0006881575164832469,4.547781037388428,53.94223180498241,CCNT2; HSP90AB1; GADD45A; CCNF; CDC6; PKMYT1; CDC25A; HERC5; CCNA2; CCNB2; CCNB1; CCND2; CCNG2; CCNJL; CDK5R1; CDKN3,16,NA,NA
GO_BP,GO_Biological_Process_2023,84,Positive Regulation Of G2/M Transition Of Mitotic Cell Cycle (GO:0010971),0.0002413541730265298,0.011484436066512378,6.450574712643678,53.72841785394887,CCNB1; RRM2B; CDK4; CDK1; CDC7; FBXO5; CDC25A; CDC25B,8,NA,NA
GO_BP,GO_Biological_Process_2023,100,Regulation Of Lymphocyte Activation (GO:0051249),0.000515868889339086,0.02061927950688327,6.667380293457261,50.46978801199912,CD4; LCK; SIT1; FCRL3; CRTAM; KLRD1; IKZF3,7,NA,NA
GO_BP,GO_Biological_Process_2023,8,Positive Regulation Of Cytokine Production (GO:0001819),4.617807201122554e-09,2.2357043861189815e-06,2.5119938297176,48.21356641294591,CD86; ITK; CD40; RORA; SCAMP5; IFIH1; PYCARD; MYDGF; DHX58; CYP1B1; FFAR3; CCR7; JAK2; HLA-DPA1; GBP5; BTN3A1; IL1R1; SLC11A1; F2R; BTN3A2; IRF4; TLR8; CD226; PRKCQ; TLR7; CD46; TLR5; IL6ST; PTGER4; CEBPB; TXK; GATA3; PTGS2; LY9; RASGRP1; AGPAT2; SLAMF6; CD14; TIGIT; SPTBN1; SLAMF1; IL12RB2; CD74; CADM1; CRTAM; EIF2AK3; OSM; EIF2AK2; PTPN11; SCIMP; SORL1; CD2; CD4; CD40LG; CD6; POU2AF1; CD28; F2RL1; IL18R1; CD244; RIGI,61,NA,NA
GO_BP,GO_Biological_Process_2023,29,T Cell Receptor Signaling Pathway (GO:0050852),1.4800348816670683e-06,0.0002039896352421818,3.564785464527303,47.85170126972003,DENND1B; ITK; BTN3A1; TXK; THEMIS; CD3G; BTN3A3; BTN3A2; GATA3; CD3E; CD3D; TRGC1; CD8B; CD8A; LCK; TRBC2; TRBC1; CD28; TRDC; CD247; SKAP1; TRGC2; HLA-DRB1; HLA-DPA1,24,NA,NA
GO_BP,GO_Biological_Process_2023,26,Mitotic Sister Chromatid Segregation (GO:0000070),7.54238767255308e-07,0.00011276493761409561,3.3932099277828507,47.83596986639895,CDCA5; KIF14; NCAPG; KIF11; SMC4; NCAPH; SMC2; CCNB1; NUSAP1; KNTC1; MAP9; CEP55; DLGAP5; SPAG5; PLK1; KIF23; KIF22; ZWINT; MZT1; TPX2; CENPE; KIF18B; ESPL1; KIFC2; KIFC1; CENPK; KIF2C,27,NA,NA
GO_BP,GO_Biological_Process_2023,110,B Cell Mediated Immunity (GO:0019724),0.0011061854575916393,0.03983264210805209,6.981630309988519,47.522824448717444,CD74; MSH2; IL2RB; IL21R; CD27; TLR8,6,NA,NA
GO_BP,GO_Biological_Process_2023,111,Positive Regulation Of Mitotic Sister Chromatid Separation (GO:1901970),0.0011061854575916393,0.03983264210805209,6.981630309988519,47.522824448717444,CDC20; ESPL1; UBE2C; BIRC5; AURKB; DLGAP5,6,NA,NA
GO_BP,GO_Biological_Process_2023,66,Regulation Of T Cell Receptor Signaling Pathway (GO:0050856),9.490374141071912e-05,0.005747428097252187,5.019123426197091,46.49037069626103,LGALS3; TESPA1; CD81; CD160; TRAT1; LCK; SH2D1A; CD226; UBASH3A; KCNN4; GBP1,11,NA,NA
GO_BP,GO_Biological_Process_2023,104,Regulation Of Lymphocyte Differentiation (GO:0045619),0.0007554910577808125,0.029035555364902956,6.111430212521539,43.9298319338356,ZNF683; CD2; FCRL3; TBX21; CRTAM; IKZF3; ZFP36L2,7,NA,NA
GO_BP,GO_Biological_Process_2023,70,Regulation Of G2/M Transition Of Mitotic Cell Cycle (GO:0010389),0.00012754014772589905,0.007282542435148836,4.809729418537708,43.12922539041482,CCNB1; CENPF; CDK6; RRM2B; CDK4; KIF14; CDK1; CDC7; FBXO5; CDC25A; CDC25B,11,NA,NA
GO_BP,GO_Biological_Process_2023,99,Adaptive Immune Response Based On Somatic Recombination Of Immune Receptors Built From Immunoglobulin Superfamily Domains (GO:0002460),0.0004962797433169594,0.020036668020584715,5.589885057471264,42.52991819968741,CR2; CR1; MSH2; CD8A; BTN3A3; BTN3A2; CD46; HLA-DRB1,8,NA,NA
GO_BP,GO_Biological_Process_2023,89,DNA Synthesis Involved In DNA Repair (GO:0000731),0.00031909277391410905,0.014330492329603301,5.242668200115008,42.20362931898089,POLA1; WRN; RFC3; PCNA; RRM2B; ZBTB1; PCLAF; POLI; SIRT1,9,NA,NA
GO_BP,GO_Biological_Process_2023,35,Mitotic Cell Cycle Phase Transition (GO:0044772),2.5760892736723444e-06,0.00029418939505338176,3.22704106032657,41.52955974572818,CUL5; CCNF; PKMYT1; FOXM1; AURKA; CCNB2; CCNB1; CCND2; UBE2C; PLK1; CDC7; FBXL15; CDC25A; CDC25B; CCNA2; LATS1; WEE1; MELK; CDK6; DBF4; CDK4; CCNG2; CDK1; ANAPC1; CCNJL; CDKN3,26,NA,NA
GO_BP,GO_Biological_Process_2023,19,Defense Response To Virus (GO:0051607),3.330347253508386e-07,7.005998932775274e-05,2.753961380924517,41.07538652023323,RTP4; CD40; IFIT5; PRF1; IFI6; IFIT1; DDX60; IFI44L; IFIT3; IFIT2; OASL; PYCARD; IFIH1; SENP7; NLRP6; DHX58; PMAIP1; GBP5; APOBEC3F; RSAD2; APOBEC3H; STAT1; STAT2; MX1; EIF2AK2; ATAD3A; PML; SLFN13; MOV10; OAS1; OAS2; OAS3; BCL2; TLR8; F2RL1; TLR7; TBKBP1; ZMYND11; RIGI,39,NA,NA
GO_BP,GO_Biological_Process_2023,42,Regulation Of Cyclin-Dependent Protein Serine/Threonine Kinase Activity (GO:0000079),1.0485810680306908e-05,0.0009978996497425408,3.5689344005021972,40.91957303742705,CCNT2; GADD45A; CCNF; PLK1; CDC6; PKMYT1; IPO7; PKD1; CDC25A; IPO5; HERC5; CCNA2; LATS1; CCNB2; CCNB1; CCND2; CCNG2; CCNJL; CDK5R1; CDKN3,20,NA,NA
GO_BP,GO_Biological_Process_2023,52,Microtubule Cytoskeleton Organization Involved In Mitosis (GO:1902850),3.152559639151939e-05,0.002399863475648844,3.911917933293947,40.54589788857335,STIL; PLK1; TTK; KIF11; AURKB; CENPE; CCNB1; ESPL1; KIF4A; NUF2; STMN1; NUSAP1; CDK1; BIRC5; DLGAP5; SPC25,16,NA,NA
GO_BP,GO_Biological_Process_2023,32,Peptidyl-Serine Phosphorylation (GO:0018105),1.9679406608174172e-06,0.00024580808816522553,2.790395335276968,36.66167304555107,CAMK2D; DYRK2; LRRK2; STK39; TTK; PKD1; AURKA; MAPK8; AKT3; PBK; RICTOR; CLSPN; PRKACB; MAP4K1; CSNK1G3; PRKCH; NEK7; PLK1; EIF2AK3; CDC7; HIPK3; UHMK1; LATS1; PIKFYVE; SBK1; DGKQ; CAMK4; CDK1; PRKCQ; ATM; PKN2; CAMK1; CDK5R1,33,NA,NA
GO_BP,GO_Biological_Process_2023,92,Positive Regulation Of Chromosome Organization (GO:2001252),0.00035955764122917635,0.015621216217315412,4.560214139190474,36.16539867735029,FEN1; CDK1; NCAPG; LIG4; SMC4; AURKB; NCAPH; PML; SMC2; GNL3,10,NA,NA
GO_BP,GO_Biological_Process_2023,73,Positive Regulation Of Lymphocyte Activation (GO:0051251),0.0001377069347390612,0.007539926276055172,4.014816070520427,35.693251707542174,SIRPG; PYCARD; HLA-DMA; HLA-DMB; LCK; HLA-DRA; PRKCQ; HLA-DOA; HLA-DQA2; HLA-DQA1; HLA-DQB2; HLA-DRB1; HLA-DPA1,13,NA,NA
GO_BP,GO_Biological_Process_2023,58,DNA Replication (GO:0006260),4.1922679714344084e-05,0.002889050876176436,3.4424172359432474,34.69847654204206,FEN1; RFC3; MCM7; WDR18; PTMS; RECQL4; FAM111B; POLA1; WRN; CHEK1; POLD2; PCLAF; REV3L; CDK1; MCM4; MCM5; MCM6; MCM2,18,NA,NA
GO_BP,GO_Biological_Process_2023,63,Positive Regulation Of Mitotic Cell Cycle Phase Transition (GO:1901992),7.530544962807998e-05,0.00477411247669039,3.578202545329468,33.97130487249355,STIL; RRM2; UBE2C; CDCA5; CDC7; CDC25A; CDC25B; CDC20; CCNB1; CCND2; ESPL1; RRM2B; CDK4; CDK1; FBXO5; DLGAP5,16,NA,NA
GO_BP,GO_Biological_Process_2023,78,Cellular Response To Mechanical Stimulus (GO:0071260),0.00017388699058874454,0.008763594140455902,3.8998929600658707,33.761782645655195,PTGER4; MAP3K2; CASP8AP2; CD40; MAP3K1; GADD45A; MAPK8; CHEK1; HABP4; TLR8; TLR7; BAK1; TLR5,13,NA,NA
GO_BP,GO_Biological_Process_2023,79,Regulation Of Intrinsic Apoptotic Signaling Pathway (GO:2001242),0.00017388699058874454,0.008763594140455902,3.8998929600658707,33.761782645655195,URI1; PLEKHF1; CAV1; RTKN2; EIF2AK3; SEPTIN4; MMP9; BBC3; PYCARD; LCK; BCL2; PMAIP1; S100A8,13,NA,NA
GO_BP,GO_Biological_Process_2023,72,Negative Regulation Of Viral Genome Replication (GO:0045071),0.0001325742155832211,0.007359710273418538,3.770472895040369,33.66416935896805,APOBEC3F; RSAD2; APOBEC3H; MX1; IFIT5; EIF2AK2; IFIT1; OASL; RESF1; IFIH1; OAS1; OAS2; OAS3; CCL5,14,NA,NA
GO_BP,GO_Biological_Process_2023,55,Mitotic Spindle Organization (GO:0007052),3.3386344228617584e-05,0.002426276688759718,3.238425925925926,33.37963350052302,STIL; PLK1; KIF23; TTK; KIF11; AURKB; MZT1; AURKA; CENPE; TPX2; CCNB1; KIFC2; KIFC1; KIF4A; NUF2; STMN1; BIRC5; DLGAP5; MAP9; SPC25,20,NA,NA
GO_BP,GO_Biological_Process_2023,40,Peptidyl-Serine Modification (GO:0018209),6.0695222080782355e-06,0.0006064970066422177,2.6213945943576142,31.48879654360215,CAMK2D; DYRK2; LRRK2; STK39; TTK; PKD1; AURKA; MAPK8; AKT3; PBK; RICTOR; CLSPN; POGLUT3; PRKACB; MAP4K1; CSNK1G3; PRKCH; NEK7; PLK1; EIF2AK3; CDC7; HIPK3; UHMK1; LATS1; SBK1; DGKQ; CAMK4; CDK1; PRKCQ; ATM; PKN2; CAMK1; CDK5R1,33,NA,NA
GO_BP,GO_Biological_Process_2023,65,Regulation Of T Cell Proliferation (GO:0042129),8.900474939927478e-05,0.005473107436136943,3.208327618301166,29.923496845780395,CD86; CEBPB; CR1; TFRC; PDCD1LG2; CD3E; LGALS3; MYDGF; HLA-DMB; CD40LG; CD6; CCL5; CD28; JAK2; CD46; IL6ST; HLA-DRB1; HLA-DPA1,18,NA,NA
GO_BP,GO_Biological_Process_2023,50,Regulation Of Protein Serine/Threonine Kinase Activity (GO:0071900),3.0348704541431047e-05,0.00238962629763877,2.873444421008226,29.89174327554084,SLC27A1; CCNT2; GADD45A; CCNF; SH2D1A; CDC6; PKMYT1; SIRT1; CDC25A; HERC5; PYCARD; CCNA2; CCNB2; ETAA1; CCNB1; CCND2; CCNG2; CAMK1; TRIB2; TELO2; CCNJL; EZH2; CDK5R1; CDKN3,24,NA,NA
GO_BP,GO_Biological_Process_2023,77,Regulation Of Viral Genome Replication (GO:0045069),0.00016530862540933234,0.008581020464429887,3.296834669202554,28.707835295232933,CXCL8; APOBEC3F; RSAD2; MX1; IFIT5; EIF2AK2; IFIT1; HACD3; OASL; IFIH1; OAS1; OAS2; OAS3; CCL5; CD28; PKN2,16,NA,NA
GO_BP,GO_Biological_Process_2023,97,Antiviral Innate Immune Response (GO:0140374),0.0004473775075360507,0.018434720594037057,3.703849281648143,28.564484875374898,IFIH1; SENP7; NLRP6; OAS1; DHX58; MX1; EIF2AK2; IFIT1; ATAD3A; IFIT3; IFIT2; RIGI,12,NA,NA
GO_BP,GO_Biological_Process_2023,25,Protein Phosphorylation (GO:0006468),6.713574693168157e-07,0.00010733663219437248,1.942231050332964,27.606802424645597,ATF2; GMFB; DYRK2; LRRK2; PKD1; IGF1R; RPS6KA4; AKT3; CHEK1; PBK; NEK2; PIM3; JAK2; PRKACB; MAP4K1; CSNK1G3; EPHA4; PRKCH; IRAK3; RUNX3; CDC25B; UHMK1; LATS1; TGFBR3; MELK; PEAK3; LCK; DGKQ; MAK; BIRC5; PRKCQ; TLR7; HCST; TRIB2; PRKAA1; CAMK2D; TXK; STK39; TTK; AURKB; AURKA; MAPK8; PRDX4; RICTOR; CLSPN; MAP4K5; MAPK6; MAP4K3; CDK17; PLK4; MAP3K1; LIMK2; PLK1; NEK7; EIF2AK3; EIF2AK2; CDC7; BMX; CLK4; ACVR2B; HIPK3; ACVR2A; CLK1; CDK6; SBK1; ABI2; ABI3; CDK4; FES; STK26; CAMK4; CDK1; TAF4B; PKN2; ATM; CAMK1; CDK5R1,77,NA,NA
GO_BP,GO_Biological_Process_2023,114,Regulation Of Ubiquitin-Protein Transferase Activity (GO:0051438),0.001280391798910723,0.04489233351093123,4.101832637447808,27.320621980562677,CDC20; ARRDC4; DCUN1D4; PLK1; BUB1B; FBXO5; RPS2; BMI1; MAD2L1,9,NA,NA
GO_BP,GO_Biological_Process_2023,93,Positive Regulation Of B Cell Activation (GO:0050871),0.0004115633887504157,0.017688374890703348,3.499135446685879,27.277676606579224,CD74; CD40; MEF2C; TFRC; CD81; FCRL3; NFATC2; GPR183; SHLD2; BCL2; CD38; CD27; CD320,13,NA,NA
GO_BP,GO_Biological_Process_2023,74,Positive Regulation Of Immune Response (GO:0050778),0.0001502390105490649,0.008024242743524729,3.052582509789297,26.872748106258147,GBP5; CD74; RSAD2; CD81; FPR2; SIRT1; PYCARD; HLA-DMB; CCL5; TLR8; F2RL1; HLA-DRA; CCR7; CD226; CD46; IL6ST; SKAP1; HLA-DRB1,18,NA,NA
GO_BP,GO_Biological_Process_2023,81,Cytoskeleton-Dependent Cytokinesis (GO:0061640),0.000177595978327978,0.008763594140455902,3.003963666391412,25.9422283371047,SEPTIN1; PLK1; CKAP2; KIF23; ANK3; SEPTIN4; RHOC; SEPTIN11; AURKB; CIT; ESPL1; KIF4A; STMN1; NUSAP1; BIRC5; KIF20A; CEP55; SPTBN1,18,NA,NA
GO_BP,GO_Biological_Process_2023,96,Mitotic Cytokinesis (GO:0000281),0.00044615122435061116,0.018434720594037057,3.2666666666666666,25.201851811522705,PLK1; CKAP2; KIF23; RHOC; AURKB; CIT; ESPL1; KIF4A; STMN1; NUSAP1; BIRC5; KIF20A; CEP55; SPTBN1,14,NA,NA
GO_BP,GO_Biological_Process_2023,106,Regulation Of Mitotic Metaphase/Anaphase Transition (GO:0030071),0.0008300003050325433,0.03129727565297241,3.4029767094283225,24.141004293045373,CDC20; CENPE; CCNB1; ESPL1; PHF10; DUSP1; UBE2C; HECW2; PLK1; FBXO5; CDC6; DLGAP5,12,NA,NA
GO_BP,GO_Biological_Process_2023,60,Regulation Of Cytokine Production (GO:0001817),4.650849803023038e-05,0.0030982411104471803,2.404998458323341,23.991965218921305,PTGER4; ITK; ZBTB25; TXK; ZBTB26; ZBTB1; PLD4; GATA3; AGPAT2; HDAC9; RPS6KA4; SCAMP5; IFIH1; CCR7; CADM1; BTN3A1; SLC11A1; CRTAM; ZBTB32; EIF2AK2; BTN3A3; ZBTB33; BTN3A2; ATP2B1; POLA1; TWSG1; ZBTB6; BCL6; CD28; HLA-DRB1; RIGI,31,NA,NA
GO_BP,GO_Biological_Process_2023,101,Negative Regulation Of Viral Process (GO:0048525),0.0006402202622105434,0.025336241465896452,3.1273160077547915,22.9973383507328,APOBEC3F; RSAD2; APOBEC3H; STAT1; MX1; IFIT5; EIF2AK2; IFIT1; OASL; IFIH1; OAS1; OAS2; OAS3; CCL5,14,NA,NA
GO_BP,GO_Biological_Process_2023,115,Mitotic Nuclear Division (GO:0140014),0.0013753964451874517,0.04780399644708038,3.3932405431948256,22.358106952646082,KIF18B; SPAG5; ESPL1; UBE2C; KIFC1; PLK1; CENPK; NUSAP1; KNTC1; SMC4; ZWINT,11,NA,NA
GO_BP,GO_Biological_Process_2023,108,Regulation Of Mitotic Nuclear Division (GO:0007088),0.0008815757578819757,0.03262646578013201,3.172937470678909,22.317806368593068,CDCA2; DUSP1; TGFA; MKI67; PKMYT1; AURKA; CCNB1; CHEK1; NUSAP1; CD28; NEK2; FBXO5; KIF20B,13,NA,NA
GO_BP,GO_Biological_Process_2023,112,Positive Regulation Of Leukocyte Mediated Cytotoxicity (GO:0001912),0.0012130204558022896,0.04328966751644421,3.228110599078341,21.67560631630843,NCR3; KLRK1; CADM1; CD160; CRTAM; HLA-DRA; CD226; SLAMF6; KLRD1; CD1C; RASGRP1; HLA-DRB1,12,NA,NA
GO_BP,GO_Biological_Process_2023,45,Phosphorylation (GO:0016310),1.6232487474861187e-05,0.0014418056097115592,1.8624410243061205,20.539923245572272,PRR5; DGKE; GMFB; PANK3; DYRK2; LRRK2; RPS6KA4; HK3; AKT3; CHEK1; NEK2; PIM3; JAK2; PRKACB; MAP4K1; EPHA4; PRKCH; IRAK3; RUNX3; CDC25B; LATS1; MELK; PEAK3; LCK; DGKQ; MAK; BIRC5; PRKCQ; HCST; TRIB2; DGKH; PRKAA1; CAMK2D; TXK; STK39; AURKB; AURKA; GK5; MAPK8; RICTOR; MAP4K5; MAPK6; MAP4K3; CDK17; PLK4; MAP3K1; LIMK2; PLK1; NEK7; EIF2AK3; EIF2AK2; BMX; ACVR2B; HIPK3; ACVR2A; CDK6; CDK4; STK26; CAMK4; CDK1; TAF4B; PKN2; ATM; CAMK1,64,NA,NA
GO_BP,GO_Biological_Process_2023,59,DNA Metabolic Process (GO:0006259),4.622245835294456e-05,0.0030982411104471803,2.0113915568461023,20.07780056330725,TOP2A; FEN1; MCM7; ZBTB1; MCM10; TYMS; BACH1; PTMS; UNG; RECQL4; NT5E; WRN; CDC45; ORC1; EXO1; CHEK1; HLTF; POLD2; PCLAF; SMARCAD1; POLI; GEN1; POLQ; NPM1; RFC3; PARP1; GADD45A; USP45; LIG4; NOC3L; AXIN2; FAM111B; POLA1; MSH2; RRM2B; UBE2T; TIMELESS; CDK1; MCM3; MCM4; ATM; MCM5; MCM6; NOP53; ASF1A; MCM2,46,NA,NA
GO_BP,GO_Biological_Process_2023,113,Positive Regulation Of T Cell Proliferation (GO:0042102),0.001247071263013709,0.044111007418281376,2.8814030802632473,19.267819841135896,CD86; TFRC; PDCD1LG2; CD3E; PYCARD; HLA-DMB; CD40LG; CD6; CCL5; CD28; JAK2; CD46; IL6ST; HLA-DPA1,14,NA,NA
GO_BP,GO_Biological_Process_2023,51,Negative Regulation Of Apoptotic Process (GO:0043066),3.0490603247329813e-05,0.00238962629763877,1.7750837507048327,18.457484168962623,ITGB1; PRR5; TFRC; KIF14; IFIT3; PTMS; IGF1R; MYDGF; PIDD1; CCND2; LAMP3; PROK2; CD38; PIM3; MEF2C; PRKCH; HGF; F2R; LIG4; RPS3A; SIRT1; ATAD3A; MMP9; MSH2; DDAH2; CAT; BIRC5; ADAM8; VDAC1; IL6ST; NAIP; BIRC3; CX3CR1; GRN; PRKAA1; RPL10; BCL2A1; GSTP1; IFI6; NUGGC; HSP90B1; PRDX3; SOCS2; PRDX2; MAPK8; FIGNL1; RICTOR; TAF9B; CD74; FZD3; NPM1; STIL; CAV1; PLK1; SOD2; SMAD5; HIPK3; UFM1; CD40LG; BCL3; IL2RB; BCL2; CDK1; CD28; CD27; NAA16; CPEB4; LGMN; MAD2L1,69,NA,NA
GO_BP,GO_Biological_Process_2023,80,Apoptotic Process (GO:0006915),0.00017668890616925163,0.008763594140455902,2.0448438040275274,17.669740618309493,HIP1; PRF1; IFI6; FASLG; AHR; IFIT2; BBC3; PYCARD; PIDD1; PLAGL1; CHEK1; PMAIP1; CD14; BAK1; JAK2; PARP1; APAF1; GADD45A; GZMA; MX1; KREMEN1; PAWR; LIG4; GZMB; SEPTIN4; NSG1; CIT; GZMH; CD2; GZMM; MELK; ESPL1; BCL2; MAL; VDAC1; PDCD1; MCM2,37,NA,NA
GO_BP,GO_Biological_Process_2023,109,Response To UV (GO:0009411),0.0009628100996523089,0.035305981360644764,2.4652014652014653,17.12243731056391,FEN1; NPM1; PCNA; TP53I13; PARP1; ZBTB1; USP28; CDC25A; AURKB; MAPK8; WRN; MSH2; NEDD4; BCL3; CAT; PCLAF; RPL26; BAK1; MAP4K3,19,NA,NA
GO_BP,GO_Biological_Process_2023,67,DNA Damage Response (GO:0006974),0.00010017279227718944,0.00597597986167054,1.8086259586000115,16.654938215234576,H2AX; TOP2A; ATF2; FEN1; DYRK2; MCM7; SMC5; MCM10; ALKBH7; BACH1; ALKBH8; PIDD1; HERC2; EXO1; CHEK1; PCLAF; POLI; FBXO5; SHPRH; RFC3; PARP1; ZBTB38; USP45; SIRT1; WDR76; DEPDC1B; MSH2; RRM2B; TIMELESS; CRY1; FLYWCH1; ASF1A; BCL2A1; ZBTB1; UNG; RECQL4; WRN; HLTF; BAK1; POLQ; NPM1; CBX5; GADD45A; NFATC2; USP28; PML; POLA1; ETAA1; BCL6; UBE2T; SHLD2; BCL3; BCL2; CDK1; ATM; NOP53,56,NA,NA
GO_BP,GO_Biological_Process_2023,56,Regulation Of Apoptotic Process (GO:0042981),3.812688727001661e-05,0.0027213065788974354,1.61969077661276,16.47969091036019,ANKRD13C; ITGB1; TOP2A; PRR5; HIP1; TFRC; KIF14; FASLG; CD3E; IER3IP1; IKZF3; IFIT3; IFIT2; PTMS; IGF1R; PYCARD; MYDGF; PIDD1; CCND2; CYP1B1; PROK2; CD38; PIM3; CTSD; MEF2C; APAF1; HGF; SIGMAR1; PAWR; RPS3A; SIRT1; ATAD3A; MMP9; NME1; LATS1; MELK; SFRP2; BIN1; DDAH2; CAT; BIRC5; ITGA6; NSMF; VDAC1; IL6ST; NAIP; BIRC3; MCM2; PRKAA1; RPL10; BCL2A1; MAGED1; GSTP1; IFI6; NUGGC; HSP90B1; PRDX3; SOCS2; PRDX2; MAPK8; UBB; FIGNL1; PMAIP1; RICTOR; BAK1; TAF9B; CD74; NPM1; STIL; STAT1; GADD45A; GZMA; PLK1; RRP1B; SEPTIN4; SMAD5; HIPK3; UFM1; CD40LG; BCL6; STK26; BCL3; IL2RB; JMY; BCL2; CDK1; CD28; CD27; ATM; NAA16; CALR; NOP53; MAD2L1,93,NA,NA
GO_BP,GO_Biological_Process_2023,75,Negative Regulation Of Programmed Cell Death (GO:0043069),0.0001505674770488753,0.008024242743524729,1.786370439086966,15.72202348124313,PRR5; TFRC; KIF14; IFIT3; PTMS; IGF1R; MYDGF; PIDD1; CCND2; PROK2; CD38; PIM3; GPX4; HGF; RPS3A; SIRT1; ATAD3A; MMP9; DDAH2; CAT; BIRC5; VDAC1; IL6ST; NAIP; BIRC3; PRKAA1; RPL10; BCL2A1; GSTP1; IFI6; NUGGC; HSP90B1; PRDX3; SOCS2; PRDX2; MAPK8; FIGNL1; RICTOR; TAF9B; CD74; NPM1; STIL; PLK1; SMAD5; HIPK3; UFM1; CD40LG; BCL3; IL2RB; CD28; BCL2; CDK1; CD27; NAA16; MAD2L1,55,NA,NA
GO_BP,GO_Biological_Process_2023,105,Negative Regulation Of Cytokine Production (GO:0001818),0.0007891957808381226,0.030042052723904537,2.0496816082395335,14.643942317707573,PTGER4; ABCD2; MACIR; HDAC9; PYCARD; RPS6KA4; TBX21; DHX58; CCR7; TIGIT; GBP1; CMKLR1; SLAMF1; CR1; SLC11A1; IRAK3; PTPN11; PDCD1LG2; ATP2B1; SIGIRR; TWSG1; CD200R1; RNF125; BCL3; TLR8; F2RL1; XAF1; TRIB2; HLA-DRB1,29,NA,NA
GO_CC,GO_Cellular_Component_2023,8,Gamma-Delta T Cell Receptor Complex (GO:0042106),5.0729068690531145e-06,0.0002067209549139144,91260.0,1112605.1018564752,TRGC1; CD3G; TRDC; CD3E; TRGC2,5,NA,NA
GO_CC,GO_Cellular_Component_2023,4,CMG Complex (GO:0071162),1.2852559554024845e-07,1.047483603653025e-05,41.95402298850575,665.6902625698104,GINS1; GINS2; MCM7; MCM3; MCM4; MCM5; MCM6; MCM2,8,NA,NA
GO_CC,GO_Cellular_Component_2023,1,T Cell Receptor Complex (GO:0042101),2.732377629587162e-10,8.907551072454148e-08,22.785590778097983,501.75417518188766,TRBV19; TRAT1; CD3G; CD3E; CD3D; TRGC1; CD4; CD8B; CD8A; TRBC2; TRBC1; TRDC; TRGC2,13,NA,NA
GO_CC,GO_Cellular_Component_2023,3,MHC Class II Protein Complex (GO:0042613),5.056433458744718e-08,5.4946576918359275e-06,20.997698504027618,352.7617413668763,CD74; HLA-DMA; HLA-DMB; HLA-DRA; HLA-DOA; HLA-DQA2; HLA-DQA1; HLA-DQB2; HLA-DRB1; HLA-DPA1,10,NA,NA
GO_CC,GO_Cellular_Component_2023,13,Cytolytic Granule (GO:0044194),9.16340520890311e-05,0.0022979000754633954,26.17613310384395,243.3780318989505,GNLY; STXBP2; PRF1; GZMB; NKG7,5,NA,NA
GO_CC,GO_Cellular_Component_2023,12,Alpha-Beta T Cell Receptor Complex (GO:0042105),6.813645756935877e-05,0.0018510404306342468,15.712973593570608,150.75023934601742,TRBV19; TRBC2; TRBC1; CD3G; CD3E; CD3D,6,NA,NA
GO_CC,GO_Cellular_Component_2023,7,MHC Protein Complex (GO:0042611),3.6337890179681465e-06,0.0001692307456939451,9.541270007322941,119.50664567660712,CD74; HLA-DMA; HLA-DMB; HLA-DRA; HLA-DOA; HLA-DQA2; HLA-DQA1; HLA-DQB2; HLA-DRB1; HLA-DPA1,10,NA,NA
GO_CC,GO_Cellular_Component_2023,22,TORC2 Complex (GO:0031932),0.0016398782483108359,0.024300014043151477,13.95183486238532,89.47497645540251,PRR5; PRR5L; RICTOR; TELO2,4,NA,NA
GO_CC,GO_Cellular_Component_2023,2,Spindle (GO:0005819),4.291166793476748e-09,6.994601873367099e-07,2.980883322346737,57.43180605322503,PHLPP2; BUB1B; TTK; KIF11; HMMR; SKA3; SKA1; CDC14A; AURKB; AURKA; CDC20; KIF3A; NUSAP1; FBXO5; MAP9; DLGAP5; SPAG5; CKAP2L; TRAT1; LIMK2; PLK1; CD180; CKAP2; CDC7; KIF23; CDC6; KIF22; CCSAP; MZT1; MZT2B; TPX2; MZT2A; CENPE; CENPF; ZZZ3; KIFC2; ESPL1; KIFC1; KATNBL1; HECW2; MAK; KIF4A; CDK1; KIF2C; KIF20A; MAD2L1,46,NA,NA
GO_CC,GO_Cellular_Component_2023,10,Cyclin-Dependent Protein Kinase Holoenzyme Complex (GO:0000307),2.1026295790947523e-05,0.0006854572427848893,5.057636887608069,54.46941772029321,CCNF; CCNC; CCNA2; CCNB2; CCNB1; CCND2; CDK6; CDK4; CCNG2; CDK1; CCNJL; CDK5R1; MCM2,13,NA,NA
GO_CC,GO_Cellular_Component_2023,6,Mitotic Spindle (GO:0072686),5.667127875218589e-07,3.079139478868767e-05,3.0476910476910475,43.836199672730196,PHLPP2; KIF11; SKA3; CDC14A; SKA1; AURKA; NUSAP1; MAP9; DLGAP5; SPAG5; CKAP2L; TRAT1; LIMK2; CD180; CKAP2; CDC7; KIF23; CDC6; KIF22; CCSAP; TPX2; CENPE; KIF18B; ZZZ3; ESPL1; KIFC2; KIFC1; KATNBL1; HECW2; MAK; CDK1; MAD2L1,32,NA,NA
GO_CC,GO_Cellular_Component_2023,17,Lumenal Side Of Endoplasmic Reticulum Membrane (GO:0098553),0.00031909277391410905,0.006119073193882326,5.242668200115008,42.20362931898089,CD74; CANX; HLA-DRA; CALR; HLA-DQA2; HLA-DQA1; HLA-DQB2; HLA-DRB1; HLA-DPA1,9,NA,NA
GO_CC,GO_Cellular_Component_2023,14,Serine/Threonine Protein Kinase Complex (GO:1902554),0.0001517025173237649,0.0035325014748248114,3.5020196191575304,30.795321472758623,CCNF; CCNC; ACVR2B; ACVR2A; CCNA2; CCNB2; CCND2; CDK6; CDK4; CCNG2; CDK1; TBKBP1; MCM2; CCNJL; CDK5R1,15,NA,NA
GO_CC,GO_Cellular_Component_2023,15,Nuclear Chromosome (GO:0000228),0.00017473068032956574,0.0037974801191625624,2.8050925925925925,24.27040372856418,TOP2A; GINS1; GINS2; MCM7; ACTR6; NCAPG; SMC4; NCAPH; LRPPRC; SMC2; SMCHD1; CDC45; FIGNL1; CHEK1; MCM3; BIRC5; MCM4; MCM5; MCM6; MCM2,20,NA,NA
GO_CC,GO_Cellular_Component_2023,5,Intracellular Non-Membrane-Bounded Organelle (GO:0043232),4.636575282718337e-07,3.023047084332356e-05,1.5973047342520041,23.295283350438723,RPL5; GORAB; PRDM5; HJURP; BUB1B; RORA; MKI67; GIMAP7; CDC14A; SMC2; CDC20; PYCARD; FBL; CCND2; RPS19; HABP4; NUSAP1; FBXO5; AGTPBP1; DGAT2; RSAD2; RPS7; ESCO1; RPS5; CD180; ACSL4; ZBTB33; ESCO2; RUNX3; PREPL; BIN1; DGKQ; CMPK1; WDFY3; ADAM8; KIF20A; RPL26; KIF20B; ATF3; S100A8; CDCA2; CDCA5; TXK; NOLC1; NMD3; AK5; HMMR; PKMYT1; EPB41L3; UTP20; MDN1; ZNF146; SPTBN1; PLK4; ARL14EP; CBX5; ZBTB14; CAV1; PYHIN1; PLK1; EIF2AK2; CDC6; ABTB1; POLA1; TPX2; ZZZ3; BCL6; CDK4; UBE2T; SPATS2L; ATM; BRWD1; RBIS; RSL24D1; TOP2A; TENM1; FEN1; DYRK2; HIP1; MCM7; PTPRM; MCM10; KIF11; FOXM1; MYSM1; PHF6; WDR43; OASL; RPS4X; PIDD1; AKAP11; SPIN1; WDR36; CR1; PARP1; ACTR6; VPS13C; VPS13A; ABHD14B; KIF23; RPS3A; CCSAP; SIRT1; GNL3; MZT2B; MZT2A; GCFC2; RCN2; PLIN4; MCM3; KIF2C; PLIN5; MCM2; AGPAT5; RRN3; NOC4L; TTK; NOL9; ADD3; AURKB; AURKA; RECQL4; WRN; VPS51; NRIP1; RPL13; RPS2; E2F8; SUZ12; HSD3B7; NOP58; NPM1; MYO10; STAT1; KRR1; RPL23A; NOC3L; RRP1B; DHRS3; LRPPRC; MZT1; PML; CENPE; BOP1; CENPF; WEE1; KATNBL1; NEDD4; SHLD2; TTC3; TRIP13; ZNF354A; NOP53; SPC24,154,NA,NA
GO_CC,GO_Cellular_Component_2023,19,Spindle Microtubule (GO:0005876),0.0006508105127116332,0.011166538270736444,2.9721063920129778,21.807212540136202,ZWILCH; PLK1; KIF11; SKA3; AURKB; SKA1; AURKA; CENPE; KIF18B; KIF3A; KIF4A; CDK1; KNTC1; BBLN; MAP9,15,NA,NA
GO_CC,GO_Cellular_Component_2023,9,Nuclear Lumen (GO:0031981),1.4140328824277897e-05,0.0005121941329682883,1.6254663655587631,18.15073708117663,RPL5; GORAB; PRDM5; HJURP; RORA; MKI67; CDC14A; SMC2; PYCARD; FBL; CCND2; RPS19; HABP4; NUSAP1; AGTPBP1; RPS7; CD180; ZBTB33; RUNX3; DGKQ; CMPK1; WDFY3; RPL26; KIF20B; ATF3; TXK; NOLC1; NMD3; AK5; PKMYT1; FIGNL1; UTP20; MDN1; ZNF146; SPTBN1; PLK4; ARL14EP; CBX5; ZBTB14; PYHIN1; CDC6; ABTB1; POLA1; ZZZ3; BCL6; CDK4; UBE2T; SPATS2L; ATM; BRWD1; RBIS; RSL24D1; TOP2A; FEN1; MCM7; MCM10; MYSM1; PHF6; WDR43; OASL; PIDD1; AKAP11; SPIN1; WDR36; PARP1; ACTR6; ABHD14B; RPS3A; SIRT1; GNL3; GCFC2; RCN2; MCM3; BIRC5; MCM2; AGPAT5; RRN3; NOC4L; NOL9; WRN; VPS51; NRIP1; RPL13; RPS2; E2F8; SUZ12; NOP58; NPM1; MYO10; STAT1; KRR1; RPL23A; NOC3L; RRP1B; PML; BOP1; WEE1; KATNBL1; NEDD4; TTC3; ZNF354A; NOP53; SPC24,103,NA,NA
GO_CC,GO_Cellular_Component_2023,11,Nucleolus (GO:0005730),2.3797833040560032e-05,0.0007052812337475064,1.6092415880524518,17.131850818628415,RPL5; GORAB; PRDM5; HJURP; RORA; MKI67; CDC14A; SMC2; PYCARD; FBL; CCND2; RPS19; HABP4; NUSAP1; AGTPBP1; RPS7; CD180; ZBTB33; RUNX3; DGKQ; CMPK1; WDFY3; RPL26; KIF20B; ATF3; TXK; NOLC1; NMD3; AK5; PKMYT1; UTP20; MDN1; ZNF146; SPTBN1; PLK4; ARL14EP; CBX5; ZBTB14; PYHIN1; CDC6; ABTB1; POLA1; ZZZ3; BCL6; CDK4; UBE2T; SPATS2L; ATM; BRWD1; RBIS; RSL24D1; TOP2A; FEN1; MCM7; MCM10; MYSM1; PHF6; WDR43; OASL; PIDD1; AKAP11; SPIN1; WDR36; PARP1; ACTR6; ABHD14B; RPS3A; SIRT1; GNL3; GCFC2; RCN2; MCM3; MCM2; AGPAT5; RRN3; NOC4L; NOL9; WRN; VPS51; NRIP1; RPL13; RPS2; E2F8; SUZ12; NOP58; NPM1; MYO10; STAT1; KRR1; RPL23A; NOC3L; RRP1B; PML; BOP1; WEE1; KATNBL1; NEDD4; TTC3; ZNF354A; NOP53; SPC24,101,NA,NA
GO_CC,GO_Cellular_Component_2023,24,Clathrin-Coated Endocytic Vesicle Membrane (GO:0030669),0.00196845676081646,0.026738204334423584,2.720876585928489,16.952436297741578,CD74; TFRC; TGFA; CD3G; CD3D; CD4; HLA-DRA; VAMP4; IL7R; HLA-DQA2; HLA-DQB2; HLA-DQA1; HLA-DRB1; HLA-DPA1,14,NA,NA
GO_CC,GO_Cellular_Component_2023,18,Mitochondrial Outer Membrane (GO:0005741),0.0006193454037173889,0.011166538270736444,2.1895563298490126,16.173918565788426,AGPAT5; ATF2; TOMM40; BCL2A1; LRRK2; TOMM20; UBB; PMAIP1; TSPO; BAK1; SLC25A46; RSAD2; ACSL1; AGK; VPS13C; VPS13A; ACSL4; SEPTIN4; SYNJ2BP; QTRT1; PPP2R2B; VDAC3; BCL2; VDAC2; VDAC1; LPIN1,26,NA,NA
GO_CC,GO_Cellular_Component_2023,16,Golgi Membrane (GO:0000139),0.0002907955181292782,0.005924958681884043,1.6976150024454912,13.823492608605186,PI4K2B; GALNT14; CHPF; ZDHHC8; MANEA; PKD1; SCAMP5; LFNG; PYCARD; MAN1A1; TMED7; HLA-DPA1; TRIM23; CSGALNACT1; GBP5; CSGALNACT2; PAQR3; CASD1; ZDHHC17; RAB30; RNF125; SLC9A7; B3GNT5; B3GNT2; TLR8; TLR7; VAMP4; ST6GALNAC3; DIPK2A; OPTN; HLA-DQB2; UNC93B1; ZDHHC20; SH2D2A; ZDHHC21; LMAN1; UGCG; FUT8; ZDHHC19; CHST12; MAN2A1; PDGFD; PDGFC; ST3GAL5; GCNT4; HLA-DQA2; HLA-DQA1; FKTN; GALNT7; CD74; ARFGEF2; HACE1; SLC35A3; CAV1; SORL1; PIKFYVE; MGAT4A; HLA-DRA; HLA-DRB1,59,NA,NA
GO_CC,GO_Cellular_Component_2023,21,Endocytic Vesicle Membrane (GO:0030666),0.0013576171515329472,0.021075390066654324,2.0569454996375955,13.580003988097154,CAMK2D; CSF3R; TFRC; TGFA; CD3G; CD3D; UBB; ATP6V0E2; HLA-DQA2; HLA-DQA1; HLA-DPA1; CD74; SLC11A1; CAV1; PTCH1; TAP2; TAP1; CD4; PIKFYVE; HLA-DRA; CALR; CLEC4E; IL7R; VAMP4; HLA-DRB1; HLA-DQB2,26,NA,NA
GO_CC,GO_Cellular_Component_2023,23,Organelle Outer Membrane (GO:0031968),0.001724793753187275,0.024447076675610944,1.986741323754688,12.640935310803448,AGPAT5; ATF2; TOMM40; BCL2A1; LRRK2; PTGS2; TOMM20; UBB; PMAIP1; TSPO; BAK1; SLC25A46; RSAD2; ACSL1; AGK; VPS13C; VPS13A; ACSL4; SEPTIN4; SYNJ2BP; QTRT1; PPP2R2B; VDAC3; BCL2; VDAC2; VDAC1; LPIN1,27,NA,NA
GO_CC,GO_Cellular_Component_2023,27,Basolateral Plasma Membrane (GO:0016323),0.0038257738927687077,0.0461926773719481,1.8854659778124876,10.494493276133134,TFRC; CD81; LRRK2; AQP9; SLC40A1; TGFA; LIN7A; PKD1; AURKA; VSIG1; CA4; SLC16A7; SLC16A3; SLC19A1; SLC38A1; SLC16A1; CADM1; SLC4A10; ERBIN; SLC30A1; ANK3; SLC51A; ATP2B1; MYO1D; SLC4A7; NAIP,26,NA,NA
GO_CC,GO_Cellular_Component_2023,25,trans-Golgi Network (GO:0005802),0.0036880731041322628,0.0461926773719481,1.7292374816092537,9.688314367248227,PI4K2B; SCOC; GRN; SLC66A2; ATP8A1; PLD4; PIK3C2A; SCAMP5; ARL5B; VPS51; CA4; HLA-DQA2; ARL5A; HLA-DQA1; ATP9A; HLA-DPA1; CD74; ARFGEF2; ATP8B4; NSG1; SCAMP1; SORL1; BACE2; PREPL; RAB30; TRAPPC6A; SLC9A7; DOP1A; HLA-DRA; RELCH; VAMP4; OPTN; HLA-DRB1; HLA-DQB2,34,NA,NA
GO_CC,GO_Cellular_Component_2023,26,Microtubule Cytoskeleton (GO:0015630),0.003738501775975518,0.0461926773719481,1.597448353173544,8.928251214356385,KIF14; BUB1B; TTK; KIF11; HMMR; SKA1; SEPTIN11; AURKB; KIF15; AURKA; CDC20; PYCARD; CCNB2; KIF5C; KIF3A; KIF21A; FBXO5; GTSE1; SEPTIN1; CKAP2L; PLK1; MX1; CKAP2; KIF23; TUBE1; KIF22; SEPTIN4; CCSAP; LRPPRC; MZT1; MZT2B; TPX2; MZT2A; CENPE; CENPF; KIFC2; KIFC1; FES; KATNBL1; BIRC5; KIF2C; RELL1; KIF20A; KIF20B; FGF13,45,NA,NA
GO_CC,GO_Cellular_Component_2023,20,Intracellular Membrane-Bounded Organelle (GO:0043231),0.0012959679213450392,0.021075390066654324,1.1852248478935135,7.879964359230193,ATF2; RPL5; TFRC; ZNF292; SMC5; SMC4; BACH1; BACH2; ALKBH8; SMC2; ZC3H12D; ELK4; GPR174; PPP4R2; ZXDB; CYP1B1; UBASH3A; PRKACB; MBNL1; MEF2C; MBNL2; MRTFB; RFX2; FNDC3A; WDR76; DEPDC1B; ZFYVE16; RNF125; BIN1; CLDN9; PADI4; OPTN; ATF3; ASF1A; URI1; CDCA2; CDCA5; NCAPG; ZNF22; GATA3; SAMSN1; C9ORF72; PRDX3; HSPH1; PRDX4; FIGNL1; MYO6; ZNF146; ABCA1; CDK17; ARL14EP; PHC2; HACE1; PLK1; NFATC2; NR1D2; CDC7; CDC6; PHC3; FAM111B; MOV10; PKIA; CPEB2; EZH2; CPEB4; DENND1B; ITK; ATF7IP2; RPLP0; ADK; CHM; PHF6; PRSS23; PBK; SPIN1; TSPO; JAK2; GPRASP1; ZNF367; DLGAP5; HLA-DPA1; TCF19; DUSP5; HELLS; BATF2; DUSP2; CNOT6L; DUSP1; TET2; PAWR; SIRT1; GNL3; GCFC2; KIFC2; KIFC1; PLIN5; TRUB1; PHLPP2; AHNAK; RPL10; ASCL2; HSPA13; UNG; RECQL4; WRN; HLA-DMA; BTAF1; HLA-DMB; RNF138; SNX25; PLAGL1; STAT4; RPL13; CHML; RPS2; PMS1; MBD3; CASP8AP2; SLC16A1; STAT1; AGK; STAT2; ATAD2; RRP1B; SEPTIN4; HIPK3; LRPPRC; TARBP1; CENPE; CENPF; SNX16; FABP5; ZYX; ZNF217; PKN2; CDKN3; CCNT2; ATP8A1; RTKN2; RORC; RORA; AHR; IPO5; PYCARD; LAMP3; SESN1; SMARCAD1; NEK2; KPNA5; ZNF441; CSNK1G3; DGAT2; AGTPBP1; RPS7; ZBTB38; IPMK; F2R; ZBTB32; RPSA; ZBTB33; TC2N; CDC25A; CDC25B; TLE5; RAB30; OLFM2; MAF; MSH2; SLC9A7; MAK; DGKQ; TOX; ZNF675; GOLGA8A; S100A8; DGKH; PARM1; KMT2A; STK39; AK5; FHIT; HSP90B1; NPAT; SBNO2; ORC1; AMDHD2; ZNF664; MDN1; ZNF540; OSBPL8; OSBPL5; ZBTB14; OSBPL3; NEK7; STYX; ZBTB10; NSG1; FOXN2; ADAP1; MOB1B; CDK6; BCL6; CDK4; BCL3; RCAN3; BCL2; NFE2L3; CDK1; HSP90AB1; MCM7; SYCP2; LRRK2; FASLG; MCM10; PIK3C2A; FOXM1; RESF1; LBH; EXO1; ZNF644; CEP290; RFC3; GPX4; ACTR6; PTBP2; ARL4C; ASPM; ESPL1; SKIC3; MCM3; MCM4; BIRC5; MCM5; MCM6; MCM2; BIRC3; SLC25A6; PRKAA1; CEBPB; CARNMT1; CEBPD; UHRF1; TTK; MLLT3; HDAC9; CDC45; VPS51; SH3BP1; CCDC85B; ZNF507; ASCC2; ASCC3; FKTN; GZMA; GZMB; RPL23A; PTPN11; PML; GZMH; KLF5; KLF9; NOP53; TCERG1; PANK3; AQP9; CCNF; CCNC; UBE2L6; MKI67; IKZF3; IKZF5; RPS6KA4; LGALS3; HERC2; SNRPD2; FTH1; CHEK1; PCLAF; HABP4; FBXO5; TRIM22; TMPO; ARRDC4; ESCO1; SFMBT2; ESCO2; KNL1; RUNX3; RUNX2; UHMK1; POR; THAP5; CYP2U1; THAP7; VDAC3; VDAC2; NSMF; VDAC1; KIF20A; KIF20B; CCDC82; TRIB2; TELO2; IGSF8; MAGED1; TXK; TSHZ1; SP140; STXBP2; DCUN1D4; ZBTB1; NMD3; TXN; CD1C; MIER3; ZNHIT6; HLTF; RAB11FIP2; SCAI; CDT1; APOBEC3F; BCL11B; APOBEC3H; BCL11A; GADD45A; INTS2; PARP14; PARP15; PARP12; POLA1; TPX2; ZBTB6; FBXL3; ATM; CALR; RBAK; SLC2A4RG; CCNJL; TOP2A; H2AX; TENM1; FEN1; HIP1; CLIC3; AKR1B1; KIF11; BMI1; PTMS; ZMYM2; XPO4; REV3L; ACADM; GABPA; PARP1; PRMT1; STRBP; KIF23; KIF22; ZDHHC17; NME1; RNF144A; MDFIC; G2E3; ZNF780B; PCNA; ZDHHC20; NOL9; TYMS; HSF2; SCAND1; METTL8; GINS1; SUZ12; GINS2; CD74; GDF11; NPM1; MYEF2; NFYB; ERBIN; PUS7L; RANBP6; YIF1A; CCNG2; NEDD4; CAMK4; TTC3; TRIP13; ZNF354A; MAD2L1; CDK5R1; PRDM5; PEBP1; ETS1; ETS2; IGF1R; NR3C2; DOCK10; FBL; CCND2; PTTG1; SACS; KNTC1; CMTR2; THEMIS; LIG4; LMO7; TIMELESS; CMPK1; KLHL15; UBA5; PLD4; ZFP36L2; CCNB2; CCNB1; DPP7; UBB; PMAIP1; CLSPN; MFAP3L; ISOC2; CBX5; UBE2C; PTCH1; DENND4C; HMGA1; TDRD9; CHCHD10; GGH; CLK4; SMAD5; BLTP1; CLK1; SEPSECS; KIF18B; UBE2T; JMY; TAF4B; FGF13; BRWD1; CREBZF; DYRK2; ABCD3; AFF3; CHTF18; MYSM1; PKD1; UFL1; PIDD1; SENP7; UBE2Q2; MYBL2; MYBL1; SUN1; NAA30; USP45; ABHD14B; IRAK3; RPS3A; AXIN2; ETV7; LATS1; CCNA2; TRAPPC6A; OAS1; OAS2; IRF4; OAS3; CAT; CRY1; SPOPL; ZMYND11; PFDN4; CREB5; CAMK2D; RRN3; PSMB10; AURKB; AURKA; MAPK8; MCRIP1; TBX21; POLD2; NRIP1; MAPK6; BUB1; GBP4; KLRG1; ARFGEF2; LIMK2; MX1; ATP2B1; USP28; WARS1; FMNL3; UFM1; WEE1; GNPDA2; KATNBL1; ABHD17A; SHLD2; S100P; NAA16; LPIN1; PAXBP1; SSBP4,506,NA,NA
GO_MF,GO_Molecular_Function_2023,3,MHC Class II Receptor Activity (GO:0032395),1.1838069342437146e-06,0.00031528724682024266,36.688684663986216,500.68222821757473,HLA-DRA; HLA-DOA; HLA-DQA2; HLA-DQA1; HLA-DQB2; HLA-DRB1; HLA-DPA1,7,NA,NA
GO_MF,GO_Molecular_Function_2023,1,MHC Class II Protein Complex Binding (GO:0023026),2.5516065276783142e-09,2.038733615614973e-06,13.388591800356506,264.91394288597763,CD74; HSP90AB1; CD81; HLA-DMA; CD4; HLA-DMB; HLA-DRA; HLA-DOA; HLA-DQA2; MS4A1; HLA-DQA1; HLA-DQB2; HLA-DRB1; HLA-DPA1,14,NA,NA
GO_MF,GO_Molecular_Function_2023,9,MHC Class Ib Protein Binding (GO:0023029),9.16340520890311e-05,0.008135067513237317,26.17613310384395,243.3780318989505,KIR2DS4; TAP2; TAP1; KLRD1; KIR3DL2,5,NA,NA
GO_MF,GO_Molecular_Function_2023,19,MHC Class II Protein Binding (GO:0042289),0.0007551648298077363,0.029487432596800492,20.928899082568808,150.44895057022254,CD74; LAG3; CD81; FCRL6,4,NA,NA
GO_MF,GO_Molecular_Function_2023,2,MHC Protein Binding (GO:0042287),3.7435303584967914e-07,0.0001495540378219468,7.360092272202999,108.91513517463949,CD74; LAG3; TRAV19; CD81; FCRL6; KIR2DS4; TAP2; TAP1; KIR3DL2; CD4; TRBV7-9; CD8B; CD8A; CD244,14,NA,NA
GO_MF,GO_Molecular_Function_2023,15,G Protein-Coupled Chemoattractant Receptor Activity (GO:0001637),0.0004420273496428675,0.021416202323336242,8.977365917664425,69.34242041343907,CX3CR1; CXCR3; CCR5; CCR4; CCR3; CMKLR1,6,NA,NA
GO_MF,GO_Molecular_Function_2023,12,Chemokine Binding (GO:0019956),0.00034087415080613355,0.020527924507381307,7.334520390580126,58.55879032055324,CX3CR1; ITGB1; ITGA4; CXCR3; ITGAV; CCR5; CCR3,7,NA,NA
GO_MF,GO_Molecular_Function_2023,18,Nucleobase-Containing Compound Kinase Activity (GO:0019205),0.000515868889339086,0.022898846810107207,6.667380293457261,50.46978801199912,CMPK1; NME3; CMPK2; NOL9; AK5; TK1; NME1,7,NA,NA
GO_MF,GO_Molecular_Function_2023,13,Single-Stranded DNA Helicase Activity (GO:0017116),0.00035034659549704823,0.020527924507381307,5.989490968801314,47.65590969623255,POLQ; RFC3; MCM7; MCM3; MCM4; MCM5; MCM6; MCM2,8,NA,NA
GO_MF,GO_Molecular_Function_2023,5,Cytokine Receptor Activity (GO:0004896),5.560815408561371e-06,0.0008886183022881072,3.7607473544973544,45.50416223832817,CX3CR1; CD74; CSF3R; IL4R; IL1R1; IL1R2; IL1RAP; CD4; IL18RAP; CXCR3; IL2RB; IL21R; CCR5; IL6ST; IL7R; CCR4; CCR3; IL18R1; CMKLR1; IL12RB2,20,NA,NA
GO_MF,GO_Molecular_Function_2023,20,Chemokine Receptor Activity (GO:0004950),0.0007554910577808125,0.029487432596800492,6.111430212521539,43.9298319338356,CX3CR1; CXCR3; CCR7; CCR5; CCR4; CCR3; CMKLR1,7,NA,NA
GO_MF,GO_Molecular_Function_2023,8,Sterol Binding (GO:0032934),3.152559639151939e-05,0.003148618939602999,3.911917933293947,40.54589788857335,GRAMD1B; OSBPL8; STARD4; OSBPL5; CD81; SH2D2A; CAV1; OSBPL3; PTCH1; RORC; RORA; GPR183; SIDT1; TSPO; VDAC2; VDAC1,16,NA,NA
GO_MF,GO_Molecular_Function_2023,10,Double-Stranded RNA Binding (GO:0003725),0.00011267198979136911,0.009002491984330393,3.4317764057124003,31.19838124729661,MBNL1; HSP90AB1; TFRC; STRBP; EIF2AK2; DDX60; OASL; IFIH1; OAS1; NLRP6; OAS2; OAS3; DHX58; TLR8; TLR7; RIGI,16,NA,NA
GO_MF,GO_Molecular_Function_2023,21,Non-Membrane Spanning Protein Tyrosine Kinase Activity (GO:0004715),0.0007750138730072719,0.029487432596800492,4.03337169159954,28.889547579457627,CLK1; ITK; YES1; MELK; FES; LCK; TXK; MATK; JAK2; BMX,10,NA,NA
GO_MF,GO_Molecular_Function_2023,16,Cyclin-Dependent Protein Serine/Threonine Kinase Regulator Activity (GO:0016538),0.0004473775075360507,0.021416202323336242,3.703849281648143,28.564484875374898,CCNA2; CCNB2; CCNB1; CCNT2; CCND2; CDK4; CCNG2; CCNF; CCNC; CCNJL; CDK5R1; MCM2,12,NA,NA
GO_MF,GO_Molecular_Function_2023,6,Protein Serine/Threonine Kinase Activity (GO:0004674),7.155022131404042e-06,0.0009528104471653049,2.0335322119570027,24.09267155885668,DYRK2; LRRK2; RPS6KA4; AKT3; CHEK1; PBK; NEK2; PIM3; PRKACB; MAP4K1; CSNK1G3; PRKCH; IRAK3; UHMK1; CIT; LATS1; MELK; PRKD3; MAK; PRKCQ; CAMK2D; PRKAA1; STK39; TTK; PKMYT1; AURKB; AURKA; MAPK8; MAP4K5; MAPK6; MAP4K3; PLK4; MAP3K2; MAP3K1; LIMK2; PLK1; NEK7; EIF2AK3; EIF2AK2; CDC7; CLK4; ACVR2B; HIPK3; ACVR2A; CLK1; PIKFYVE; CDK6; SBK1; CDK4; CAMK4; STK26; CDK1; ATM; PKN2; CAMK1,55,NA,NA
GO_MF,GO_Molecular_Function_2023,4,Protein Kinase Binding (GO:0019901),3.0316831548556233e-06,0.0006055787101824108,1.8617554858934169,23.656196121559688,ITGB1; TOP2A; ATF2; TFRC; PDE3B; KIF14; PEBP1; KIF11; FOXM1; CD3E; PKD1; UFL1; SPRED1; CCND2; RPS19; ITGAV; FBXO5; JAK2; TRIM22; EPHA4; FBXW5; RPS7; PARP1; DUSP1; FCRL3; IRAK3; AXIN2; SIRT1; CDC25A; PJA2; CIT; CDC25B; CCNA2; LATS1; LCK; BANK1; CEACAM4; ADAM9; CD226; VDAC1; KIF20A; UTRN; TRIB2; SKAP1; NAIP; TELO2; PFKFB2; GSTP1; HDAC9; AURKA; PRDX3; CCNB1; MAPK8; RNF138; RICTOR; RAB11FIP2; FAM83A; SLC12A2; MAP3K2; NPM1; MAP3K1; LRBA; CAV1; PLK1; SH2D1A; PTPN11; GCSAM; WARS1; CCDC88A; POLA1; TPX2; IBTK; CD4; PKIA; CD247; CDK5R1,76,NA,NA
GO_MF,GO_Molecular_Function_2023,23,Cholesterol Binding (GO:0015485),0.0010064673079623087,0.03496379908964716,3.3132427843803054,22.865711565573374,GRAMD1B; OSBPL8; STARD4; OSBPL5; CD81; CAV1; OSBPL3; PTCH1; SIDT1; TSPO; VDAC2; VDAC1,12,NA,NA
GO_MF,GO_Molecular_Function_2023,7,Kinase Binding (GO:0019900),2.27636798754898e-05,0.0025983114600737645,1.8112219643887,19.362586366949518,ATF2; HSP90AB1; TFRC; KIF14; PEBP1; KIF11; FOXM1; CD3E; PKD1; UFL1; SPRED1; CCND2; RPS19; SIT1; FBXO5; JAK2; TRIM22; FBXW5; RPS7; PARP1; FCRL3; IRAK3; AXIN2; CDC25A; CIT; CDC25B; CCNA2; LATS1; LCK; DGKQ; CD226; VDAC1; KIF20A; UTRN; SKAP1; TELO2; PFKFB2; HDAC9; AURKB; AURKA; PRDX3; CCNB1; RNF138; RICTOR; RAB11FIP2; FAM83A; SLC12A2; MAP3K2; NPM1; MAP3K1; CD160; GADD45A; LRBA; CAV1; PLK1; SH2D1A; PTPN11; CDC6; GCSAM; WARS1; MOB1B; POLA1; TPX2; IBTK; CD4; DLG3; CDK5R1,67,NA,NA
GO_MF,GO_Molecular_Function_2023,11,Adenyl Ribonucleotide Binding (GO:0032559),0.000251127906454477,0.018241017932466103,1.8486280957763848,15.324291632011946,PANK3; ABCB1; ABCD3; DYRK2; HSP90AB1; KIF14; TWF1; NOL9; PYGL; AK5; SMC4; RPS6KA4; IFIH1; PPIP5K2; AKT3; MYO6; MAP4K5; PRKACB; N4BP2; SLC19A1; MAP4K3; ABCA1; MAP4K1; PLK1; TAP2; LIG4; TAP1; IRAK3; RUNX3; ATP5F1D; UHMK1; APRT; NME1; LATS1; CDK6; MSH2; OAS1; KIFC1; OAS2; STK26; OAS3; TRIP13; MCM6; ABCE1; NAIP; GALK1,46,NA,NA
GO_MF,GO_Molecular_Function_2023,17,Microtubule Binding (GO:0008017),0.00045566387921992005,0.021416202323336242,1.93231333653529,14.866745640365256,LRRK2; KIF14; SKA1; KIF15; KIF5C; KIF3A; NUSAP1; KIF21A; UBASH3A; GTSE1; CEP290; MAP9; DLGAP5; SPAG5; PLK1; MX1; KIF23; KIF22; CCSAP; LRPPRC; CCDC88A; CENPE; KIF18B; KIFC2; KIFC1; HOOK1; ALMS1; JMY; TUBGCP5; BIRC5; KIF2C; KIF20A; KIF20B; FGF13; CEP44; SPC24; S100A8,37,NA,NA
GO_MF,GO_Molecular_Function_2023,14,ATP Binding (GO:0005524),0.0003596882892407238,0.020527924507381307,1.8713550091263893,14.840355662166548,PANK3; ABCB1; ABCD3; DYRK2; HSP90AB1; KIF14; TWF1; NOL9; PYGL; AK5; SMC4; RPS6KA4; PPIP5K2; AKT3; MAP4K5; PRKACB; N4BP2; MAP4K3; ABCA1; MAP4K1; PLK1; TAP2; LIG4; TAP1; IRAK3; RUNX3; ATP5F1D; UHMK1; NME1; LATS1; CDK6; MSH2; OAS1; KIFC1; OAS2; STK26; OAS3; TRIP13; MCM6; ABCE1; NAIP; GALK1,42,NA,NA
GO_MF,GO_Molecular_Function_2023,22,Purine Ribonucleoside Triphosphate Binding (GO:0035639),0.0009805688194651216,0.03496379908964716,1.5844551034091494,10.976118992244896,HSP90AB1; PANK3; ABCD3; DYRK2; LRRK2; KIF14; PYGL; SMC4; GIMAP7; IFIH1; RPS6KA4; ARL5B; PPIP5K2; AKT3; PRKACB; ARL5A; TRIM23; GBP6; MAP4K1; GBP5; TAP2; RRAS2; TAP1; LIG4; IRAK3; RHOC; RUNX3; GNL3; UHMK1; NME1; ARL4C; LATS1; RAP2A; MSH2; OAS1; KIFC1; OAS2; OAS3; RHOU; MCM6; NAIP; ABCB1; TWF1; NOL9; AK5; RRAS; MAP4K5; N4BP2; GBP1; MAP4K3; GBP4; ABCA1; PLK1; TUBE1; SEPTIN4; ATP5F1D; CDK6; STK26; TRIP13; ABCE1; RIGI; GALK1,62,NA,NA
KEGG,KEGG_2021_Human,10,Allograft rejection,4.542959568949086e-09,1.3856026685294712e-07,8.525955269456135,163.7809333798312,CD86; CD40; PRF1; GZMB; FASLG; HLA-DMA; HLA-DMB; CD40LG; CD28; HLA-DPB1; HLA-DRA; HLA-DOA; HLA-DQA2; HLA-DQA1; HLA-DRB1; HLA-DPA1; HLA-DQB1,17,NA,NA
KEGG,KEGG_2021_Human,6,Intestinal immune network for IgA production,9.284510734012431e-10,4.300601838997048e-08,7.533068783068783,156.66902386003053,CD86; CD40; TNFRSF13B; ITGA4; HLA-DMA; HLA-DMB; CD40LG; CD28; HLA-DPB1; TNFRSF17; HLA-DRA; ITGB7; HLA-DOA; ICOS; HLA-DQA2; CCL28; HLA-DQA1; HLA-DRB1; HLA-DPA1; HLA-DQB1,20,NA,NA
KEGG,KEGG_2021_Human,9,Graft-versus-host disease,3.72601005280253e-09,1.2627034067830795e-07,7.902312138728323,153.36750396902977,CD86; PRF1; GZMB; FASLG; KIR2DL1; KIR3DL2; HLA-DMA; HLA-DMB; CD28; HLA-DPB1; HLA-DRA; KLRD1; HLA-DOA; HLA-DQA2; HLA-DQA1; HLA-DRB1; HLA-DPA1; HLA-DQB1,18,NA,NA
KEGG,KEGG_2021_Human,1,Th17 cell differentiation,2.4198416171229158e-12,7.380516932224893e-10,5.159077641564506,137.9914955555876,HSP90AB1; RORC; RORA; CD3G; AHR; IL1RAP; GATA3; CD3E; CD3D; HLA-DMA; MAPK8; PPP3CC; HLA-DMB; TBX21; IL21R; HLA-DOA; JAK2; HLA-DQA2; HLA-DQA1; HLA-DPA1; IL4R; IL1R1; STAT1; NFATC2; CD4; IRF4; LCK; IL2RB; HLA-DPB1; HLA-DRA; PRKCQ; CD247; IL6ST; HLA-DRB1; HLA-DQB1,35,NA,NA
KEGG,KEGG_2021_Human,2,Hematopoietic cell lineage,5.6620643863017945e-12,8.634648189110237e-10,5.302040816326531,137.3081840505609,CSF3R; TFRC; CD3G; CD1C; CD3E; CD3D; HLA-DMA; HLA-DMB; CD38; CD14; HLA-DOA; HLA-DQA2; HLA-DQA1; HLA-DPA1; CR2; IL4R; CR1; ITGA4; IL1R1; IL1R2; CD2; CD4; CD8B; CD8A; CD5; CD7; HLA-DPB1; HLA-DRA; ITGA6; IL7R; MS4A1; HLA-DRB1; HLA-DQB1,33,NA,NA
KEGG,KEGG_2021_Human,4,Th1 and Th2 cell differentiation,1.7968169084718507e-11,1.3700728927097863e-09,5.3841622349313045,133.21719963709396,MAML2; CD3G; GATA3; CD3E; CD3D; HLA-DMA; MAPK8; PPP3CC; HLA-DMB; TBX21; STAT4; HLA-DOA; JAK2; HLA-DQA2; HLA-DQA1; HLA-DPA1; IL12RB2; IL4R; STAT1; NFATC2; RUNX3; CD4; MAF; LCK; IL2RB; HLA-DPB1; HLA-DRA; PRKCQ; CD247; HLA-DRB1; HLA-DQB1,31,NA,NA
KEGG,KEGG_2021_Human,11,Primary immunodeficiency,3.745080978899032e-08,1.0384088168765498e-06,7.654839386941004,130.899571571764,CD40; CIITA; TNFRSF13B; TAP2; TAP1; CD3E; CD3D; UNG; CD4; CD40LG; CD8B; CD8A; LCK; ICOS; IL7R; ADA,16,NA,NA
KEGG,KEGG_2021_Human,8,Inflammatory bowel disease,2.4091662508546967e-09,9.18494633138353e-08,5.780952380952381,114.71713293051693,IL4R; STAT1; RORC; RORA; GATA3; HLA-DMA; IL18RAP; MAF; HLA-DMB; TBX21; IL21R; STAT4; HLA-DPB1; HLA-DRA; HLA-DOA; TLR5; HLA-DQA2; HLA-DQA1; HLA-DRB1; IL18R1; HLA-DPA1; HLA-DQB1; IL12RB2,23,NA,NA
KEGG,KEGG_2021_Human,3,Cell cycle,1.2880878198079428e-11,1.3095559501380754e-09,4.5151051008686185,113.21751205686554,PCNA; MCM7; BUB1B; TTK; PKMYT1; CDC14A; CDC20; CCNB2; CCNB1; CCND2; CDC45; PTTG1; ORC1; CHEK1; BUB1; GADD45A; PLK1; CDC7; CDC6; CDC25A; CDC25B; CCNA2; WEE1; CDK6; DBF4; RBL1; ESPL1; CDK4; CDK1; MCM3; MCM4; ATM; MCM5; MCM6; ANAPC1; MCM2; MAD2L1,37,NA,NA
KEGG,KEGG_2021_Human,7,Antigen processing and presentation,9.870233728845685e-10,4.300601838997048e-08,5.284552845528455,109.58221794655992,CIITA; HSP90AB1; KIR2DL1; HLA-DMA; HLA-DMB; HLA-DOA; HLA-DQA2; HLA-DQA1; HLA-DPA1; CD74; NFYB; KIR2DS4; TAP2; TAP1; KIR3DL2; CD4; CD8B; CD8A; CANX; HLA-DPB1; HLA-DRA; KLRD1; CALR; HLA-DRB1; HLA-DQB1; LGMN,26,NA,NA
KEGG,KEGG_2021_Human,16,Asthma,7.617346298675461e-07,1.4520566381850096e-05,7.590201729106628,106.92823895141163,CD40; HLA-DMA; HLA-DMB; CD40LG; HLA-DPB1; FCER1A; HLA-DRA; HLA-DOA; HLA-DQA2; HLA-DQA1; HLA-DRB1; HLA-DPA1; HLA-DQB1,13,NA,NA
KEGG,KEGG_2021_Human,5,Human T-cell leukemia virus 1 infection,6.133059930425373e-11,3.7411665575594774e-09,3.234994528158936,76.07006242746229,ATF2; CD40; BUB1B; CD3G; CD3E; CD3D; ETS1; ETS2; CDC20; ELK4; PPP3CC; CCND2; PTTG1; AKT3; CHEK1; TSPO; HLA-DOA; PRKACB; HLA-DPA1; IL1R1; IL1R2; CCNA2; ESPL1; LCK; CANX; VDAC3; VDAC2; VDAC1; SLC25A4; ANAPC1; HLA-DQB1; CREB5; SLC25A6; CCNB2; HLA-DMA; MAPK8; HLA-DMB; HLA-DQA2; HLA-DQA1; MAP3K1; NFYB; NFATC2; CD4; CDK4; IL2RB; HLA-DPB1; HLA-DRA; ATM; CALR; HLA-DRB1; MAD2L1,51,NA,NA
KEGG,KEGG_2021_Human,18,Type I diabetes mellitus,1.7905520845525921e-06,3.0339910321585587e-05,5.633500947984502,74.5480423222076,CD86; PRF1; GZMB; FASLG; HLA-DMA; HLA-DMB; CD28; HLA-DPB1; HLA-DRA; HLA-DOA; HLA-DQA2; HLA-DQA1; HLA-DRB1; HLA-DPA1; HLA-DQB1,15,NA,NA
KEGG,KEGG_2021_Human,13,p53 signaling pathway,1.4665357385309841e-07,3.4407184634765396e-06,4.548906005043964,71.57791243559488,RRM2; CD82; APAF1; GADD45A; GORAB; BBC3; PIDD1; CCNB2; CCNB1; CCND2; CDK6; RRM2B; CDK4; SESN1; PERP; CCNG2; CHEK1; BCL2; CDK1; PMAIP1; ATM; GTSE1,22,NA,NA
KEGG,KEGG_2021_Human,17,Autoimmune thyroid disease,1.4317864185831827e-06,2.5687932803992394e-05,4.969381860196418,66.87092256598456,CD86; CD40; PRF1; GZMB; FASLG; HLA-DMA; HLA-DMB; CD40LG; CD28; HLA-DPB1; HLA-DRA; HLA-DOA; HLA-DQA2; HLA-DQA1; HLA-DRB1; HLA-DPA1; HLA-DQB1,17,NA,NA
KEGG,KEGG_2021_Human,22,DNA replication,3.2731903122984955e-05,0.00045378320238683687,5.25,54.21759170628686,POLA1; FEN1; RNASEH2B; RFC3; PCNA; MCM7; POLD2; MCM3; MCM4; MCM5; MCM6; MCM2,12,NA,NA
KEGG,KEGG_2021_Human,12,Cell adhesion molecules,1.303292015642522e-07,3.3125338730914105e-06,3.1561137382546214,50.03450947236904,CD86; ITGB1; CD40; ICAM2; PTPRM; HLA-DMA; HLA-DMB; ITGAV; ITGB7; HLA-DOA; ICOS; TIGIT; HLA-DQA2; HLA-DQA1; HLA-DPA1; CADM1; ITGA4; PDCD1LG2; CD2; CD4; CD40LG; CD8B; CD6; CD8A; CLDN9; CD28; HLA-DPB1; HLA-DRA; SDC1; CD226; ITGA6; PDCD1; HLA-DRB1; HLA-DQB1,34,NA,NA
KEGG,KEGG_2021_Human,15,Influenza A,6.501748932790367e-07,1.322022283000708e-05,2.8010582737768006,39.90394463635584,CIITA; CXCL8; FASLG; PYCARD; IFIH1; HLA-DMA; HLA-DMB; CCL5; AKT3; KPNA5; BAK1; HLA-DOA; JAK2; HLA-DQA2; HLA-DQA1; HLA-DPA1; RSAD2; APAF1; STAT1; STAT2; MX1; EIF2AK2; PML; CDK6; OAS1; CDK4; OAS2; OAS3; HLA-DPB1; HLA-DRA; VDAC1; TLR7; SLC25A4; HLA-DRB1; HLA-DQB1; SLC25A6,36,NA,NA
KEGG,KEGG_2021_Human,23,Viral myocarditis,3.953260610197527e-05,0.0005242367330914111,3.82280075582616,38.75702490669741,CD86; CD40; CAV1; PRF1; HLA-DMA; HLA-DMB; CD40LG; CD28; HLA-DPB1; HLA-DRA; HLA-DOA; HLA-DQA2; HLA-DQA1; HLA-DRB1; HLA-DPA1; HLA-DQB1,16,NA,NA
KEGG,KEGG_2021_Human,19,Epstein-Barr virus infection,4.960406907038045e-06,7.962758456034757e-05,2.450948509485095,29.935940934524236,CD40; CD3G; CD3E; CD3D; HLA-DMA; MAPK8; HLA-DMB; CCND2; AKT3; BAK1; HLA-DOA; HLA-DQA2; HLA-DQA1; HLA-DPA1; CR2; APAF1; GADD45A; STAT1; STAT2; TAP2; EIF2AK2; TAP1; RUNX3; CCNA2; CDK6; OAS1; CDK4; OAS2; NEDD4; OAS3; TRAF5; HLA-DPB1; BCL2; HLA-DRA; CALR; CD247; HLA-DRB1; HLA-DQB1,38,NA,NA
KEGG,KEGG_2021_Human,20,Measles,2.318289087042585e-05,0.00035353908577399423,2.6605279698302953,28.393409941516765,CBLB; CD3G; FASLG; CD3E; CD3D; BBC3; IFIH1; MAPK8; CCND2; AKT3; BAK1; SLAMF1; APAF1; STAT1; STAT2; MX1; EIF2AK3; EIF2AK2; CDK6; OAS1; CDK4; OAS2; OAS3; IL2RB; BCL2; CD28; TLR7; CD46,28,NA,NA
KEGG,KEGG_2021_Human,14,Herpes simplex virus 1 infection,5.718669048176214e-07,1.2458528997812467e-05,1.9516767094390688,28.054102759576622,ZNF254; ZNF253; ZNF891; FASLG; IFIH1; ZFP30; ZNF529; ZNF83; ZNF528; ZNF84; AKT3; ZNF41; ZNF248; ZNF600; ZNF721; JAK2; HLA-DOA; ZNF566; HLA-DPA1; ZNF761; ZNF441; ZNF680; APAF1; ZFP1; TAP2; TAP1; OAS1; OAS2; OAS3; ZNF439; TRAF5; ZNF780B; ZNF675; SRSF8; HLA-DQB1; BIRC3; ZNF551; ZNF793; ZNF154; ZNF550; ZNF25; ZNF26; HLA-DMA; ZNF708; ZFP14; HLA-DMB; CCL5; ZNF549; ZNF548; ZNF107; BAK1; ZNF302; HLA-DQA2; HLA-DQA1; ZNF267; ZNF100; ZNF540; CD74; STAT1; STAT2; ZNF181; EIF2AK3; EIF2AK2; PTPN11; PML; ZNF33B; ZNF737; ZNF736; HLA-DPB1; BCL2; ZNF614; HLA-DRA; CALR; RBAK; ZNF354A; HLA-DRB1; ZNF354C,77,NA,NA
KEGG,KEGG_2021_Human,21,Cellular senescence,3.070246237507465e-05,0.00044591671544751273,2.5120572093796776,26.10320773197142,CXCL8; FOXM1; ETS1; ZFP36L2; CCNB2; CCNB1; CCND2; PPP3CC; RRAS; AKT3; CHEK1; TRPM7; MYBL2; GADD45A; NFATC2; RRAS2; SIRT1; CDC25A; HIPK3; CCNA2; CDK6; RBL1; CDK4; VDAC3; CDK1; VDAC2; VDAC1; ATM; SLC25A4; SLC25A6,30,NA,NA
KEGG,KEGG_2021_Human,24,Toxoplasmosis,8.839122674401836e-05,0.0011233051732052334,2.7210486891385766,25.3975551094597,ITGB1; CD40; CIITA; STAT1; LAMC1; HLA-DMA; MAPK8; HLA-DMB; CD40LG; AKT3; BCL2; HLA-DPB1; HLA-DRA; ITGA6; HLA-DOA; CCR5; JAK2; HLA-DQA2; HLA-DQA1; HLA-DRB1; HLA-DPA1; BIRC3; HLA-DQB1,23,NA,NA
KEGG,KEGG_2021_Human,25,Progesterone-mediated oocyte maturation,0.00012624559108182922,0.0015401962111983164,2.7972191478601216,25.11142346289326,HSP90AB1; PLK1; PDE3B; KIF22; PKMYT1; CDC25A; IGF1R; CDC25B; AURKA; CCNA2; CCNB2; CCNB1; MAPK8; AKT3; CDK1; PRKACB; CPEB2; BUB1; ANAPC1; CPEB4; MAD2L1,21,NA,NA
KEGG,KEGG_2021_Human,26,T cell receptor signaling pathway,0.00022521455410186007,0.002641939961579512,2.661827390627943,22.35524297833239,ITK; NFATC2; CBLB; CD3G; CD3E; RASGRP1; CD3D; MAPK8; CD4; PPP3CC; CD40LG; CD8B; CD8A; CDK4; LCK; AKT3; CD28; PRKCQ; CD247; PDCD1; ICOS,21,NA,NA
KEGG,KEGG_2021_Human,28,Leishmaniasis,0.0008739245122173573,0.009519534865224784,2.7548555635482526,19.401115917053524,ITGB1; CR1; ITGA4; STAT1; PTGS2; HLA-DMA; HLA-DMB; HLA-DPB1; HLA-DRA; HLA-DOA; JAK2; HLA-DQA2; HLA-DQA1; HLA-DRB1; HLA-DPA1; HLA-DQB1,16,NA,NA
KEGG,KEGG_2021_Human,27,Transcriptional misregulation in cancer,0.0002879928010189982,0.0032532520115109054,2.1086247086247085,17.190721241224878,CD86; CD40; CEBPB; CCNT2; CXCL8; KMT2A; BCL2A1; JMJD1C; BMI1; MLLT3; IGF1R; ELK4; FUT8; CCND2; ITGB7; CD14; BAK1; MEF2C; BCL11B; GADD45A; IL1R2; GZMB; MMP9; RUNX2; PML; CCNA2; ETV7; MAF; BCL6; IL2RB; ATM; BIRC3,32,NA,NA
KEGG,KEGG_2021_Human,29,PD-L1 expression and PD-1 checkpoint pathway in cancer,0.0016398974302969775,0.017247197111744075,2.479780473714616,15.903133673618742,BATF2; STAT1; NFATC2; CD3G; PTPN11; CD3E; CD3D; RASGRP1; CD4; PPP3CC; LCK; AKT3; CD28; PRKCQ; CD247; PDCD1; JAK2,17,NA,NA
KEGG,KEGG_2021_Human,30,NOD-like receptor signaling pathway,0.002137415671789826,0.021730392663196565,1.925718194254446,11.839619355336604,CXCL8; HSP90AB1; TXN; PYCARD; TRPM2; MAPK8; NLRP6; CCL5; NAMPT; TRPM7; GBP1; GBP4; GBP5; STAT1; STAT2; NEK7; ERBIN; OAS1; OAS2; OAS3; TRAF5; VDAC3; BCL2; VDAC2; VDAC1; PKN2; NAIP; BIRC3,28,NA,NA
KEGG,KEGG_2021_Human,31,Necroptosis,0.002873272552861178,0.028269294471698684,1.961824655018581,11.481193562730697,H2AX; CAMK2D; HSP90AB1; FASLG; PYGL; PYCARD; MAPK8; FTH1; STAT4; TRPM7; JAK2; ZBP1; PARP1; STAT1; STAT2; EIF2AK2; TRAF5; VDAC3; BCL2; VDAC2; VDAC1; SLC25A4; FTL; BIRC3; SLC25A6,25,NA,NA
KEGG,KEGG_2021_Human,32,Tuberculosis,0.003930563704561727,0.03746318530910396,1.8558635540212598,10.279577054205316,CIITA; CAMK2D; CEBPB; EEA1; HLA-DMA; MAPK8; PPP3CC; HLA-DMB; AKT3; CD14; HLA-DOA; JAK2; HLA-DQA2; CTSD; HLA-DQA1; HLA-DPA1; CD74; CR1; APAF1; NFYB; STAT1; BCL2; HLA-DPB1; HLA-DRA; CLEC4E; HLA-DRB1; HLA-DQB1,27,NA,NA
MSigDB_Hallmark,MSigDB_Hallmark_2020,1,E2F Targets,4.812623951283065e-26,2.4063119756415324e-24,5.9479275006587065,346.7402029172434,TOP2A; H2AX; TFRC; MCM7; BUB1B; MKI67; SMC4; IPO7; CDC20; PTTG1; CHEK1; STMN1; MYBL2; TK1; DLGAP5; TMPO; TCF19; HELLS; RFC3; KIF22; DCK; CDC25A; NME1; CIT; CDC25B; MELK; MSH2; ESPL1; TIMELESS; MCM3; MCM4; BIRC5; KIF2C; MCM5; MCM6; ASF1A; MCM2; PCNA; CDCA3; NOLC1; HMMR; AURKB; UNG; AURKA; CCNB2; PRDX4; POLD2; E2F8; PLK4; GINS1; CBX5; RRM2; SPAG5; PLK1; ATAD2; HMGA1; PAICS; CENPE; WEE1; KIF18B; CDK4; UBE2T; KIF4A; CDK1; CENPM; TRIP13; SPC24; EZH2; MAD2L1; CDKN3; SPC25,71,NA,NA
MSigDB_Hallmark,MSigDB_Hallmark_2020,2,G2-M Checkpoint,2.8517462797596934e-25,7.129365699399233e-24,5.815256257449344,328.65906883427607,TOP2A; H2AX; CCNF; KIF11; MKI67; SMC4; SMC2; KIF15; CDC20; PTTG1; EXO1; CHEK1; STMN1; PBK; NUSAP1; NEK2; MYBL2; FBXO5; TMPO; SLC38A1; KIF23; KNL1; KIF22; CDC25A; CDC25B; CCNA2; DBF4; RBL1; ESPL1; MCM3; BIRC5; KIF2C; MCM5; MCM6; KIF20B; MCM2; CUL5; TROAP; NOLC1; TTK; HMMR; AURKB; AURKA; CCNB2; WRN; CDC45; BUB1; PLK4; SLC12A2; GINS2; CASP8AP2; POLQ; STIL; UBE2C; PLK1; HMGA1; CDC7; CDC6; PML; TPX2; CENPE; CENPF; MARCKS; CDK4; KIF4A; BCL3; CDK1; EZH2; MAD2L1; CDKN3,70,NA,NA
MSigDB_Hallmark,MSigDB_Hallmark_2020,3,Interferon Gamma Response,1.4855558266874673e-21,2.4759263778124457e-20,5.183006535947713,248.56920836321618,CD86; RTP4; CD40; SAMD9L; CIITA; UBE2L6; IFIT1; IFIT3; IFI44L; IFIT2; OASL; IFIH1; NAMPT; DHX58; EPSTI1; CD38; ITGB7; JAK2; HERC6; CMKLR1; GBP6; ZBP1; BATF2; IL4R; RSAD2; TAP1; BANK1; OAS2; IRF4; OAS3; PELI1; SERPING1; CMPK2; LAP3; FGL2; PTGS2; DDX60; PSMB10; HLA-DMA; KLRK1; APOL6; SLC25A28; CCL5; STAT4; SLAMF7; ST3GAL5; HLA-DQA1; GBP4; CD74; STAT1; STAT2; GZMA; MX1; EIF2AK2; IFI44; PARP14; SOD2; PARP12; PML; WARS1; IL2RB; CD69; XAF1; GPR18; HLA-DRB1,65,NA,NA
MSigDB_Hallmark,MSigDB_Hallmark_2020,4,Allograft Rejection,4.341100646000266e-18,5.426375807500333e-17,4.598510494245091,183.84110920071086,CD86; ITK; CD40; PRF1; CD3G; FASLG; CD3E; CD3D; ETS1; CCND2; IL18RAP; RPS19; SIT1; CCR5; JAK2; HLA-DOA; RPL39; MAP4K1; TPD52; CD96; IL4R; F2R; TAP2; TAP1; RPS3A; MMP9; NME1; CD8B; CD8A; LCK; IRF4; HDAC9; PSMB10; HLA-DMA; HLA-DMB; CXCR3; CCL5; CCL4; STAT4; HLA-DQA1; CD74; NPM1; STAT1; TRAT1; GZMA; CRTAM; GZMB; WARS1; ACVR2A; CD2; CD4; CD40LG; BCL3; CD7; IL2RB; CD28; HLA-DRA; KLRD1; CD247; ABCE1,60,NA,NA
MSigDB_Hallmark,MSigDB_Hallmark_2020,5,Interferon Alpha Response,1.618630137046935e-11,1.6186301370469352e-10,5.217715617715617,129.64382769352133,RTP4; SAMD9L; UBE2L6; DDX60; IFIT3; IFI44L; IFIT2; OASL; IFIH1; SLC25A28; LAMP3; DHX58; EPSTI1; GBP4; HERC6; BATF2; CD74; IL4R; RSAD2; STAT2; MX1; TAP1; IFI44; EIF2AK2; PARP14; PARP12; WARS1; MOV10; OAS1; LPAR6; CMPK2; LAP3,32,NA,NA
MSigDB_Hallmark,MSigDB_Hallmark_2020,8,Myc Targets V2,2.4986300975483832e-05,0.00015616438109677396,4.005278785879248,42.44467163620692,PLK4; DUSP2; NPM1; PLK1; NOLC1; NOC4L; HSPE1; WDR43; GNL3; SRM; UNG; CDK4; MCM4; MCM5; UTP20; SLC19A1,16,NA,NA
MSigDB_Hallmark,MSigDB_Hallmark_2020,6,Mitotic Spindle,1.3131340586525665e-06,9.379528990375476e-06,2.5804125219426566,34.946768999801144,TOP2A; TTK; KIF11; ARHGAP5; SMC4; KIF15; AURKA; FGD4; CCNB2; PPP4R2; NUSAP1; RICTOR; NEK2; KNTC1; FBXO5; BUB1; SPTBN1; DLGAP5; PLK1; KIF23; KIF22; LRPPRC; CD2AP; LATS1; CCDC88A; TPX2; CENPE; CENPF; MARCKS; ESPL1; BIN1; KIF4A; ALMS1; RASA2; TUBGCP5; CDK1; BIRC5; KIF2C; KIF20B,39,NA,NA
MSigDB_Hallmark,MSigDB_Hallmark_2020,7,IL-2/STAT5 Signaling,1.3131340586525665e-06,9.379528990375476e-06,2.5804125219426566,34.946768999801144,CD86; PHTF2; ABCB1; CD83; AHNAK; CD81; FGL2; RORA; SLC2A3; AHR; IKZF2; IGF1R; SOCS2; NT5E; CCND2; PLAGL1; SCN9A; LRIG1; ITGAV; ICOS; CCR4; GBP4; EOMES; PRKCH; IL4R; GPX4; IL1R2; PTCH1; CDC6; DHRS3; TTC39B; TWSG1; IRF4; IL2RB; BCL2; TLR7; ITGA6; GALM; IL18R1,39,NA,NA
MSigDB_Hallmark,MSigDB_Hallmark_2020,9,TNF-alpha Signaling via NF-kB,0.00012799030499195454,0.0006399515249597727,2.161237716326215,19.372375384243995,PTGER4; CEBPB; CD83; BCL2A1; CEBPD; SLC2A3; PTGS2; ETS2; IFIT2; IFIH1; CCL5; NAMPT; CCL4; ABCA1; DUSP5; DUSP2; GADD45A; DUSP1; ZBTB10; TAP1; ATP2B1; SOD2; MARCKS; BCL6; GPR183; NINJ1; BCL3; KLF9; F2RL1; CD69; IL6ST; IL7R; ATF3; BIRC3,34,NA,NA
MSigDB_Hallmark,MSigDB_Hallmark_2020,10,Complement,0.00012799030499195454,0.0006399515249597727,2.161237716326215,19.372375384243995,CEBPB; GMFB; DYRK2; DOCK9; CBLB; GATA3; PLA2G7; RASGRP1; DOCK10; DPP4; LGALS3; CTSO; CCL5; JAK2; CTSD; DUSP5; CR2; APOBEC3F; CR1; ERAP2; GZMA; GZMB; F5; PDP1; GZMK; CD40LG; LCK; SERPING1; ADAM9; LAP3; CD46; LGMN; CDK5R1; DGKH,34,NA,NA
MSigDB_Hallmark,MSigDB_Hallmark_2020,14,Reactive Oxygen Species Pathway,0.002856889910352307,0.01020317825125824,3.035390722055571,17.78138468675634,PRDX2; SBNO2; PRDX4; GPX4; TXNRD2; FES; CAT; GSR; TXN; SOD2; FTL,11,NA,NA
MSigDB_Hallmark,MSigDB_Hallmark_2020,11,Inflammatory Response,0.0002823405702262508,0.00128336622830114,2.083779961942005,17.02947610914216,PTGER4; RTP4; CD40; CSF3R; CXCL8; CD82; AQP9; ADM; CXCR6; AHR; RASGRP1; IL18RAP; LAMP3; CCL5; NAMPT; PROK2; CCR7; CD14; CMKLR1; SLAMF1; ABCA1; IL4R; IL1R1; OSM; EIF2AK2; ATP2B1; ACVR2A; LCK; GPR183; IL2RB; CD69; IL7R; IL18R1,33,NA,NA
MSigDB_Hallmark,MSigDB_Hallmark_2020,12,mTORC1 Signaling,0.0006018736336561131,0.0023148985909850505,2.0073260073260073,14.885251827717644,IDI1; TOMM40; TFRC; CCNF; FGL2; SLC1A4; SLC2A3; ADD3; UNG; HSP90B1; AURKA; NAMPT; PHGDH; BUB1; NIBAN1; STARD4; SDF2L1; RRM2; PLK1; GSR; HSPE1; CDC25A; WARS1; SYTL2; DHFR; UFM1; PSAT1; CANX; MCM4; CALR; LGMN; MCM2,32,NA,NA
MSigDB_Hallmark,MSigDB_Hallmark_2020,13,Myc Targets V1,0.0006018736336561131,0.0023148985909850505,2.0073260073260073,14.885251827717644,PCNA; HSP90AB1; MCM7; RPLP0; NOLC1; TYMS; SRM; CDC20; PRDX3; FBL; PRDX4; CDC45; SNRPD2; POLD2; RPS2; NPM1; EIF1AX; RPS5; HSPE1; NME1; GNL3; CCNA2; CDK4; CANX; VDAC3; MCM4; VDAC1; MCM5; MCM6; ABCE1; MAD2L1; MCM2,32,NA,NA
MSigDB_Hallmark,MSigDB_Hallmark_2020,16,Pperoxisome,0.0037758339994248455,0.011799481248202643,2.1977954026078774,12.26179504184755,TOP2A; IDI1; HSD3B7; ABCD2; ABCB1; ABCD3; CADM1; ACSL1; EPHX2; IDH2; ACSL4; SOD2; DHRS3; MSH2; CAT; ALDH1A1; TSPO; SLC25A4,18,NA,NA
MSigDB_Hallmark,MSigDB_Hallmark_2020,17,Androgen Response,0.005778061998803759,0.016994299996481645,2.1498333020122082,11.079567826475518,TPD52; IDI1; SLC26A2; STEAP4; GSR; STK39; ZBTB10; UAP1; ELK4; INPP4B; LMAN1; MAF; CDK6; MAK; ITGAV; SLC38A2; FKBP5,17,NA,NA
MSigDB_Hallmark,MSigDB_Hallmark_2020,15,Apoptosis,0.003404922718204778,0.011349742394015927,1.9327609163224198,10.982977758079699,TOP2A; PRF1; FASLG; LGALS3; CCND2; PMAIP1; TSPO; CD38; CD14; GPX4; GADD45A; HGF; CAV1; F2R; GSR; TAP1; SOD2; CDC25B; TGFBR3; CD2; WEE1; VDAC2; CD69; ATF3; BIRC3,25,NA,NA
MSigDB_Hallmark,MSigDB_Hallmark_2020,18,Spermatogenesis,0.006741465631302356,0.018726293420284323,1.9346905190016153,9.67244254142026,SLC12A2; TKTL1; STRBP; PEBP1; TTK; SEPTIN4; SIRT1; NCAPH; AURKA; CCNB2; DBF4; CAMK4; VDAC3; CDK1; NEK2; KIF2C; LPIN1; BUB1; EZH2; IL12RB2; CDKN3,21,NA,NA
MSigDB_Hallmark,MSigDB_Hallmark_2020,20,IL-6/JAK/STAT3 Signaling,0.018315595085537,0.0457889877138425,2.0106018233240115,8.0424121018039,CSF3R; IL4R; ITGA4; IL1R1; STAT1; IL1R2; STAT2; PTPN11; PDGFC; CD38; BAK1; CD14; IL6ST; IL18R1,14,NA,NA
MSigDB_Hallmark,MSigDB_Hallmark_2020,19,Bile Acid Metabolism,0.0173749469555469,0.045723544619860265,1.8770348748821795,7.607107928572034,ABCA1; IDI1; HSD3B7; ABCD2; ABCD3; ABCA5; ACSL1; EPHX2; AQP9; IDH2; NR3C2; SULT1B1; LCK; NEDD4; CAT; ALDH1A1; OPTN,17,NA,NA
Reactome,Reactome_2022,24,G2/M DNA Replication Checkpoint R-HSA-69478,5.0729068690531145e-06,0.000304163041023643,91260.0,1112605.1018564752,CCNB2; CCNB1; WEE1; CDK1; PKMYT1,5,NA,NA
Reactome,Reactome_2022,29,Phosphorylation Of Emi1 R-HSA-176417,2.8226866519530263e-05,0.001383742645195602,52.355134825014346,548.4324098629902,CDC20; CCNB1; PLK1; CDK1; FBXO5,5,NA,NA
Reactome,Reactome_2022,5,PD-1 Signaling R-HSA-389948,9.320327908928122e-11,2.6823903721895137e-08,21.04382929642445,486.0332943122466,PTPN11; PDCD1LG2; CD3E; CD3D; CD4; LCK; HLA-DRA; CD247; PDCD1; HLA-DQA2; HLA-DQA1; HLA-DQB2; HLA-DRB1; HLA-DPA1,14,NA,NA
Reactome,Reactome_2022,17,Unwinding Of DNA R-HSA-176974,4.3488298661637457e-07,3.681156574946841e-05,27.967816091954024,409.6778515105687,GINS1; GINS2; CDC45; MCM7; MCM3; MCM4; MCM5; MCM6,8,NA,NA
Reactome,Reactome_2022,9,Translocation Of ZAP-70 To Immunological Synapse R-HSA-202430,1.6621151689150154e-08,2.657537475631897e-06,19.25791594703512,344.9591478867281,CD4; LCK; HLA-DRA; CD247; CD3E; CD3D; HLA-DQA2; HLA-DQA1; HLA-DQB2; HLA-DRB1; HLA-DPA1,11,NA,NA
Reactome,Reactome_2022,36,"Activation Of NIMA Kinases NEK9, NEK6, NEK7 R-HSA-2980767",9.16340520890311e-05,0.0036628166932254373,26.17613310384395,243.3780318989505,CCNB2; CCNB1; NEK7; PLK1; CDK1,5,NA,NA
Reactome,Reactome_2022,30,OAS Antiviral Response R-HSA-8983711,2.9442125230007818e-05,0.001383742645195602,20.951779563719864,218.59167777598768,OAS1; OAS2; OAS3; ABCE1; OASL; RIGI,6,NA,NA
Reactome,Reactome_2022,12,Phosphorylation Of CD3 And TCR Zeta Chains R-HSA-202427,1.7603999558611968e-07,2.1110129470702184e-05,12.836499712147381,199.6403629037708,CD4; LCK; HLA-DRA; CD247; CD3E; CD3D; HLA-DQA2; HLA-DQA1; HLA-DQB2; HLA-DRB1; HLA-DPA1,11,NA,NA
Reactome,Reactome_2022,8,DNA Strand Elongation R-HSA-69190,9.747500413087046e-09,1.7533316368040325e-06,9.865118291979227,181.9744871523244,GINS1; GINS2; FEN1; RFC3; PCNA; MCM7; POLA1; CDC45; POLD2; LRIG1; MCM3; MCM4; MCM5; MCM6; SLC19A1,15,NA,NA
Reactome,Reactome_2022,22,Polo-like Kinase Mediated Events R-HSA-156711,1.8906786348708258e-06,0.00012366757070814174,13.48927955310934,177.76947860771767,CCNB2; CCNB1; CENPF; WEE1; PLK1; MYBL2; FOXM1; PKMYT1; CDC25A,9,NA,NA
Reactome,Reactome_2022,33,Condensation Of Prometaphase Chromosomes R-HSA-2514853,6.813645756935877e-05,0.0029711624982517357,15.712973593570608,150.75023934601742,CCNB2; CCNB1; CDK1; NCAPG; SMC4; NCAPH,6,NA,NA
Reactome,Reactome_2022,11,Generation Of Second Messenger Molecules R-HSA-202433,1.499240112981185e-07,1.9612786568908413e-05,8.178777393310265,128.51425182098055,ITK; CD3E; CD3D; CD4; LCK; HLA-DRA; EVL; PKN2; CD247; HLA-DQA2; HLA-DQA1; HLA-DQB2; HLA-DRB1; HLA-DPA1,14,NA,NA
Reactome,Reactome_2022,14,G1/S-Specific Transcription R-HSA-69205,2.961274183321906e-07,3.040789397319208e-05,8.539913544668588,128.37604546984213,CDT1; PCNA; RRM2; CDC6; TYMS; CDC25A; DHFR; POLA1; CDC45; RBL1; CDK1; FBXO5; TK1,13,NA,NA
Reactome,Reactome_2022,7,Costimulation By CD28 Family R-HSA-388841,1.153288143384504e-09,2.3708309119004306e-07,5.760809955705548,118.56120603730481,CD86; PRR5; YES1; PTPN11; PDCD1LG2; CD3E; CD3D; CD4; LCK; AKT3; BTLA; CD28; THEM4; HLA-DRA; RICTOR; PKN2; CD247; PDCD1; ICOS; HLA-DQA2; HLA-DQB2; HLA-DQA1; HLA-DRB1; HLA-DPA1,24,NA,NA
Reactome,Reactome_2022,19,Activation Of ATR In Response To Replication Stress R-HSA-176187,8.635265035970427e-07,6.540077045663919e-05,6.690258991297053,93.41101003878366,RFC3; MCM7; MCM10; CDC7; CDC6; CDC25A; CDC45; DBF4; CHEK1; MCM3; MCM4; MCM5; CLSPN; MCM6,14,NA,NA
Reactome,Reactome_2022,41,Interleukin-35 Signaling R-HSA-8984722,0.0002570112491008519,0.009020467986734776,10.474167623421355,86.58356186607715,STAT1; CANX; STAT4; IL6ST; JAK2; IL12RB2,6,NA,NA
Reactome,Reactome_2022,6,Immunoregulatory Interactions Between A Lymphoid And A non-Lymphoid Cell R-HSA-198933,8.31810263589434e-10,1.994958282175326e-07,4.048234630865444,84.63812852801009,ITGB1; LILRA6; CD40; KLRB1; CD81; ICAM2; CD1C; CD3E; CD3D; LILRA4; KLRK1; SLAMF7; SLAMF6; ITGB7; KLRG1; NPDC1; CD96; ITGA4; CD160; CRTAM; SH2D1A; KIR3DL2; IGLL5; CD200R1; NCR3; CD40LG; CD8B; CD8A; KLRF1; CD226; KLRD1; CD247; HCST; CLEC2D,34,NA,NA
Reactome,Reactome_2022,20,Kinesins R-HSA-983189,1.2680567655649667e-06,9.123668428239936e-05,5.842469705712637,79.32919934705723,KIF23; KIF11; KIF22; KIF15; CENPE; KIF18B; KIFC2; KIF3A; KIF5C; KIFC1; KIF4A; KIF21A; KIF2C; KIF20A; KIF20B,15,NA,NA
Reactome,Reactome_2022,2,"Cell Cycle, Mitotic R-HSA-69278",1.1148995021737659e-13,8.021701918140245e-11,2.5243601038937262,75.28864109991895,ZWILCH; BUB1B; SMC4; CDC14A; CDC20; CCND2; PTTG1; AKT3; NEK2; KNTC1; FBXO5; GTSE1; TMPO; ESCO1; ESCO2; KNL1; LEMD3; CDC25A; CDC25B; KIF20A; OPTN; ANAPC1; CDCA5; NCAPG; HMMR; PKMYT1; NCAPH; SKA1; CCNB2; CCNB1; UBB; SLC19A1; CEP78; PLK4; CDT1; UBE2C; PLK1; NEK7; CDC7; CDC6; ZWINT; DHFR; POLA1; TPX2; CDK6; CDK4; CDK1; TUBGCP5; H2AX; TOP2A; FEN1; HSP90AB1; MCM7; MCM10; FOXM1; NUF2; MYBL2; TK1; JAK2; CEP290; NDC1; RFC3; KIF23; MZT2B; CCNA2; MZT2A; DBF4; RBL1; ESPL1; MCM3; BIRC5; MCM4; MCM5; KIF2C; MCM6; PCNA; TYMS; AURKB; PSMB10; AURKA; CDC45; POLD2; LRIG1; BUB1; GINS1; GINS2; RRM2; MZT1; CENPE; NEDD1; CENPF; WEE1; ALMS1; CENPK; CENPM; LPIN1; SPC24; MAD2L1; SPC25,99,NA,NA
Reactome,Reactome_2022,28,Cyclin A/B1/B2 Associated Events During G2/M Transition R-HSA-69273,2.4301655375294097e-05,0.001248931503037436,6.995397008055236,74.32585597917125,CCNA2; CCNB2; CCNB1; WEE1; PLK1; CDK1; FOXM1; PKMYT1; CDC25A; CDC25B,10,NA,NA
Reactome,Reactome_2022,26,Activation Of Pre-Replicative Complex R-HSA-68962,8.215072375010665e-06,0.00045467265952462874,6.301382488479263,73.78629028151973,CDT1; POLA1; CDC45; DBF4; MCM7; MCM3; MCM4; MCM10; CDC7; MCM5; CDC6; MCM6,12,NA,NA
Reactome,Reactome_2022,3,Cell Cycle R-HSA-1640170,2.6497828368260316e-12,1.2710125007308866e-09,2.236938261803156,59.62904192074094,ZWILCH; HJURP; BUB1B; SMC4; CDC14A; CDC20; HERC2; CCND2; PTTG1; AKT3; CHEK1; NEK2; KNTC1; FBXO5; GTSE1; TMPO; ESCO1; ESCO2; KNL1; LEMD3; CDC25A; CDC25B; KIF20A; OPTN; ANAPC1; CDCA5; NCAPG; HMMR; PKMYT1; NCAPH; SKA1; CCNB2; CCNB1; UBB; CLSPN; SLC19A1; CEP78; PLK4; ANKRD28; CDT1; UBE2C; PLK1; NEK7; CDC7; CDC6; ZWINT; DHFR; POLA1; TPX2; CDK6; CDK4; CDK1; TUBGCP5; ATM; H2AX; TOP2A; FEN1; HSP90AB1; MCM7; SYCP2; MCM10; FOXM1; CHTF18; EXO1; MIS18BP1; NUF2; MYBL2; TK1; JAK2; CEP290; NDC1; RFC3; SUN1; KIF23; MZT2B; CCNA2; MZT2A; DBF4; RBL1; ESPL1; MCM3; BIRC5; MCM4; MCM5; KIF2C; MCM6; PCNA; TYMS; AURKB; PSMB10; AURKA; WRN; CDC45; POLD2; LRIG1; BUB1; GINS1; GINS2; NPM1; RRM2; MZT1; CENPE; NEDD1; CENPF; WEE1; ALMS1; CENPK; CENPM; LPIN1; SPC24; MAD2L1; SPC25,112,NA,NA
Reactome,Reactome_2022,1,Immune System R-HSA-168256,4.6003348099575573e-14,6.619881791528925e-11,1.7559836187950406,53.926366183993856,CCNF; ICAM2; IFIT5; CBLB; UBE2L6; IFIT1; IFIT3; IFIT2; CDC20; HERC5; LGALS3; HERC2; FTH1; AKT3; DHX58; PRKACB; TRIM22; HERC6; GBP6; GBP5; MEF2C; RSAD2; IL1R1; IL1R2; SLC11A1; SCAMP1; SIGIRR; RNF125; HECW2; SERPING1; CD226; PRKCQ; KIF20A; TXK; STXBP2; GATA3; FPR2; CD1C; TRPM2; KLRK1; PRDX4; SLAMF7; SLAMF6; ICOS; HLA-DQA2; HLA-DQA1; YES1; HACE1; BCL11B; SH2D1A; KIR2DS4; EIF2AK2; NFATC2; MEX3C; VNN1; CD28; SDC1; CD27; FBXL3; CALR; HLA-DRB1; LGMN; ITM2C; ITK; CD40; TNFRSF13B; RPLP0; PYGL; KIF11; CD3E; CD3D; KIF15; IFIH1; EEA1; CTSO; GNLY; FCER1A; JAK2; CCR5; CTSD; HLA-DPA1; NDC1; BTN3A1; KIF23; BTN3A3; PDCD1LG2; KIF22; BTN3A2; APRT; GNL3; NCR3; CD200R1; CANX; PELI1; TLR8; TLR7; KIF2C; RHOU; TLR5; CD46; HCST; HLA-DQB2; LILRA6; GRN; GSTP1; IFI6; PTGS2; LILRA4; CST3; HLA-DMA; HLA-DMB; RNF138; STAT4; RICTOR; ATP6V0E2; IL12RB2; IL32; NPDC1; CD74; MAP3K1; STAT1; STAT2; AGL; KLHL2; WWP1; KLHL3; KIR3DL2; CENPE; IGLL5; CD40LG; ABI2; NEDD4; SLCO4C1; PKN2; KBTBD8; IL18R1; CD86; CSF3R; ATP8A1; CD81; LTN1; RORC; RORA; IL1RAP; PYCARD; IL18RAP; KIF5C; GRB10; ENPP4; KPNA5; HLA-DOA; ZBP1; CD96; LAG3; FBXW5; IL4R; CD180; ATP11B; LMO7; CLEC4D; CD8B; CD8A; KLRF1; ADAM8; IL6ST; CLEC4E; S100A8; ANAPC1; FTL; CUL5; KLRB1; UBA5; PLD4; RASGRP1; HSP90B1; RASGRP3; ADGRG3; SOCS2; DPP7; UBB; KIF3A; BTLA; TNFRSF17; THEM4; MGAM; ATP8B4; UBE2C; CD160; CRTAM; GGH; ADA2; SEPSECS; BCL6; KIF4A; BCL2; TPP2; HLA-DRA; KLRD1; FGF13; IL7R; BRWD1; XAF1; RIGI; ITGB1; PRR5; CIITA; HSP90AB1; CXCL8; FASLG; SLC2A3; FCAR; OASL; UFL1; UBE2Q2; NAPRT; ITGAV; ITGB7; CEP290; CR2; CR1; APAF1; ITGA4; IRAK3; MMP9; PJA2; OAS1; LCK; OAS2; IRF4; OAS3; BIRC5; EVL; BIRC3; CAMK2D; CEBPD; UNC93B1; FGL2; AGPAT2; TSPAN32; PSMB10; MAPK8; CCL5; CCL4; IL21R; GBP1; GBP4; KLRG1; MYO10; ERAP2; TRAT1; MX1; FBXL15; PTPN11; PML; GZMM; CD4; PIKFYVE; IL2RB; S100P; PDCD1; CD247; PTPN4; ABCE1; CLEC2D,264,NA,NA
Reactome,Reactome_2022,4,Adaptive Immune System R-HSA-1280218,9.499459121837545e-12,3.4174304190810566e-09,2.1209983526459872,53.83048483415172,CD86; CD81; CCNF; LTN1; ICAM2; CBLB; UBE2L6; CDC20; HERC5; HERC2; KIF5C; AKT3; HLA-DOA; PRKACB; HERC6; CD96; LAG3; FBXW5; LMO7; CD8B; CD8A; HECW2; KLRF1; PRKCQ; CD226; KIF20A; ANAPC1; S100A8; CUL5; KLRB1; UBA5; CD1C; RASGRP1; RASGRP3; KLRK1; UBB; KIF3A; BTLA; THEM4; SLAMF7; SLAMF6; ICOS; HLA-DQA2; HLA-DQA1; HACE1; YES1; CD160; UBE2C; SH2D1A; CRTAM; NFATC2; MEX3C; KIF4A; CD28; HLA-DRA; TPP2; FBXL3; KLRD1; CALR; HLA-DRB1; LGMN; ITGB1; PRR5; ITK; CD40; KIF11; CD3E; CD3D; KIF15; UFL1; CTSO; UBE2Q2; ITGAV; ITGB7; CTSD; HLA-DPA1; ITGA4; BTN3A1; BTN3A3; KIF23; BTN3A2; KIF22; PDCD1LG2; PJA2; CD200R1; NCR3; LCK; CANX; EVL; KIF2C; HCST; HLA-DQB2; LILRA6; LILRA4; PSMB10; HLA-DMA; HLA-DMB; RNF138; RICTOR; KLRG1; NPDC1; CD74; ERAP2; TRAT1; WWP1; KLHL2; FBXL15; PTPN11; KLHL3; KIR3DL2; CENPE; IGLL5; CD4; CD40LG; NEDD4; PKN2; CD247; PDCD1; CLEC2D; KBTBD8,120,NA,NA
Reactome,Reactome_2022,42,TP53 Regulates Transcription Of Genes Involved In G2 Cell Cycle Arrest R-HSA-6804114,0.000515868889339086,0.017674650756165353,6.667380293457261,50.46978801199912,CCNB1; PCNA; RBL1; GADD45A; PRMT1; CDK1; AURKA,7,NA,NA
Reactome,Reactome_2022,21,Interferon Gamma Signaling R-HSA-877300,1.5921213542433023e-06,0.00010909822041695771,3.673939393939394,49.048719367691646,GBP6; GBP5; CIITA; CAMK2D; BCL11B; STAT1; PTPN11; PML; OASL; OAS1; IRF4; OAS2; OAS3; HLA-DRA; JAK2; GBP1; HLA-DQA2; TRIM22; HLA-DQB2; GBP4; HLA-DQA1; HLA-DRB1; HLA-DPA1,23,NA,NA
Reactome,Reactome_2022,10,Interferon Signaling R-HSA-913531,7.117119604938539e-08,1.0241535111506557e-05,2.8193420095864186,46.401231650583405,CIITA; CAMK2D; IFIT5; IFI6; UBE2L6; IFIT1; IFIT3; IFIT2; OASL; HERC5; UBB; KPNA5; JAK2; HLA-DQA2; GBP1; TRIM22; HLA-DQA1; GBP4; HLA-DPA1; GBP6; NDC1; GBP5; RSAD2; BCL11B; STAT1; STAT2; MX1; EIF2AK2; PTPN11; PML; GNL3; OAS1; IRF4; OAS2; NEDD4; OAS3; HLA-DRA; XAF1; ABCE1; HLA-DRB1; HLA-DQB2; RIGI,42,NA,NA
Reactome,Reactome_2022,16,Mitotic G1 Phase And G1/S Transition R-HSA-453279,3.510293151458298e-07,3.157069903092807e-05,3.0615006905017648,45.50123591664204,TOP2A; PCNA; MCM7; MCM10; TYMS; PSMB10; CCNB1; CCND2; CDC45; UBB; AKT3; MYBL2; FBXO5; TK1; JAK2; CDT1; RRM2; CDC7; CDC6; CDC25A; DHFR; CCNA2; POLA1; WEE1; CDK6; DBF4; RBL1; CDK4; CDK1; MCM3; MCM4; MCM5; MCM6,33,NA,NA
Reactome,Reactome_2022,23,MHC Class II Antigen Presentation R-HSA-2132295,2.414938867278375e-06,0.00015109117521798181,3.3377535502545603,43.169958979784134,KIF11; KIF15; CTSO; HLA-DMA; HLA-DMB; KIF5C; KIF3A; HLA-DOA; HLA-DQA2; CTSD; HLA-DQA1; HLA-DPA1; CD74; LAG3; KIF23; KIF22; CENPE; KIF4A; CANX; HLA-DRA; KIF2C; KIF20A; HLA-DRB1; HLA-DQB2; LGMN,25,NA,NA
Reactome,Reactome_2022,56,Early Phase Of HIV Life Cycle R-HSA-162594,0.0016397975796973688,0.04213694137829489,6.283122847301952,40.29481331234205,FEN1; CD4; HMGA1; LRIG1; LIG4; CCR5,6,NA,NA
Reactome,Reactome_2022,18,Mitotic Prometaphase R-HSA-68877,6.101733132669371e-07,4.877996654395125e-05,2.7183183183183184,38.89783795369832,ZWILCH; CDCA5; BUB1B; NCAPG; SMC4; NCAPH; SKA1; AURKB; CDC20; CCNB2; CCNB1; NUF2; KNTC1; NEK2; CEP290; BUB1; CEP78; PLK4; NEK7; PLK1; KNL1; ZWINT; MZT1; MZT2B; MZT2A; CENPE; NEDD1; CENPF; ALMS1; CENPK; CDK1; TUBGCP5; BIRC5; CENPM; KIF2C; SPC24; MAD2L1; SPC25,38,NA,NA
Reactome,Reactome_2022,51,Lagging Strand Synthesis R-HSA-69186,0.001075193370143904,0.03033731881641329,5.641010913268237,38.55774666439912,POLA1; FEN1; RFC3; PCNA; POLD2; LRIG1; SLC19A1,7,NA,NA
Reactome,Reactome_2022,15,Cell Cycle Checkpoints R-HSA-69620,3.1696901292417036e-07,3.040789397319208e-05,2.4024804267996953,35.95182661743838,H2AX; MCM7; ZWILCH; BUB1B; MCM10; CDC20; HERC2; EXO1; CHEK1; NUF2; KNTC1; GTSE1; RFC3; KNL1; CDC25A; CCNA2; DBF4; MCM3; BIRC5; MCM4; KIF2C; MCM5; MCM6; ANAPC1; PKMYT1; SKA1; AURKB; PSMB10; CCNB2; WRN; CCNB1; CDC45; UBB; CLSPN; BUB1; UBE2C; PLK1; CDC7; CDC6; ZWINT; CENPE; CENPF; WEE1; CENPK; CDK1; CENPM; ATM; SPC24; MAD2L1; SPC25,50,NA,NA
Reactome,Reactome_2022,25,G1/S Transition R-HSA-69206,5.290553892474613e-06,0.0003045242820508387,2.9255583697904672,35.54432772779957,PCNA; MCM7; MCM10; TYMS; PSMB10; CCNB1; CDC45; UBB; AKT3; FBXO5; TK1; CDT1; RRM2; CDC7; CDC6; CDC25A; DHFR; CCNA2; POLA1; WEE1; DBF4; RBL1; CDK4; CDK1; MCM3; MCM4; MCM5; MCM6,28,NA,NA
Reactome,Reactome_2022,27,Resolution Of Sister Chromatid Cohesion R-HSA-2500257,1.1471818558084395e-05,0.0006114054409290165,3.0847150698885177,35.09053746772561,ZWILCH; CDCA5; PLK1; BUB1B; KNL1; SKA1; ZWINT; AURKB; CDC20; CCNB2; CENPE; CCNB1; CENPF; NUF2; CENPK; CDK1; BIRC5; CENPM; KNTC1; KIF2C; BUB1; SPC24; MAD2L1; SPC25,24,NA,NA
Reactome,Reactome_2022,37,Interferon Alpha/Beta Signaling R-HSA-909733,0.00012138984491930856,0.004721080725375271,3.2492936295362638,29.297266839297617,RSAD2; STAT1; STAT2; MX1; IFIT5; IFI6; PTPN11; IFIT1; IFIT3; IFIT2; OASL; OAS1; IRF4; OAS2; OAS3; ABCE1; XAF1,17,NA,NA
Reactome,Reactome_2022,31,RHO GTPases Activate Formins R-HSA-5663220,2.9809605282184612e-05,0.001383742645195602,2.80281794495005,29.20726859842842,ITGB1; ZWILCH; BUB1B; SKA1; AURKB; CDC20; NUF2; KNTC1; BUB1; SCAI; PLK1; KNL1; RHOC; ZWINT; FMNL3; CENPE; CENPF; CENPK; BIRC5; CENPM; EVL; KIF2C; SPC24; MAD2L1; SPC25,25,NA,NA
Reactome,Reactome_2022,55,G0 And Early G1 R-HSA-1538133,0.0016384646475566355,0.04213694137829489,4.4120992135511194,28.299185234386222,TOP2A; CCNA2; PCNA; RBL1; CDK1; MYBL2; CDC6; CDC25A,8,NA,NA
Reactome,Reactome_2022,13,Cytokine Signaling In Immune System R-HSA-1280215,2.016923384491288e-07,2.2325790386792027e-05,1.8231105710814095,28.10602491589842,CD86; CSF3R; RORC; IFIT5; RORA; UBE2L6; IL1RAP; IFIT1; IFIT3; IFIT2; HERC5; IL18RAP; AKT3; GRB10; KPNA5; TRIM22; GBP6; GBP5; MEF2C; IL4R; RSAD2; IL1R1; IL1R2; SIGIRR; IL6ST; CUL5; STXBP2; GATA3; HSP90B1; SOCS2; UBB; TNFRSF17; HLA-DQA2; HLA-DQA1; YES1; BCL11B; EIF2AK2; SEPSECS; BCL6; BCL2; HLA-DRA; CD27; SDC1; XAF1; BRWD1; FGF13; IL7R; HLA-DRB1; RIGI; ITGB1; CIITA; CD40; CXCL8; TNFRSF13B; RPLP0; FASLG; OASL; JAK2; CCR5; HLA-DPA1; NDC1; IRAK3; MMP9; GNL3; OAS1; LCK; IRF4; OAS2; OAS3; CANX; PELI1; BIRC5; RHOU; HLA-DQB2; BIRC3; CAMK2D; CEBPD; IFI6; PTGS2; PSMB10; MAPK8; CCL5; CCL4; STAT4; IL21R; GBP1; GBP4; IL12RB2; IL32; STAT1; STAT2; MX1; PTPN11; PML; CD4; CD40LG; NEDD4; IL2RB; PKN2; PTPN4; ABCE1; IL18R1,102,NA,NA
Reactome,Reactome_2022,35,EML4 And NUDC In Mitotic Spindle Formation R-HSA-9648025,7.959752934503226e-05,0.0032725955636428977,2.9081156858562154,27.448329885693934,ZWILCH; NEK7; PLK1; BUB1B; KNL1; SKA1; ZWINT; AURKB; CDC20; CENPE; CENPF; NUF2; CENPK; BIRC5; CENPM; KNTC1; KIF2C; BUB1; SPC24; MAD2L1; SPC25,21,NA,NA
Reactome,Reactome_2022,38,Unattached Kinetochores Signal Amplification Via A MAD2 Inhibitory Signal R-HSA-141444,0.00012857461724819532,0.004868917742635608,2.882261542364282,25.822184452995486,ZWILCH; PLK1; BUB1B; KNL1; AURKB; SKA1; ZWINT; CDC20; CENPE; CENPF; NUF2; CENPK; BIRC5; CENPM; KNTC1; KIF2C; BUB1; SPC24; MAD2L1; SPC25,20,NA,NA
Reactome,Reactome_2022,54,Telomere C-strand (Lagging Strand) Synthesis R-HSA-174417,0.0016257057829413746,0.04213694137829489,3.9307073030477286,25.242268160120524,POLA1; FEN1; WRN; RFC3; PCNA; POLD2; LRIG1; CHTF18; SLC19A1,9,NA,NA
Reactome,Reactome_2022,48,TP53 Regulates Transcription Of Cell Cycle Genes R-HSA-6791312,0.0008300003050325433,0.02488271747795479,3.4029767094283225,24.141004293045373,CCNA2; CCNB1; NPM1; CNOT6L; RBL1; PCNA; PRMT1; GADD45A; PLAGL1; CDK1; AURKA; E2F8,12,NA,NA
Reactome,Reactome_2022,32,S Phase R-HSA-69242,5.68704990892989e-05,0.0025573952559219096,2.4155106683610446,23.610973824329246,FEN1; PCNA; MCM7; CDCA5; PSMB10; CDC45; UBB; AKT3; POLD2; LRIG1; SLC19A1; GINS1; CDT1; GINS2; RFC3; ESCO1; UBE2C; ESCO2; CDC6; CDC25A; CDC25B; CCNA2; POLA1; WEE1; CDK4; MCM3; MCM4; MCM5; MCM6; ANAPC1,30,NA,NA
Reactome,Reactome_2022,63,CD28 Co-Stimulation R-HSA-389356,0.002041822180806593,0.04663781139969345,3.773271995399655,23.37131712129016,CD86; PRR5; YES1; LCK; AKT3; CD28; THEM4; RICTOR; PKN2,9,NA,NA
Reactome,Reactome_2022,39,Mitotic Spindle Checkpoint R-HSA-69618,0.00018659988546433076,0.006769318938403598,2.630938586326767,22.590669625905115,ZWILCH; UBE2C; PLK1; BUB1B; KNL1; SKA1; ZWINT; AURKB; CDC20; CENPE; CENPF; NUF2; CENPK; BIRC5; CENPM; KNTC1; KIF2C; BUB1; ANAPC1; SPC24; MAD2L1; SPC25,22,NA,NA
Reactome,Reactome_2022,40,G2/M Checkpoints R-HSA-69481,0.0001881673089201834,0.006769318938403598,2.350819483194952,20.16575044068049,H2AX; MCM7; MCM10; PKMYT1; PSMB10; CCNB2; CCNB1; WRN; HERC2; CDC45; UBB; EXO1; CHEK1; CLSPN; GTSE1; RFC3; CDC7; CDC6; CDC25A; WEE1; DBF4; CDK1; MCM3; MCM4; ATM; MCM5; MCM6,27,NA,NA
Reactome,Reactome_2022,46,Antiviral Mechanism By IFN-stimulated Genes R-HSA-1169410,0.0007268669977917912,0.022738295865704077,2.706107872485689,19.556411189871152,NDC1; STAT1; MX1; EIF2AK2; UBE2L6; IFIT1; OASL; GNL3; HERC5; OAS1; UBB; OAS2; OAS3; NEDD4; KPNA5; ABCE1; RIGI,17,NA,NA
Reactome,Reactome_2022,50,COPI-dependent Golgi-to-ER Retrograde Traffic R-HSA-6811434,0.0010117808945507784,0.029119054145171405,2.7102734113089473,18.69016263367861,KIF23; KIF11; KIF22; KIF15; CENPE; KIF18B; KIFC2; KIF5C; KIFC1; KIF3A; KIF4A; KIF21A; KIF2C; KIF20A; TMED7; KIF20B,16,NA,NA
Reactome,Reactome_2022,44,Synthesis Of DNA R-HSA-69239,0.0005897562372427531,0.01928770966800731,2.3856482421665013,17.739206213733564,GINS1; CDT1; GINS2; FEN1; RFC3; PCNA; MCM7; UBE2C; CDC6; PSMB10; CCNA2; POLA1; CDC45; UBB; POLD2; MCM3; LRIG1; MCM4; MCM5; MCM6; ANAPC1; SLC19A1,22,NA,NA
Reactome,Reactome_2022,52,APC/C-mediated Degradation Of Cell Cycle Proteins R-HSA-174143,0.0012642421062986086,0.03498546905699419,2.5509119418998103,17.022955923490652,UBE2C; PLK1; BUB1B; CDC14A; AURKB; PSMB10; AURKA; CDC20; CCNA2; CCNB1; PTTG1; UBB; CDK1; NEK2; FBXO5; ANAPC1; MAD2L1,17,NA,NA
Reactome,Reactome_2022,43,G2/M Transition R-HSA-69275,0.0005305525609447913,0.01775500314417569,2.0793762637093316,15.681806411199199,HSP90AB1; HMMR; PKMYT1; FOXM1; PSMB10; AURKA; CCNB2; CCNB1; UBB; NEK2; MYBL2; GTSE1; CEP290; CEP78; PLK4; PLK1; CDC25A; MZT1; CDC25B; CCNA2; MZT2B; TPX2; MZT2A; NEDD1; CENPF; WEE1; ALMS1; CDK1; TUBGCP5; OPTN,30,NA,NA
Reactome,Reactome_2022,60,Selenocysteine Synthesis R-HSA-2408557,0.001860444468338055,0.04388818999899116,2.4456763451326733,15.375820094793598,RPL5; RPL21; RPS7; RPS5; RPLP0; RPS3A; RPSA; RPL23A; RPS4X; SEPSECS; RPS28; RPL18A; RPS19; RPL26; RPS2; RPL39; RSL24D1,17,NA,NA
Reactome,Reactome_2022,61,Viral mRNA Translation R-HSA-192823,0.001860444468338055,0.04388818999899116,2.4456763451326733,15.375820094793598,RPL5; RPL21; RPS7; RPS5; RPLP0; RPS3A; RPSA; RPL23A; GNL3; RPS4X; RPS28; RPL18A; RPS19; RPL26; RPS2; RPL39; RSL24D1,17,NA,NA
Reactome,Reactome_2022,45,Mitotic G2-G2/M Phases R-HSA-453274,0.0006391355380339373,0.020438134205129684,2.052144595800009,15.094332080898178,HSP90AB1; HMMR; PKMYT1; FOXM1; PSMB10; AURKA; CCNB2; CCNB1; UBB; NEK2; MYBL2; GTSE1; CEP290; CEP78; PLK4; PLK1; CDC25A; MZT1; CDC25B; CCNA2; MZT2B; TPX2; MZT2A; NEDD1; CENPF; WEE1; ALMS1; CDK1; TUBGCP5; OPTN,30,NA,NA
Reactome,Reactome_2022,49,DNA Replication R-HSA-69306,0.0009263180981126229,0.027203504962940092,2.121194932879561,14.81504663249651,H2AX; FEN1; PCNA; MCM7; MCM10; PSMB10; CDC45; UBB; POLD2; LRIG1; SLC19A1; GINS1; CDT1; GINS2; RFC3; UBE2C; CDC7; CDC6; CCNA2; POLA1; DBF4; MCM3; MCM4; MCM5; MCM6; ANAPC1,26,NA,NA
Reactome,Reactome_2022,62,Response Of EIF2AK4 (GCN2) To Amino Acid Deficiency R-HSA-9633012,0.00192795930947338,0.04474731365051926,2.3634104046242776,14.774371363021244,RPL5; CEBPB; RPL21; RPS7; RPS5; RPLP0; RPSA; RPS3A; RPL23A; RPS4X; RPS28; RPL18A; RPS19; RPL26; RPS2; RPL39; RSL24D1; ATF3,18,NA,NA
Reactome,Reactome_2022,65,Interleukin-4 And Interleukin-13 Signaling R-HSA-6785807,0.002201448195140839,0.048736676197041036,2.268231768231768,13.87849331940091,ITGB1; IL4R; CXCL8; CEBPD; STAT1; RORC; RORA; FASLG; GATA3; PTGS2; MMP9; HSP90B1; BCL6; IRF4; BCL2; BIRC5; RHOU; FGF13; JAK2,19,NA,NA
Reactome,Reactome_2022,34,Generic Transcription Pathway R-HSA-212436,7.091193616101345e-05,0.003001243415755834,1.451479661194186,13.867540879746759,CCNT2; MAML2; RORC; RORA; CCNC; NR3C2; LGALS3; CCND2; ZFP30; SESN1; AKT3; CHEK1; ZNF721; ZNF600; ZNF566; ZNF441; MEF2C; ZNF681; ZNF680; ZFP1; RUNX3; RUNX2; MAF; ZNF92; MSH2; ZNF439; ZNF678; PRKCQ; ZNF675; ANAPC1; FKBP5; ZNF551; ZNF793; ZNF154; ZNF550; KMT2A; TGFA; GATA3; ZNF25; ZNF26; PRDX2; ZNF708; CCNB1; UBB; ZKSCAN8; ZNF549; ZNF548; PMAIP1; ZNF302; ZNF664; ZNF267; SOCS4; FANCI; ZNF540; PHC2; YES1; CBX5; UBE2C; GADD45A; CAV1; NFATC2; CDC7; NR1D2; PHC3; MOV10; TPX2; CDK6; BCL6; CDK4; FASN; JMY; CDK1; ATM; EZH2; ZNF254; PRR5; H2AX; ZNF253; ZNF770; DYRK2; CITED4; FASLG; SLC2A3; BBC3; PIDD1; EXO1; ZNF529; ZNF528; ZNF41; MYBL2; ZNF248; ZNF761; RFC3; CNOT6L; CR1; APAF1; ITGA4; PARP1; PRMT1; SIRT1; CCNA2; RBL1; RRM2B; BIRC5; PRKAA1; CEBPB; CAMK2D; PCNA; HDAC9; NR2C1; AURKB; PSMB10; AURKA; WRN; ZFP14; PLAGL1; PERP; RICTOR; TAF9B; E2F8; ZNF100; SUZ12; NPM1; RRM2; STAT1; NFYB; ATAD2; GSR; WWP1; PTPN11; LRPPRC; PML; ZNF33B; CCNG2; ZNF737; CAMK4; ZNF736; ZNF614; PTPN4; ZNF354A; ZNF354C; CDK5R1,142,NA,NA
Reactome,Reactome_2022,53,Factors Involved In Megakaryocyte Development And Platelet Production R-HSA-983231,0.0015873176181534292,0.04213694137829489,2.1402949852507374,13.795720190097756,CBX5; DOCK9; JMJD1C; KIF23; GATA3; KIF11; KIF22; KIF15; DOCK10; CENPE; WEE1; KIF18B; KIFC2; KIF5C; KIF3A; KIFC1; KIF4A; KIF21A; KIF2C; KIF20A; KIF20B; JAK2; PRKACB,23,NA,NA
Reactome,Reactome_2022,58,Separation Of Sister Chromatids R-HSA-2467813,0.001724793753187275,0.04279272777304291,1.986741323754688,12.640935310803448,ZWILCH; CDCA5; BUB1B; SKA1; AURKB; PSMB10; CDC20; PTTG1; UBB; NUF2; KNTC1; BUB1; UBE2C; PLK1; KNL1; ZWINT; CENPE; CENPF; ESPL1; CENPK; BIRC5; CENPM; KIF2C; ANAPC1; SPC24; MAD2L1; SPC25,27,NA,NA
Reactome,Reactome_2022,59,Major Pathway Of rRNA Processing In Nucleolus And Cytosol R-HSA-6791226,0.0018082059477846255,0.04388818999899116,1.951440012320961,12.324163505713148,RPL5; RPLP0; NOC4L; NOL9; WDR43; RPS4X; FBL; RPL18A; RPS19; UTP20; RPS2; RPL39; WDR36; NOP58; RPL21; RPS7; KRR1; RPS5; WDR18; RPSA; RPS3A; RPL23A; RRP1B; GNL3; BOP1; RPS28; RPL26; RSL24D1,28,NA,NA
Reactome,Reactome_2022,47,M Phase R-HSA-68886,0.0008078872712483615,0.02473510177290196,1.6754774505292223,11.931222409051042,H2AX; ZWILCH; BUB1B; SMC4; CDC20; PTTG1; NUF2; KNTC1; NEK2; FBXO5; CEP290; TMPO; NDC1; KIF23; KNL1; LEMD3; MZT2B; MZT2A; ESPL1; BIRC5; KIF2C; KIF20A; ANAPC1; CDCA5; NCAPG; NCAPH; SKA1; AURKB; PSMB10; CCNB2; CCNB1; UBB; BUB1; CEP78; PLK4; UBE2C; PLK1; NEK7; ZWINT; MZT1; CENPE; NEDD1; CENPF; ALMS1; CENPK; CDK1; TUBGCP5; CENPM; LPIN1; SPC24; MAD2L1; SPC25,52,NA,NA
Reactome,Reactome_2022,64,Mitotic Metaphase And Anaphase R-HSA-2555396,0.0021211348312404565,0.04769239097117214,1.7995520191388683,11.077689581982334,ZWILCH; CDCA5; BUB1B; SKA1; AURKB; PSMB10; CDC20; CCNB2; CCNB1; PTTG1; UBB; NUF2; KNTC1; FBXO5; BUB1; TMPO; NDC1; UBE2C; PLK1; KNL1; LEMD3; ZWINT; CENPE; CENPF; ESPL1; CENPK; CDK1; CENPM; BIRC5; KIF2C; SPC24; ANAPC1; MAD2L1; SPC25,34,NA,NA
Reactome,Reactome_2022,57,RNA Polymerase II Transcription R-HSA-73857,0.0016990732067274326,0.04279272777304291,1.3242763007022502,8.44580034554898,CCNT2; MAML2; ICE2; RORC; RORA; CCNC; NR3C2; LGALS3; CCND2; ZFP30; SESN1; AKT3; CHEK1; ZNF721; ZNF600; ZNF566; ZNF441; MEF2C; ZNF681; ZNF680; ZFP1; RUNX3; RUNX2; MAF; ZNF92; MSH2; ZNF439; ZNF678; PRKCQ; ZNF675; ANAPC1; FKBP5; ZNF551; ZNF793; ZNF154; ZNF550; KMT2A; TGFA; GATA3; ZNF25; ZNF26; PRDX2; ZNF708; CCNB1; UBB; ZKSCAN8; ZNF549; ZNF548; PMAIP1; ZNF302; ZNF664; ZNF267; SOCS4; FANCI; ZNF540; PHC2; YES1; CBX5; UBE2C; GADD45A; CAV1; INTS2; NFATC2; CDC7; NR1D2; PHC3; MOV10; TPX2; CDK6; BCL6; CDK4; FASN; JMY; CDK1; ATM; EZH2; ZNF254; PRR5; H2AX; ZNF253; ZNF770; DYRK2; CITED4; FASLG; SLC2A3; BBC3; PIDD1; EXO1; ZNF529; ZNF528; ZNF41; MYBL2; ZNF248; ZNF761; RFC3; CNOT6L; CR1; APAF1; ITGA4; PARP1; PRMT1; SIRT1; CCNA2; RBL1; RRM2B; BIRC5; PRKAA1; CEBPB; CAMK2D; PCNA; MLLT3; HDAC9; NR2C1; AURKB; PSMB10; AURKA; WRN; ZFP14; PLAGL1; PERP; RICTOR; TAF9B; E2F8; ZNF100; SUZ12; NPM1; RRM2; STAT1; NFYB; ATAD2; GSR; WWP1; PTPN11; LRPPRC; PML; ZNF33B; CCNG2; ZNF737; CAMK4; ZNF736; ZNF614; PTPN4; ZNF354A; ZNF354C; CDK5R1,145,NA,NA
WikiPathways,WikiPathway_2023_Human,4,Pathogenesis Of SARS CoV 2 Mediated By Nsp9 Nsp10 Complex WP4884,2.6628152924488304e-08,3.762050364119597e-06,14.011520737327189,244.37909180228405,CD2; CD4; MMP25; CXCL8; CD8B; CD8A; LCK; HLA-DRA; CD3G; CD247; CD3E; HLA-DRB1,12,NA,NA
WikiPathways,WikiPathway_2023_Human,1,Retinoblastoma Gene In Cancer WP2446,8.544886074969654e-14,5.613990151255063e-11,6.484548104956268,195.12561828119507,TOP2A; PCNA; MCM7; TTK; TYMS; SMC2; CCNB2; NPAT; CCNB1; CDC45; ORC1; CHEK1; STMN1; HLTF; PLK4; CDT1; RFC3; RRM2; CDC7; DCK; CDC25A; CDC25B; CCNA2; DHFR; POLA1; WEE1; CDK6; CDK4; KIF4A; MCM3; CDK1; MCM4; MCM6,33,NA,NA
WikiPathways,WikiPathway_2023_Human,9,Cancer Immunotherapy By PD 1 Blockade WP4585,1.1064596271168654e-06,8.077155277953118e-05,9.625791594703513,132.01142841743766,CD8B; CD8A; LCK; NFATC2; PTPN11; CD3G; PDCD1LG2; PDCD1; CD3E; CD3D; HLA-DRB1,11,NA,NA
WikiPathways,WikiPathway_2023_Human,14,Genes Associated With The Development Of Rheumatoid Arthritis WP5033,6.833944839330952e-06,0.0003207072685314597,10.49051178838413,124.77003992190302,CIITA; CD40; FCRL3; STAT4; ITGAV; PADI4; IL6ST; HLA-DRB1; CD244,9,NA,NA
WikiPathways,WikiPathway_2023_Human,5,DNA Replication WP466,2.8630520274882778e-08,3.762050364119597e-06,7.160231080300404,124.36456821253825,CDT1; RFC3; PCNA; MCM7; MCM10; CDC7; CDC6; POLA1; CDC45; DBF4; ORC1; POLD2; MCM3; MCM4; MCM5; MCM6; MCM2,17,NA,NA
WikiPathways,WikiPathway_2023_Human,2,Cell Cycle WP179,9.278509523934037e-11,3.047990378612331e-08,4.366917344871399,100.87900079044282,PCNA; MCM7; TTK; PKMYT1; CDC14A; CDC20; CCNB2; CCNB1; CCND2; CDC45; PTTG1; ORC1; CHEK1; BUB1; GADD45A; PLK1; CDC7; CDC6; CDC25A; CDC25B; CCNA2; WEE1; CDK6; RBL1; DBF4; ESPL1; CDK4; CDK1; MCM3; MCM4; ATM; MCM5; MCM6; ANAPC1; MCM2,35,NA,NA
WikiPathways,WikiPathway_2023_Human,12,Selective Expression Of Chemokine Receptors During T Cell Polarization WP4494,2.4201177263117383e-06,0.00013250144551556767,7.4146110056926,95.8834834109762,CD4; IL4R; CD40LG; CXCR3; CCL4; CD28; CCR7; CCR5; CCR4; CCR3; IL18R1; IL12RB2,12,NA,NA
WikiPathways,WikiPathway_2023_Human,24,Regulation Of Sister Chromatid Separation At The Metaphase Anaphase Transition WP4240,0.00013191379552514193,0.0036111401525007604,9.169155657668007,81.91138592585261,CDC20; CENPE; ESPL1; PTTG1; BUB1B; BUB1; MAD2L1,7,NA,NA
WikiPathways,WikiPathway_2023_Human,31,Lactate Shuttle In Glial Cells WP5314,0.0004420273496428675,0.009185219451599542,8.977365917664425,69.34242041343907,LDHB; SLC16A1; CA4; SLC16A7; SLC2A3; SLC16A3,6,NA,NA
WikiPathways,WikiPathway_2023_Human,6,Extrafollicular And Follicular B Cell Activation By SARS CoV 2 WP5218,1.915929488889637e-07,2.0979427903341527e-05,4.461181923522596,69.005083635199,CD40; CR2; CR1; CD82; SH2D1A; ETS1; BACH2; IFIT2; MAF; CD40LG; BCL6; IRF4; TBX21; GPR183; BTLA; SLAMF7; CCR7; TLR7; PDCD1; CD69; ICOS; MS4A1,22,NA,NA
WikiPathways,WikiPathway_2023_Human,3,Network Map Of SARS CoV 2 Signaling Pathway WP5115,5.346495690750571e-10,1.1708825562743752e-07,3.0859329017068866,65.88284550036522,CXCL8; CD3G; AHR; IFIT1; CD3E; IFI44L; IFIH1; MMP25; IL18RAP; JAK2; CCR5; GTSE1; CTSD; BTN3A1; DUSP1; IL1R2; CD8B; CD8A; LCK; OAS2; BIRC5; CD226; PRKCQ; SKAP1; CEBPB; IFI6; PTGS2; TRPM2; CCNB2; CCNB1; MAPK8; RRAS; CCL5; CCL4; CD14; APOL1; FAM83A; RRM2; STAT1; MX1; SMAD5; CD2; CD4; CAMK4; CDK1; HLA-DRA; CD247; HLA-DRB1; RIGI,49,NA,NA
WikiPathways,WikiPathway_2023_Human,20,Gastric Cancer Network 1 WP2361,5.330152411649765e-05,0.0017509550672269478,6.171732214174508,60.727040750749765,TOP2A; TPX2; CENPF; UBE2C; MCM4; MYBL2; S100P; KIF20B; KIF15; AURKA,10,NA,NA
WikiPathways,WikiPathway_2023_Human,10,G1 To S Cell Cycle Control WP45,1.323509330577078e-06,8.695456301891402e-05,4.446153846153846,60.17968720298876,PCNA; MCM7; GADD45A; CDC25A; CCNB1; WEE1; CCND2; CDC45; CDK6; ORC1; CDK4; CCNG2; MCM3; CDK1; MCM4; MCM5; ATM; MCM6; MCM2,19,NA,NA
WikiPathways,WikiPathway_2023_Human,8,Th17 Cell Differentiation Pathway WP5130,1.0695481068376888e-06,8.077155277953118e-05,4.299650415721844,59.11277343309004,IL4R; STAT1; RORC; RORA; CD3G; AHR; GATA3; CD3E; CD3D; HLA-DMA; MAPK8; CD4; IRF4; LCK; TBX21; CRY1; IL21R; PRKCQ; CD247; JAK2,20,NA,NA
WikiPathways,WikiPathway_2023_Human,23,Interactions Of Natural Killer Cells In Pancreatic Cancer WP5092,7.644313197602826e-05,0.002183614682967416,5.828538550057537,55.24850397869044,CD96; NCR3; KLRK1; CCL5; CCL4; PRF1; GZMB; CD226; BMI1; TIGIT,10,NA,NA
WikiPathways,WikiPathway_2023_Human,18,Type II Interferon Signaling WP619,4.461030955863009e-05,0.0016282762988899982,5.039723502304147,50.48565984265498,CIITA; OAS1; STAT1; IRF4; STAT2; IFI6; TAP1; EIF2AK2; PTPN11; JAK2; GBP1; IFIT2,12,NA,NA
WikiPathways,WikiPathway_2023_Human,29,Immune Response To Tuberculosis WP4197,0.00035034659549704823,0.007937162525571058,5.989490968801314,47.65590969623255,OAS1; STAT1; STAT2; MX1; TAP1; IFIT1; JAK2; IFIT3,8,NA,NA
WikiPathways,WikiPathway_2023_Human,11,Allograft Rejection WP2328,1.963477705617263e-06,0.00011727316841732197,3.6189054726368157,47.55528885113593,CD86; CD40; CXCL8; ABCB1; STAT1; LRRK2; PRF1; GZMB; FASLG; HLA-DMA; HLA-DMB; CD40LG; GNLY; CD28; HLA-DPB1; HLA-DRA; HLA-DOA; HLA-DQA2; GABPA; HLA-DQA1; HLA-DRB1; HLA-DPA1; HLA-DQB1,23,NA,NA
WikiPathways,WikiPathway_2023_Human,13,DNA IR Damage And Cellular Response Via ATR WP4016,4.2297439855586565e-06,0.0002137647537316952,3.686855819339896,45.61882783521497,H2AX; FANCI; DCLRE1A; FEN1; PCNA; PARP1; PLK1; FOXM1; PML; RECQL4; WRN; HERC2; CDC45; MSH2; BCL6; EXO1; CHEK1; CDK1; ATM; CLSPN; MCM2,21,NA,NA
WikiPathways,WikiPathway_2023_Human,16,miRNA Regulation Of DNA Damage Response WP1530,1.8406896151456403e-05,0.0007113723983239328,3.7132267936076166,40.48451402831349,H2AX; APAF1; GADD45A; CDC25A; PML; BBC3; PIDD1; CCNB2; CCNB1; CCND2; CDK6; RRM2B; CDK4; SESN1; CHEK1; CDK1; PMAIP1; ATM,18,NA,NA
WikiPathways,WikiPathway_2023_Human,17,DNA Damage Response WP707,1.8406896151456403e-05,0.0007113723983239328,3.7132267936076166,40.48451402831349,H2AX; APAF1; GADD45A; CDC25A; PML; BBC3; PIDD1; CCNB2; CCNB1; CCND2; CDK6; RRM2B; CDK4; SESN1; CHEK1; CDK1; PMAIP1; ATM,18,NA,NA
WikiPathways,WikiPathway_2023_Human,26,Host Pathogen Interaction Of Human Coronaviruses Interferon Induction WP4880,0.00027171296458288277,0.006865977605036691,4.7677581336959935,39.14693839978714,IFIH1; MAPK8; OAS1; STAT1; OAS2; STAT2; OAS3; EIF2AK2; TLR7; RIGI,10,NA,NA
WikiPathways,WikiPathway_2023_Human,7,IL 24 Signaling Pathway WP5413,2.8276933222702e-07,2.653992161045031e-05,2.5526673595824922,38.490737737766054,TOP2A; H2AX; CD86; ATF2; CD40; PRKAA1; ABCB1; PCNA; CD83; CXCL8; CD82; PRF1; FASLG; TXN; MKI67; BMI1; BBC3; HSP90B1; CCNB1; MAPK8; CHEK1; PMAIP1; CD14; BAK1; MAP3K2; MAP3K1; PARP1; GADD45A; STAT1; TXNRD2; SIGMAR1; EIF2AK3; EIF2AK2; GZMB; SOD2; HSPE1; MMP9; CDC25A; BCL6; BCL2; CDK1; SDC1; BIRC5; ATM; HLA-DRB1,45,NA,NA
WikiPathways,WikiPathway_2023_Human,30,T Cell Receptor And Co Stimulatory Signaling WP2583,0.00043403262664106266,0.009185219451599542,4.966465905995581,38.45232018789977,ITK; DYRK2; CD8B; LCK; CD8A; CD28; NFATC2; PDCD1; RASGRP1,9,NA,NA
WikiPathways,WikiPathway_2023_Human,19,Modulators Of TCR Signaling And T Cell Activation WP5072,4.928131360576824e-05,0.0017040959494205123,3.737644341801386,37.06982794397819,MAP4K1; ITK; CUL5; SH2D1A; CBLB; CD3G; CD3E; CD3D; LCK; CD8A; CD5; RASA2; CD28; PRKCQ; UBASH3A; CD247,16,NA,NA
WikiPathways,WikiPathway_2023_Human,25,Inflammatory Bowel Disease Signaling WP5198,0.00017649629589458227,0.004638322656109623,4.198617511520737,36.28533704994102,HLA-DMA; IL18RAP; IL4R; MAF; STAT1; TBX21; RORC; STAT4; IL21R; RORA; GATA3; TLR5,12,NA,NA
WikiPathways,WikiPathway_2023_Human,22,T Cell Receptor Signaling Pathway WP69,6.158943934933382e-05,0.0018392846205687419,3.3212655917249774,32.19973680623537,MAP4K1; ITK; ATF2; NFATC2; CBLB; CD3G; PTPN11; CD3E; CD3D; MAPK8; CD4; LCK; CD8A; CD28; PRKCQ; CD247; ICOS; SKAP1,18,NA,NA
WikiPathways,WikiPathway_2023_Human,27,Integrated Cancer Pathway WP1971,0.000285672922460603,0.00695137444654134,3.9357718894009217,32.1185081497725,MSH2; STAT1; CDK4; CHEK1; PLK1; CDK1; BCL2; ATM; BACH1; CDC25A; BBC3; CDC25B,12,NA,NA
WikiPathways,WikiPathway_2023_Human,36,Cell Interactions Of The Pancreatic Cancer Microenvironment WP5284,0.001247538644789406,0.02276758026740666,4.657471264367816,31.142567029060736,CD86; LAG3; CXCR3; CCL5; HLA-DRA; FASLG; CCR5; HLA-DRB1,8,NA,NA
WikiPathways,WikiPathway_2023_Human,15,Measles Virus Infection WP4630,1.5185220315859463e-05,0.0006651126498346445,2.7348837209302324,30.34404890727546,CBLB; FASLG; CD3G; CD3E; CD3D; BBC3; IFIH1; MAPK8; CCND2; BAK1; SLAMF1; APAF1; STAT1; STAT2; MX1; EIF2AK3; EIF2AK2; CDK6; OAS1; CDK4; OAS2; OAS3; IL2RB; CD28; BCL2; TLR7; CD46; RIGI,28,NA,NA
WikiPathways,WikiPathway_2023_Human,21,T Cell Activation SARS CoV 2 WP5098,5.670876929069892e-05,0.0017741743535232947,3.0950435729847494,30.262041393659377,CD86; CD3G; CD3E; CD3D; RASGRP1; CD4; PPP3CC; LCK; STAT4; CD28; HLA-DRA; PRKCQ; RICTOR; CD247; JAK2; ICOS; CCL28; HLA-DRB1; IL18R1; IL12RB2,20,NA,NA
WikiPathways,WikiPathway_2023_Human,34,Type I Interferon Induction And Signaling During SARS CoV 2 Infection WP4868,0.000996700135904812,0.019259764390866515,4.288514820429714,29.638185806427238,IFIH1; OAS1; STAT1; OAS2; STAT2; OAS3; EIF2AK2; TLR7; RIGI,9,NA,NA
WikiPathways,WikiPathway_2023_Human,32,T Cell Modulation In Pancreatic Cancer WP5078,0.0004473775075360507,0.009185219451599542,3.703849281648143,28.564484875374898,CD86; LGALS3; CD40; NT5E; CD40LG; CD28; FASLG; CD226; PDCD1LG2; PDCD1; ICOS; TIGIT,12,NA,NA
WikiPathways,WikiPathway_2023_Human,33,Non Genomic Actions Of 1 25 Dihydroxyvitamin D3 WP4341,0.0006454892351871162,0.012851103864179859,2.848553646220691,20.924056575271717,CD40; CAMK2D; CXCL8; PRKCH; RSAD2; STAT1; STAT2; CAV1; ETS1; IFI44L; MAPK8; CD40LG; OAS2; SP3; TLR8; PRKCQ,16,NA,NA
WikiPathways,WikiPathway_2023_Human,35,Ferroptosis WP4313,0.001062515427972282,0.01994493246222255,2.93919261822376,20.124993205481594,SLC38A1; TFRC; GPX4; ACSL1; IREB2; SLC40A1; ACSL4; BACH1; DPP4; POR; FTH1; VDAC3; VDAC2; FTL,14,NA,NA
WikiPathways,WikiPathway_2023_Human,28,Ebola Virus Infection In Host WP4217,0.0003086414108661891,0.007242050247824509,2.4059661915810406,19.448219748199296,ITGB1; ITGA4; STAT1; CAV1; ICAM2; EIF2AK2; RHOC; IGF1R; HLA-DMA; HLA-DMB; NEDD4; RASA2; HLA-DPB1; HLA-DRA; ITGAV; ITGA6; HLA-DOA; HLA-DQA2; HLA-DQA1; HLA-DRB1; HLA-DQB2; RIGI; HLA-DPA1; HLA-DQB1,24,NA,NA
WikiPathways,WikiPathway_2023_Human,38,T Cell Antigen Receptor TCR Pathway During Staphylococcus Aureus Infection WP3863,0.002370457056325122,0.04098395489488435,2.783497029935894,16.82532792746614,ITK; NFATC2; CD3D; CD4; CD40LG; RRAS; CD8A; LCK; CDK4; CD28; PRKCQ; PDCD1; ICOS,13,NA,NA
WikiPathways,WikiPathway_2023_Human,37,Cytoplasmic Ribosomal Proteins WP477,0.0014417753095211845,0.025601253469065357,2.5148452819749227,16.451816231549444,RPL5; RPL21; RPS7; RPL10; RPS5; RPLP0; RPSA; RPS3A; RPL23A; RPS4X; RPS28; RPL18A; RPS19; RPL13; RPL26; RPS2; RPL39,17,NA,NA
