snp,V.df1,z.df1,r.df1,lABF.df1,V.df2,z.df2,r.df2,lABF.df2,internal.sum.lABF,SNP.PP.H4,gene_set_version,score_version
rs1018011,0.00041086884601,12.0403652706723,0.982066640563849,69.1747484949371,0.01708249,0.400093343534813,0.700740279549823,-0.547136336935487,68.6276121580016,7.97019022376037e-156,Mitoxy-80_v1.0,NA
rs1018012,0.00041254484544,12.0041159557289,0.981994804670416,68.7435889533508,0.017120152336,0.413978478187766,0.70027824444001,-0.542444152431003,68.2011448009198,5.20302924406591e-156,Mitoxy-80_v1.0,NA
rs1038639,0.00013936746916,23.4522337235502,0.993844021068616,270.765550996559,0.00571573800625,0.234432723785589,0.874972203107198,-1.01556592735321,269.749985069206,1.7693160999632e-68,Mitoxy-80_v1.0,NA
rs1038897,0.00078154352721,3.6511888281985,0.966430768376823,4.74475851880635,0.019585442704,-1.75940349272587,0.671304905775497,0.482700024558475,5.22745854336483,2.328798003622e-183,Mitoxy-80_v1.0,NA
rs1038898,0.00076827643684,3.65678372742425,0.966981807229022,4.75992458115142,0.019470016225,-1.6987780843516,0.672607854160713,0.412223370370367,5.17214795152179,2.20348823124775e-183,Mitoxy-80_v1.0,NA
rs10494173,0.00022231704609,-1.98669376203027,0.990215916552918,-0.359331778179262,0.00874225,0.198626737967914,0.820643281752484,-0.843001060632585,-1.20233283881185,3.75585574101622e-186,Mitoxy-80_v1.0,NA
rs10494174,0.00185593809636,-12.0498785996481,0.923799358948224,65.7804441115758,0.084451847236,-0.0314789784106316,0.321409451835194,-0.19370943107704,65.5867346804988,3.80918774256205e-157,Mitoxy-80_v1.0,NA
rs10510293,0.00040844005801,-28.8687722353896,0.982170760777437,407.260049866913,0.017805966721,0.405973515988579,0.69197009009571,-0.531755844608476,406.728294022304,5.45417600202915e-09,Mitoxy-80_v1.0,NA
rs10510294,0.00022070964969,5.46569468844867,0.990285970240678,12.4747195972974,0.00999244142884,1.21938092599002,0.800120955423564,-0.210175575489012,12.2645440218084,2.65032548147533e-180,Mitoxy-80_v1.0,NA
rs1091074,0.00092223971856,-1.04979847473031,0.960625468373581,-1.08797649942888,0.067290954025,0.411052215647347,0.372818010274003,-0.201762865884527,-1.28973936531341,3.44150758383678e-186,Mitoxy-80_v1.0,NA
rs11130036,0.00018223110049,-18.324431637196,0.991965909363913,164.131503944436,0.00704679660304,-0.498420398069217,0.850217291891354,-0.843678104119235,163.287825840316,1.0277255293165e-114,Mitoxy-80_v1.0,NA
rs11130057,0.00018921928249,3.90609710883488,0.991660388128206,5.17180680227063,0.00848666555361,1.3447224420368,0.824969082598048,-0.125509419509742,5.04629738276089,1.9429182503709e-183,Mitoxy-80_v1.0,NA
rs11130058,0.00022201,5.12690604026846,0.990229297496128,10.6999870507999,0.010023814161,1.24080344390176,0.799619154814172,-0.188223647389609,10.5117634034102,4.59278654485551e-181,Mitoxy-80_v1.0,NA
rs11130059,0.00022302734281,5.13909776953415,0.990184963497807,10.7636339199985,0.010037034225,1.13466087737685,0.799407890965984,-0.288639904822874,10.4749940151756,4.42697958389854e-181,Mitoxy-80_v1.0,NA
rs11130064,0.00017482921729,3.70890087201168,0.992289722863417,4.39234118899094,0.00664578757089,0.447788748271933,0.857526522394116,-0.88832634559425,3.50401484339669,4.15575304111786e-184,Mitoxy-80_v1.0,NA
rs11130068,0.000322813089,-0.48159959926532,0.985855683620544,-2.01489241889061,0.017722531876,0.248240013220558,0.692970296000327,-0.5690538998217,-2.58394631871231,9.43369416627905e-187,Mitoxy-80_v1.0,NA
rs111479135,0.00081337899204,-1.39429799647964,0.965111063809424,-0.739672518885788,0.0642825316,0.458333990691804,0.383573350073906,-0.201619334995651,-0.941291853881439,4.87615567517078e-186,Mitoxy-80_v1.0,NA
rs111583385,0.00269243718769,-1.06189979706564,0.893125180083584,-0.614490618449898,0.302293235344,-0.17070089412381,0.116858867981427,-0.0604325660557989,-0.674923184505697,6.36443720163597e-186,Mitoxy-80_v1.0,NA
rs111771128,0.00100855786084,0.00569998551536945,0.957098267498576,-1.57440598662518,0.028226688064,-0.954091471834675,0.586280840167385,-0.174440996313698,-1.74884698293888,2.17450707978277e-186,Mitoxy-80_v1.0,NA
rs112099377,0.00187858964329,-13.7615100120666,0.922941003939206,86.1113030342368,0.081641061441,-0.167264785863528,0.328836328178551,-0.194771114160354,85.9165319200764,2.57010660376945e-148,Mitoxy-80_v1.0,NA
rs112322590,0.00037182251929,6.55961042800023,0.983743205467059,19.1048696652178,0.014101325001,-0.38734389342226,0.739353426173216,-0.61683040278186,18.4880392624359,1.33699213736652e-177,Mitoxy-80_v1.0,NA
rs112345714,0.00129893205649,-2.8670919266274,0.94542057377168,2.4317315802079,0.071735587225,-0.364028973061773,0.357988005374265,-0.197854381183108,2.23387719902479,1.16690623711688e-184,Mitoxy-80_v1.0,NA
rs112492513,0.00185978287504,-13.5642965134075,0.923653552883445,83.6853363174765,0.081522812484,-0.169623356518937,0.329156305572392,-0.19487430039908,83.4904620170774,2.27155034129209e-149,Mitoxy-80_v1.0,NA
rs112567253,0.00030151891449,-2.24509482098328,0.986776367152524,0.324024001039768,0.00964974193561,-1.26119403744766,0.805643663805451,-0.178298414909143,0.145725586130625,1.44598317040781e-185,Mitoxy-80_v1.0,NA
rs112567628,0.00072550499904,-6.43150969734771,0.968762573770948,18.3030319211199,0.029680742961,-0.457501407584121,0.574046692102405,-0.366636622403365,17.9363952987165,7.70110285537521e-178,Mitoxy-80_v1.0,NA
rs112992782,0.001714622464,-12.5343894899536,0.929190617506049,71.669114449862,0.0734247409,0.510108130051297,0.352656745632469,-0.171556836900411,71.4975576129616,1.40562722824183e-154,Mitoxy-80_v1.0,NA
rs113041225,0.00118779486736,-2.34219948700688,0.949856249853097,1.10897676042483,0.062172929025,0.358029236599892,0.391493132101681,-0.223281779306394,0.885694981118441,3.03059472741089e-185,Mitoxy-80_v1.0,NA
rs113130321,0.00024632360809,-2.05610174135218,0.989170838666764,-0.171869578861871,0.00822699792784,0.55484064439025,0.82941094653767,-0.756582596588,-0.928452175449871,4.93916760682969e-186,Mitoxy-80_v1.0,NA
rs113231393,0.00016581970441,-0.489698767579657,0.992684151441576,-2.33983087097877,0.00702978279844,0.812675475109668,0.85052487210991,-0.669451703833314,-3.00928257481208,6.16539070924191e-187,Mitoxy-80_v1.0,NA
rs113363404,0.00187639714276,-13.527520118936,0.923024016561147,83.1717054985477,0.081611919684,-0.166545551285013,0.328915126937698,-0.194868202674588,82.9768372958731,1.35912056459489e-149,Mitoxy-80_v1.0,NA
rs113483204,0.00183146337936,-13.7466234846573,0.924728597256768,86.0794955297229,0.081641061441,-0.167272135485023,0.328836328178551,-0.194770709902168,85.8847248198208,2.48964536803365e-148,Mitoxy-80_v1.0,NA
rs113651617,0.00026551724809,6.26037914168411,0.988336867324538,17.1419594945785,0.008403205561,1.17359194493231,0.826391548584321,-0.30637439789274,16.8355850966858,2.56139836207159e-178,Mitoxy-80_v1.0,NA
rs113784264,0.00051376568896,0.487298379980941,0.97767572261299,-1.78496096297701,0.016812493569,-0.61625675790318,0.704070486739315,-0.475123725622323,-2.26008468859933,1.30416671363316e-186,Mitoxy-80_v1.0,NA
rs113843148,0.00222496173025,0.0528998611390835,0.910011519753826,-1.20276352107068,0.071737729921,-0.877530904759949,0.357981140553692,-0.0837352337799699,-1.28649875485065,3.4526782594491e-186,Mitoxy-80_v1.0,NA
rs113920843,0.00038475999409,-0.744403603309661,0.983187064483553,-1.77039332901477,0.013851406864,-0.297606464330626,0.742784679720972,-0.646026787571963,-2.41642011658673,1.11541761258399e-186,Mitoxy-80_v1.0,NA
rs114048635,0.00192611265625,-12.1692053545998,0.921145346238418,66.9359295589289,0.083334410329,-0.0936202052813352,0.324321492220202,-0.194597650897456,66.7413319080315,1.2085582376391e-156,Mitoxy-80_v1.0,NA
rs114052205,0.00071884044544,-6.22210121143403,0.969040639771433,17.0204430462779,0.029609805625,-0.461368589277931,0.574631686453585,-0.366241602051743,16.6542014442262,2.13650152969611e-178,Mitoxy-80_v1.0,NA
rs114076122,0.00115938207009,4.84010138121628,0.950996942073323,9.63136733994481,0.073825237264,-1.07295331753206,0.351415915850245,-0.014201746744685,9.61716559320012,1.87740240142003e-181,Mitoxy-80_v1.0,NA
rs114234830,0.00185349192484,-11.8871974022233,0.923892149406735,63.987701612789,0.083194172356,-0.0897262458656053,0.32469068329312,-0.194985213303579,63.7927163994854,6.334322024602e-158,Mitoxy-80_v1.0,NA
rs114284168,0.00112160689216,2.34260265628359,0.952517756421886,1.08990764960297,0.045872644041,0.936170212765957,0.465806083493854,-0.109378541369397,0.980529108233572,3.33206758279181e-185,Mitoxy-80_v1.0,NA
rs114544707,0.001941900489,-12.1322985453968,0.920550347961937,66.4828149871329,0.083277262084,-0.0941710733319934,0.324471839524992,-0.194691477922387,66.2881235092105,7.68142290581599e-157,Mitoxy-80_v1.0,NA
rs114581064,0.00107433828441,-3.48551275128062,0.9544276377369,4.25334791348482,0.077603473476,0.522870045302146,0.340126008337356,-0.16135914272578,4.09198877075904,7.4817563949473e-184,Mitoxy-80_v1.0,NA
rs114729712,0.00187623254025,2.98839907192575,0.923030249356542,2.83940281936762,0.093780487696,0.0180999947752714,0.298997265512256,-0.177572768339557,2.66183005102807,1.79016690200599e-184,Mitoxy-80_v1.0,NA
rs114970200,0.00071731837584,-6.44749615424825,0.969104167663633,18.4043632719496,0.0296907361,-0.452024258603679,0.573964378028718,-0.367978255510009,18.0363850164396,8.51094740050204e-178,Mitoxy-80_v1.0,NA
rs115023768,0.00072130919184,-6.14918904427863,0.968937617346163,16.5831105003578,0.029599137936,-0.462960056729674,0.574719762143923,-0.365913049992776,16.217197450365,1.38011343935627e-178,Mitoxy-80_v1.0,NA
rs115151408,0.00107612865936,-3.52861201546134,0.954355158350701,4.39795473293316,0.077962691524,0.533045863805342,0.339090262211098,-0.158894804933161,4.239059928,8.66713887825912e-184,Mitoxy-80_v1.0,NA
rs115153606,0.00285333315556,0.514501110141791,0.887457276798563,-0.97475115812865,0.786277678729,1.5204522720173,0.0484098760377128,0.0311459338084532,-0.943605224320197,4.86488835854067e-186,Mitoxy-80_v1.0,NA
rs115228610,0.00072239463076,-6.4482055555969,0.968892328192411,18.4078085765628,0.029692803856,-0.452236008263887,0.573947348748494,-0.367905061122217,18.0399035154406,8.5409459043323e-178,Mitoxy-80_v1.0,NA
rs115316619,0.00087840511641,2.1587022022478,0.962426644929965,0.601721711122425,0.035518679296,-1.37854444350115,0.529670279894827,0.126128020833371,0.727849731955797,2.5880731227298e-185,Mitoxy-80_v1.0,NA
rs115478657,0.000157653136,13.6186683657216,0.993041947678618,89.6048877169333,0.00691538601744,2.0989720871393,0.852598761206626,0.920841837221502,90.5257295541548,2.58047844671247e-146,Mitoxy-80_v1.0,NA
rs115637886,0.000815045401,-1.279599985989,0.965042083899822,-0.886736735559544,0.063606857616,0.457653328258077,0.386074830570123,-0.203510091783306,-1.09024682734285,4.20133429644849e-186,Mitoxy-80_v1.0,NA
rs115652345,0.00093893829241,1.62680103517709,0.959941091157954,-0.338468872321516,0.027885994081,0.0438811073650676,0.589223160704886,-0.44428530122112,-0.782754173542636,5.71386009133107e-186,Mitoxy-80_v1.0,NA
rs115729335,0.00225582252025,-9.90300133696876,0.908877092716077,43.3687586745614,0.092942668225,0.218869335607564,0.300881579511415,-0.171760885066708,43.1969977894947,7.19603380925948e-167,Mitoxy-80_v1.0,NA
rs115756902,0.00155558459281,-0.571300350651228,0.935333743945888,-1.21661885240489,0.123676008976,-0.198850077912624,0.244385235504278,-0.135280140233484,-1.35189899263837,3.23409779122489e-186,Mitoxy-80_v1.0,NA
rs115757281,0.00071884044544,-6.22210121143403,0.969040639771433,17.0204430462779,0.029609805625,-0.461370913845707,0.574631686453585,-0.366240985767731,16.6542020605102,2.13650284638825e-178,Mitoxy-80_v1.0,NA
rs115799433,0.00268118911204,1.44749923716015,0.893524126278928,-0.183838410246038,0.347171959369,0.582380225826654,0.1033132669659,-0.0370041468994981,-0.220842557145537,1.00222381067776e-185,Mitoxy-80_v1.0,NA
rs115873327,0.00221048544964,4.16919418578435,0.910544636844753,6.70661770321886,0.114457039225,-0.657623812127751,0.258971686889138,-0.0938595991803552,6.61275810403851,9.30592986507441e-183,Mitoxy-80_v1.0,NA
rs115959858,0.00077491527129,1.52390138411412,0.966705989591899,-0.578710099790322,0.028108869649,-0.463927542542214,0.587295020547846,-0.379309747471517,-0.958019847261838,4.79526582400888e-186,Mitoxy-80_v1.0,NA
rs116087894,0.00112087022436,2.37889866604539,0.952547462743178,1.17129606668639,0.046464820249,0.695254619427808,0.46261589262325,-0.198711677701742,0.972584388984644,3.30570012105817e-185,Mitoxy-80_v1.0,NA
rs116405051,0.00115304389225,1.22810065819504,0.951251775564167,-0.793189435854929,0.052041471876,0.247138861857044,0.434586705152746,-0.271827399797561,-1.06501683565249,4.30868242773362e-186,Mitoxy-80_v1.0,NA
rs116419535,0.00271942433361,3.4448043169358,0.892169452496748,4.17994611945019,0.169796740096,-0.45904762367011,0.190660731819267,-0.0856800765053246,4.09426604294487,7.49881380549841e-184,Mitoxy-80_v1.0,NA
rs116621240,0.00187857230625,-13.7651035357905,0.922941660296966,86.1570084844148,0.081646204644,-0.167273516298147,0.328822424974629,-0.194760471029996,85.9622480133848,2.6903289474129e-148,Mitoxy-80_v1.0,NA
rs116621571,0.00313979794921,-1.3436009272958,0.877542016694919,-0.257896385538163,0.213903475009,-0.38229220946298,0.157540183325896,-0.0742026177682141,-0.332099003306377,8.96698938786507e-186,Mitoxy-80_v1.0,NA
rs11706910,0.000416323216,11.7366202705352,0.981832896487106,65.6188128704677,0.018622969156,0.913355707648792,0.682326408503075,-0.288760725358807,65.3300521451088,2.94684008932107e-157,Mitoxy-80_v1.0,NA
rs11708538,0.00071810064676,-1.27310112175062,0.96907151632749,-0.952709859765634,0.037468183489,0.221149266145572,0.516341008637175,-0.350561247626542,-1.30327110739218,3.39525165829453e-186,Mitoxy-80_v1.0,NA
rs11708874,0.00041628648961,11.4937435977866,0.981834470004608,62.8490671857763,0.018682242489,0.901545912805543,0.681637209203415,-0.295269586705594,62.5537975990708,1.83503579301686e-158,Mitoxy-80_v1.0,NA
rs11709199,0.00021868790161,5.15609172239842,0.99037409631414,10.8430384867312,0.010033427889,1.15395289865924,0.799465511112704,-0.271097464034278,10.5719410226969,4.87765489245489e-181,Mitoxy-80_v1.0,NA
rs11710521,0.00041609472256,11.6280198446937,0.981842686216933,64.3735489618162,0.0186267904,0.91370164126612,0.682281935052,-0.288493666962478,64.0850552948538,8.48518484047858e-158,Mitoxy-80_v1.0,NA
rs11710876,0.00015794456976,13.6665711830421,0.993029174854157,90.2535845941296,0.006918746041,2.08496134841727,0.852537703480949,0.895926528518065,91.1495111226476,4.81509798357846e-146,Mitoxy-80_v1.0,NA
rs11711397,0.00032864613796,-1.09940094657061,0.985603783247859,-1.52475392277687,0.014051020369,-1.02449024355265,0.740041533479381,-0.285250210199452,-1.81000413297632,2.04550531922022e-186,Mitoxy-80_v1.0,NA
rs11713682,0.00015823878849,13.5212611194582,0.993016280304611,88.2917667934151,0.007097051536,2.30601585869617,0.849310067094643,1.31192646457783,89.6036932579929,1.02627786127657e-146,Mitoxy-80_v1.0,NA
rs11714594,0.00017509905625,6.50660872850935,0.992277914384602,18.5726822331136,0.007993075216,1.32537694062905,0.833453572624259,-0.164208293906276,18.4084739392073,1.2347358913732e-177,Mitoxy-80_v1.0,NA
rs11717159,0.00016709440225,5.6756121146482,0.992628327244562,13.5325008498642,0.00771465345561,1.22624614183036,0.838316892256441,-0.280778487491357,13.2517223623728,7.11254976467396e-180,Mitoxy-80_v1.0,NA
rs11720109,0.00019940546521,3.95171056079201,0.991215388195272,5.37204098395464,0.00905220947761,1.30440357734823,0.815457660847227,-0.151200340626947,5.22084064332769,2.31343713563449e-183,Mitoxy-80_v1.0,NA
rs11720179,0.00118637535844,-2.31899790383175,0.949913174114364,1.05719976210743,0.062952817216,0.407630009884259,0.388527493289261,-0.213663346265445,0.843536415841987,2.90548495572322e-185,Mitoxy-80_v1.0,NA
rs117640367,0.00156280274329,-0.401099860114388,0.935053170656698,-1.29187698668046,0.1264158025,-0.239357896217128,0.240361788959315,-0.130571070433181,-1.42244805711364,3.01379756995768e-186,Mitoxy-80_v1.0,NA
rs11919486,0.00070170420609,-6.37198609270773,0.969756350660405,17.9378894030469,0.0297631504,-0.447024692789242,0.573368601771172,-0.368629004969406,17.5692603980775,5.33467863558298e-178,Mitoxy-80_v1.0,NA
rs11923960,0.00015212262244,-1.60960125833077,0.993284398774652,-1.21495229801956,0.00621377475625,0.477256033744569,0.865542799976329,-0.904680893677657,-2.11963319169721,1.5008262654951e-186,Mitoxy-80_v1.0,NA
rs12489356,0.00030700997089,0.0209999600495386,0.986538789114318,-2.15375396753603,0.014289094369,0.606793712407037,0.736796228872823,-0.531769702374186,-2.68552366991021,8.52250587936834e-187,Mitoxy-80_v1.0,NA
rs12495382,0.00021914065156,5.30418012078306,0.990354360012074,11.6108519430442,0.00997124070721,1.15265867583453,0.800460413507978,-0.274116649948729,11.3367352930954,1.0479896678634e-180,Mitoxy-80_v1.0,NA
rs12632875,0.00099413459401,1.88969834982033,0.95768583898964,0.12861210491144,0.041146905409,0.361071152149157,0.492933153746164,-0.307423785256846,-0.178811680345406,1.0452459519805e-185,Mitoxy-80_v1.0,NA
rs12634249,0.00019856755396,-2.71210099777169,0.991251978633103,1.27610904440455,0.00732172860241,-1.07620218518566,0.845277659573131,-0.443556557977065,0.83255248642748,2.87374594269397e-185,Mitoxy-80_v1.0,NA
rs12639183,0.00028831700401,3.602995306215,0.987348034347632,4.22369502250909,0.012765384256,1.96375593004319,0.758072750990183,0.752133021909863,4.97582804441895,1.81071493182254e-183,Mitoxy-80_v1.0,NA
rs13068939,0.00018247687056,3.36059044742531,0.991955161175681,3.18999434337966,0.00725105043961,-0.653384316014332,0.846542026639655,-0.756465190480948,2.43352915289871,1.42476652575364e-184,Mitoxy-80_v1.0,NA
rs13088247,0.00123661942336,3.53749118456674,0.947902462380848,4.45363291730733,0.033084335881,-2.3021809765189,0.547312902523056,1.05411232191212,5.50774523921946,3.08218558867833e-183,Mitoxy-80_v1.0,NA
rs13096859,0.00192270849169,-1.44869973340145,0.921273740283793,-0.304136414189798,0.1736138889,1.25500515995872,0.187253741814164,0.0437977131100609,-0.260338701079737,9.63411351348924e-186,Mitoxy-80_v1.0,NA
rs13319907,0.000181117764,3.65258582255907,0.992014601489902,4.2023531692401,0.00710844589456,0.30573373058986,0.849104640164305,-0.905900104382463,3.29645306485764,3.37681132983647e-184,Mitoxy-80_v1.0,NA
rs13321673,0.00043371811081,-29.1761700574765,0.981088190379145,415.591136698168,0.018511507249,0.546280602982573,0.683626210990892,-0.473410723399799,415.117725974768,2.40001055354898e-05,Mitoxy-80_v1.0,NA
rs13325272,0.00040527326596,-29.0559523927794,0.98230655180341,412.638071897604,0.018041056489,0.463380659186849,0.68916733119048,-0.510260708829204,412.127811188775,1.20700663796431e-06,Mitoxy-80_v1.0,NA
rs13326024,0.00024511659844,2.36250814373858,0.989223330758533,0.495461804252705,0.00995273597956,1.0215068852906,0.800756939847448,-0.388829444803354,0.106632359449351,1.39054569754989e-185,Mitoxy-80_v1.0,NA
rs13327148,0.00042972046209,-29.310313222092,0.981259236770877,419.508660506521,0.018474518241,0.517454256516653,0.684058649874495,-0.484517943336941,419.024142563184,0.00119329637081023,Mitoxy-80_v1.0,NA
rs13433708,0.00016742548449,1.75099889483975,0.992613828835367,-0.932397319240931,0.00651363599041,1.17979087341758,0.85996287214027,-0.384429888371887,-1.31682720761282,3.34953585066438e-186,Mitoxy-80_v1.0,NA
rs138581081,0.00082862803881,-1.53099955186393,0.964480207004395,-0.538481260831899,0.064372316089,0.467777090222571,0.383243387699583,-0.199710622450394,-0.738191883282292,5.97424128716893e-186,Mitoxy-80_v1.0,NA
rs140341211,0.00103488316416,4.80540634636427,0.95602769060116,9.47616474066162,0.032613109281,0.101404831912997,0.550864718451967,-0.397383316300325,9.07878142436129,1.09582220231529e-181,Mitoxy-80_v1.0,NA
rs140543602,0.00261044355625,-1.64409844889172,0.896041519521456,0.0791450219348793,0.055240041024,-0.747442901392151,0.419991419259471,-0.155037700413702,-0.0758926784788228,1.15855231376645e-185,Mitoxy-80_v1.0,NA
rs144205576,0.00211992101476,-2.2417065934591,0.913894077341309,1.07018385745287,0.081936772516,0.181803763196691,0.328038861244678,-0.193356114686161,0.876827742766712,3.0038405149071e-185,Mitoxy-80_v1.0,NA
rs144649338,0.00043903239961,-29.3503586581461,0.980860901542758,420.500139191023,0.018513684225,0.517601881453717,0.683600776977054,-0.48380292361851,420.016336267405,0.00321849301198141,Mitoxy-80_v1.0,NA
rs145750688,0.00071854555249,-6.26198905456675,0.969052947314655,17.2617589446524,0.029657317369,-0.460280002090434,0.574239742654825,-0.366110883743421,16.895648060909,2.71995764573789e-178,Mitoxy-80_v1.0,NA
rs146268874,0.00154688823025,-0.727201535703843,0.935671999826403,-1.12447813697274,0.123813904384,-0.197630104128774,0.244179516692521,-0.135207153437243,-1.25968529040998,3.54650886533937e-186,Mitoxy-80_v1.0,NA
rs148285554,0.00107369594929,2.82210313330668,0.954453643942823,2.25624906925028,0.043626259161,1.25095634105588,0.478318657336934,0.0489092984034026,2.30515836765368,1.25312091727893e-184,Mitoxy-80_v1.0,NA
rs148417183,0.00266504770081,-0.540900470904093,0.894097252169158,-0.991822539172496,0.146599391689,0.870668063089769,0.214362971057628,-0.0393798890429702,-1.03120242821547,4.45686927645904e-186,Mitoxy-80_v1.0,NA
rs148545523,0.00090871499601,0.908601454972483,0.961180483586353,-1.22766163131193,0.027090197281,0.0853564289663469,0.596212287653058,-0.45126108392277,-1.6789227152347,2.33200001885927e-186,Mitoxy-80_v1.0,NA
rs1488465,0.000183006784,-18.1088113542283,0.991931987423771,160.231732437095,0.00707548463281,-0.492362323888825,0.849699165329917,-0.844565899064687,159.38716653803,2.07894181247617e-116,Mitoxy-80_v1.0,NA
rs149563917,0.00075127520836,8.80592059658365,0.967688860003262,35.8031758105675,0.023915076025,0.963529373726923,0.62583043763187,-0.201016103091132,35.6021597074764,3.61990293297087e-170,Mitoxy-80_v1.0,NA
rs150045737,0.00288237986884,-1.20079980926765,0.886441701537275,-0.448630375764618,0.079255762576,-0.283190420710135,0.335413561038684,-0.190845614493476,-0.639475990258094,6.59408477895979e-186,Mitoxy-80_v1.0,NA
rs150148000,0.00350696102416,-1.12039932724976,0.865152986506109,-0.458796229479873,1.1530249641,1.40892539509588,0.0335282170982695,0.0162263539007064,-0.442569875579167,8.02915358843792e-186,Mitoxy-80_v1.0,NA
rs150750498,0.00251028054729,-2.75360409718438,0.8996300524281,2.26120223075312,0.056974825636,0.191447627506347,0.412478184288179,-0.258361835031672,2.00284039572145,9.26185446251131e-185,Mitoxy-80_v1.0,NA
rs150800169,0.00168994165921,4.00219903719146,0.930138663291626,6.11867174051179,0.091533477025,1.19499578575088,0.304105090998221,0.0358549933764983,6.15452673388828,5.88508066038655e-183,Mitoxy-80_v1.0,NA
rs1565590,0.00041512840009,-27.4872268057935,0.981884090159042,368.924619931028,0.018409605124,0.869776388909362,0.684818873797939,-0.31826740667881,368.606352524349,1.51558506225216e-25,Mitoxy-80_v1.0,NA
rs1565700,0.00014169331225,0.518098878481119,0.99374192953257,-2.40356837858305,0.00562276522201,-0.675342167977372,0.876755273498911,-0.846853266557779,-3.25042164514083,4.84434691050445e-187,Mitoxy-80_v1.0,NA
rs1610187,0.00017595226609,-7.86779949791552,0.992240578740628,28.2815478151209,0.00702649650564,-0.9132088346802,0.850584308256999,-0.595838938292066,27.6857088768289,1.32015830800811e-173,Mitoxy-80_v1.0,NA
rs1610188,0.00017685542169,-7.70759547925737,0.992201060579112,27.0449743662743,0.007027301241,-0.919069772990254,0.850569752982692,-0.59122922273376,26.4537451435405,3.85115467693969e-174,Mitoxy-80_v1.0,NA
rs1625605,0.00015596512996,-5.74430280415739,0.993115935292743,13.8956575602258,0.00587959236225,-0.33324204307596,0.871847327765542,-0.97885705109947,12.9168005091264,5.08827535441295e-180,Mitoxy-80_v1.0,NA
rs1629917,0.00018191535376,-1.16079954921558,0.991979718162124,-1.74456654800293,0.00767311177369,0.526413786883693,0.839047389855414,-0.797067822219362,-2.54163437022229,9.84141709664505e-187,Mitoxy-80_v1.0,NA
rs1687896,0.00085857204196,-1.00809858914591,0.963243813002879,-1.16226994631835,0.061635013696,-0.462982953630007,0.393565155799987,-0.207898014478278,-1.37016796079663,3.17555058850789e-186,Mitoxy-80_v1.0,NA
rs1687897,0.00019275712569,2.20570885282742,0.99150578642241,0.0277279021305721,0.00786827543089,-0.00343707618544068,0.835626511294524,-0.90280209930595,-0.875074197175378,5.20997363157669e-186,Mitoxy-80_v1.0,NA
rs1687898,0.00086474812356,1.25250113920004,0.962989195561324,-0.89292366490495,0.062047322649,0.442581686358107,0.39197500690521,-0.210379897580575,-1.10330356248553,4.14683515198287e-186,Mitoxy-80_v1.0,NA
rs1688390,0.00087142449601,1.26480103252382,0.962714104304649,-0.874532779057026,0.062012454529,0.438413319251635,0.392108984973289,-0.211196935800789,-1.08572971485781,4.22035512331799e-186,Mitoxy-80_v1.0,NA
rs1688406,0.00147771816921,0.699600167529025,0.938371192839044,-1.16367455115823,0.742999176676,0.510448110963904,0.0510856220434466,-0.0195629887309321,-1.18323753988916,3.82826405815527e-186,Mitoxy-80_v1.0,NA
rs17030569,0.00042351170436,-28.4090401080692,0.981525007606952,394.085772379458,0.019054213369,1.0868897469519,0.677343710431975,-0.165500827547586,393.920271551911,1.49374225051585e-14,Mitoxy-80_v1.0,NA
rs17030584,0.000348979761,10.0168085220277,0.984726680812433,47.3111672389276,0.011708105616,1.19092639828472,0.773573108577059,-0.19408501140181,47.1170822275257,3.62713930181771e-165,Mitoxy-80_v1.0,NA
rs17040583,0.00018979470756,-0.751295675275467,0.991635239101711,-2.1120018929603,0.00792746271769,0.88888239965048,0.834594567119365,-0.569966266911248,-2.68196815987155,8.55286166775326e-187,Mitoxy-80_v1.0,NA
rs17040589,0.00069480215281,-6.26827167847157,0.970044920054391,17.3031007748317,0.029685567025,-0.461542122522418,0.574006953056001,-0.365528322155372,16.9375724526763,2.83641434679241e-178,Mitoxy-80_v1.0,NA
rs17040622,0.00183941485456,-11.7134936253159,0.924426496464627,62.1270751574394,0.083334410329,-0.0936932973530971,0.324321492220202,-0.194595430733279,61.9324797267061,9.85847220353314e-159,Mitoxy-80_v1.0,NA
rs17040626,0.000919544976,0.858000263817438,0.960736001619915,-1.26509377943927,0.018234991369,0.462011893036723,0.686872257721207,-0.507263869488679,-1.77235764892795,2.12397926880446e-186,Mitoxy-80_v1.0,NA
rs17040633,0.00154807623936,-11.4865194583384,0.935625776301132,60.3517719456958,0.077469815556,-0.0569869293726243,0.340513005921349,-0.207593604234118,60.1441783414617,1.64877044031229e-159,Mitoxy-80_v1.0,NA
rs17040638,0.00046340311824,-1.86279892970623,0.979819928437701,-0.251532557147746,0.010132636921,0.645787345645285,0.79788342398651,-0.633080151016726,-0.884612708164472,5.16051449907365e-186,Mitoxy-80_v1.0,NA
rs17040650,0.00076478796304,-14.7848113166611,0.967126802777872,103.994887317968,0.028267024384,-0.325523410734678,0.585934429703588,-0.409821052919729,103.585066265048,1.21142939324175e-140,Mitoxy-80_v1.0,NA
rs17040652,0.00196493612176,-12.9063157039858,0.919683578490429,75.3363288972702,0.084971667001,-0.0363171057190591,0.320072548921668,-0.192673511056803,75.1436553862134,5.38704129432333e-153,Mitoxy-80_v1.0,NA
rs17040675,0.00098089855249,2.48420303135766,0.958225680746533,1.36899540950364,0.040872304561,0.33677467861047,0.494606901795769,-0.313160909081239,1.0558345004224,3.59267984601229e-185,Mitoxy-80_v1.0,NA
rs17040698,0.00118274775921,-16.2417893001387,0.950058676837867,123.812252942912,0.039162035236,0.238400861067036,0.50529271867191,-0.337535372697014,123.474717570215,5.26337018072624e-132,Mitoxy-80_v1.0,NA
rs17040706,0.00039499575025,-27.1887594656469,0.982747507160132,361.207652903297,0.019702333225,0.525795604317316,0.66999056551529,-0.461703881055954,360.745949022241,5.84588744978044e-29,Mitoxy-80_v1.0,NA
rs17040736,0.00030140779321,-26.3327784529782,0.986781176147389,339.961486987007,0.00950416361449,1.56322796450482,0.808012843353885,0.162099685984271,340.123586672991,6.46654460483769e-38,Mitoxy-80_v1.0,NA
rs17040744,0.00030214782976,-26.3376173600884,0.986749150474077,340.077338316765,0.00952894202569,1.57003492244635,0.807608609512647,0.171269766176386,340.248608082941,7.32771189992724e-38,Mitoxy-80_v1.0,NA
rs17040840,0.00120377772025,0.657298496923232,0.949215786004371,-1.28503464264897,0.155171390724,1.32549159977457,0.204948070778292,0.0653655767659931,-1.21966906588298,3.69130452699835e-186,Mitoxy-80_v1.0,NA
rs17040868,0.00039423293809,-3.10879714736116,0.982780251290529,2.71824950387002,0.017909130625,-0.274448720343732,0.690737359865174,-0.560768303233711,2.15748120063631,1.0810794216106e-184,Mitoxy-80_v1.0,NA
rs17040880,0.00044714062849,2.03130187224826,0.980514320466801,0.0538551333675204,0.010732338409,1.21774761817427,0.78845173028539,-0.192049853896959,-0.138194720529438,1.08857464818228e-185,Mitoxy-80_v1.0,NA
rs17040924,0.00199348855225,-1.55529973011411,0.918611489416975,-0.143219620426597,0.080835019225,-0.243246399240279,0.331029864161467,-0.191214608234763,-0.33443422866136,8.94607387760869e-186,Mitoxy-80_v1.0,NA
rs17628538,0.00185343165225,-11.9062982706758,0.923894435958114,64.1977922647576,0.083195902969,-0.0896597870592192,0.324686122151849,-0.194983790018294,64.0028084747393,7.81523366294842e-158,Mitoxy-80_v1.0,NA
rs17629635,0.001911350961,-10.3277064891695,0.921702368539389,47.8814694563,0.066011483329,1.89089118699086,0.377317614506558,0.437684455257644,48.3191539115576,1.20675007474637e-164,Mitoxy-80_v1.0,NA
rs17684934,0.00186771773241,-12.0852856855273,0.923352783673874,66.1454728023204,0.083195326096,-0.0897398383003509,0.324687642523305,-0.194982578140129,65.9504902241802,5.48036398384033e-157,Mitoxy-80_v1.0,NA
rs17685357,0.00187637115241,-13.5348165043366,0.923025000699315,83.2629181351466,0.081619347481,-0.167070016206321,0.328895038729336,-0.194824741203641,83.068093393943,1.48898390589024e-149,Mitoxy-80_v1.0,NA
rs17685399,0.001879395904,-13.4770944823768,0.922910480989743,82.5336791937577,0.081621061636,-0.166488970716921,0.328890403207597,-0.194853223869758,82.3388259698879,7.18080586273971e-150,Mitoxy-80_v1.0,NA
rs17685441,0.00185984325081,-13.5452245634294,0.923651263611963,83.4463623414336,0.081522812484,-0.169593586483704,0.329156305572392,-0.194875962391613,83.251486379042,1.78869612041279e-149,Mitoxy-80_v1.0,NA
rs17685501,0.00014772700849,2.01350139456818,0.993477181686506,-0.502352802349439,0.00628211589604,1.98256871705455,0.864264721385015,0.700005874792452,0.197653072443014,1.52305314958544e-185,Mitoxy-80_v1.0,NA
rs17705513,0.001846764676,-12.1627030297389,0.924147429829949,67.0657042872942,0.084449522404,-0.0334022133364533,0.321415456060556,-0.193693798767746,66.8720104885265,1.37727469864478e-156,Mitoxy-80_v1.0,NA
rs17705822,0.00186254391184,-13.5642951813371,0.923548874100343,83.6763747798287,0.081606206224,-0.166493621966759,0.328930580453432,-0.194882346662407,83.4814924331663,2.25126658431887e-149,Mitoxy-80_v1.0,NA
rs17706522,0.00018181286244,-18.552040226049,0.991984200577676,168.296496201375,0.00704028396096,-0.425056968240802,0.850335002934869,-0.872861448498224,167.423634752877,6.42741191791047e-113,Mitoxy-80_v1.0,NA
rs177440,0.00028445183649,-8.02059801846351,0.987515528636311,29.5717984629027,0.013305391801,0.352100148245759,0.750393133762683,-0.647419254769142,28.9243792081335,4.55589496461772e-173,Mitoxy-80_v1.0,NA
rs177441,0.00036224747584,-10.2551910386281,0.984155211502158,49.6788244712368,0.019487322409,0.495236287312765,0.672412177589427,-0.475541987412707,49.2032824838241,2.92138970597054e-164,Mitoxy-80_v1.0,NA
rs17756387,0.00088681862025,-4.02719991940765,0.962080408000337,6.1655295123455,0.017266485604,0.72631999512945,0.698488820784317,-0.415233439355284,5.75029607299021,3.92823331176926e-183,Mitoxy-80_v1.0,NA
rs17756483,0.00190282653796,-12.5868954228888,0.922024338656014,71.76244939263,0.084605938641,-0.0394095664401058,0.321011987359955,-0.193326618911952,71.569122773718,1.50990810252316e-154,Mitoxy-80_v1.0,NA
rs17756656,0.00186607584361,-13.2870890154891,0.923415003072833,80.2282746509675,0.081613633761,-0.166545202516093,0.328910491060645,-0.19486483206825,80.0334098188992,7.16050533443914e-151,Mitoxy-80_v1.0,NA
rs17756721,0.00122279599225,-15.2506970559218,0.948454811454372,108.814945242725,0.084890066881,-0.546020545100718,0.320281676509258,-0.145294259390384,108.669650983334,1.95661416268333e-138,Mitoxy-80_v1.0,NA
rs17756774,0.00186254391184,-13.5642951813371,0.923548874100343,83.6763747798287,0.081606206224,-0.166495022193595,0.328930580453432,-0.19488226997888,83.4814925098498,2.25126675695396e-149,Mitoxy-80_v1.0,NA
rs17757503,0.00018095092324,-18.5285240636941,0.992021898735534,167.868108743106,0.007045419969,-0.422366775081311,0.850242170786391,-0.873528960464901,166.994579782641,4.18504303015846e-113,Mitoxy-80_v1.0,NA
rs1825914,0.00043690614529,-29.4177195810987,0.980951827481767,422.478555176588,0.018447887329,0.728211716719554,0.684370331041089,-0.395134683216098,422.083420493372,0.0254317264463206,Mitoxy-80_v1.0,NA
rs1825915,0.00014513984676,-24.9587462855056,0.993590684458468,306.948200316548,0.00613353682561,-0.256792595212528,0.867048198606678,-0.980296670403014,305.967903646145,9.48522447808124e-53,Mitoxy-80_v1.0,NA
rs1825916,0.00014518081081,-24.9875924342897,0.993588887100398,307.663542012168,0.00613164170304,-0.229658973651679,0.867083817599409,-0.986151871711938,306.677390140456,1.92829592226873e-52,Mitoxy-80_v1.0,NA
rs184231,0.00030528476176,-0.891199835168609,0.986613420312475,-1.76494878118882,0.00963206807761,-1.45533409888214,0.80593055154284,0.03370978082148,-1.73123900036734,2.21313484302534e-186,Mitoxy-80_v1.0,NA
rs184232,0.00035998231824,9.4651930090865,0.984252729804049,42.013997211468,0.019206079396,-0.479563592282049,0.675606295976126,-0.485210295970124,41.5287869154979,1.35705802597484e-167,Mitoxy-80_v1.0,NA
rs184233,0.00014475939856,-24.5992220486053,0.993607377494627,298.100399974635,0.00614309520841,-0.198822627296725,0.866868592567012,-0.991075459165211,297.10932451547,1.34839017515707e-56,Mitoxy-80_v1.0,NA
rs1844123,0.00014636886289,-24.4922013836655,0.993536762393292,295.474607376749,0.00613792335601,-0.182029717314082,0.866965764613017,-0.994211011074815,294.480396365674,9.72941191758071e-58,Mitoxy-80_v1.0,NA
rs186303030,0.00170669786884,-12.0493946098247,0.929494808499389,66.1496700494587,0.070158765625,-0.480585181689476,0.363112275024641,-0.183648357586583,65.9660216918721,5.56614651992776e-157,Mitoxy-80_v1.0,NA
rs1968930,0.00027874973764,1.4489991494867,0.987762728821794,-1.16468189556901,0.0105308644,0.455896511401286,0.791595403620287,-0.701873717749284,-1.8665556133183,1.93303900498103e-186,Mitoxy-80_v1.0,NA
rs2046709,0.00014463429696,25.1218984899887,0.993612866736408,311.012665854391,0.00613334886649,0.269193788729463,0.867051731183879,-0.977482011220315,310.03518384317,5.53917338301345e-51,Mitoxy-80_v1.0,NA
rs2101696,0.00070204861444,3.03039681161827,0.969741955716657,2.70372139416982,0.016135096576,-0.318169007431667,0.712566690712733,-0.587315103039331,2.11640629113049,1.03757379359762e-184,Mitoxy-80_v1.0,NA
rs2130852,0.00019202753476,2.0410033628242,0.991537665179286,-0.320843468193055,0.00786861250704,-0.00296278008504575,0.835620627067836,-0.902785468940752,-1.22362893713381,3.67671633905934e-186,Mitoxy-80_v1.0,NA
rs2131458,0.00018201247744,-18.4938330170778,0.991975470535472,167.226021463893,0.00705593280016,-0.454318830089667,0.850052217004696,-0.861006310752978,166.36501515314,2.22989022183686e-113,Mitoxy-80_v1.0,NA
rs2258471,0.00017547241156,-8.05474612353359,0.992261576368722,29.7576585762919,0.00703013494681,-0.908680090499356,0.85051850361984,-0.599154977410636,29.1585035988813,5.75774774512058e-173,Mitoxy-80_v1.0,NA
rs2259801,0.00014619953569,-24.5603036894296,0.993544191136372,297.13577173492,0.00613784501136,-0.182632070703203,0.866967236769538,-0.994121302755788,296.141650432164,5.12342124464549e-57,Mitoxy-80_v1.0,NA
rs2291597,0.00047692008225,7.19999084186185,0.979243515643403,23.4444790645718,0.019929815929,0.20098673259051,0.667447402931936,-0.536997630956005,22.9074814336158,1.11037123181965e-175,Mitoxy-80_v1.0,NA
rs2307068,0.00013752721984,21.9547718125384,0.993924812612949,236.990074820375,0.00580970181796,-0.209551385831276,0.873177480153729,-1.01331193557135,235.976762884804,3.80435817694363e-83,Mitoxy-80_v1.0,NA
rs2307069,0.00044670090609,-28.8517787776847,0.980533109839269,406.140684849284,0.01825201,0.505661732050333,0.686671584379663,-0.492462864662058,405.648221984622,1.85208034198868e-09,Mitoxy-80_v1.0,NA
rs2322683,0.00016130270025,10.0289752371954,0.992882019962241,47.4596420644648,0.00630401064484,1.62479313028824,0.863856055727162,0.143248300775057,47.6028903652399,5.89587175919676e-165,Mitoxy-80_v1.0,NA
rs2322684,0.00014770270089,2.05060353977932,0.993478247977699,-0.427530575059414,0.00639069138724,2.29112929656325,0.862241945611576,1.2719436970273,0.84441312196789,2.90803332910665e-185,Mitoxy-80_v1.0,NA
rs2322685,0.000548730625,-21.9167982924226,0.976192588046267,232.58624642,0.027031634569,0.0871360537183799,0.596733173182961,-0.451813011869818,232.13443340813,8.15790999039695e-85,Mitoxy-80_v1.0,NA
rs2322800,0.00043709428624,-29.5070503376892,0.980943781248603,425.057027857195,0.018487297024,0.572309661096729,0.683909191146005,-0.463859625055314,424.59316823214,0.312856683672187,Mitoxy-80_v1.0,NA
rs2322801,0.00043174606225,-29.337199509108,0.981172560472369,420.247299364681,0.018486481225,0.572238443717133,0.68391873065706,-0.463901026526836,419.783398338154,0.00254969899761996,Mitoxy-80_v1.0,NA
rs2322802,0.00043063305289,-29.3841950298048,0.981220184724219,421.620435886577,0.018486481225,0.572256830802045,0.68391873065706,-0.463893830357276,421.156542056219,0.0100655532985983,Mitoxy-80_v1.0,NA
rs2470501,0.00036022901209,-10.0459965120629,0.984242108340232,47.5906566366246,0.019422045769,0.472580240092421,0.673150839597442,-0.483960159140744,47.1066964774839,3.58966368272319e-165,Mitoxy-80_v1.0,NA
rs2582341,0.00015613502116,-12.3158122188966,0.993108488230046,72.8282333025853,0.00625927816336,-1.38769092315548,0.864691400041826,-0.167536487690024,72.6606968148953,4.49795491838588e-154,Mitoxy-80_v1.0,NA
rs2582342,0.00016026040836,-9.01662006098235,0.992927689025989,37.8864472196485,0.00641378341321,-1.44685532195974,0.861812958531957,-0.0875181156015571,37.798929104047,3.25643003795573e-169,Mitoxy-80_v1.0,NA
rs2582344,0.00017527376881,-7.97259632452357,0.992270268901843,29.1041457618516,0.00702627856441,-0.912642010715449,0.850588250252752,-0.596290638330178,28.5078551235214,3.00385933350463e-173,Mitoxy-80_v1.0,NA
rs2633836,0.00014527239841,-24.0587742369056,0.993584868582981,285.031142998343,0.00612263995729,-0.251135821938904,0.867253046162153,-0.98230680449591,284.048836193847,2.86891426809046e-62,Mitoxy-80_v1.0,NA
rs2633837,0.00017534526724,-7.93343805222855,0.992267140139501,28.7952304743671,0.007026462976,-0.911410813132277,0.850584914719486,-0.597235974143433,28.1979945002236,2.20347857726119e-173,Mitoxy-80_v1.0,NA
rs2633838,0.00017535321241,-7.90599678298759,0.992266792461075,28.5795955506876,0.00702597680521,-0.912421812646219,0.850593708360108,-0.596477547313319,27.9831180033743,1.7774162880608e-173,Mitoxy-80_v1.0,NA
rs2633839,0.00017452523664,-8.48381627153541,0.99230302576047,33.2771098793842,0.00705546241024,-0.937511905215437,0.850060714551503,-0.575191090094921,32.7019187892892,1.99130735668455e-171,Mitoxy-80_v1.0,NA
rs2633841,0.00017533997056,-8.0216892218463,0.992267371920878,29.4938081062223,0.00702745213401,-0.915335697644874,0.850567023831432,-0.594134354107449,28.8996737521149,4.44471848944688e-173,Mitoxy-80_v1.0,NA
rs2633844,0.00014634466729,-24.5493622543873,0.993537823898734,296.867415297413,0.00615711716929,-0.163592987142415,0.866605248618374,-0.995624912450382,295.871790384963,3.91166212876959e-57,Mitoxy-80_v1.0,NA
rs2633845,0.00017382840336,-8.31315797457601,0.992333522144225,31.8539390068008,0.00707169992356,-0.550001545900154,0.849767483752578,-0.819257483944541,31.0346815228563,3.75894830721802e-172,Mitoxy-80_v1.0,NA
rs2633846,0.00014640274009,-24.602924039439,0.993535276142077,298.174676965659,0.00613784501136,-0.182637176364871,0.866967236769538,-0.994120494334331,297.180556471325,1.44794219691509e-56,Mitoxy-80_v1.0,NA
rs2633847,0.00014517358144,-24.9133523670407,0.99358920429919,305.823166426228,0.00613460198169,-0.229464389450447,0.86702818019055,-0.985982817010391,304.837183609218,3.06183752107055e-53,Mitoxy-80_v1.0,NA
rs2633848,0.00017375721489,-8.45429648679609,0.992336637759538,33.0280424122654,0.00707208675849,-0.554587214328438,0.849760500426201,-0.817083162490589,32.2109592497748,1.21875743847353e-171,Mitoxy-80_v1.0,NA
rs2633850,0.00014821358049,2.6505014662034,0.993455837920141,0.975001168663889,0.00603680826961,-1.42960658662057,0.868869965218787,-0.127895554770178,0.84710561389371,2.91587373574445e-185,Mitoxy-80_v1.0,NA
rs2633859,0.00014522901121,-23.8543369484943,0.993586772245134,280.16534179105,0.00612002677636,-0.246113413421347,0.867302185099837,-0.983573369555176,279.181768421495,2.20788726155206e-64,Mitoxy-80_v1.0,NA
rs2633860,0.00014513502784,-23.9830832060562,0.993590895896113,283.225901359558,0.00612411109489,-0.241327579619381,0.867225384955582,-0.984297936098579,282.24160342346,4.7081072852631e-63,Mitoxy-80_v1.0,NA
rs2633861,0.00014514225625,-23.9697862627101,0.993590578738363,282.909065003391,0.00612409544356,-0.241317665219291,0.867225679231937,-0.984301110607963,281.924763892783,3.42960963727161e-63,Mitoxy-80_v1.0,NA
rs2633862,0.000175350564,-7.93883099229724,0.992266908354732,28.8377062954521,0.00702631209361,-0.913628820695011,0.850587643793468,-0.595522404418624,28.2421838910335,2.30303236447623e-173,Mitoxy-80_v1.0,NA
rs2639810,0.00031282643161,5.54731467922587,0.986287256752344,13.0306461498679,0.00920085742521,-2.17712265601625,0.812993961757756,1.08843283710903,14.1190789869769,1.69322048473529e-179,Mitoxy-80_v1.0,NA
rs2819556,0.00017545386681,-7.96888093674269,0.992262387873664,29.0750195804463,0.00702990018025,-0.908824073135387,0.850522749287013,-0.599056139862047,28.4759634405843,2.90957267543797e-173,Mitoxy-80_v1.0,NA
rs2819564,0.00017533997056,-7.96029180763654,0.992267371920878,29.0069757812217,0.00702966541761,-0.909677719454553,0.85052699492568,-0.598408427397892,28.4085673538238,2.71994085806027e-173,Mitoxy-80_v1.0,NA
rs2819566,0.00014521696036,-24.0792159726487,0.993587300991013,285.520514259995,0.00611985467025,-0.275186470576956,0.867305421623593,-0.977013121118408,284.543501138877,4.70487214989148e-62,Mitoxy-80_v1.0,NA
rs2819574,0.00017427168144,-8.34908947671424,0.992314122195923,32.151581326296,0.00707262498121,-0.555947818580267,0.849750784367067,-0.816410336310333,31.3351709899856,5.07653366806857e-172,Mitoxy-80_v1.0,NA
rs2819577,0.00017381521921,-8.3448751886771,0.99233409915669,32.1160693880683,0.00707136355396,-0.551156241898696,0.849773556148341,-0.818736531292652,31.2973328567756,4.88803580375245e-172,Mitoxy-80_v1.0,NA
rs2819578,0.00017380994569,-8.32990738563529,0.992334329955737,31.992226557225,0.00707169992356,-0.550000356746189,0.849767483752578,-0.819258039722907,31.1729685175021,4.31641936293103e-172,Mitoxy-80_v1.0,NA
rs2819580,0.00016026040836,-9.0502709449105,0.992927689025989,38.1882807804192,0.00639660844944,-1.42479006936838,0.862131981987205,-0.115653732150296,38.0726270482689,4.28161150753718e-169,Mitoxy-80_v1.0,NA
rs2819581,0.00016028572816,-9.04039366844649,0.992926579563787,38.0996024891713,0.00639672042025,-1.42391487818754,0.862129901374276,-0.116723012904101,37.9828794762672,3.91408618020162e-169,Mitoxy-80_v1.0,NA
rs2819582,0.000146240649,-24.5695857107418,0.993542387398128,297.361907324006,0.00613956870916,-0.18002843454312,0.866934848310771,-0.994409422134923,296.367497901871,6.42161662948523e-57,Mitoxy-80_v1.0,NA
rs2819583,0.00016032877641,-9.01643487257248,0.99292469328261,37.8848792501438,0.00641570562361,-1.45087086959616,0.861777268331636,-0.0824125498842799,37.8024667002596,3.26797037301217e-169,Mitoxy-80_v1.0,NA
rs2819584,0.00014628418704,-24.4570393888283,0.993540477288379,294.620416568414,0.00613905157441,-0.233788245624559,0.866944565071752,-0.984802446631575,293.635614121782,4.18025065627432e-58,Mitoxy-80_v1.0,NA
rs2819585,0.00014620437225,-24.5285531158252,0.993543978944695,296.361455665473,0.00613878518016,-0.180963977210072,0.866949570601184,-0.994318111723028,295.36713755375,2.36152961097241e-57,Mitoxy-80_v1.0,NA
rs2819586,0.00015287838736,-22.5670473294297,0.993251259961502,250.418141954493,0.00629094854025,0.12533540102502,0.864099813492048,-0.991130236826175,249.427011717667,2.64028158677215e-77,Mitoxy-80_v1.0,NA
rs2819588,0.00013908900096,-25.7627018043685,0.993856245675164,327.273386002019,0.00571223058849,0.659916141059787,0.875039338160665,-0.849343008034675,326.424042993985,7.2616623803883e-44,Mitoxy-80_v1.0,NA
rs2819589,0.00089646946921,-5.70820711329911,0.961683557838085,14.0366317789009,0.052923462601,-0.661883669273335,0.430461789524076,-0.187174200894675,13.8494575780062,1.29305924541262e-179,Mitoxy-80_v1.0,NA
rs2819590,0.00017554395049,-7.98834655415758,0.992258445888959,29.2292553926996,0.00700716319744,-1.05341851752743,0.850934140228619,-0.47954673254592,28.7497086601537,3.82573820351766e-173,Mitoxy-80_v1.0,NA
rs28405294,0.00114004821316,0.864799227593397,0.951774708626636,-1.1600302971975,0.0296425089,-0.673932740895626,0.574361846403842,-0.296649484151697,-1.45667978134919,2.9123759055888e-186,Mitoxy-80_v1.0,NA
rs28478870,0.00022275861001,2.69599533671466,0.990196674011585,1.28605144315373,0.00950835611664,1.16092781517534,0.807944418630289,-0.280530315875896,1.00552112727783,3.41639200906366e-185,Mitoxy-80_v1.0,NA
rs28569261,0.00022371484041,2.48600330277928,0.99015500581744,0.749288054149683,0.00949558649209,1.16009699800811,0.808152864425447,-0.281712013993596,0.467576040156088,1.99499179783435e-185,Mitoxy-80_v1.0,NA
rs3000850,0.00017567911936,-7.87330999517142,0.9922525310737,28.3241816350177,0.00702725094369,-0.91439685930952,0.850570662697159,-0.594875570393765,27.7293060646239,1.37898655302325e-173,Mitoxy-80_v1.0,NA
rs304003,0.00030983744484,5.056794037109,0.986416499214899,10.4624602904512,0.00916275871729,-2.14480847200705,0.813623991892311,1.03142337098251,11.4938836614337,1.22632524915598e-180,Mitoxy-80_v1.0,NA
rs304004,0.00029293007104,-0.737198513601944,0.987148204722824,-1.90889728825172,0.00964316144016,-1.42941519110057,0.805750456650834,0.00386004154355857,-1.90503724670816,1.86006557987701e-186,Mitoxy-80_v1.0,NA
rs304005,0.00044464891689,1.87369763879602,0.980620801019854,-0.250423774066912,0.010736689924,1.19834391708004,0.7883841074362,-0.210420354468314,-0.460844128535226,7.88375933656661e-186,Mitoxy-80_v1.0,NA
rs304006,0.00014179570084,-2.00178874351266,0.993737435726675,-0.545551230690084,0.00571102138369,-0.870886169749627,0.875062485789746,-0.708128390255858,-1.25367962094594,3.56787211142241e-186,Mitoxy-80_v1.0,NA
rs304007,0.00033140746116,6.05780956461554,0.985484580321043,15.9659198866999,0.011184754564,-1.9080826036801,0.781482696180268,0.662157944535579,16.6280778312355,2.0814111040314e-178,Mitoxy-80_v1.0,NA
rs304008,0.00035717598081,9.31769237688567,0.984373573484762,40.651961301282,0.019164526096,-0.470980814239071,0.676080797724911,-0.488645474142822,40.1633158271392,3.46403171083529e-168,Mitoxy-80_v1.0,NA
rs304010,0.00014736017664,22.4679550546988,0.993493273587268,248.24471572681,0.00619680691204,0.710965983145282,0.8658607092945,-0.785603823401699,247.459111903408,3.68979481886015e-78,Mitoxy-80_v1.0,NA
rs304011,0.00035677920996,9.34759590440795,0.984390661226472,40.9268787605266,0.019162311184,-0.467207501372555,0.676106108762325,-0.489878472566204,40.4370002879604,4.55450842890675e-168,Mitoxy-80_v1.0,NA
rs304012,0.00014578872049,-22.9653892979303,0.993562214931464,259.484094204467,0.00615608144449,-0.439134496633346,0.866624694908435,-0.923734575185819,258.560359629281,2.44462836339842e-73,Mitoxy-80_v1.0,NA
rs304013,0.00033425346276,-12.4767812017984,0.985361752101722,74.583607319095,0.0164480625,0.600300194931774,0.708615995456,-0.488878094369407,74.0947292247255,1.88715451642532e-153,Mitoxy-80_v1.0,NA
rs304014,0.00015081313636,-18.1978079246942,0.99334182241264,161.971690143439,0.00595110416356,-0.964906913618015,0.870490507858583,-0.616767480441485,161.354922662997,1.48740062908571e-115,Mitoxy-80_v1.0,NA
rs304015,0.00032813873316,-9.78238547911629,0.985625690425503,45.0386012201976,0.017616987441,0.76897286953115,0.694239698681923,-0.387218249179761,44.6513829710178,3.08123380541827e-166,Mitoxy-80_v1.0,NA
rs304016,0.00035150625225,9.13673093847508,0.984617808193043,39.0106021640152,0.018577417401,-0.592186296304448,0.68285700829339,-0.454467542776184,38.556134621239,6.9437156822987e-169,Mitoxy-80_v1.0,NA
rs304017,0.00035564679396,-9.18260104143468,0.98443943428221,39.4225385310423,0.0185695129,0.575190430762457,0.682949166203498,-0.46137175171453,38.9611667793278,1.0411065076725e-168,Mitoxy-80_v1.0,NA
rs304020,0.00023830405641,-4.68180552046693,0.989519708425976,8.565661733563,0.00875165863009,-1.54034781288783,0.820484905006116,0.114622537872097,8.6802842714351,7.35656337735291e-182,Mitoxy-80_v1.0,NA
rs304022,0.00041381323776,-11.6582114204814,0.981940446425649,64.7226344163541,0.018610143561,-0.918662356416628,0.682475721260928,-0.285616038268284,64.4370183780858,1.20647112516369e-157,Mitoxy-80_v1.0,NA
rs304025,0.00036102280036,-9.70548298474785,0.984207933148367,44.2802982793619,0.019204970724,0.480541484464072,0.675618947376409,-0.484911179323881,43.795387100038,1.30909260853246e-166,Mitoxy-80_v1.0,NA
rs304026,0.00014488696161,-24.1612873746563,0.99360178031113,287.490498709738,0.00614289142756,-0.0820033020059558,0.866872420918751,-1.00530902486079,286.485189684878,3.27953633929268e-61,Mitoxy-80_v1.0,NA
rs304027,0.000356001424,9.7750158999364,0.984424159878369,44.9503077342306,0.019205802225,-0.48169282389869,0.675609458816011,-0.484523409673658,44.465784324557,2.55929404422279e-166,Mitoxy-80_v1.0,NA
rs304028,0.00014490381376,-24.1710141556456,0.993601040880909,287.72389538652,0.00614469422161,-0.130121791445385,0.866838553700235,-1.00075798571775,286.723137400802,4.160560365125e-61,Mitoxy-80_v1.0,NA
rs304029,0.00014477624329,-24.2755749108649,0.993606638381649,290.24170578116,0.00614466286641,-0.124580962112775,0.866839142715183,-1.00137186204282,289.240333919117,5.15651618578244e-60,Mitoxy-80_v1.0,NA
rs304030,0.00035619390361,-9.83823537203745,0.984415869715135,45.5604857268013,0.019202753476,0.479427598250754,0.6756442505029,-0.485308493466889,45.0751772333344,4.70734646133957e-166,Mitoxy-80_v1.0,NA
rs304031,0.00035659412569,9.75836303266839,0.984398632459015,44.7898010105396,0.019205802225,-0.480171735757838,0.675609458816011,-0.485017645278892,44.3047833652607,2.17870463745456e-166,Mitoxy-80_v1.0,NA
rs304032,0.000146313216,23.4349371693122,0.993539203728021,270.303016071748,0.00615576760569,0.130032743341401,0.866630587572957,-0.999989514112476,269.303026557635,1.13160228097152e-68,Mitoxy-80_v1.0,NA
rs304033,0.00035749355625,-9.63517122834854,0.984359896881509,43.6133174155313,0.019206079396,0.47909096156899,0.675606295976126,-0.48536335105838,43.127954064473,6.71595668315451e-167,Mitoxy-80_v1.0,NA
rs304034,0.00035767130884,-9.59967639936126,0.984352242010687,43.2771795921912,0.019206079396,0.479148687457608,0.675606295976126,-0.485344665397781,42.7918349267934,4.7988060707645e-167,Mitoxy-80_v1.0,NA
rs304035,0.00035547708681,-9.5886836284946,0.984446743970392,43.1746788559707,0.019206079396,0.479149409031215,0.675606295976126,-0.485344431812777,42.6893344241579,4.33129532731011e-167,Mitoxy-80_v1.0,NA
rs304036,0.00014516876196,23.6956160881762,0.993589415760776,276.416493924666,0.00615353958025,0.0905581653270784,0.866672423475767,-1.00391940326627,275.4125745214,5.09374009734085e-66,Mitoxy-80_v1.0,NA
rs304037,0.00035738768209,-9.52387501520786,0.9843644563823,42.5638886919499,0.019217722384,0.484465620221023,0.675473462836314,-0.4834248299755,42.0804638619744,2.35607261565023e-167,Mitoxy-80_v1.0,NA
rs304038,0.00014534472481,-23.6961985417928,0.993581695197125,276.428641438865,0.00615374353764,-0.0947576543294861,0.866668593575266,-1.00356782192298,275.425073616942,5.15780679529388e-66,Mitoxy-80_v1.0,NA
rs304039,0.00014743544929,-22.9287696729615,0.993489971541364,258.635779953259,0.00617643525409,-0.186384324783084,0.866242701063787,-0.990817908539117,257.64496204472,9.78725100799113e-74,Mitoxy-80_v1.0,NA
rs304040,0.000145540096,23.5053050397878,0.993573123211766,271.950626542608,0.00615412008324,0.098013211265523,0.866661522911911,-1.00326939078404,270.947357151824,5.85891932080416e-68,Mitoxy-80_v1.0,NA
rs304041,0.00014736260449,22.7847569464467,0.993493167082476,255.366127963657,0.00617657671744,0.193622186707927,0.866240047302874,-0.989616766346685,254.37651119731,3.72555139649378e-75,Mitoxy-80_v1.0,NA
rs304042,0.00035998990756,9.44912350975576,0.984252403040609,41.8644143415613,0.019206079396,-0.479588125784711,0.675606295976126,-0.485202347005602,41.3792119945557,1.16852727834582e-167,Mitoxy-80_v1.0,NA
rs304043,0.00014554492164,23.4155600868686,0.993572911486845,269.858661057689,0.00615438681001,0.0939961682551539,0.866656514464293,-1.0035848646301,268.855076193059,7.23021884380778e-69,Mitoxy-80_v1.0,NA
rs304044,0.00035889408025,-9.39591966005965,0.984299586892085,41.3715768125698,0.019205802225,0.479821048454017,0.675609458816011,-0.485131369700665,40.8864454428691,7.13892896920287e-168,Mitoxy-80_v1.0,NA
rs304045,0.00014556181201,-23.4026805029466,0.993572170422692,269.558953807027,0.00615452802064,-0.0943296945346638,0.866653862912698,-1.00354771591267,268.555406091114,5.35804517616005e-69,Mitoxy-80_v1.0,NA
rs304046,0.000145612489,-23.4322532526726,0.99356994697888,270.246583811712,0.00615477906576,-0.0942706660344362,0.866649149008148,-1.00353488586702,269.243048925846,1.06572673247495e-68,Mitoxy-80_v1.0,NA
rs304048,0.00030927091321,5.24028636252495,0.986440999609905,11.3937790713377,0.00919213067536,-2.16753793457355,0.81313818797517,1.0714583782485,12.4652374495862,3.23936033690573e-180,Mitoxy-80_v1.0,NA
rs304049,0.000859955625,-1.0911031543052,0.963186761190605,-1.07760902001489,0.027086247241,0.0777808833447767,0.596247392648219,-0.451672864955744,-1.52928188497063,2.70842451711681e-186,Mitoxy-80_v1.0,NA
rs304050,0.00015272757889,4.78079509317625,0.993257872441272,8.85126195075169,0.00589217436025,0.971839683170381,0.871608298312543,-0.614729781692945,8.23653216905874,4.72015099188854e-182,Mitoxy-80_v1.0,NA
rs304051,0.00015164444736,4.75742220489833,0.993305366958571,8.73754842588389,0.00589483057284,1.01210375915955,0.871557853046559,-0.579746452230854,8.15780197365303,4.36278490654651e-182,Mitoxy-80_v1.0,NA
rs304052,0.00090587154529,-1.61210325041448,0.961297252121667,-0.376775731951232,0.027074069764,0.071981621713605,0.596355642959193,-0.452065581727786,-0.828841313679018,5.45650065237981e-186,Mitoxy-80_v1.0,NA
rs304053,0.00016175515489,-9.34244356557087,0.992862196516359,40.8579525837948,0.00611000172225,-0.305378902726871,0.867490750508871,-0.970101936595025,39.8878506471998,2.62995823311076e-168,Mitoxy-80_v1.0,NA
rs304055,0.00042039761296,-5.936616008896,0.981658362997931,15.2992031266144,0.019770047236,-1.28151003513364,0.669231527324403,-0.00363956236869867,15.2955635642457,5.49103578386987e-179,Mitoxy-80_v1.0,NA
rs304056,0.00017169122961,-5.39879875754592,0.992427065635679,12.0215624191913,0.00612443977744,-1.30012215878598,0.867219205111397,-0.276589879831614,11.7449725393597,1.5763483057525e-180,Mitoxy-80_v1.0,NA
rs304057,0.00016072407729,-4.29118846478462,0.992907372388375,6.66749663988275,0.00600761407744,-1.40387930144706,0.869421307800748,-0.16112834442892,6.50636829545383,8.36672063863619e-183,Mitoxy-80_v1.0,NA
rs304060,0.00021567272164,-0.631499816148933,0.990505554280391,-2.13102130191034,0.00853319605009,0.61277202888651,0.824178155477684,-0.714406875594339,-2.84542817750468,7.26309398873389e-187,Mitoxy-80_v1.0,NA
rs304061,0.00017386532164,0.95510321709718,0.992331906396477,-1.98273004820291,0.00702349591969,0.490822289016458,0.850638584343342,-0.848230960512436,-2.83096100871535,7.36893415315e-187,Mitoxy-80_v1.0,NA
rs304063,0.00014481956281,-24.2808352930423,0.993604737613019,290.368190227557,0.00614525862889,-0.194835677756701,0.866827951311066,-0.991603891286874,289.37658633627,5.90921862798258e-60,Mitoxy-80_v1.0,NA
rs304064,0.00035482126689,-9.85581338557178,0.984474992705192,45.7318503918904,0.019364392336,0.448503837419874,0.673804589350493,-0.492359514729988,45.2394908771604,5.54800281082284e-166,Mitoxy-80_v1.0,NA
rs304065,0.00035980399225,-10.0243034504573,0.984260407815746,47.3767323389472,0.019364392336,0.448493776768519,0.673804589350493,-0.492362555064407,46.8843697838828,2.87407770010351e-165,Mitoxy-80_v1.0,NA
rs304066,0.00035568074025,-9.92947851215568,0.984437972148271,46.44864552348,0.019364392336,0.448495214004427,0.673804589350493,-0.492362120735094,45.9562834027449,1.13615009980444e-165,Mitoxy-80_v1.0,NA
rs304067,0.00014485085316,-24.2792927530452,0.993603364663372,290.330679442905,0.00615826284516,-0.187718064188922,0.866583738954428,-0.991872258087815,289.338807184817,5.69013776361943e-60,Mitoxy-80_v1.0,NA
rs304068,0.00035864026884,-9.9748122802015,0.984310516083982,46.8905303605442,0.019364392336,0.448505993273736,0.673804589350493,-0.492358863220883,46.3981714973233,1.76744241131617e-165,Mitoxy-80_v1.0,NA
rs304069,0.00035712684484,10.1111769623977,0.984375689592823,48.2398034585446,0.019364114025,-0.451060328410765,0.673807748282991,-0.491589251954089,47.7482142065905,6.81806866994595e-165,Mitoxy-80_v1.0,NA
rs304070,0.00014458138564,24.5213818798756,0.993615188411843,296.202580240485,0.006141700161,0.202226645740025,0.866894801457899,-0.990581649900194,295.211998590585,2.02216877441584e-57,Mitoxy-80_v1.0,NA
rs304071,0.00014473052416,24.6180509376247,0.993608644447962,298.561076030201,0.006141700161,0.127775013079151,0.866894801457899,-1.0012310894285,297.559844940773,2.11579757061149e-56,Mitoxy-80_v1.0,NA
rs304072,0.00014483641104,-24.6341443148204,0.993603998350397,298.953813718663,0.006141700161,-0.196049458331738,0.866894801457899,-0.991648028523656,297.962165690139,3.16373278875932e-56,Mitoxy-80_v1.0,NA
rs304073,0.000144889369,-24.6961867574977,0.993601674680807,300.473786130866,0.00614135534224,-0.205381615684193,0.866901279845633,-0.990048439641451,299.483737691224,1.44880561154233e-55,Mitoxy-80_v1.0,NA
rs304074,0.00014866193329,-24.1214825264297,0.99343617147327,286.500300600193,0.00628127577025,-0.549744178563993,0.864280410042464,-0.867981345654908,285.632319254538,1.3977050227611e-61,Mitoxy-80_v1.0,NA
rs304075,0.00080193177856,-5.85929996044974,0.965585180397024,14.8903096102979,0.052581700249,-0.506369190648345,0.432050825297217,-0.22747064909643,14.6628389612014,2.91652343370988e-179,Mitoxy-80_v1.0,NA
rs304076,0.00014491585161,24.8984474294116,0.993600512690812,305.456947824536,0.00613698325321,0.688452352534947,0.866983430201128,-0.803180174367545,304.653767650168,2.54874039343219e-53,Mitoxy-80_v1.0,NA
rs304077,0.00014501939776,-25.0775592905069,0.993595969373542,309.902879999607,0.006107578801,-0.312688257347955,0.867536336545446,-0.968312229038315,308.934567770569,1.84269506308877e-51,Mitoxy-80_v1.0,NA
rs304078,0.00014524347289,-25.1381132952198,0.993586137721863,311.411184070253,0.00611020495684,-0.401106337903843,0.867486926970738,-0.940753608505654,310.470430461748,8.55992903111365e-51,Mitoxy-80_v1.0,NA
rs304079,0.00014505311844,-24.9890400039855,0.993594489812794,307.700794605181,0.00611373865216,-0.371655599664409,0.86742045145642,-0.950378747589055,306.750415857592,2.07438015422311e-52,Mitoxy-80_v1.0,NA
rs304080,0.00014506275364,-25.0088009166238,0.993594067050369,308.191532549438,0.00611394194889,-0.372854152039155,0.867416627369087,-0.949977577399322,307.241554972039,3.38990366182274e-52,Mitoxy-80_v1.0,NA
rs304081,0.00014836701636,-25.208117826708,0.993449107555842,313.129145493037,0.00668221232704,0.416590413090496,0.856857419690681,-0.897604277692428,312.231541215344,4.98093467896254e-50,Mitoxy-80_v1.0,NA
rs304082,0.00017404469476,-8.55797947334112,0.992324056113366,33.9035850517458,0.00707535004801,-0.566572470341235,0.849701594554386,-0.811187335673908,33.0923977160718,2.94253164033996e-171,Mitoxy-80_v1.0,NA
rs304083,0.00017407108096,-8.49540686393403,0.992322901329079,33.3741765578588,0.007072641801,-0.576945029072879,0.849750480737842,-0.806302614971347,32.5678739428875,1.74149952798905e-171,Mitoxy-80_v1.0,NA
rs304085,0.00014531338116,-24.9596004844624,0.993583070425473,306.967605696945,0.00611951046529,-0.280992696922941,0.867311894607043,-0.975636861079678,305.991968835865,9.71625697534736e-53,Mitoxy-80_v1.0,NA
rs304086,0.00017399984281,-8.56658757173506,0.992326019051942,33.9766684226598,0.00707871505201,-0.632499396803475,0.849640861179201,-0.777412549646977,33.1992558730129,3.27437977643894e-171,Mitoxy-80_v1.0,NA
rs304088,0.00014600855556,-24.7578496118642,0.993552569972683,301.977542145553,0.00613659156496,-0.273605884365378,0.866990790675993,-0.976216911753405,301.0013252338,6.60830402238254e-55,Mitoxy-80_v1.0,NA
rs304089,0.00017398929025,-8.54880406353057,0.992326480884208,33.8256372243492,0.00707891697769,-0.631802206657531,0.849637216993658,-0.777775620485326,33.0478616038638,2.81435808196893e-171,Mitoxy-80_v1.0,NA
rs304090,0.00014612699689,24.7305245568029,0.993547373601231,301.304578982708,0.00613712426404,0.270388742376161,0.866980780403269,-0.976938312836718,300.327640669871,3.36908933034419e-55,Mitoxy-80_v1.0,NA
rs304092,0.00017407899721,-8.50643100220557,0.992322554877249,33.4671824309178,0.00707932083769,-0.630457803602861,0.849629928560428,-0.778473744726046,32.6887086861917,1.96517496700712e-171,Mitoxy-80_v1.0,NA
rs304093,0.00017359907049,-8.56387136926311,0.992343559134556,33.9530811172877,0.00707947228816,-0.629652387223139,0.849627195376606,-0.778896348814352,33.1741847684733,3.19330798493941e-171,Mitoxy-80_v1.0,NA
rs304094,0.000173659684,-8.52898770678403,0.992340906301838,33.6573096979933,0.00707427341569,-0.571649543982965,0.849721028018414,-0.808793670689103,32.8485160273042,2.30570992888018e-171,Mitoxy-80_v1.0,NA
rs304095,0.00014471849401,-25.0429346877364,0.993609172308842,309.043843893536,0.00612065263716,-0.257009047147937,0.867290415742545,-0.981152208704316,308.062691684832,7.70552971128251e-52,Mitoxy-80_v1.0,NA
rs304098,0.00014400480004,-22.1210479825336,0.993640488892683,240.585496024056,0.00570707724304,0.692131333294504,0.875137996404943,-0.830657478218337,239.754838545838,1.66371453346397e-81,Mitoxy-80_v1.0,NA
rs34621815,0.000354455929,-1.03590056833271,0.984490729943379,-1.55493511029904,0.0123321025,0.0382952723998199,0.764349187002376,-0.72214161809878,-2.27707672839782,1.28219347469733e-186,Mitoxy-80_v1.0,NA
rs35041149,0.00141460988769,0.410799414005897,0.940847461266003,-1.33443098293292,0.060102444964,2.82556555364296,0.399590639513203,1.3400582147597,0.00562723182677849,1.25695374455177e-185,Mitoxy-80_v1.0,NA
rs35458769,0.00015600509604,14.2385230020336,0.993114183397352,98.1806230015543,0.00643069271056,1.91990183510492,0.861499100376389,0.599313544595271,98.7799365461496,9.91874636897609e-143,Mitoxy-80_v1.0,NA
rs35508055,0.00158679535716,5.82890251188665,0.934121773626133,14.5089358469369,0.055322803264,-2.04356144348832,0.419626769569696,0.60416883567262,15.1131046826095,4.5752348166831e-179,Mitoxy-80_v1.0,NA
rs35878278,0.00018982777284,-0.263299655968297,0.991633794018162,-2.35740403882667,0.00763370911521,0.316030128955685,0.839741450812772,-0.873548811265317,-3.23095285009199,4.93958458081897e-187,Mitoxy-80_v1.0,NA
rs3762742,0.00043360149361,-29.1757231151942,0.981093179205594,415.580334730269,0.0185096025,0.547585446527012,0.683648466078709,-0.47295468211996,415.107380048149,2.37530822505626e-05,Mitoxy-80_v1.0,NA
rs381618,0.00017353846756,8.58631788300666,0.992346211518406,34.1440129081403,0.00707720070121,0.572812718050641,0.849668191910398,-0.808060998246768,33.3359519098935,3.75400964264434e-171,Mitoxy-80_v1.0,NA
rs3852047,0.00185000633689,-12.0621133319539,0.924024400187229,65.9315985760017,0.084453009664,-0.0315068064196443,0.321406449775643,-0.19370693891216,65.7378916370896,4.43076799827132e-157,Mitoxy-80_v1.0,NA
rs3864051,0.00015919878276,0.299500689523991,0.992974209534667,-2.43454855168726,0.00680603550169,1.30249325140881,0.854590643519803,-0.239199510915321,-2.67374806260258,8.62345677440314e-187,Mitoxy-80_v1.0,NA
rs3864052,0.001859938129,-11.7127089758156,0.9236476661332,62.0702825669441,0.083334410329,-0.0936202052813352,0.324321492220202,-0.194597650897456,61.8756849160467,9.31416534785567e-159,Mitoxy-80_v1.0,NA
rs3941146,0.00023907035161,8.07843796687341,0.98948636211097,30.0099728811548,0.010187470489,-1.28179089098709,0.797011676624889,-0.142563145225878,29.8674097359289,1.169840512976e-172,Mitoxy-80_v1.0,NA
rs406909,0.00040534574224,2.00329803508633,0.98230344362397,-0.046101034711006,0.013173530176,-0.663575137659441,0.752253985537603,-0.532054859233683,-0.578155893944689,7.01108941634426e-186,Mitoxy-80_v1.0,NA
rs420944,0.00014557870336,23.3000430977324,0.993571429316646,267.177492826426,0.00614952387721,0.124992826984311,0.866747837018383,-1.00098530143072,266.176507524995,4.96436666527165e-70,Mitoxy-80_v1.0,NA
rs437037,0.00014532784704,23.3462738071538,0.993582435722652,268.250950130948,0.00614801832649,0.129965450526915,0.866776114133575,-1.00054174119922,267.250408389749,1.45295803312363e-69,Mitoxy-80_v1.0,NA
rs442741,0.00035326706116,9.3291975696181,0.984541944912533,40.7594635018888,0.019194162849,-0.478256570162332,0.675742304220723,-0.485827313027985,40.2736361888609,3.86806161458641e-168,Mitoxy-80_v1.0,NA
rs4488813,0.00043737866496,-29.4989384897866,0.98093161946059,424.817292144495,0.018489744529,0.572179118527398,0.683880572946723,-0.463870132350904,424.353422012144,0.246164247534835,Mitoxy-80_v1.0,NA
rs4621315,0.00014236069225,-1.56650044001173,0.99371263914638,-1.31535947462056,0.00578609720896,-0.786970331184334,0.873627638919447,-0.763732701473424,-2.07909217609398,1.56292148353682e-186,Mitoxy-80_v1.0,NA
rs4630929,0.00196513116804,-12.8833200240019,0.919676246387465,75.0630567795804,0.084601284769,-0.0414274074048607,0.321023977193787,-0.193309256774382,74.869747522806,4.09631769019638e-153,Mitoxy-80_v1.0,NA
rs4684417,0.00042522151681,-27.7976712946574,0.98145180335561,377.195379923309,0.019000968336,1.04800354023389,0.677954974776128,-0.194229111025202,377.001150812283,6.70493989890527e-22,Mitoxy-80_v1.0,NA
rs4684418,0.00018458754769,-13.1959400278221,0.991862865158913,83.9522868638354,0.00656449966656,0.158505879913505,0.859023511181969,-0.968789971941817,82.9834968918936,1.36820196416095e-149,Mitoxy-80_v1.0,NA
rs4684419,0.00014221278009,1.36869512716661,0.993719130657802,-1.60434332235669,0.00577282363681,-1.04938594955718,0.873880980500238,-0.554100991440201,-2.15844431379689,1.4436933811698e-186,Mitoxy-80_v1.0,NA
rs4684420,0.00016570383076,5.23551574662461,0.992689226330791,11.1459130414773,0.00627498453904,0.0174168210990875,0.864397911710892,-0.998884145939833,10.1470288955374,3.18914361777398e-181,Mitoxy-80_v1.0,NA
rs4684421,0.00022361314369,5.57428596267145,0.990159437133698,13.0728245612445,0.00855382667161,0.0315150578081869,0.823827960472341,-0.867738019534415,12.2050865417101,2.49733702849588e-180,Mitoxy-80_v1.0,NA
rs4685746,0.00016036676496,-1.46659717615844,0.992923028712493,-1.40761193948952,0.00618082137124,1.11480420564195,0.866160427906784,-0.467329636232989,-1.87494157572251,1.91689639283009e-186,Mitoxy-80_v1.0,NA
rs4685749,0.00048286546564,-2.06899909894331,0.978990197442443,0.164026622321621,0.012799528225,0.989463914792063,0.757582526676071,-0.337695612798692,-0.173668990477071,1.05063517341737e-185,Mitoxy-80_v1.0,NA
rs4685750,0.00015305401225,-1.76820110738391,0.993243559470293,-0.945924084577842,0.00645438705664,-0.0705386660559229,0.861059687457066,-0.984713233308213,-1.93063731788606,1.81305211026925e-186,Mitoxy-80_v1.0,NA
rs4685753,0.00041918058121,-27.7722368478893,0.981710490053311,376.594532609713,0.018957985344,1.04538521875545,0.678449234087859,-0.196584997285744,376.397947612427,3.66798092212046e-22,Mitoxy-80_v1.0,NA
rs4685754,0.00030256863025,-26.2903791428325,0.986730940923532,338.845176667624,0.00949765244481,1.56186541810193,0.808119133419511,0.160232143430873,339.005408811055,2.11375088463659e-38,Mitoxy-80_v1.0,NA
rs4685755,0.00018196930816,-18.2801565650575,0.991977358504998,163.328878763731,0.00707558557225,-0.493240921816766,0.849697343405519,-0.844192161742294,162.484686601989,4.60339461547141e-115,Mitoxy-80_v1.0,NA
rs4685758,0.00016639968016,5.53141182672331,0.992658751168777,12.728826921653,0.00643471895889,0.186608274835539,0.861424401758804,-0.973171093833523,11.7556558278195,1.59327916702326e-180,Mitoxy-80_v1.0,NA
rs4685759,0.00014168855089,0.698501255954231,0.993742138508286,-2.29453299904404,0.00562029098596,-0.690802549333988,0.876802824697245,-0.837775845663458,-3.1323088447075,5.45168775252437e-187,Mitoxy-80_v1.0,NA
rs4685760,0.00014168855089,0.671202103618324,0.993742138508286,-2.31311187321101,0.00561236210649,-0.63142705734579,0.876955240919403,-0.872782463689058,-3.18589433690007,5.16724543109014e-187,Mitoxy-80_v1.0,NA
rs4685761,0.00017477897616,3.74430425705728,0.992291921506985,4.52313109731817,0.00664798883904,0.454885742599515,0.85748605664482,-0.885441765169421,3.63768933214875,4.75011172095384e-184,Mitoxy-80_v1.0,NA
rs4685763,0.00014176950489,-1.12500524914544,0.99373858545555,-1.90781850997927,0.00564941643876,-0.451651486244489,0.876243402884704,-0.955347248220635,-2.86316575819991,7.13540011116258e-187,Mitoxy-80_v1.0,NA
rs4685764,0.00016557255625,5.38770545949097,0.992694975790305,11.9480657785565,0.00628328899584,-0.0246615245650155,0.864242815664964,-0.998180886882986,10.9498848916735,7.11786925368666e-181,Mitoxy-80_v1.0,NA
rs4685765,0.00022337394849,5.72418822805222,0.990169859942615,13.9109655757902,0.00857387106304,-0.0485384771564833,0.823488001359565,-0.866213149796072,13.0447524259941,5.78281656998821e-180,Mitoxy-80_v1.0,NA
rs4685766,0.00014171473936,0.420401700211686,0.993740989099485,-2.44905086121259,0.00562834549729,-0.750368890316613,0.87664804770043,-0.799556941112626,-3.24860780232521,4.85314176817767e-187,Mitoxy-80_v1.0,NA
rs55647430,0.00018238232401,-18.5079489666714,0.991959295923826,167.483319990568,0.00705766329801,-0.537408091189253,0.850020957196392,-0.825883659345294,166.657436331223,2.98731064991492e-113,Mitoxy-80_v1.0,NA
rs55742503,0.00018264441316,-18.0267266511772,0.991947834219275,158.762202320772,0.007069614561,-0.52982600111797,0.84980513167708,-0.828634077848546,157.933568242924,4.8590639580828e-117,Mitoxy-80_v1.0,NA
rs55947065,0.00078294755344,2.56880333938502,0.966372489924528,1.49222012475344,0.025272732676,1.22974826072188,0.612813319744885,-0.0110512581254348,1.48116886662801,5.49716643280044e-185,Mitoxy-80_v1.0,NA
rs56021910,0.00070557703129,3.31380469605876,0.969594506081938,3.57713884990342,0.023200773124,1.10147848579945,0.632903650110734,-0.117128752792187,3.46001009711123,3.97684544368991e-184,Mitoxy-80_v1.0,NA
rs56029983,0.00016075196944,-2.06319998738051,0.992906150261175,-0.360964987355938,0.00625448467609,0.495730559282193,0.864781010535761,-0.894170392953924,-1.25513538030986,3.56268192693337e-186,Mitoxy-80_v1.0,NA
rs56042918,0.000167754304,1.66090179122915,0.992599429932483,-1.08400932964506,0.00651851161129,0.869318146631111,0.85987273914181,-0.657693180751305,-1.74170251039637,2.19009841552319e-186,Mitoxy-80_v1.0,NA
rs56073408,0.00018280662436,-0.853201780986051,0.991940740518253,-2.04942354384358,0.00656033581681,-0.55989253777043,0.859100332896622,-0.845198373872579,-2.89462191771616,6.91444130420243e-187,Mitoxy-80_v1.0,NA
rs56159443,0.00184179163921,-11.8862851004635,0.924336233482369,64.0061275802981,0.082988934084,-0.0747398274078548,0.325232512159838,-0.195785173750746,63.8103424065474,6.4469605973182e-158,Mitoxy-80_v1.0,NA
rs56269779,0.00017775288976,-19.0988119168342,0.992161794397175,178.528385612391,0.00701421325081,-0.431060442335545,0.850806537729542,-0.872210203125414,177.656175409266,1.78637271472878e-108,Mitoxy-80_v1.0,NA
rs56298543,0.00014834752804,2.04220102136324,0.993449962393224,-0.44250848243522,0.00639133093764,2.29371649292396,0.86223005875319,1.27706948223917,0.834560999803946,2.87952370026986e-185,Mitoxy-80_v1.0,NA
rs56359217,0.000417875364,-0.633597495352705,0.981766400359415,-1.80518163421834,0.013470387844,0.827566300770278,0.748077611045203,-0.433150655708098,-2.23833228992644,1.33284626156209e-186,Mitoxy-80_v1.0,NA
rs56365032,0.00015463171201,-1.33699769201695,0.993174388620583,-1.60585587162302,0.00610010985024,0.932765878990874,0.867676891225277,-0.633792189261111,-2.23964806088413,1.33109369440144e-186,Mitoxy-80_v1.0,NA
rs56369584,0.00081913874436,-2.67760284550289,0.964872684478619,1.78446673811759,0.015866173521,1.46866093473377,0.715996773699994,0.142805129109191,1.92727186722678,8.58774138508821e-185,Mitoxy-80_v1.0,NA
rs56378811,0.00025126054144,-1.97899843544968,0.988956192515912,-0.316351480655827,0.009024430009,-1.11225617651084,0.815919736193908,-0.341498916514263,-0.65785039717009,6.47402873903014e-186,Mitoxy-80_v1.0,NA
rs56658502,0.00087843475456,0.941697257611747,0.96242542480785,-1.21397741075567,0.027153766656,-0.0575441790465094,0.595647898723282,-0.451748427252594,-1.66572583800827,2.36297910076834e-186,Mitoxy-80_v1.0,NA
rs57049741,0.00024361278561,2.41390047475349,0.989288738429273,0.6140211390908,0.00995255640625,1.02150607693272,0.800759818470377,-0.388835828087382,0.225185311003418,1.56556880216092e-185,Mitoxy-80_v1.0,NA
rs57674091,0.00015642755041,13.9997281544083,0.993095665675361,94.8317927605765,0.00648723928356,1.97914416327098,0.860451182226814,0.700528243814774,95.5323210043913,3.85509669785929e-144,Mitoxy-80_v1.0,NA
rs58070279,0.0001476225,2.09569547325103,0.993481766132405,-0.334919995618977,0.00639160275625,2.2936802276494,0.862225006757523,1.2770028059283,0.942082810309319,3.20639325584825e-185,Mitoxy-80_v1.0,NA
rs58605397,0.00030227647321,-26.2245126854211,0.986743583538023,337.142511062278,0.00951848043129,1.56411210431856,0.807779230130103,0.163539043570168,337.306050105848,3.86395174351223e-39,Mitoxy-80_v1.0,NA
rs58994349,0.00017929745604,-18.4968111006557,0.992094223536354,167.293520013164,0.007015067536,-0.360789674769569,0.850791078187254,-0.895830505157021,166.397689508007,2.30395384769693e-113,Mitoxy-80_v1.0,NA
rs59141665,0.000147744025,1.98879473467709,0.993476435231831,-0.551416248625895,0.00628157694096,2.05006788095346,0.864274785861916,0.817616204037995,0.2661999554121,1.631115039448e-185,Mitoxy-80_v1.0,NA
rs59862983,0.00071174769796,-6.32431986685958,0.969336746753345,17.6429463332413,0.029674196644,-0.457283092034227,0.574100627300804,-0.366751620353653,17.2761947128876,3.97952697107942e-178,Mitoxy-80_v1.0,NA
rs60873114,0.00024386257921,2.26890196656015,0.98927787316861,0.278636889794326,0.00995209750404,1.0215396520857,0.800767174927237,-0.388822987026715,-0.110186097232389,1.11949512405862e-185,Mitoxy-80_v1.0,NA
rs61268840,0.00086104099225,1.03359858230954,0.963142010985912,-1.13586660266692,0.027154755369,-0.0579093010977808,0.595639129056597,-0.451725043324953,-1.58759164599187,2.55501308715885e-186,Mitoxy-80_v1.0,NA
rs62231424,0.00046843676356,-27.380217525897,0.979605196105327,365.24716764044,0.023107344121,0.575190611205768,0.633840649723831,-0.397492064760109,364.84967557568,3.54059496218194e-27,Mitoxy-80_v1.0,NA
rs62231426,0.00043767568849,-29.5033148986411,0.980918917224485,424.938743894256,0.018511779364,0.562176424760029,0.683623031717446,-0.467383510621961,424.471360383634,0.276977799712637,Mitoxy-80_v1.0,NA
rs62231434,0.00043362648169,-29.2130120967936,0.981092110223553,416.647952602025,0.018510418809,0.547502076396698,0.683638928146712,-0.472972244719422,416.174980357306,6.90832714927478e-05,Mitoxy-80_v1.0,NA
rs62231435,0.00044811385969,-28.9632334531644,0.980472736782209,409.276067362923,0.018318810409,0.541799966013284,0.685885046685161,-0.478328314779212,408.797739048144,4.3199398865735e-08,Mitoxy-80_v1.0,NA
rs62231437,0.00044875761921,-28.9041205821402,0.9804452325195,407.588327717011,0.018167265796,0.459782173222738,0.687671999923206,-0.50916387158912,407.079163845422,7.74657939298333e-09,Mitoxy-80_v1.0,NA
rs62231447,0.00018263089881,-18.0162200960478,0.991948425223479,158.574442558845,0.00708016224969,-0.547685685321658,0.849614744058436,-0.819852398688469,157.754590160156,4.06278108484116e-117,Mitoxy-80_v1.0,NA
rs62231449,0.00018259846641,-18.0089396058581,0.991949843547228,158.444499946332,0.00706953048025,-0.531841509030037,0.84980664969207,-0.827729710470798,157.616770235861,3.53972064815825e-117,Mitoxy-80_v1.0,NA
rs62231456,0.00015002085289,0.097999722410457,0.993376568884224,-2.50380070667353,0.00605277776016,-1.78457215718333,0.868568671542844,0.3684289714299,-2.13537173524363,1.47739035328024e-186,Mitoxy-80_v1.0,NA
rs62257913,0.00024494128036,2.21550611478154,0.989230955695124,0.162264156899752,0.00993831541921,0.562454421708658,0.800988172392636,-0.680497213178607,-0.518233056278856,7.44405655043112e-186,Mitoxy-80_v1.0,NA
rs62257914,0.00022020185664,1.88320125074128,0.99030810298124,-0.562194974653115,0.00948342921241,1.15850934815045,0.808351414537139,-0.28358397002899,-0.845778944682105,5.36485874701796e-186,Mitoxy-80_v1.0,NA
rs6442884,0.00017553865081,8.46759402525455,0.992258677797551,33.141955922826,0.006511521636,-0.433426277046621,0.86000196495485,-0.902284176182148,32.2396717466439,1.25425822685482e-171,Mitoxy-80_v1.0,NA
rs6442886,0.00024433753969,3.61761337828588,0.989257214492899,4.20650674797254,0.00921845776384,0.269764031462472,0.812703238121113,-0.807959201941782,3.39854754603076,3.73977837576136e-184,Mitoxy-80_v1.0,NA
rs6764083,0.00019019443921,4.52110419038365,0.991617769529496,7.74370293213985,0.00775903769316,-0.00521162417381314,0.837537813408011,-0.908643626899692,6.83505930524016,1.16226178932588e-182,Mitoxy-80_v1.0,NA
rs6776513,0.00021000647056,2.91179717905545,0.990752689972491,1.85836816772897,0.00818652182436,0.254363976772613,0.830107641838108,-0.859440704050228,0.998927463678745,3.39393957268528e-185,Mitoxy-80_v1.0,NA
rs6781052,0.00014819653696,0.0295999539988171,0.993456585529088,-2.51421286759238,0.00600267003361,-0.892458268206394,0.869514747095671,-0.671971213315338,-3.18618408090771,5.16574846956867e-187,Mitoxy-80_v1.0,NA
rs6782372,0.00055570990225,-22.1386302415848,0.975897081260735,237.290114718812,0.027091843216,0.0965709980801478,0.596197661036399,-0.450634833294451,236.839479885518,9.014769600149e-83,Mitoxy-80_v1.0,NA
rs6783234,0.00027582898561,4.35240635593475,0.987889398634655,7.15017527980579,0.011053368225,-1.0966376563466,0.783493849489301,-0.293947766909375,6.85622751289641,1.18712703609842e-182,Mitoxy-80_v1.0,NA
rs6784152,0.00019070505216,-7.93817344456031,0.991595454979402,28.8530029837783,0.00756425054529,0.0665614612401363,0.840967733989892,-0.917461159684844,27.9355418240935,1.69483367128325e-173,Mitoxy-80_v1.0,NA
rs6788388,0.00015771341056,13.6336635240158,0.993039305966043,89.8077367964186,0.00692252288289,2.1130457670937,0.852469081848661,0.946262449412842,90.7539992458314,3.24217537932725e-146,Mitoxy-80_v1.0,NA
rs6792272,0.00021873226816,5.56409909666252,0.990372162250156,13.0090160019343,0.010003800361,1.19368320019196,0.799939198845327,-0.234658460624293,12.77435754131,4.41274072122168e-180,Mitoxy-80_v1.0,NA
rs6794363,0.00017413705521,3.74390160729306,0.992320013997182,4.52000643435554,0.00664379859025,0.47611014667002,0.857563088962511,-0.877231479135759,3.64277495521978,4.77433053038136e-184,Mitoxy-80_v1.0,NA
rs6796205,0.00018297161289,-8.07905845475985,0.991933525465155,29.9623192034208,0.00661351165225,0.0428869883858909,0.858120287062072,-0.975598668526071,28.9867205348947,4.84895548473079e-173,Mitoxy-80_v1.0,NA
rs6802929,0.00018734218129,4.50191783624236,0.991742435945428,7.65164016415426,0.00857857554436,1.16978296404903,0.823408252542803,-0.303584652932179,7.34805551122208,1.94131219005659e-182,Mitoxy-80_v1.0,NA
rs68029292,0.00015744226576,13.852609263923,0.99305118980716,92.7960790813074,0.006913589904,2.09461442247559,0.85263140343454,0.913012407822369,93.7090914891297,6.22610955468433e-145,Mitoxy-80_v1.0,NA
rs6803663,0.000141895744,-1.43140530557421,0.993733044900288,-1.51819201017017,0.0056580484,-0.535479925551715,0.876077743173972,-0.91844771675665,-2.43663972692682,1.09309078363793e-186,Mitoxy-80_v1.0,NA
rs68161849,0.00031272031921,-5.31150368414207,0.986291844425644,11.7677857985713,0.00920277594721,2.17569693248592,0.812962261375583,1.08591987154871,12.8537056701201,4.77714985472938e-180,Mitoxy-80_v1.0,NA
rs694385,0.00014479790224,24.0061662733105,0.993605688031966,283.779328085357,0.006142640625,0.0617654864433812,0.866877132695524,-1.00658782401598,282.772740261341,8.00785403847758e-63,Mitoxy-80_v1.0,NA
rs694507,0.00014480993569,24.2670167945021,0.993605160029991,290.034997525078,0.00614265630001,0.0617615798895312,0.866876838210793,-1.00658692767754,289.0284105974,4.17175942781431e-60,Mitoxy-80_v1.0,NA
rs698209,0.00155627094016,13.0364819922128,0.93530705802112,78.1086014761576,0.0774954244,0.0832531072634528,0.340438789035941,-0.206910444247847,77.9016910319098,8.4947375663064e-152,Mitoxy-80_v1.0,NA
rs698210,0.00015639753481,-12.4430069007429,0.993096981346231,74.3919203892467,0.00623946749409,-1.46930699085837,0.865061865280186,-0.0676943921837595,74.324225997063,2.37397774120045e-153,Mitoxy-80_v1.0,NA
rs698213,0.00035691899929,-10.7943977175886,0.984384640847654,55.2700177097484,0.016495806096,-0.161999750848672,0.70801715674311,-0.606239544651354,54.6637781650971,6.87151719277106e-162,Mitoxy-80_v1.0,NA
rs698214,0.00019224931716,2.2293983585039,0.991527974398967,0.0785617930198104,0.00784731994201,0.0570540643968342,0.835992487112741,-0.902560873688931,-0.823999080669121,5.48298637322164e-186,Mitoxy-80_v1.0,NA
rs698215,0.00014784857649,-2.7962053736646,0.99347184894889,1.36804544672234,0.00602402613316,1.54173312753013,0.869111274278116,0.0162092572112882,1.38425470393363,4.98941467233358e-185,Mitoxy-80_v1.0,NA
rs711633,0.00014624548624,-23.4618628650812,0.993542175177388,270.930889257213,0.00608105195721,-0.463617466283497,0.86803573922625,-0.919323770180818,270.011565487032,2.29830870215321e-68,Mitoxy-80_v1.0,NA
rs711634,0.00074790763441,-4.86699161544397,0.967829034501884,9.74443162954315,0.037808469136,-1.00289029232067,0.514082855557597,-0.102329152372676,9.64210247717047,1.92480757943859e-181,Mitoxy-80_v1.0,NA
rs711635,0.000144913444,-23.6452899152683,0.993600618330542,275.235144336484,0.00605883208225,-0.459448730384064,0.868454500291488,-0.922538849005777,274.312605487478,1.69561129189633e-66,Mitoxy-80_v1.0,NA
rs711636,0.00014620920889,-23.4350008683643,0.993543766749598,270.30539896025,0.00608098957249,-0.463610867817293,0.868036914378238,-0.919330751893743,269.386068208356,1.2295844009344e-68,Mitoxy-80_v1.0,NA
rs711637,0.00014386803025,-21.6455041894202,0.99364649051753,230.246153760916,0.00593568548356,-1.21426364880055,0.870782694955443,-0.381173110596036,229.86498065032,8.43272814244985e-86,Mitoxy-80_v1.0,NA
rs711638,0.00016901820049,-5.72641473151446,0.992544088191418,13.8242923435483,0.006507164889,-1.97161168755501,0.860082529121462,0.688327781810768,14.512620125359,2.50972570478723e-179,Mitoxy-80_v1.0,NA
rs711639,0.00016813790224,-6.11308109942314,0.992582632814168,16.0943220905824,0.00645216988516,-2.1286666484076,0.861100786010402,0.963915939717126,17.0582380302995,3.20017750364787e-178,Mitoxy-80_v1.0,NA
rs711640,0.00134238700996,0.21219997488987,0.943697457414846,-1.41726099586211,0.103473518929,1.29657447159072,0.278797093000797,0.0709262653110173,-1.34633473055109,3.25214331741074e-186,Mitoxy-80_v1.0,NA
rs711641,0.000168350625,-6.1164161849711,0.99257331828923,16.1150172980317,0.00644319263025,-2.12004559639714,0.861267232820396,0.947920113048571,17.0629374110803,3.2152517483697e-178,Mitoxy-80_v1.0,NA
rs711645,0.00016804973956,-6.02788620269374,0.992586493258539,15.580793771557,0.00640326441616,-1.99754062714008,0.862008319959273,0.729498304518162,16.3102920760752,1.51476501895702e-178,Mitoxy-80_v1.0,NA
rs711648,0.00016770509001,-6.14562049713902,0.992601584971038,16.2913668252517,0.00637492061761,-1.78333506589799,0.862535169166646,0.379359795362649,16.6707266206143,2.17210092736653e-178,Mitoxy-80_v1.0,NA
rs711649,0.00016754972481,-6.15501270849267,0.992608388341744,16.3483734015332,0.00637487271184,-1.78327914351701,0.862536060175268,0.379271953378747,16.727645354912,2.29932040404165e-178,Mitoxy-80_v1.0,NA
rs711650,0.00016758079209,-6.14581353850432,0.992607027912371,16.292279237806,0.00637653355024,-1.76983514749565,0.862505170997046,0.358735082447944,16.6510143202539,2.12970307396937e-178,Mitoxy-80_v1.0,NA
rs711651,0.00016758855936,-6.18159065628476,0.992606687785905,16.5111849435986,0.00637589474064,-1.78789518241886,0.8625170516645,0.386420022882351,16.8976049664809,2.72528555742005e-178,Mitoxy-80_v1.0,NA
rs711653,0.00016804973956,-6.28872055170711,0.992586493258539,17.1751825299491,0.00647788351609,-1.57837518155489,0.860624386782857,0.0867317208778492,17.2619142508269,3.92310133811566e-178,Mitoxy-80_v1.0,NA
rs711654,0.00016804714689,-6.30800799179221,0.992586606786149,17.2957558675096,0.00647506683684,-1.57428188666771,0.860676545994608,0.0810561297188809,17.3768119972285,4.40077316623529e-178,Mitoxy-80_v1.0,NA
rs711655,0.00016800048225,-6.33701346294796,0.992588650137821,17.4776869414427,0.006476225625,-1.58196955576266,0.860655086812463,0.0915481048093802,17.5692350462521,5.33454339345567e-178,Mitoxy-80_v1.0,NA
rs711656,0.00016802122129,-6.32220362127092,0.992587742015514,17.3846842976543,0.00647817326641,-1.57192891780173,0.860619021550664,0.07800569214237,17.4626899897967,4.79540533521582e-178,Mitoxy-80_v1.0,NA
rs711660,0.00016279973649,-9.90971291528532,0.992816433168764,46.2805036207869,0.00630923610249,-1.59735467520744,0.863758579637837,0.105294720319796,46.3857983411067,1.74570830727058e-165,Mitoxy-80_v1.0,NA
rs711662,0.00016807826025,-6.29762042500675,0.99258524439874,17.2308351878331,0.00648039490081,-1.57927426898333,0.860577886340267,0.0880621790841503,17.3188973669172,4.15314390446786e-178,Mitoxy-80_v1.0,NA
rs711663,0.00151639369281,12.9925862011407,0.936860058499791,77.6932058326039,0.079624423684,0.254611982507495,0.33437987635087,-0.192679612177088,77.5005262204268,5.68756407665911e-152,Mitoxy-80_v1.0,NA
rs711664,0.00016812752896,-6.21650573790721,0.99258308703508,16.72716252773,0.00648047540196,-1.57797255699901,0.860576395875531,0.0862972558813522,16.8134597836114,2.50534896311949e-178,Mitoxy-80_v1.0,NA
rs711667,0.00041945497636,26.3337011610988,0.981698736868192,338.38588392986,0.020789025856,0.0444609665427509,0.658013505509267,-0.535841643084926,337.850042286775,6.65709104070403e-39,Mitoxy-80_v1.0,NA
rs711670,0.00015778625769,-8.05951613288434,0.993036113241802,29.7682189702175,0.00600614150049,-0.392443544651371,0.86944913647179,-0.951043412392279,28.8171755578252,4.09275501345993e-173,Mitoxy-80_v1.0,NA
rs711671,0.00015902975449,-8.45742107892504,0.99298161676766,33.0333690977667,0.00641263022521,-1.50271794442731,0.861834371504185,-0.0165705753887524,33.016798522378,2.72827930501735e-171,Mitoxy-80_v1.0,NA
rs711672,0.00016001997001,-8.51508707578716,0.992938224669626,33.5208115155909,0.00639924802209,-1.53514018948613,0.862082936795799,0.0252648218335031,33.5460763374244,4.63181562252373e-171,Mitoxy-80_v1.0,NA
rs71313827,0.00204540916644,1.64879870517532,0.916668361379911,0.00353501329635741,0.097570643769,-2.07533222564772,0.290759706461543,0.454371141655906,0.457906154952263,1.97579342877689e-185,Mitoxy-80_v1.0,NA
rs728266,0.00018299325625,-18.0396969136943,0.991932578995077,158.992678565874,0.00707535004801,-0.489346145935748,0.849701594554386,-0.845831672263327,158.14684689361,6.0142067905234e-117,Mitoxy-80_v1.0,NA
rs72999431,0.00015782143129,-1.87419901772708,0.993034571670158,-0.739320567313014,0.00618168620169,1.47384312872582,0.866144207582793,-0.0647710174397481,-0.804091584752763,5.59323262451923e-186,Mitoxy-80_v1.0,NA
rs72999464,0.00079166825956,2.27710171093878,0.966010667388109,0.813621214623713,0.028259627236,0.716803683390242,0.585997926149003,-0.290397077200949,0.523224137422764,2.10915635596688e-185,Mitoxy-80_v1.0,NA
rs73001403,0.00078028600896,2.91340536128533,0.966482971529659,2.40386946208276,0.025022494225,1.0987261750482,0.615171725981264,-0.106161632742015,2.29770782934074,1.24381918635396e-184,Mitoxy-80_v1.0,NA
rs73001422,0.00055235810529,3.04450202746114,0.97603897602288,2.65778563584539,0.017554660036,1.20756411611092,0.694991508506528,-0.0869856667497686,2.57079996909562,1.63440492019923e-184,Mitoxy-80_v1.0,NA
rs73001435,0.00077600687761,4.05630202929974,0.966660652675933,6.25200867560467,0.022818519364,0.569487878828,0.636754899748929,-0.403083690196872,5.8489249854078,4.33542089692584e-183,Mitoxy-80_v1.0,NA
rs73001488,0.000844832356,3.59388976811395,0.963810733651173,4.56481440357826,0.023097616441,0.749728580922364,0.633938368137921,-0.324310641181743,4.24050376239652,8.67966182984963e-184,Mitoxy-80_v1.0,NA
rs73003298,0.00230193646225,1.46070010525548,0.907187228474934,-0.220777857039418,0.131806754704,-0.558738142194507,0.232819716948351,-0.0961749306478397,-0.316952787687258,9.10383910405232e-186,Mitoxy-80_v1.0,NA
rs73005403,0.000441546169,-6.06219959072955,0.980753425869934,16.0462624992307,0.0135001161,1.09764179361391,0.747661928905609,-0.238094678628516,15.8081678206022,9.16801834960172e-179,Mitoxy-80_v1.0,NA
rs73005414,0.00018097244676,-11.9602158690513,0.992020957338368,68.5372252813649,0.00651796260921,0.297985109105345,0.859882887305999,-0.944461639069896,67.592763642295,2.83165074659421e-156,Mitoxy-80_v1.0,NA
rs73007716,0.00026986932729,-4.56180110423249,0.988147963283805,8.06406626584494,0.00953663574249,-0.355784659779204,0.807483176853894,-0.772679157943676,7.29138710790126,1.83436014841137e-182,Mitoxy-80_v1.0,NA
rs73807276,0.00018240123136,-17.9561811396754,0.991958469057155,157.504259601345,0.00711551296225,-0.949524323234958,0.848977279140501,-0.562445045676125,156.941814555669,1.80235137326329e-117,Mitoxy-80_v1.0,NA
rs73807286,0.00041188296601,11.8657396685867,0.982023172577259,67.1230223829842,0.018491376289,0.839038703367333,0.683861494425504,-0.3350729858652,66.787949397119,1.26623204790207e-156,Mitoxy-80_v1.0,NA
rs73809535,0.00160409061121,-4.85379927143075,0.93345151920131,9.64085134904832,0.064134043009,0.455259094875754,0.384120301528511,-0.202545265761309,9.43830608328702,1.56992776716536e-181,Mitoxy-80_v1.0,NA
rs73809540,0.00183884877124,-11.8997803263856,0.924447997170151,64.1616568073146,0.083194172356,-0.0897262458656053,0.32469068329312,-0.194985213303579,63.966671594011,7.53785743623098e-158,Mitoxy-80_v1.0,NA
rs74283083,0.00041664566161,-27.4095013203083,0.981819081738129,366.807202904435,0.020356726329,0.531059666239128,0.662726467004903,-0.449977996750358,366.357224907684,1.59880906936616e-26,Mitoxy-80_v1.0,NA
rs74344588,0.00194123072836,5.67570143942042,0.920575573712517,13.561045927336,0.064159876804,-2.17948029593601,0.384025031781373,0.669810773212577,14.2308567005486,1.8934679490738e-179,Mitoxy-80_v1.0,NA
rs74399223,0.00118705055296,4.92871572201454,0.949886097034075,10.0407014859498,0.073029117121,-0.845755053859732,0.353891112474843,-0.0918241749727573,9.94887731097708,2.61588072416405e-181,Mitoxy-80_v1.0,NA
rs74576096,0.00116544400996,-0.123800038665909,0.950753342744404,-1.49817105674288,0.066563484001,1.12179504571723,0.375363102801938,0.000890610747485948,-1.49728044599539,2.79649974981176e-186,Mitoxy-80_v1.0,NA
rs74596557,0.00099959042569,1.42369916783431,0.957463495848964,-0.608345696055234,0.028525858816,-0.287010941644562,0.583721250504933,-0.41415798520009,-1.02250368125532,4.49580756616174e-186,Mitoxy-80_v1.0,NA
rs74707736,0.00035308664836,-1.06450033527402,0.984549717340465,-1.52723733704058,0.012659175169,0.0616006150400398,0.7596017193894,-0.711287908345481,-2.23852524538606,1.33258910640963e-186,Mitoxy-80_v1.0,NA
rs74808612,0.00094735299681,1.05380274277026,0.959596590841666,-1.07160444329201,0.028462726681,-2.43692986147746,0.584259522504542,1.2960026986398,0.224398255347792,1.56433709715469e-185,Mitoxy-80_v1.0,NA
rs74875421,0.00169917908521,6.84050158777907,0.929783606327022,20.4253452872584,0.060283507729,-0.502392812195807,0.398869175060106,-0.204134346414922,20.2212109408435,7.56546714157441e-177,Mitoxy-80_v1.0,NA
rs74971710,0.00107554482025,-3.46081017212727,0.954378792581448,4.17170490244165,0.077955432025,0.5332533443169,0.33911113132562,-0.158870116655424,4.01283478578622,6.91237712974392e-184,Mitoxy-80_v1.0,NA
rs75001752,0.0008254129,5.12659241211278,0.964613149463262,11.0052496751753,0.052039646884,0.778627225782695,0.434595322279029,-0.153367822671906,10.8518818525034,6.45338874294268e-181,Mitoxy-80_v1.0,NA
rs75029385,0.00037684127376,-0.985200181327399,0.983527390462238,-1.57571277125852,0.013794972304,-0.345573510881041,0.743563911027904,-0.636039313582087,-2.21175208484061,1.36874862083017e-186,Mitoxy-80_v1.0,NA
rs75108792,0.00070139695921,-5.95380589716771,0.969769192758388,15.4386475720402,0.029600170209,-0.46992507861224,0.574711238203662,-0.364036830090003,15.0746107419502,4.40246267318241e-179,Mitoxy-80_v1.0,NA
rs75132051,0.000719366041,-6.23988665597852,0.969018704484448,17.1277601919036,0.029608773184,-0.4614545074155,0.574640209421106,-0.366227932568432,16.7615322593351,2.37857247471908e-178,Mitoxy-80_v1.0,NA
rs75142999,0.00201832750564,5.64359454923452,0.917680865255767,13.3655650857534,0.044143270609,0.548354854523734,0.475379667446889,-0.251068546829329,13.114496538924,6.20053124321531e-180,Mitoxy-80_v1.0,NA
rs75176273,0.00035535266064,-0.800496530651219,0.98445210336868,-1.76649911423854,0.0123854641,-0.0110358522778327,0.763570595149123,-0.721006309946792,-2.48750542418533,1.03888037175991e-186,Mitoxy-80_v1.0,NA
rs75224822,0.00205723930624,5.28910769719204,0.916226767977243,11.5757453903118,0.046550651536,1.71827898181279,0.462157121756182,0.372161039263421,11.9479064295752,1.93101324665651e-180,Mitoxy-80_v1.0,NA
rs75238973,0.00035319188356,-1.12989666585078,0.984545183650513,-1.45644937840269,0.012677859216,0.0749877437919642,0.759332300046291,-0.710034143504274,-2.16648352190696,1.43213375700069e-186,Mitoxy-80_v1.0,NA
rs75338401,0.00071473349025,-6.44047953019507,0.969212074282473,18.3610338053752,0.029762805361,-0.445076194506112,0.57337143758788,-0.369130378606772,17.9919034267685,8.14066339317062e-178,Mitoxy-80_v1.0,NA
rs75527467,0.00085168834569,1.14000280978766,0.96352776154418,-1.02949852323356,0.027155414521,-0.0579282597746209,0.595633282666906,-0.451717169963593,-1.48121569319715,2.84178762225764e-186,Mitoxy-80_v1.0,NA
rs75571269,0.00071854019136,-6.2680186229743,0.969053171067689,17.2983659609287,0.029667306564,-0.457138793093438,0.574157405715892,-0.36685022553562,16.9315157353931,2.81928690738324e-178,Mitoxy-80_v1.0,NA
rs75596075,0.000829670416,-1.73140188862658,0.964437113718032,-0.22265446820644,0.063598282969,0.665748036179502,0.386106785302314,-0.158401930579048,-0.381056398785489,8.53856185891997e-186,Mitoxy-80_v1.0,NA
rs75615292,0.00071910858244,-6.22209709056466,0.969029449176019,17.0203822782721,0.029609117329,-0.461416956756725,0.574637368420351,-0.366234852400253,16.6541474258718,2.13638612251644e-178,Mitoxy-80_v1.0,NA
rs75722887,0.00097961488144,-6.11410022109474,0.958278068597524,16.322917338205,0.045140951296,0.748300888621131,0.469809173977121,-0.185723329308424,16.1371940088966,1.27400089129627e-178,Mitoxy-80_v1.0,NA
rs75723917,0.00071854555249,-6.26198905456675,0.969052947314655,17.2617589446524,0.029669718001,-0.457061579457646,0.574137532743076,-0.366849232679782,16.8949097119727,2.7179501091257e-178,Mitoxy-80_v1.0,NA
rs75730293,0.00291316029169,-2.44209679899655,0.885368043240077,1.5570809187509,0.413442570025,0.391866188695091,0.0882140377728422,-0.0394019689381672,1.51767894981273,5.70157725877616e-185,Mitoxy-80_v1.0,NA
rs75749405,0.00131051964121,6.01280071600034,0.944960477093418,15.6320911549392,0.038535260416,-0.453157857201076,0.509325362749428,-0.303691510013954,15.3283996449252,5.67433278639977e-179,Mitoxy-80_v1.0,NA
rs75755144,0.00103692372169,-0.389801032877555,0.955944806808613,-1.48853057735999,0.072586597561,0.17299410954684,0.355282075011884,-0.214154935152407,-1.7026855125124,2.277238396655e-186,Mitoxy-80_v1.0,NA
rs75837807,0.00059715230689,0.437399485200539,0.974146063594521,-1.73446021631814,0.027772889104,-0.786123178839738,0.590206504825529,-0.263680201883376,-1.99814041820152,1.69470481226242e-186,Mitoxy-80_v1.0,NA
rs76048628,0.000718561636,-6.23498470491681,0.969052276051162,17.0982423096334,0.029633556736,-0.459909145831397,0.574435686972748,-0.366418307010855,16.7318240026226,2.30894855630244e-178,Mitoxy-80_v1.0,NA
rs76145939,0.00022058784484,5.47641426859321,0.990291279154113,12.5326035769149,0.00998808355216,1.20371741557969,0.800190708616826,-0.225483546333234,12.3071200305816,2.76560236404199e-180,Mitoxy-80_v1.0,NA
rs7616234,0.00033289827025,-1.31209887369488,0.985420235910929,-1.26580892542417,0.010763440009,0.550852554772668,0.787968663922466,-0.655960572442888,-1.92176949786705,1.82920142886423e-186,Mitoxy-80_v1.0,NA
rs7618175,0.00016100056996,9.96942137036395,0.992895257671304,46.8681169325473,0.006303407236,1.63487165276973,0.863867313179078,0.157411960423102,47.0255288929704,3.30981048315553e-165,Mitoxy-80_v1.0,NA
rs7618458,0.00014398080064,-1.52529335289019,0.99364154201032,-1.3731213257989,0.00589713413184,-0.937237605608859,0.871514109902801,-0.643192851491189,-2.01631417729009,1.66418383576352e-186,Mitoxy-80_v1.0,NA
rs7620981,0.00172630278144,-11.6911920440542,0.928742623378647,62.1513866241797,0.077586759936,-0.0610018524900913,0.340174353148017,-0.207256892323776,61.9441297318559,9.97399506988113e-159,Mitoxy-80_v1.0,NA
rs76223102,0.00051285490369,11.9829729359763,0.977714416319213,68.2939007927055,0.020388127369,0.63866248327929,0.662381857870523,-0.407830498566943,67.8860702941386,3.79682995469819e-156,Mitoxy-80_v1.0,NA
rs7624224,0.00014191718641,-1.40899361196686,0.993732103812517,-1.54974747037263,0.00565687502884,-0.47046090926738,0.876100258169953,-0.947186133167372,-2.49693360354001,1.02913164985021e-186,Mitoxy-80_v1.0,NA
rs7624484,0.00042243814089,-27.4020716867851,0.98157097694872,366.520919283578,0.020356155625,0.527906080252322,0.662732733484962,-0.451093014177945,366.069826269401,1.19944671803282e-26,Mitoxy-80_v1.0,NA
rs7631752,0.00157514528161,-11.3448111650596,0.934573799527051,58.7786228718221,0.077587317025,-0.0611323125527294,0.340172741516806,-0.207252963975093,58.571369907847,3.42056753020615e-160,Mitoxy-80_v1.0,NA
rs7633263,0.00185281176249,-12.1063880699651,0.923917953271259,66.418875976776,0.084451266025,-0.031388276182447,0.321410952878251,-0.193711452709895,66.2251645240661,7.21271772857244e-157,Mitoxy-80_v1.0,NA
rs76335939,0.00022073936329,5.54699709906914,0.990284675170094,12.9180967543786,0.010012203721,1.2289403463887,0.799804788110229,-0.200260828227498,12.7178359261511,4.17024321894933e-180,Mitoxy-80_v1.0,NA
rs76336723,0.00034881912289,10.0927894114057,0.984733603911261,48.0635973270344,0.011705292481,1.19232653363034,0.773615196446257,-0.19285738326114,47.8707399437732,7.70679172817207e-165,Mitoxy-80_v1.0,NA
rs7634154,0.000418734369,-27.3983775594976,0.981729603290556,366.4767805161,0.0203575824,0.530695262125035,0.662717067342313,-0.450093592857506,366.026686923243,1.14880358046311e-26,Mitoxy-80_v1.0,NA
rs7635333,0.000209351961,2.89010297878222,0.990781244600923,1.79458926697828,0.00818194420681,0.272369080008535,0.83018650779863,-0.855733616378083,0.938855650600197,3.19606239136212e-185,Mitoxy-80_v1.0,NA
rs7635739,0.00021932721409,-3.20730332147174,0.9903462275963,2.77354085238627,0.00931639996225,0.783820185140098,0.811089212323256,-0.58408410374003,2.18945674864624,1.1162061336431e-184,Mitoxy-80_v1.0,NA
rs7639488,0.00184668732361,-12.1854136657583,0.924150365958855,67.3214117605643,0.084593140801,-0.0378997349139932,0.321044960764638,-0.193369612011425,67.1280421485528,1.77915467628897e-156,Mitoxy-80_v1.0,NA
rs7639802,0.00041512025025,11.6842131095242,0.981884439369439,65.0183502501945,0.018611507776,0.917837037471413,0.682459836264083,-0.286114929476589,64.7322353207179,1.62079475054268e-157,Mitoxy-80_v1.0,NA
rs76418826,0.00185992087824,-11.7186065277275,0.923648320224988,62.1341414299072,0.083333832976,-0.09362884340922,0.324323010440969,-0.194598505430778,61.9395429244765,9.92835103591321e-159,Mitoxy-80_v1.0,NA
rs7641926,0.00014365221025,-1.86450294105377,0.99365596110927,-0.802961340676914,0.00602616848656,1.76937821725039,0.869070820259138,0.343850336435084,-0.45911100424183,7.89743471854114e-186,Mitoxy-80_v1.0,NA
rs76499153,0.000220789881,5.46590618480382,0.99028247335782,12.4759920870866,0.010015005625,1.14665001249063,0.799759982032392,-0.278354559168322,12.1976375279183,2.47880344468743e-180,Mitoxy-80_v1.0,NA
rs7650986,0.00041485135041,11.6807820148371,0.981895961528785,64.9794605606667,0.018610143561,0.91869900820267,0.682475721260928,-0.285593058431851,64.6938675022348,1.55978625713589e-157,Mitoxy-80_v1.0,NA
rs7651919,0.00014236069225,0.302400368771739,0.99371263914638,-2.48917142264938,0.00565497984016,-0.727034452310917,0.876136626060107,-0.812734319565287,-3.30190574221467,4.60125155006198e-187,Mitoxy-80_v1.0,NA
rs76653044,0.00037482508816,-0.919299188033305,0.983614078502659,-1.64003484172393,0.013797791296,-0.33969216100252,0.743524948448471,-0.637463985985158,-2.27749882770909,1.28165237592142e-186,Mitoxy-80_v1.0,NA
rs76671508,0.00120019980721,4.77489543613739,0.94935908486118,9.33101852457983,0.079228738576,-0.613448393468715,0.335489584790858,-0.141226822568688,9.18979170201114,1.2244787323841e-181,Mitoxy-80_v1.0,NA
rs76688795,0.00044727174144,-29.0138447571493,0.980508718139583,410.728788197072,0.018319893201,0.542094997451072,0.685872312250979,-0.478200248744757,410.250587948327,1.84689397228896e-07,Mitoxy-80_v1.0,NA
rs76702868,0.00041626608676,11.5480870085185,0.981835344153186,63.4638140634068,0.018666117376,0.905653472303548,0.681824565679606,-0.292957130113139,63.1708569332937,3.40118303057472e-158,Mitoxy-80_v1.0,NA
rs76782817,0.00070360215025,-6.3300974533939,0.969677029208914,17.6796192659031,0.029750730256,-0.444645880197584,0.573470698488625,-0.369346671999185,17.3102725939039,4.11747800722303e-178,Mitoxy-80_v1.0,NA
rs76879760,0.000818246025,-1.12799860164307,0.964909623814641,-1.0610479230314,0.064061634816,0.695951071496302,0.384387580213662,-0.149480193602564,-1.21052811663396,3.72520124239463e-186,Mitoxy-80_v1.0,NA
rs769099,0.00044663750244,-28.9513953950544,0.980535819141584,408.964782343275,0.018250388836,0.505198602454587,0.686690695106213,-0.492651658994611,408.47213068428,3.11937644086587e-08,Mitoxy-80_v1.0,NA
rs76962282,0.00081198782116,-1.66079788316711,0.965168657971631,-0.347530795659085,0.0647397136,0.516715139129068,0.381899077486116,-0.189569281603153,-0.537100077262237,7.30492599594186e-186,Mitoxy-80_v1.0,NA
rs77090910,0.00070332631209,-6.37877399576928,0.969688556604769,17.9795963728152,0.029753145081,-0.448148599057342,0.573450845170501,-0.368428711987594,17.6111676608276,5.5629909745528e-178,Mitoxy-80_v1.0,NA
rs77171884,0.00037666270084,-0.974000144271891,0.983535067777776,-1.58673304463237,0.013862236644,-0.293336900575855,0.742635332141481,-0.64668002999318,-2.23341307462555,1.33941897232115e-186,Mitoxy-80_v1.0,NA
rs77212440,0.00072424497924,-5.04470158071924,0.968815133500038,10.5937837916229,0.041051217321,1.01591720094171,0.493515104672415,-0.0854549394518806,10.508328852171,4.57703944173238e-181,Mitoxy-80_v1.0,NA
rs77301768,0.00035545823296,-0.77309903678873,0.984447556056986,-1.78757539147351,0.012373002756,0.0202430911411978,0.763752274933625,-0.721280684752111,-2.50885607622562,1.01693470918876e-186,Mitoxy-80_v1.0,NA
rs77438956,0.00104926109929,2.56269854255487,0.955443990583567,1.58189868989335,0.030527777284,-0.751302068428704,0.567152426184207,-0.258618864151622,1.32327982574173,4.69427520381053e-185,Mitoxy-80_v1.0,NA
rs77473283,0.00033594857521,9.90883249949533,0.985288608699413,46.260695473833,0.009051239044,1.01501187748323,0.815473793926371,-0.424911317829916,45.8357841560031,1.00717178992185e-165,Mitoxy-80_v1.0,NA
rs77499270,0.00071854019136,-6.26660100874444,0.969053171067689,17.2897562844006,0.029671096009,-0.457121791783017,0.574126177013677,-0.366821284949901,16.9229349994507,2.79519884533318e-178,Mitoxy-80_v1.0,NA
rs77704124,0.00184316521041,-13.820497949087,0.924284077502715,86.9815944401079,0.073659588409,0.52721230052726,0.351928073644446,-0.167967097200393,86.8136273429075,6.3031077217932e-148,Mitoxy-80_v1.0,NA
rs77734147,0.00071828824081,-6.24437985291539,0.969063686635284,17.1550888835728,0.029660761729,-0.456788582245113,0.574211349505641,-0.366999823915371,16.7880890596574,2.44258598381594e-178,Mitoxy-80_v1.0,NA
rs77793935,0.001884688569,-13.6380807592196,0.922710164467879,84.5306786774926,0.0815216704,-0.169484799663771,0.329159399046575,-0.194884294463191,84.3357943830294,5.28987668196074e-149,Mitoxy-80_v1.0,NA
rs77860739,0.001879049104,-0.0254999077235397,0.922923609695191,-1.28117907015099,0.072782867089,2.16086261921618,0.354663798078789,0.609028742748315,-0.672150327402671,6.38210936640804e-186,Mitoxy-80_v1.0,NA
rs77917930,0.00080245858729,-1.20389936352051,0.965563350996461,-0.984585899413382,0.063766855441,0.674118192150356,0.385479542865624,-0.155868766933643,-1.14045466634703,3.99560227664257e-186,Mitoxy-80_v1.0,NA
rs77936174,0.00041593563025,11.5718943832896,0.981849502592382,63.7345860367236,0.018666390625,0.905646843549863,0.681821389962151,-0.292957535199587,63.441628501524,4.45886785438985e-158,Mitoxy-80_v1.0,NA
rs77971307,0.00035217401569,-0.85569877919462,0.984589036673351,-1.72586996977283,0.012571118641,0.0375120628606595,0.760874050886263,-0.714847107249854,-2.44071707702268,1.08864294368887e-186,Mitoxy-80_v1.0,NA
rs78003520,0.00190527885025,-5.87491265650237,0.921931691010755,14.6349656423142,0.098010946489,1.11048433721855,0.289832082292024,0.00757998961879119,14.642545631933,2.85793396174895e-179,Mitoxy-80_v1.0,NA
rs78109745,0.00155659444369,-0.818199560497494,0.935294480383183,-1.05588769659861,0.115372312225,-0.29066904155565,0.257446126836773,-0.137954309766638,-1.19384200636525,3.78788185458103e-186,Mitoxy-80_v1.0,NA
rs78145907,0.00037678303881,-0.967600677969594,0.983529894121442,-1.59268869426015,0.013864591504,-0.294754900295546,0.742602865502648,-0.646308722158947,-2.2389974164191,1.3319600449587e-186,Mitoxy-80_v1.0,NA
rs78165797,0.00072058959844,-6.38631639335713,0.968967644194168,18.0233282054126,0.029686256209,-0.455645774447611,0.574001276234926,-0.367074380206863,17.6562538252057,5.81954495967296e-178,Mitoxy-80_v1.0,NA
rs78337751,0.00070337404944,-6.2988100085969,0.969686561620681,17.4880787373452,0.029707280164,-0.451920421448381,0.573828155479488,-0.367859256339292,17.1202194810059,3.40480520301001e-178,Mitoxy-80_v1.0,NA
rs78384,0.00014901817329,1.36050559910873,0.993420545996747,-1.59250321908835,0.00572547975561,-1.14746474350079,0.874785791505937,-0.462960231520995,-2.05546345060934,1.60029108560322e-186,Mitoxy-80_v1.0,NA
rs78416486,0.00075849566464,-1.17040173124964,0.967388446975393,-1.04896053517268,0.037448442256,0.228457078484466,0.516472621460649,-0.349845636030933,-1.39880617120361,3.08589836940339e-186,Mitoxy-80_v1.0,NA
rs78434109,0.00025215852025,10.6355993576624,0.98891716053993,53.6799850791619,0.012667727601,-0.749195475828735,0.759478371708608,-0.499327357675134,53.1806577214867,1.55934284832997e-162,Mitoxy-80_v1.0,NA
rs78553046,0.00188457569689,-13.669794087769,0.922714435538431,84.930594492041,0.079516668169,-0.24664576735807,0.33468135125252,-0.193564565843933,84.7370299261971,7.90132508137742e-149,Mitoxy-80_v1.0,NA
rs78605064,0.00070306113409,-6.40219043344786,0.969699638766324,18.124747106074,0.029747970576,-0.450675456295369,0.573493388691711,-0.367823052626195,17.7569240534478,6.43590392523763e-178,Mitoxy-80_v1.0,NA
rs78667305,0.000375003225,-0.919499096307772,0.983606418704669,-1.63962361952537,0.013797556369,-0.339716336207997,0.743528195326161,-0.637464022341491,-2.27708764186686,1.28217948159488e-186,Mitoxy-80_v1.0,NA
rs78670199,0.00041542184761,-27.8234610119763,0.981871516467268,378.050318606308,0.019002898201,1.04789954371024,0.677932800245431,-0.194280745158993,377.856037861149,1.57640432344454e-21,Mitoxy-80_v1.0,NA
rs78736540,0.00070308234649,-6.36362607813484,0.969698752260975,17.8860495597347,0.029739692304,-0.449875327627398,0.573561463759222,-0.368102592815198,17.5179469669195,5.06784265279213e-178,Mitoxy-80_v1.0,NA
rs78782715,0.00081165730816,-1.73930135909244,0.965182342146224,-0.218895350165707,0.0647498916,0.516749194372396,0.381861970346898,-0.189537499357484,-0.408432849523191,8.30797703898828e-186,Mitoxy-80_v1.0,NA
rs78855036,0.00071855627481,-6.24328972353101,0.969052499806391,17.1484556141819,0.029632523881,-0.461017421764716,0.574444207542425,-0.36613426631429,16.7823213478676,2.42853840198393e-178,Mitoxy-80_v1.0,NA
rs78879778,0.00071855091364,-6.25498959180476,0.969052723560889,17.2193077881488,0.029658350656,-0.456703209922423,0.574231224588356,-0.367043481336545,16.8522643068123,2.6044787381649e-178,Mitoxy-80_v1.0,NA
rs78953098,0.00156416295025,-0.503000037927155,0.935000317547561,-1.24840468171423,0.084403613529,-0.0420710236366828,0.321534068547579,-0.193675953273746,-1.44208063498798,2.95520598830308e-186,Mitoxy-80_v1.0,NA
rs79045925,0.00073810565761,-5.12678472178769,0.968237270779071,10.9998053928934,0.040787033764,0.975866269224294,0.495128959887925,-0.105966762586319,10.893838630307,6.729912601357e-181,Mitoxy-80_v1.0,NA
rs79186472,0.00122379629584,0.390200327017849,0.948414820268264,-1.41005936769922,0.067259829025,1.12700456920319,0.372926195795789,0.00348859084333666,-1.40657077685588,3.06203036820545e-186,Mitoxy-80_v1.0,NA
rs79249821,0.00037675586404,-1.01110241007305,0.983531062433891,-1.55039390890908,0.013866946564,-0.296063112484927,0.7425703989454,-0.645960097417024,-2.1963540063261,1.38998782134793e-186,Mitoxy-80_v1.0,NA
rs79307328,0.00198103327744,5.39720235099576,0.919078853617442,12.1291484283098,0.043524807876,0.578240487762791,0.478899634937007,-0.245843373612857,11.883305054697,1.81021113662337e-180,Mitoxy-80_v1.0,NA
rs793388,0.00016814568241,-6.23349862343932,0.99258229213956,16.8321968509912,0.00647999240256,-1.57866491756358,0.860585338602527,0.0872167362869363,16.9194135872781,2.78537310848284e-178,Mitoxy-80_v1.0,NA
rs793390,0.001567051396,12.8184964381347,0.934888101985753,75.4417081244135,0.0795860521,0.256070681649002,0.334487168842661,-0.192632151665035,75.2490759727484,5.98596100926554e-153,Mitoxy-80_v1.0,NA
rs793391,0.00016830651289,-6.15429381884332,0.992575249818759,16.3455906435019,0.006521531536,-1.45798454603992,0.859816920882035,-0.0685384460291084,16.2770521974728,1.46524204218463e-178,Mitoxy-80_v1.0,NA
rs793392,0.00016249875625,-9.80592272994705,0.992829618746027,45.2644240444512,0.00621904154881,-1.80895729062184,0.865444168887788,0.413119902668574,45.6775439471198,8.5976686478471e-166,Mitoxy-80_v1.0,NA
rs793393,0.00016793308921,-6.05211090447492,0.992591601159704,15.7257751398185,0.00640291233124,-1.99748307260098,0.862014860499837,0.729388551554893,16.4551636913733,1.75090349791818e-178,Mitoxy-80_v1.0,NA
rs793394,0.00016825462369,-6.04830664621125,0.99257752189204,15.7036208965458,0.00644420406564,-2.12377827439901,0.861248476633761,0.954767000515802,16.6583878970616,2.145464641314e-178,Mitoxy-80_v1.0,NA
rs793395,0.00017442749041,-7.93005277464394,0.992307303437594,28.7672461085534,0.00679988248996,-0.807069732020072,0.854703000773158,-0.686127343750933,28.0811187648025,1.96042551209943e-173,Mitoxy-80_v1.0,NA
rs793396,0.00017459129689,-7.81492889739883,0.992300134780646,27.8681532366738,0.00686707227684,-1.2638202051943,0.85347767754135,-0.278683757535571,27.5894694791382,1.199029239147e-173,Mitoxy-80_v1.0,NA
rs793397,0.00017518904881,-7.92314840698404,0.992273976263973,28.7140543509959,0.00702351268096,-0.926996028942897,0.850638281137941,-0.585206195407826,28.1288481555881,2.05626439985421e-173,Mitoxy-80_v1.0,NA
rs793398,0.000145057936,-23.9762537363002,0.993594278433291,283.063890836756,0.00611999548416,-0.246316010144394,0.86730277356029,-0.983532305981482,282.080358530774,4.00699299842514e-63,Mitoxy-80_v1.0,NA
rs793399,0.00019330731225,2.35390369331463,0.991481747918442,0.36406000955578,0.00803357275204,-0.0840572708752184,0.832750880441247,-0.891193469474062,-0.527133459918282,7.37809541820567e-186,Mitoxy-80_v1.0,NA
rs793400,0.00023010159481,-1.02839983914669,0.989876789866063,-1.77301229972565,0.00972207832036,-0.307971756764158,0.804471601976882,-0.777874126523296,-2.55088642624895,9.75078367356107e-187,Mitoxy-80_v1.0,NA
rs79358422,0.00127354769424,-3.14760639788381,0.946430052820911,3.22495934573176,0.094249614001,-0.275509526027602,0.297952439548184,-0.165568949368995,3.05939039636276,2.66410775966505e-184,Mitoxy-80_v1.0,NA
rs793935,0.000148254976,-2.67058968462549,0.993454022124128,1.0282292721182,0.00603028349401,1.41842948738586,0.868993127213854,-0.142070769851733,0.886158502266471,3.03199979777297e-185,Mitoxy-80_v1.0,NA
rs793938,0.000192182769,2.23898867489,0.991530882200431,0.0996425359278605,0.007869286681,-0.00918498686717244,0.835608858484966,-0.902718093124092,-0.803075557196231,5.59891839095447e-186,Mitoxy-80_v1.0,NA
rs793939,0.00019193885764,2.01619725426225,0.991541539978397,-0.370960429432584,0.00786823994961,-0.0031153251690189,0.835627130684296,-0.902804864250537,-1.27376529368312,3.49692390626784e-186,Mitoxy-80_v1.0,NA
rs793940,0.00019226040964,-2.11270175539817,0.99152748971811,-0.172618428538268,0.00786832865296,0.00311215102881957,0.83562558220897,-0.902800162286931,-1.0754185908252,4.26409685411341e-186,Mitoxy-80_v1.0,NA
rs793941,0.000191600964,-1.86710735442855,0.991556304718033,-0.658840422114208,0.00787004959689,-0.000631464504194974,0.835595541196153,-0.902712670929189,-1.5615530930434,2.62241565514345e-186,Mitoxy-80_v1.0,NA
rs794182,0.00015994155024,-8.55038428693425,0.9929416609533,33.8197486614379,0.00641625030225,-1.39881275631542,0.861767155673517,-0.146307827722817,33.6734408337151,5.26095953183804e-171,Mitoxy-80_v1.0,NA
rs794183,0.00015708360889,-8.45659163987138,0.993066909598711,33.0233399588689,0.00596796420676,-0.192340451971843,0.870171230992162,-1.00467350226264,32.0186664566062,1.0055544224258e-171,Mitoxy-80_v1.0,NA
rs794184,0.00015573792025,-12.1340598581674,0.993125895047064,70.621651578615,0.006263772736,-1.38800161730517,0.864607394391641,-0.166934230828298,70.4547173477867,4.95416410750637e-155,Mitoxy-80_v1.0,NA
rs794185,0.000141776649,-18.6411354665323,0.993738271903399,170.121366206356,0.005826879556,-1.6142872114654,0.872850178487942,0.10609567016639,170.227461876522,1.06101807338406e-111,Mitoxy-80_v1.0,NA
rs794186,0.00015998202256,-8.82451535372063,0.992939887489729,36.1844956762342,0.00640414467081,-1.48719352109754,0.861991968255403,-0.0369686699962846,36.1475270062379,6.24520837767917e-170,Mitoxy-80_v1.0,NA
rs794187,0.00015919373584,-8.44006594173034,0.992974430701468,32.8880248296486,0.00640547316964,-1.49292427487249,0.861967291094649,-0.0295460857998101,32.8584787438487,2.32879587173738e-171,Mitoxy-80_v1.0,NA
rs794188,0.00015992384521,-8.53298645432189,0.992942436775055,33.6721640500763,0.00640625752881,-1.49285786571813,0.861952722112253,-0.0295950061666656,33.6425690439096,5.10102571863467e-171,Mitoxy-80_v1.0,NA
rs794189,0.000159997201,-8.49292434184521,0.992939222384681,33.3336357822006,0.00640870695936,-1.49974267498101,0.861907228637676,-0.02060180640709,33.3130339757935,3.66895387112639e-171,Mitoxy-80_v1.0,NA
rs794190,0.00015569050176,-11.7105853689812,0.993127973665252,65.6075493912154,0.00625769595136,-1.50253585081208,0.864720976203831,-0.0241048116701988,65.5834445795453,3.79667572452582e-157,Mitoxy-80_v1.0,NA
rs794191,0.00015983027776,-8.60255964057458,0.992946536853947,34.2639055491422,0.006405121024,-1.4875049980008,0.861973832140479,-0.0365236929264149,34.2273818562158,9.15458139709193e-171,Mitoxy-80_v1.0,NA
rs794192,0.00015433838289,-12.0571828741156,0.993187248275299,69.6981457099891,0.006240210025,-1.43520475979492,0.865047974011662,-0.11049956078774,69.5876461492014,2.08164252631498e-155,Mitoxy-80_v1.0,NA
rs794208,0.00085960962481,1.39629797640446,0.963201027816106,-0.712191184511939,0.062344596721,0.452935451701917,0.390836461147464,-0.2077441030233,-0.919935287535239,4.98141359051524e-186,Mitoxy-80_v1.0,NA
rs794209,0.00014831586225,2.54599499117297,0.993451351387358,0.705572496424005,0.00603669949444,-1.4368398969319,0.868872018178256,-0.11889373346588,0.586678762958125,2.24732958844856e-185,Mitoxy-80_v1.0,NA
rs79584844,0.00159318327609,2.01949908179192,0.933874106304953,0.546247687039085,0.055143719929,0.534780923829032,0.4204166079469,-0.212605254900268,0.333642432138817,1.74491584992849e-185,Mitoxy-80_v1.0,NA
rs79648489,0.00123363917824,0.723800792638484,0.948021490974252,-1.2301341210307,0.155093404761,1.32452979668325,0.205029996011409,0.065124730439119,-1.16500939059158,3.89868610889489e-186,Mitoxy-80_v1.0,NA
rs79724749,0.000354342976,-0.980099872503187,0.984495595591083,-1.61046442253222,0.012525414889,0.0241482527230001,0.761536107511583,-0.716546646783718,-2.32701106931594,1.21974024543039e-186,Mitoxy-80_v1.0,NA
rs79880608,0.001895644521,-0.30129998392246,0.922295780323893,-1.23555907755757,0.095828012721,-1.79139168047655,0.294490062827929,0.298104485651707,-0.937454591905867,4.89490270756401e-186,Mitoxy-80_v1.0,NA
rs79992552,0.00043730337924,-29.4744593961304,0.980934839112962,424.110562278159,0.018509330401,0.567360289307529,0.683651645401779,-0.465422696900377,423.645139581259,0.12123327172664,Mitoxy-80_v1.0,NA
rs80000720,0.00070306113409,-6.40328414160881,0.969699638766324,18.1315376469696,0.029748660484,-0.450742703417247,0.573487716071276,-0.367799596876833,17.7637380500928,6.47990790421373e-178,Mitoxy-80_v1.0,NA
rs80078284,0.00095250625129,6.32109309943719,0.959385737239166,17.5648948307904,0.048047763204,-0.929971988795518,0.454298877613995,-0.106392208879215,17.4585026219112,4.77536719173561e-178,Mitoxy-80_v1.0,NA
rs80155735,0.00035550725401,-0.818901187489724,0.984445444589832,-1.75161672383854,0.012393478276,-0.00180855325799903,0.763453798377095,-0.72080461863799,-2.47242134247653,1.05466971264994e-186,Mitoxy-80_v1.0,NA
rs80204284,0.00128939882724,0.663700770297592,0.945799436269757,-1.2492202678548,0.029554079569,-0.67991367726699,0.575092075804391,-0.295013858765251,-1.54423412662006,2.66822875648703e-186,Mitoxy-80_v1.0,NA
rs807785,0.00017106285681,1.11580307513514,0.992454572690728,-1.82559561632112,0.00739938878809,-0.630663673553849,0.843892738339503,-0.760782423199044,-2.58637803952016,9.41078192525704e-187,Mitoxy-80_v1.0,NA
rs809918,0.00015917859556,-8.39647765642091,0.992975094181429,32.5236409120073,0.00640813058064,-1.4333897974786,0.86191793333487,-0.104502529381466,32.4191383826258,1.500819030648e-171,Mitoxy-80_v1.0,NA
rs813811,0.00015870708441,-9.00729486660475,0.99299575726811,37.8009289303382,0.00598576100329,-0.175648235633216,0.869834468916112,-1.00605596307929,36.794872967259,1.19312435890117e-169,Mitoxy-80_v1.0,NA
rs873768,0.00021498010884,-7.16181746259088,0.990535756236197,23.0729792442053,0.00701469901444,-0.372232662876192,0.850797747055968,-0.892284187793781,22.1806950564115,5.36820247732648e-176,Mitoxy-80_v1.0,NA
rs901870,0.00014645356324,-24.5242030111223,0.993533046451135,296.253010533881,0.00615598729201,-0.192267152348773,0.866626462715149,-0.991282626203265,295.261727907678,2.1252722318056e-57,Mitoxy-80_v1.0,NA
rs901871,0.00018185331609,-18.5198697841353,0.991982431349162,167.704773174553,0.00704291886841,-0.49435488387445,0.850287375064658,-0.845619343509872,166.859153831043,3.65498150971724e-113,Mitoxy-80_v1.0,NA
rs901872,0.00018182904336,-18.5704962771796,0.99198349290913,168.636240078867,0.00704291886841,-0.49435488387445,0.850287375064658,-0.845619343509872,167.790620735357,9.27718294360077e-113,Mitoxy-80_v1.0,NA
rs902982,0.00014337188644,-0.968998981108754,0.993668262520307,-2.06458340689452,0.00583448490244,-0.850617539321165,0.872705345879661,-0.714902321329925,-2.77948572822444,7.75818454610027e-187,Mitoxy-80_v1.0,NA
rs931502,0.00014182666281,-1.39220428076009,0.993736076822682,-1.57342838313196,0.00565379174889,-0.478878652830033,0.876159426581967,-0.943917592495578,-2.51734597562754,1.00833758182154e-186,Mitoxy-80_v1.0,NA
rs957384,0.00044423149824,-28.9820560995977,0.98063864120818,409.876170514619,0.018247416889,0.504435051042692,0.686725731996434,-0.49296780609033,409.383202708529,7.757849328544e-08,Mitoxy-80_v1.0,NA
rs964402,0.00015912561025,0.426000237821555,0.992977416119799,-2.38921114189774,0.00680418765625,1.30420972874678,0.854624383052584,-0.237374977848525,-2.62658611974626,9.0398986680784e-187,Mitoxy-80_v1.0,NA
rs964403,0.00015904740996,0.430600091980272,0.992980843056532,-2.38749859477629,0.00680445161881,1.30487543202678,0.854619563236686,-0.236620315836183,-2.62411891061247,9.06222952475999e-187,Mitoxy-80_v1.0,NA
rs9784254,0.000202977009,-6.34188250157928,0.991059454056641,17.5713654937784,0.00686647564164,-0.086058152978005,0.85348854276682,-0.957165353102831,16.6142001406756,2.05272543063152e-178,Mitoxy-80_v1.0,NA
rs9809832,0.00016103863801,9.97777795289241,0.992893589716586,46.9509043369185,0.00630248629924,1.62913380074117,0.863884495132534,0.149282232386459,47.100186569305,3.56637119997645e-165,Mitoxy-80_v1.0,NA
rs9813784,0.00043438479561,-29.2184973538881,0.981059670905445,416.792188459561,0.0185123236,0.552836248713803,0.683616673189167,-0.470934200283243,416.321254259278,7.9964797946059e-05,Mitoxy-80_v1.0,NA
rs9816891,0.00014183142649,-1.10860420007893,0.993735867747692,-1.92580528702245,0.00565150615225,-0.431170645081907,0.876203292539748,-0.963110601664244,-2.88891588868669,6.9540080842507e-187,Mitoxy-80_v1.0,NA
rs9818866,0.00043402638889,-29.2296947675116,0.981075002638863,417.119369449379,0.018512051481,0.551746668724597,0.683619852450205,-0.471350117848303,416.648019331531,0.000110869250590976,Mitoxy-80_v1.0,NA
rs9822292,0.00017244679761,8.52923034747447,0.992393992622438,33.6578166715059,0.00641634642441,-0.241657834189116,0.861765371066869,-0.964238507628756,32.6935781638771,1.97476767945145e-171,Mitoxy-80_v1.0,NA
rs9822773,0.00014169093156,0.609997983769343,0.993742034020856,-2.35206555183672,0.00562548001024,-0.730610160633146,0.876703105173306,-0.812591822241314,-3.16465737407803,5.27815555891257e-187,Mitoxy-80_v1.0,NA
rs9822821,0.00016098788161,10.0169450114674,0.99289581361364,47.3396440185318,0.006311508025,1.61178173579206,0.863716205881421,0.125390488285116,47.4650345068169,5.13662652422653e-165,Mitoxy-80_v1.0,NA
rs9826440,0.00020372138361,-1.44069613468693,0.991026960727369,-1.32827498488026,0.00820508060761,0.572549262049041,0.829788053371397,-0.749347923341912,-2.07762290822217,1.56521952166213e-186,Mitoxy-80_v1.0,NA
rs9829878,0.00230040140625,-2.93039353661715,0.907243380114393,2.70645492204686,0.2775498489,0.696393523527514,0.125964474990497,-0.0367730148231266,2.66968190722373,1.80427836316915e-184,Mitoxy-80_v1.0,NA
rs9832410,0.00024437818276,3.85520003070507,0.989255446739571,5.08475965239865,0.00920074232025,0.267989637251682,0.812995863754211,-0.809118222068139,4.27564143033051,8.99006641538955e-184,Mitoxy-80_v1.0,NA
rs9832761,0.00234088565929,-4.64959582660744,0.905764806802911,8.60976675829072,0.1110755584,0.308284325492079,0.264768175763367,-0.141203030027339,8.46856372826339,5.95286340358917e-182,Mitoxy-80_v1.0,NA
rs9834340,0.00024428752209,3.74039808825505,0.989259389996159,4.65329356198902,0.00920536626916,0.265821109265138,0.812919464539591,-0.809387246860488,3.84390631512853,5.83798160168088e-184,Mitoxy-80_v1.0,NA
rs9838462,0.00024484112676,3.8292943236576,0.989235311629768,4.98708148295523,0.00920611465225,0.268940108495703,0.812907100726982,-0.808676708744527,4.1784047742107,8.15705812465864e-184,Mitoxy-80_v1.0,NA
rs9847665,0.00185281176249,-12.1039022588357,0.923917953271259,66.3910742650269,0.084451847236,-0.0313783610799502,0.321409451835194,-0.19371044746014,66.1973638175668,7.0149607090606e-157,Mitoxy-80_v1.0,NA
rs9847780,0.00174242795776,0.126899986584384,0.928124857757812,-1.30893932163218,0.121384650409,-1.20825308622486,0.247855046304759,0.0385056493333844,-1.27043367229879,3.50859376170905e-186,Mitoxy-80_v1.0,NA
rs9859047,0.00132317700025,0.278099270113126,0.944458415423093,-1.40878980252117,0.029648018596,-0.675194266665118,0.574316409947336,-0.296117699431793,-1.70490750195297,2.2721840144555e-186,Mitoxy-80_v1.0,NA
rs9860793,0.00024502580089,2.03809420377812,0.989227279712278,-0.210829141559002,0.00991133740249,1.0038732086661,0.80142112156675,-0.404463799288934,-0.615292940847935,6.75549367039865e-186,Mitoxy-80_v1.0,NA
rs9863772,0.00184946442916,-12.2354867063206,0.924044964744886,67.879255236516,0.084594304201,-0.0410072511354611,0.321041963005553,-0.193328046036781,67.6859271904792,3.10813663056676e-156,Mitoxy-80_v1.0,NA
rs9864595,0.00022373278929,2.46850117330873,0.990154223719993,0.706395052157542,0.00948089742601,1.14914362652113,0.808392775410207,-0.292399963650105,0.413995088507437,1.89091149882185e-185,Mitoxy-80_v1.0,NA
rs9865200,0.00020928251556,2.86009152115908,0.99078427442978,1.70894689150202,0.00818190802521,0.272840640370399,0.830187131216783,-0.855628708591727,0.853318182910295,2.93404518983238e-185,Mitoxy-80_v1.0,NA
rs9872911,0.00016098280641,9.96311446338638,0.992896035984615,46.805691037771,0.00630401064484,1.62078798153097,0.863856055727162,0.137633653155727,46.9433246909267,3.04861299016187e-165,Mitoxy-80_v1.0,NA
rs9875154,0.00041367085321,-27.7500258126054,0.9819465481607,376.073601052516,0.019004828164,1.04807845754327,0.677910626039324,-0.194131388147792,375.879469664369,2.18401167847457e-22,Mitoxy-80_v1.0,NA
rs9879961,0.0018498601,-12.1082073936294,0.924029949560162,66.4467004527329,0.084423951364,-0.0317905203091982,0.321481511891394,-0.193759325203678,66.2529411275292,7.41587092006976e-157,Mitoxy-80_v1.0,NA
rs9989986,0.00020236769536,-1.8648000787313,0.991086053310582,-0.636828458389216,0.00821638912249,0.340595051205647,0.829593437583704,-0.836665587986279,-1.47349404637549,2.86381584022808e-186,Mitoxy-80_v1.0,NA
rs9990134,0.00024214160881,1.67450468803218,0.98935273498094,-0.88417042193193,0.00995054130576,1.0923847446277,0.800792122654884,-0.328908800999325,-1.21307922293125,3.71570996981666e-186,Mitoxy-80_v1.0,NA
rs9990308,0.00017875155204,8.16541758291074,0.99211810440139,30.6526698005648,0.00718873362496,-0.137211864166895,0.847659958792418,-0.932840584200916,29.7198292163638,1.00933016337581e-172,Mitoxy-80_v1.0,NA
rs9990361,0.00016402437184,0.608801299269161,0.99276278699895,-2.28028123142894,0.00662016558736,-1.46147455152376,0.857997810519255,-0.059654265596773,-2.33993549702571,1.2040772365462e-186,Mitoxy-80_v1.0,NA
