snp,V.df1,z.df1,r.df1,lABF.df1,V.df2,z.df2,r.df2,lABF.df2,internal.sum.lABF,SNP.PP.H4,gene_set_version,score_version
rs10050544,0.00127973614756,6.87519218190052,0.946183753275525,20.9011434581615,0.203380254529,-0.467662430678283,0.164351870193454,-0.0718012792671608,20.8293421788943,6.53031044353186e-98,Mitoxy-80_v1.0,NA
rs10054335,0.00019677636729,-0.645999700592399,0.991330206364742,-2.16710635885807,0.00996235549456,0.26063603829615,0.800602765903527,-0.779035215268497,-2.94614157412657,3.08583307123234e-108,Mitoxy-80_v1.0,NA
rs10054477,0.00028651655824,-0.744901576198691,0.987426048316438,-1.91411329351947,0.011884706289,0.275978058467945,0.770940087377547,-0.707526943710835,-2.6216402372303,4.26875833585214e-108,Mitoxy-80_v1.0,NA
rs10064170,0.00125707829809,7.05310630568632,0.947086157551997,22.0874749617359,0.201255418225,-0.492555977842917,0.165799385125913,-0.0705282703168426,22.0169466914191,2.14143015555647e-97,Mitoxy-80_v1.0,NA
rs10066644,0.00025164428689,3.42010804813626,0.988939512075837,3.53169341392178,0.010160236804,-0.98517629318042,0.797444401155822,-0.411381699266439,3.12031171465534,1.33045324514201e-105,Mitoxy-80_v1.0,NA
rs10066669,0.00015202643401,-2.95400611521586,0.993288616607751,1.83181869787491,0.00665467640644,-1.36626859304552,0.857363143011289,-0.173511123846028,1.65830757402888,3.08360887080537e-106,Mitoxy-80_v1.0,NA
rs10079107,0.00027821572804,0.208200338133551,0.987785885805905,-2.18117258192113,0.012480688089,0.0270883571882525,0.762185128597505,-0.717851741864966,-2.89902432378609,3.23470880677948e-108,Mitoxy-80_v1.0,NA
rs10079411,0.001286298225,6.72028439983271,0.945922723543083,19.9013156089103,0.203937140836,-0.465158970225468,0.163976669821231,-0.0718093285543926,19.8295062803559,2.40276122092019e-98,Mitoxy-80_v1.0,NA
rs1019443,0.00013932025156,-20.2088381313859,0.993846093875084,200.396616355641,0.00573271579609,0.496194266106846,0.874647378877505,-0.930639353284375,199.465977002357,2.48793252220244e-20,Mitoxy-80_v1.0,NA
rs10447303,0.00013764686329,-21.0299770718444,0.993919559567244,217.234061150902,0.00563688627264,0.0613164498289806,0.876483986243834,-1.04404457114126,216.190016579761,4.56033451620956e-13,Mitoxy-80_v1.0,NA
rs10447304,0.00013771726609,-20.8927764948489,0.993916468499397,214.375214457796,0.005637456889,0.059394003968941,0.876473027348752,-1.04410192833019,213.331112529465,2.61451084420046e-14,Mitoxy-80_v1.0,NA
rs10479548,0.00029731760041,0.727499434549873,0.986958220014242,-1.9086221176961,0.013104983529,0.198855665330154,0.753224977052417,-0.684746493419437,-2.59336861111553,4.39116524360577e-108,Mitoxy-80_v1.0,NA
rs10516146,0.000137663289,-21.0410807125202,0.993918838387048,217.466111547642,0.00563846304609,0.0518839467996277,0.87645370440289,-1.04438998289446,216.421721564748,5.74943140964394e-13,Mitoxy-80_v1.0,NA
rs10794700,0.00013789100329,-21.0919124221857,0.993908840568675,218.529043095389,0.00563736678976,-0.123685710632585,0.876474757719262,-1.03895065307594,217.490092442313,1.67344897165089e-12,Mitoxy-80_v1.0,NA
rs10794701,0.00034331642944,1.46350006476404,0.984970814964611,-1.0440594278505,0.013541278689,0.378370156487664,0.747087125661382,-0.633877128473146,-1.67793655632365,1.09684906726104e-107,Mitoxy-80_v1.0,NA
rs10903245,0.00013786282225,-21.0594046757229,0.993910077849111,217.848266911163,0.00563840297449,-0.120581361126019,0.876454858036079,-1.03920256635868,216.809064344804,8.46926514107716e-13,Mitoxy-80_v1.0,NA
rs111249782,0.00022054329049,0.127600045789087,0.990293221087618,-2.30940352624282,0.00746490816009,-1.32036338089137,0.842727849911512,-0.190299983463898,-2.49970350970671,4.82234210825756e-108,Mitoxy-80_v1.0,NA
rs111288820,0.00068854284801,-7.56289038532628,0.970306765176101,25.9910508756975,0.028005353104,0.970408968138251,0.588188990634728,-0.166648481131098,25.8244023945664,9.64408248207201e-96,Mitoxy-80_v1.0,NA
rs111302305,0.00132595754769,1.0918994773945,0.944348194819202,-0.881373425922314,0.019294599025,1.10277527806774,0.674597697897157,-0.151152883792707,-1.03252630971502,2.09143792461147e-107,Mitoxy-80_v1.0,NA
rs111368650,0.00073158889441,-7.66850661234329,0.968508873941634,26.7480386094173,0.027573930916,0.942867982704422,0.591944252136572,-0.185056508710604,26.5629821007067,2.0184686424432e-95,Mitoxy-80_v1.0,NA
rs111374658,0.00072636718144,-7.4722090296536,0.968726612484606,25.3114022830131,0.027929428641,1.02114037134771,0.58884640722353,-0.137390997060189,25.1740112859529,5.03268381954498e-96,Mitoxy-80_v1.0,NA
rs111606710,0.000430728516,-3.16329382287752,0.981216099798161,2.9218564601064,0.019158435396,-3.13721877844727,0.676150404118102,2.76364599109234,5.68550245119874,1.73000675573254e-104,Mitoxy-80_v1.0,NA
rs111937903,0.00037448829289,3.56619831849398,0.983628560862435,4.19867263181876,0.014661335056,0.285424168345942,0.731778687055858,-0.628163531337483,3.57050910048128,2.08697793579183e-105,Mitoxy-80_v1.0,NA
rs112003561,0.00184534680625,-5.5745096898097,0.924201252052969,13.0700133437239,0.132289328656,1.18103960232709,0.232167600350139,0.0298281163212751,13.0998414600452,2.87113965536859e-101,Mitoxy-80_v1.0,NA
rs112104831,0.00111857471401,6.09748513235123,0.952640041680987,16.1842677456487,0.165127636881,-0.46798028344395,0.195000540191496,-0.0871037364471037,16.0971640092016,5.75141838232247e-100,Mitoxy-80_v1.0,NA
rs112123775,0.00155072926849,0.306501131305026,0.93552256768689,-1.32677712965623,0.105792116049,-1.11904739944106,0.274363258343518,0.0114351658827018,-1.31534196377352,1.57623040617202e-107,Mitoxy-80_v1.0,NA
rs112127871,0.00129090022681,6.75449705113682,0.945739748622237,20.1168695619861,0.204145830625,-0.464370054777846,0.163836506638685,-0.0718007442979236,20.0450688176882,2.98076840729339e-98,Mitoxy-80_v1.0,NA
rs112211556,0.00133612911961,6.74539231966646,0.943945213884969,20.0341906174927,0.203681618721,-0.465913749055529,0.164148614121763,-0.0718358936748807,19.9623547238178,2.7441380770013e-98,Mitoxy-80_v1.0,NA
rs112219346,0.00014600130561,-13.1442262333342,0.993552888051197,83.3063441641065,0.00605473846884,-1.21750830846577,0.868531693585959,-0.370770971563387,82.9355731925431,6.12811982595303e-71,Mitoxy-80_v1.0,NA
rs112294644,0.00023287370404,0.941298279183759,0.989756081564003,-1.8520525844997,0.00863659824889,-2.00191965635569,0.822425939316447,0.783827187448372,-1.06822539705133,2.01809247162178e-107,Mitoxy-80_v1.0,NA
rs112342922,0.00038383862724,2.72680407109097,0.983226650323294,1.61138944161158,0.012089882116,0.15609709514888,0.767903446410633,-0.72094542324621,0.890444018365371,1.43080477645014e-106,Mitoxy-80_v1.0,NA
rs11249650,0.00014729220496,-1.30040209617349,0.993496255374506,-1.67766484440339,0.00580877195409,0.830917151805477,0.873195204623437,-0.731116046525735,-2.40878089092913,5.28135315055199e-108,Mitoxy-80_v1.0,NA
rs11249651,0.00014815514961,1.39030061042237,0.993458400976534,-1.55464117395759,0.00582820784329,-1.15498796872524,0.872824879750489,-0.44892214507864,-2.00356331903623,7.92006897926039e-108,Mitoxy-80_v1.0,NA
rs11249652,0.00029506650625,1.13189928685781,0.987055685660356,-1.54124342124305,0.0130576329,0.224697645926315,0.753897183377738,-0.68197116876943,-2.22321459001248,6.35822114669644e-108,Mitoxy-80_v1.0,NA
rs11249653,0.00032264781376,0.442199817396339,0.985862822912008,-2.03308549665467,0.013131784836,-0.209204670401592,0.752845027199191,-0.682395128057352,-2.71548062471202,3.88639739747083e-108,Mitoxy-80_v1.0,NA
rs11249655,0.00014387282809,-10.4237704986369,0.993646279981244,51.4529566031606,0.00600084171801,-1.28870033085867,0.869549306188878,-0.296328602854215,51.1566280003063,9.68069886781283e-85,Mitoxy-80_v1.0,NA
rs11249656,0.00014373851881,-10.2168636511498,0.993652173703976,49.3310233016461,0.00600112059561,-1.28963337890118,0.86954403462548,-0.295266840387117,49.035756461259,1.16097777171534e-85,Mitoxy-80_v1.0,NA
rs11249658,0.00014377928464,-10.4106481635921,0.993650384821692,51.3170263472526,0.00600460711236,-1.29470611464278,0.869478135142105,-0.289369844709433,51.0276565025432,8.50932480442864e-85,Mitoxy-80_v1.0,NA
rs112500613,0.001107425284,6.09189254161909,0.953089959168459,16.1553727091601,0.1651365769,-0.467957772473362,0.194992041909226,-0.0871014427520898,16.068271266408,5.58762179118819e-100,Mitoxy-80_v1.0,NA
rs112637075,0.00032014513476,2.90970009948247,0.985970942214896,2.04047757288498,0.012112763364,0.157496047538571,0.767566281615233,-0.720055345684305,1.32042222720068,2.19946747784654e-106,Mitoxy-80_v1.0,NA
rs112931304,0.00108690221124,5.81730273414988,0.953919247152258,14.602115953605,0.165154457664,-0.457041477194433,0.194975046876689,-0.0880771344701591,14.5140388191349,1.18095249203537e-100,Mitoxy-80_v1.0,NA
rs112991909,0.00199262246544,4.46170147943045,0.918643972557383,7.88916159439286,0.301616246416,-0.770763079119294,0.117090449940985,-0.0274859623007155,7.86167563209214,1.52457152207517e-103,Mitoxy-80_v1.0,NA
rs113016833,0.00126358209961,7.007981005376,0.946826951664382,21.7830850768544,0.203269329316,-0.467275437281249,0.164426810862134,-0.0718676720828139,21.7112174047716,1.57734746427847e-97,Mitoxy-80_v1.0,NA
rs113341439,0.000329567716,2.94429877712901,0.985563996651192,2.15286056367768,0.014017139236,-0.125693024984374,0.740505709220191,-0.668660761434006,1.48419980224368,2.59086773024257e-106,Mitoxy-80_v1.0,NA
rs113370076,0.00017525258689,-0.578701948135335,0.992271195823798,-2.26524676390957,0.00694760591529,1.22157396976448,0.852013627109635,-0.319611872285692,-2.58485863619526,4.42869340507486e-108,Mitoxy-80_v1.0,NA
rs113388302,0.00110382088644,6.06929369909523,0.953235499805283,16.0255313622284,0.165157708816,-0.466476047992598,0.194971957090215,-0.087226143619304,15.9383052186091,4.90663175267495e-100,Mitoxy-80_v1.0,NA
rs1134924,0.00013719905424,-22.3476932008332,0.993939221283019,245.643301997164,0.00563958944784,0.138505829777941,0.8764320732051,-1.03707545255601,244.606226544608,0.999999735578349,Mitoxy-80_v1.0,NA
rs113590128,0.00111723731001,6.1884033256445,0.952693988067077,16.7167854584326,0.1651365769,-0.467960233284937,0.194992041909226,-0.0871012182072624,16.6296842402253,9.79592742670316e-100,Mitoxy-80_v1.0,NA
rs113617524,0.00112328203716,6.59789231219081,0.952450212659145,19.2081294792762,0.165157708816,-0.466476047992598,0.194971957090215,-0.087226143619304,19.1209033356569,1.18295511197275e-98,Mitoxy-80_v1.0,NA
rs1136267,0.00015199930944,-3.01719550970086,0.993289806018286,2.01912764175597,0.006654806929,-1.3677139389779,0.857360744432457,-0.171811002474257,1.84731663928171,3.7251595667327e-106,Mitoxy-80_v1.0,NA
rs113829727,0.00016428830625,18.2535595865028,0.992751225892026,162.925138975277,0.00623002383025,0.29975231374437,0.86523857627403,-0.963253177637714,161.961885797639,1.28238591173562e-36,Mitoxy-80_v1.0,NA
rs113849862,0.00026008657984,2.24440076392678,0.988572689346869,0.254011241158023,0.00799582909636,1.28132150294008,0.833405751147522,-0.211960590579333,0.0420506505786901,6.12530647498877e-107,Mitoxy-80_v1.0,NA
rs113942413,0.00040677242596,2.31699770931051,0.982242263624228,0.621106177595339,0.013981880025,0.232091843206901,0.740989383501932,-0.655485815754161,-0.0343796381588216,5.67459107313795e-107,Mitoxy-80_v1.0,NA
rs114049810,0.00108793765921,6.08499904498862,0.953877372624596,16.1214846975958,0.165157708816,-0.466476047992598,0.194971957090215,-0.087226143619304,16.0342585539765,5.40076734473329e-100,Mitoxy-80_v1.0,NA
rs114237345,0.00220506315561,3.69770071617037,0.910744484168247,5.0181743502112,0.151932346225,-1.59695729697141,0.208406768253166,0.148893228544068,5.16706757875527,1.03013559695543e-104,Mitoxy-80_v1.0,NA
rs114269910,0.00110710583824,5.90499260666242,0.953102856155851,15.0869427971071,0.165367475716,-0.464082487815194,0.194772808403778,-0.0873410491545775,14.9996017479526,1.91915356702243e-100,Mitoxy-80_v1.0,NA
rs114420347,0.00246635397376,0.205799558619801,0.90121288930085,-1.13830932934882,0.291522245184,-1.90332785112089,0.120655553529445,0.154257539135694,-0.984051790213124,2.19531677143666e-107,Mitoxy-80_v1.0,NA
rs114443236,0.00110421296209,-5.26351426585254,0.953219666173007,11.673130215311,0.037762205625,1.5075723658819,0.514388701792948,0.223371359901601,11.8965015752126,8.61887229244953e-102,Mitoxy-80_v1.0,NA
rs114457992,0.00118148937984,6.42019271051529,0.95010916075043,18.0822561630804,0.165157708816,-0.466476047992598,0.194971957090215,-0.087226143619304,17.9950300194611,3.83714045817014e-99,Mitoxy-80_v1.0,NA
rs114666815,0.00244852770276,-1.40930145141929,0.901856825704022,-0.265061241542573,0.098196369769,0.210446989593538,0.289443203659122,-0.164443777087166,-0.429505018629739,3.82237945509109e-107,Mitoxy-80_v1.0,NA
rs114690837,0.00225242312409,-0.610300950069217,0.909001914164199,-1.02917168227886,0.240889548025,-1.61265268283738,0.142404729123064,0.108360833561729,-0.920810848717131,2.33863468845837e-107,Mitoxy-80_v1.0,NA
rs115374641,0.00277235947024,1.56889989592276,0.890300726629635,-0.00929229331845893,0.185262237241,-1.54258272714389,0.177570819192413,0.113523888575028,0.104231595256569,6.51827477973637e-107,Mitoxy-80_v1.0,NA
rs115390848,0.00056962891561,1.43419966564573,0.975308275755378,-0.847573788578782,0.026523705321,-0.811894806000209,0.601289417163192,-0.261582813388215,-1.109156601967,1.93715720350017e-107,Mitoxy-80_v1.0,NA
rs11541393,0.000433555684,-3.16219383344539,0.981095138932055,2.92104753078601,0.019180034064,-3.11987696040205,0.675903632578889,2.72614150877048,5.64718903955649,1.66497798630657e-104,Mitoxy-80_v1.0,NA
rs116087223,0.00080290056025,4.09631028215489,0.965545037701462,6.41675487625701,0.015846529689,-0.0286419135228744,0.716248623195628,-0.629534638434715,5.78722023782229,1.91524030456654e-104,Mitoxy-80_v1.0,NA
rs116184558,0.00109814029924,6.14840274969673,0.953464964386394,16.4880746544261,0.165127636881,-0.46798028344395,0.195000540191496,-0.0871037364471037,16.400970917979,7.79321441559596e-100,Mitoxy-80_v1.0,NA
rs116209436,0.00210493769616,-3.39220481434014,0.914450598406168,4.03198534385536,0.107207130625,1.7183416049477,0.271725967554501,0.242623401277451,4.27460874513281,4.21992223637095e-105,Mitoxy-80_v1.0,NA
rs116338314,0.00218394524929,3.00359277336854,0.911523655265245,2.8991769985021,0.047001806401,0.793873587977804,0.459760568828146,-0.162992759353447,2.73618423914865,9.06098004994577e-106,Mitoxy-80_v1.0,NA
rs116663304,0.00109178037241,6.08299714606517,0.95372200168128,16.1086738108958,0.165157708816,-0.466476047992598,0.194971957090215,-0.087226143619304,16.0214476672765,5.33202002348338e-100,Mitoxy-80_v1.0,NA
rs116755034,0.0011055625,-5.20421052631579,0.953165170285605,11.3771067878465,0.037762205625,1.50756207384536,0.514388701792948,0.223363378678958,11.6004701665254,6.41040750918962e-102,Mitoxy-80_v1.0,NA
rs11738269,0.00016433445249,18.088429165399,0.992749204578035,159.946114304329,0.006230576356,0.306084830364608,0.865228235356158,-0.961555563461692,158.984558740867,6.53103523281876e-38,Mitoxy-80_v1.0,NA
rs11738663,0.000186950929,-1.59599941490529,0.991759539235348,-1.13623755216144,0.007382418241,0.0461954586189639,0.844194988034359,-0.928674223755954,-2.06491177591739,7.44878892228434e-108,Mitoxy-80_v1.0,NA
rs11738720,0.00015544104976,20.423577913953,0.993138908687825,204.63936512057,0.00621741712036,-0.083779578088182,0.865474587120078,-0.999963686496369,203.639401434073,1.61559982911671e-18,Mitoxy-80_v1.0,NA
rs11738962,0.00028786212225,-1.68549789290661,0.987367743375587,-0.783242778709133,0.011587015449,0.476226972492406,0.775388916219525,-0.658766392774796,-1.44200917148393,1.38870126667001e-107,Mitoxy-80_v1.0,NA
rs11739042,0.00016481167641,17.5552855217754,0.992728301529126,150.511616896786,0.00623063950336,0.29972483479953,0.865227053523515,-0.963218071168539,149.548398825617,5.21086527868584e-42,Mitoxy-80_v1.0,NA
rs11739941,0.00027558988081,-3.16940647796204,0.987899769786327,2.75452907328494,0.010899568801,0.775488740529305,0.785861274314256,-0.53426389000954,2.2202651832754,5.40896753920211e-106,Mitoxy-80_v1.0,NA
rs11740569,0.00016519189729,18.5192216421452,0.992711647973748,167.770233878783,0.00629778739396,0.00506025811947287,0.863972173435191,-0.997436842013119,166.77279703677,1.57532781879546e-34,Mitoxy-80_v1.0,NA
rs11740867,0.000143808064,-0.0265998999332889,0.993649121932427,-2.52922956809805,0.00602460049489,-1.27653143652979,0.86910042824687,-0.308548738347016,-2.83777830644507,3.43901443155996e-108,Mitoxy-80_v1.0,NA
rs11741546,0.00016637388196,-1.96570945684028,0.992659880983768,-0.539374436619529,0.00612270255529,1.57446161356819,0.867251869121278,0.0652772164189701,-0.474097220200559,3.6556756085211e-107,Mitoxy-80_v1.0,NA
rs11741570,0.00016442676441,18.1699147618713,0.992745161123237,161.412280624779,0.006230576356,0.306084830364608,0.865228235356158,-0.961555563461692,160.450725061317,2.82963207131533e-37,Mitoxy-80_v1.0,NA
rs11741697,0.00014320669561,1.91120507399577,0.993675511709313,-0.716861402194868,0.00565558145296,0.30170497157051,0.876125081031175,-1.00436643766511,-1.72122783985998,1.05037821226903e-107,Mitoxy-80_v1.0,NA
rs11743232,0.000156400036,20.8265632496402,0.99309687171168,212.887876865339,0.00622659871744,-0.131616499047001,0.865302685246214,-0.994867788224818,211.893009077114,6.20626125928616e-15,Mitoxy-80_v1.0,NA
rs11744173,0.000143376676,1.84290128611993,0.99366805233815,-0.843683676045236,0.00566649123121,0.347258957358312,0.875915773723002,-0.990584541109053,-1.83426821715429,9.38108114627404e-108,Mitoxy-80_v1.0,NA
rs11744616,0.0001643524,18.183151326053,0.992748418437052,161.651443929196,0.00623056056921,0.306085218138214,0.865228530813887,-0.961556543068101,160.689887386128,3.5941553702405e-37,Mitoxy-80_v1.0,NA
rs11744662,0.00013755067524,-21.262512576525,0.993923782779625,222.122022047252,0.005630701444,-0.00420717503131747,0.876602785716318,-1.04616561315042,221.075856434101,6.0379566275203e-11,Mitoxy-80_v1.0,NA
rs11745394,0.00111270279184,-2.78340508196132,0.952876940786951,2.16363624470854,0.045557487364,1.17112377132898,0.467521911084439,0.00550360597043076,2.16913985067897,5.13938230961008e-106,Mitoxy-80_v1.0,NA
rs11746066,0.00014524829361,10.4410093014379,0.993585926207266,51.6330931942252,0.00614049333769,1.45270688464842,0.866917475442897,-0.093640120657925,51.5394530735673,1.41959848705815e-84,Mitoxy-80_v1.0,NA
rs11746924,0.00016527416481,18.4939988643347,0.992708044755682,167.306478804839,0.00629778739396,0.00506178284395138,0.863972173435191,-0.997436835346138,166.309041969493,9.90751356508081e-35,Mitoxy-80_v1.0,NA
rs11747219,0.00027504564025,-3.09990653923845,0.987923376989247,2.53844376250372,0.010908758025,0.774762793814927,0.785719423372242,-0.534417564617317,2.0040261978864,4.35715467228137e-106,Mitoxy-80_v1.0,NA
rs11747310,0.00029607396624,-2.9728014505893,0.987012063275524,2.18951632388466,0.016572442756,1.62466791989684,0.70705803128428,0.319265671786237,2.50878199567089,7.21797934059354e-106,Mitoxy-80_v1.0,NA
rs11747496,0.00016572957696,18.4002143922446,0.992688098726437,165.587031374963,0.00630434412001,-0.000955033948405477,0.863849834398461,-0.996998027818801,164.590033347144,1.77585996496636e-35,Mitoxy-80_v1.0,NA
rs11747643,0.00028465088656,-2.04279973446502,0.987506901555033,-0.130841120230348,0.011594120976,-0.0413859170102901,0.775282129888535,-0.74579083775923,-0.876631957989578,2.44426920195661e-107,Mitoxy-80_v1.0,NA
rs11749559,0.00014619711744,-13.1097823210269,0.993544297230928,82.857041385072,0.00605509641025,-1.21790668834215,0.868524943334993,-0.370328972442799,82.4867124126292,3.91191571297239e-71,Mitoxy-80_v1.0,NA
rs11749841,0.00017436674304,11.3010420453169,0.992309961948837,60.9317998467275,0.00642022395169,0.668042827386264,0.861693386951955,-0.796862324720632,60.1349375220068,7.67603582665742e-81,Mitoxy-80_v1.0,NA
rs11750523,0.00014616326404,-13.1927740740128,0.993545782464967,83.9414571612056,0.00605484740641,-1.21845606576802,0.868529639171766,-0.369762092434704,83.5716950687709,1.15768783390445e-70,Mitoxy-80_v1.0,NA
rs118001555,0.00235949176516,0.947600186105495,0.905086886431573,-0.771037074280494,0.195155431696,-0.414361514292699,0.170100259694237,-0.0786224685978765,-0.84965954287837,2.51109421016677e-107,Mitoxy-80_v1.0,NA
rs11948838,0.00014134594321,7.33850061822372,0.993757175763114,24.220535110791,0.005777216064,1.12029260077887,0.873797129648011,-0.486600340644745,23.7339347701463,1.19229126490238e-96,Mitoxy-80_v1.0,NA
rs11949522,0.00029191772736,-5.16008802734466,0.987192050671121,10.9638941097048,0.012566185801,-0.367388647534768,0.760945451728762,-0.664177673957132,10.2997164357477,1.74572355098213e-102,Mitoxy-80_v1.0,NA
rs11954865,0.00181217935809,1.34509991848662,0.92546207678881,-0.461007228822894,0.063807265201,-2.07188807645259,0.385329484622765,0.58372138036047,0.122714151537575,6.63986938838368e-107,Mitoxy-80_v1.0,NA
rs11958253,0.00181396772649,1.15510193539904,0.92539400615747,-0.68040888833237,0.063807265201,-2.07188807645259,0.385329484622765,0.58372138036047,-0.0966875079719004,5.33180928334182e-107,Mitoxy-80_v1.0,NA
rs11959704,0.00014810403204,1.32759782412201,0.993460643247202,-1.63946310618543,0.00582587199076,-1.15216291921381,0.872869369688488,-0.451912017748128,-2.09137512393356,7.25425439885287e-108,Mitoxy-80_v1.0,NA
rs12055013,0.00204040117264,-5.85949330098205,0.916855427167391,14.4959148798366,0.194158321956,0.70986351484452,0.170824592804847,-0.0506219921235338,14.445292887713,1.1024945423618e-100,Mitoxy-80_v1.0,NA
rs12186468,0.00185903257225,-2.6176057889671,0.92368200310353,1.87804666642347,0.102748455936,0.0273184960567036,0.280213188561098,-0.164295541437227,1.71375112498624,3.25940340270326e-106,Mitoxy-80_v1.0,NA
rs12188238,0.00014370495129,-10.3589512583732,0.993653646715538,50.7834912978635,0.00600344482761,-1.29272772092579,0.869500102653032,-0.291661062086805,50.4918302357767,4.97953409401274e-85,Mitoxy-80_v1.0,NA
rs12188476,0.00014574284176,-0.619498194228157,0.993564227820726,-2.33228767177938,0.00574138082961,0.886030309389101,0.87448168976365,-0.694396018271743,-3.02668369005112,2.84703910660416e-108,Mitoxy-80_v1.0,NA
rs12188590,0.00026830767601,-2.83359686448801,0.988215739183255,1.74683084880903,0.010919414016,0.783652962792834,0.785554994553376,-0.528641618085192,1.21818923072383,1.98572141043341e-106,Mitoxy-80_v1.0,NA
rs12374446,0.00013786517056,-21.0595659875996,0.99390997474712,217.851628969672,0.00563763708964,-0.123118712059261,0.876469566586747,-1.03899100638073,216.812637963291,8.49958520746519e-13,Mitoxy-80_v1.0,NA
rs12374485,0.00013786047396,-21.0503006455789,0.993910180950246,217.65776461645,0.00563877842724,-0.132474251516144,0.876447647777653,-1.03785457690602,216.619910039544,7.00966169428025e-13,Mitoxy-80_v1.0,NA
rs12514650,0.00014727278736,-0.711102046870365,0.993497107190664,-2.26656516250701,0.00577148648209,0.981611234916803,0.873906509801723,-0.614334883052211,-2.88090004555922,3.29387007736157e-108,Mitoxy-80_v1.0,NA
rs12515399,0.000143544361,-10.2600784575578,0.993660693806963,49.7704451254201,0.00600256156644,-1.32332251710848,0.869516797281588,-0.256914095056517,49.5135310303635,1.87205568865805e-85,Mitoxy-80_v1.0,NA
rs12516518,0.00016543361641,-1.8514939240093,0.992701061042564,-0.758508759469583,0.00612062134336,1.56528330248586,0.867291004217115,0.0526816943400181,-0.705827065129564,2.8995370206732e-107,Mitoxy-80_v1.0,NA
rs12517588,0.00014742573561,-1.28119981222049,0.993490397657947,-1.70184464309041,0.00580762878084,0.820580045612129,0.8732169960461,-0.738648106458463,-2.44049274954887,5.11649935140013e-108,Mitoxy-80_v1.0,NA
rs12518041,0.00014586359076,-0.535300644178383,0.993558930081186,-2.38017975219414,0.00574309340224,0.926475788829187,0.874448950101858,-0.662226557448947,-3.04240630964308,2.80262625188142e-108,Mitoxy-80_v1.0,NA
rs12518476,0.00014636644324,-13.0931874163099,0.993536868547683,82.6409653493847,0.00604943283961,-1.20233459032813,0.868631762291619,-0.387024746974626,82.2539406024101,3.09954521520893e-71,Mitoxy-80_v1.0,NA
rs12519906,0.00014826471696,-1.28079727998423,0.993453594842126,-1.6995682671336,0.00582080495364,1.16587892657633,0.872965894869606,-0.438350063642275,-2.13791833077587,6.92435497652666e-108,Mitoxy-80_v1.0,NA
rs12522263,0.00015549092416,20.3945595688715,0.99313672236543,204.050895730787,0.006230102761,-0.0948633616703196,0.865237099012989,-0.998226007652379,203.052669723134,8.98502839943611e-19,Mitoxy-80_v1.0,NA
rs12522926,0.00013814241156,-20.267922473497,0.993897802697387,201.591430724516,0.00564079106704,-0.0481165085773022,0.876408998723215,-1.04437424055172,200.547056483965,7.33407675193333e-20,Mitoxy-80_v1.0,NA
rs12656648,0.00014154812676,-14.3836468472103,0.993748301751827,100.260492519775,0.00577537681681,-0.680465656699901,0.873832238674459,-0.832764604969468,99.4277279148056,8.90797601969307e-64,Mitoxy-80_v1.0,NA
rs13158990,0.00189644572324,0.457199149448198,0.922265491262383,-1.18083692849305,0.0625150009,-2.14074711034676,0.390186798505896,0.646772379181356,-0.534064549311698,3.44289811509841e-107,Mitoxy-80_v1.0,NA
rs13159123,0.00028088754409,3.46141040710753,0.987670035087686,3.71895471288234,0.010898942404,-0.778502461732983,0.785870945657537,-0.532443331166371,3.18651138171597,1.42150950269122e-105,Mitoxy-80_v1.0,NA
rs13159302,0.00026415350784,-5.52581093719236,0.988396075973173,12.8619267658011,0.00860415787396,0.166951635751294,0.822974859552711,-0.854262433170689,12.0076643326304,9.63225159523736e-102,Mitoxy-80_v1.0,NA
rs13159685,0.00045598904521,-2.14699890886442,0.980136379908878,0.299587764665826,0.019063048761,-3.43283430748394,0.677242384859964,3.42500428970966,3.72459205437549,2.43464269772504e-105,Mitoxy-80_v1.0,NA
rs13162707,0.00014991798481,-3.22660710056272,0.993381080456426,2.66213036027374,0.00651042424384,-1.64143755143319,0.860022256307364,0.175450472618651,2.83758083289239,1.00279268052481e-105,Mitoxy-80_v1.0,NA
rs13164674,0.00013998912489,-14.6362737391922,0.993816731796214,103.905008897565,0.00563431885641,0.00981011722293941,0.876533297798559,-1.04584971045377,102.859159187111,2.7544234418888e-62,Mitoxy-80_v1.0,NA
rs13167538,0.00025035467076,-0.394499639755792,0.988995570645684,-2.17777003592756,0.010200596004,-0.891992910750708,0.79680328888551,-0.479801567064109,-2.65757160299166,4.11809892679023e-108,Mitoxy-80_v1.0,NA
rs13168408,0.00017897623524,-4.17849187484116,0.992108275374358,6.24003293740961,0.00773247629025,-0.219839767099375,0.838003873018642,-0.889841261968349,5.35019167544126,1.23715518443377e-104,Mitoxy-80_v1.0,NA
rs13172523,0.00046844542096,-11.6778169990205,0.979604826866841,64.8488171654013,0.019182527001,1.38653150518769,0.675875161588219,0.0863614639719833,64.9351786293733,9.32943230556143e-79,Mitoxy-80_v1.0,NA
rs13172893,0.00013775012689,-20.7104211575656,0.993915025737192,210.604817591193,0.005628300484,0.13646530351097,0.876648912532396,-1.03819749045938,209.566620100733,6.06027258206477e-16,Mitoxy-80_v1.0,NA
rs13174472,0.00014017139236,-13.8145514130784,0.993808730953013,92.287831213698,0.0056430144,0.049774494142705,0.876366307655614,-1.04413049078026,91.2437007229178,2.48600037638188e-67,Mitoxy-80_v1.0,NA
rs13176869,0.00180865630089,1.11220058173028,0.925596204146266,-0.726647473153619,0.0636199729,-2.07957419815248,0.386025964691215,0.590808191281325,-0.135839281872294,5.12709314130824e-107,Mitoxy-80_v1.0,NA
rs13178278,0.00042892895236,-2.86280455418964,0.981293109972507,2.03173571075064,0.019190006784,-3.12245177870178,0.675789751908132,2.7311938689498,4.76292957970044,6.87669071187077e-105,Mitoxy-80_v1.0,NA
rs13179100,0.00043186658596,-3.11819704158526,0.981167403693845,2.78393725719053,0.019627729801,-3.32455620668242,0.670828826344638,3.15163746467336,5.93557472186389,2.22153319128204e-104,Mitoxy-80_v1.0,NA
rs13179141,0.00044421042169,-3.13449704170087,0.980639542022764,2.845165637505,0.019078791876,-3.41950103528662,0.677061915618648,3.39329086890963,6.23845650641463,3.00741037753149e-104,Mitoxy-80_v1.0,NA
rs13179241,0.00045766900624,-2.14700465568498,0.980064656994767,0.301236682172407,0.019063048761,-3.43283430748394,0.677242384859964,3.42500428970966,3.72624097188207,2.43866053432183e-105,Mitoxy-80_v1.0,NA
rs13179916,0.00064601880561,-3.30059920761383,0.97208942017046,3.50557453416506,0.026105834329,-1.9796933893658,0.605090313222964,0.721181626067986,4.22675616023304,4.0227434317436e-105,Mitoxy-80_v1.0,NA
rs13180726,0.00026181828864,-3.28410832591714,0.988497479185542,3.09805975793152,0.010236582976,0.752195184628766,0.796232498916369,-0.570134601046592,2.52792515688493,7.35748531516974e-106,Mitoxy-80_v1.0,NA
rs13181698,0.00036077963364,-2.3945994040286,0.984218402022077,0.74735112131517,0.013357118329,-0.684024815484586,0.749665672597984,-0.517098456097838,0.230252665217332,7.39371863434422e-107,Mitoxy-80_v1.0,NA
rs13182022,0.00042578259025,-1.64879691778332,0.981427783824877,-0.659023221749014,0.019202476329,-3.12756453277334,0.675647413424263,2.7415145451104,2.08249132336139,4.71281018189835e-106,Mitoxy-80_v1.0,NA
rs13182141,0.00013724356801,-21.6552142107195,0.993937266805578,230.49979975682,0.00566597936529,0.0939879929908187,0.875925591785367,-1.03956806284244,229.460231693978,2.64349138012337e-07,Mitoxy-80_v1.0,NA
rs13184690,0.000137898049,-21.0613982798263,0.99390853122929,217.889781260912,0.00563811763876,-0.126910107421485,0.876460337751275,-1.03853829937992,216.851242961532,8.83412763676426e-13,Mitoxy-80_v1.0,NA
rs13188643,0.00042660423936,-2.96970137113642,0.98139261118192,2.33541439700072,0.019203584929,-3.12324556023005,0.675634761779546,2.73235208870697,5.06776648570768,9.32756916310548e-105,Mitoxy-80_v1.0,NA
rs13189491,0.00042945516289,-3.13959649283657,0.981270590171499,2.84739441699183,0.019105321284,-3.20896818162087,0.676758016554901,2.91977295343287,5.7671673704247,1.87721675941154e-104,Mitoxy-80_v1.0,NA
rs13189501,0.00042801403225,-3.12909587451966,0.981332267520076,2.81375097152288,0.019194439936,-3.12689831389306,0.675739141095808,2.74041389952579,5.55416487104867,1.51708045324484e-104,Mitoxy-80_v1.0,NA
rs13357533,0.00014184333604,12.0819829048347,0.993735345045241,69.9935002276906,0.00579952310116,0.444311965396706,0.873371539516901,-0.947041492696137,69.0464587349945,5.69326607732455e-77,Mitoxy-80_v1.0,NA
rs13361866,0.00026450143225,-3.40689273526609,0.988380969684876,3.50847299777128,0.010400328324,0.615928301072738,0.793645623553458,-0.638538410753418,2.86993458701786,1.03576733900155e-105,Mitoxy-80_v1.0,NA
rs138457012,0.00058368627216,5.35911190582626,0.974714338720504,12.1581782010064,0.012504606976,-0.611941980254686,0.761837909162602,-0.574758032789593,11.5834201682168,6.3020365595499e-102,Mitoxy-80_v1.0,NA
rs138465034,0.00181775175201,-1.19969930878548,0.925250007872962,-0.63095689597908,0.083067309796,-1.26534103131701,0.325025387052867,0.0636570117184483,-0.567299884260631,3.33035284244909e-107,Mitoxy-80_v1.0,NA
rs138874083,0.00170814410209,1.84360157465455,0.929439278992786,0.253879313733927,0.059861940889,-0.644843808114703,0.400552999910761,-0.17259417507767,0.0812851386562566,6.37040648525094e-107,Mitoxy-80_v1.0,NA
rs138945650,0.00160125624649,1.19349905162224,0.933561295307036,-0.690836725846506,0.718686844516,0.834534546578371,0.0527226750920108,-0.00872239304384674,-0.699559118890353,2.9177682392988e-107,Mitoxy-80_v1.0,NA
rs138978793,0.00016720041636,17.6007300511964,0.992623684738794,151.2955701543,0.00636966802404,0.507614314962248,0.862632874129319,-0.881410797960755,150.41415935634,1.23852525341913e-41,Mitoxy-80_v1.0,NA
rs139038364,0.00186254391184,-1.13009880159046,0.923548874100343,-0.695808916196218,0.043664699521,0.526811223146903,0.478098890320642,-0.258795169038826,-0.954604085235043,2.26092507803733e-107,Mitoxy-80_v1.0,NA
rs139063168,0.00142316053504,5.284004156417,0.94051118233498,11.718881787808,0.254313447025,0.00468459929208102,0.135909522328425,-0.073037406767543,11.6458443810404,6.70797459981958e-102,Mitoxy-80_v1.0,NA
rs139091214,0.00203285560384,-0.00690000709735801,0.917137424331401,-1.24526404661489,0.142685996644,-0.456591605822025,0.218954932150317,-0.100737800078629,-1.34600184669352,1.52863670336938e-107,Mitoxy-80_v1.0,NA
rs139730999,0.00202136563216,-0.092399843414977,0.917567167241739,-1.24396876195938,0.056219729449,-0.0852851244374902,0.415715157681892,-0.26717147268151,-1.51114023464089,1.29594208145004e-107,Mitoxy-80_v1.0,NA
rs139802466,0.001586030625,-2.39660012554928,0.934151432019115,1.32254033014674,0.051348466404,0.798541054359626,0.437883651194482,-0.148411056435863,1.17412927371088,1.90013003261687e-106,Mitoxy-80_v1.0,NA
rs140089858,0.00240176446084,0.376499251139615,0.903550430548126,-1.10532760328874,0.1466660209,1.60698227015171,0.214286455602054,0.156104315948764,-0.949223287339971,2.27312344798824e-107,Mitoxy-80_v1.0,NA
rs140146800,0.00237817152225,-3.14849333046251,0.904407302597658,3.30887000687856,0.137408110596,-0.0230028379814722,0.225468834911891,-0.127689039253718,3.18118096762484,1.41395242747097e-105,Mitoxy-80_v1.0,NA
rs140260129,0.00097043464324,-2.92829948831207,0.958652889987297,2.51731812100193,0.0319372641,1.53107268759443,0.556040051014395,0.245719514427984,2.76303763542992,9.30759453679773e-106,Mitoxy-80_v1.0,NA
rs140536089,0.00110364812944,6.26280808640266,0.953242476612611,17.1630128306196,0.059985316561,-0.232647936664775,0.400058742381402,-0.244635164059544,16.91837766656,1.30744527832656e-99,Mitoxy-80_v1.0,NA
rs140605180,0.00155111520964,-0.207900122384103,0.935507555632252,-1.35038613244711,0.023615083584,0.303206179395075,0.628781693687195,-0.466579277258475,-1.81696540970558,9.54481260909178e-108,Mitoxy-80_v1.0,NA
rs140619129,0.00118789826281,2.82709866853905,0.949852103819823,2.29945088164681,0.070326796864,-0.508820024736795,0.362559243420328,-0.178214070130407,2.1212368115164,4.89899391152215e-106,Mitoxy-80_v1.0,NA
rs140852068,0.00160649457721,1.42369845138981,0.933358432846194,-0.40829321412976,0.0358496356,1.10978134572726,0.527359158466412,-0.0499581207526499,-0.45825133488241,3.71406441439273e-107,Mitoxy-80_v1.0,NA
rs141246781,0.00247969141225,1.62259998192644,0.900731703553633,0.030772526727604,0.231077297025,1.66357953422577,0.147559387816646,0.124359204027446,0.15513173075505,6.85864480608087e-107,Mitoxy-80_v1.0,NA
rs141799772,0.00144615920656,1.66359878406665,0.939607884751563,-0.103237334077759,0.053099367489,1.47513593973085,0.429648461411149,0.186711933240779,0.0834745991630198,6.38436951883984e-107,Mitoxy-80_v1.0,NA
rs141855055,0.00260026565184,2.38729781459343,0.896404855314773,1.42075876903207,0.088082523369,0.962521943346575,0.312298656739935,-0.0425360049916521,1.37822276404042,2.3303438047512e-106,Mitoxy-80_v1.0,NA
rs142582220,0.00109814692689,6.14298259114076,0.953464696601297,16.4563119616423,0.165127636881,-0.46798028344395,0.195000540191496,-0.0871037364471037,16.3692082251952,7.54957081213327e-100,Mitoxy-80_v1.0,NA
rs143661279,0.00164307811801,-2.33759797113105,0.931944132807808,1.20252794525612,0.052696875364,0.934683173751296,0.431514005654764,-0.0938969421624025,1.10863100309371,1.77966305498434e-106,Mitoxy-80_v1.0,NA
rs143832404,0.00277715298169,-0.16099998671694,0.890131891684887,-1.09270077147185,0.202867366464,-0.718712811495355,0.164698948987571,-0.0474440744567333,-1.14014484592858,1.87804866828419e-107,Mitoxy-80_v1.0,NA
rs144323647,0.001643897025,-3.19620175114071,0.931912523347088,3.41659101798829,0.047524872004,-0.13553682993734,0.457012950537899,-0.301137187629399,3.11545383035889,1.32400573053483e-105,Mitoxy-80_v1.0,NA
rs144383413,0.00029004814864,-2.00540197759354,0.987273034846251,-0.196789219672928,0.012675607396,-0.334497184374611,0.759364760605256,-0.66975446949266,-0.866543689165588,2.46905244657245e-107,Mitoxy-80_v1.0,NA
rs144433379,0.00107136418489,6.1485043551053,0.954548061941329,16.4973680558175,0.165157708816,-0.466476047992598,0.194971957090215,-0.087226143619304,16.4101419121982,7.86501467659777e-100,Mitoxy-80_v1.0,NA
rs144591562,0.00221560372804,4.50399615892858,0.910356074954933,8.0277782796695,0.254311429849,0.00463815678583681,0.135910453836341,-0.0730379751909695,7.95474030447853,1.6732671188354e-103,Mitoxy-80_v1.0,NA
rs145259461,0.00174503365696,0.582200241300726,0.92802510890889,-1.15843861826485,0.248004,-0.0614022088353414,0.138886959903335,-0.0745029289523954,-1.23294154721725,1.71161367326602e-107,Mitoxy-80_v1.0,NA
rs145295304,0.00038364665161,2.72589332666221,0.983234898814389,1.60873278691808,0.01212201,0.1532770208901,0.76743011253787,-0.720267311836966,0.888465475081117,1.42797666596071e-106,Mitoxy-80_v1.0,NA
rs145738814,0.00287182379236,-0.994698578450216,0.886810510120886,-0.650629620909725,0.545896367104,-0.642042747628741,0.068271459332841,-0.0212854934655517,-0.671915114375277,2.99955224828625e-107,Mitoxy-80_v1.0,NA
rs145881614,0.00110387404516,6.06068997068437,0.953233353006036,15.9757735881227,0.165157708816,-0.466476047992598,0.194971957090215,-0.087226143619304,15.8885474445034,4.66846318405735e-100,Mitoxy-80_v1.0,NA
rs145895217,0.002203645249,4.45959994035319,0.910796757855434,7.84855841688129,0.254311429849,0.00465659844574484,0.135910453836341,-0.0730379635427155,7.77552045333857,1.39872096512097e-103,Mitoxy-80_v1.0,NA
rs145985842,0.00251184399489,-0.0708998509526461,0.899573818091814,-1.14690518104529,0.118693341361,-0.866114786122101,0.252058464816157,-0.0506737962936223,-1.19757897733891,1.77322365483285e-107,Mitoxy-80_v1.0,NA
rs146107820,0.00111931731844,6.09907879555957,0.952610090149975,16.1932851120544,0.165147955456,-0.467953954880113,0.194981226652191,-0.0870962578265358,16.1061888542278,5.80355896836394e-100,Mitoxy-80_v1.0,NA
rs1469020,0.00016726507561,17.6146476869428,0.992620853241356,151.538572555962,0.00637140800521,0.510252301709698,0.862600505801028,-0.880139072834065,150.658433483128,1.58121808019862e-41,Mitoxy-80_v1.0,NA
rs1469021,0.00016728059569,17.871142828425,0.992620173602924,156.055894254681,0.00637110468864,0.48367560687153,0.862606148129984,-0.891551879477994,155.164342375203,1.43180257575517e-39,Mitoxy-80_v1.0,NA
rs147040731,0.00097598758464,-4.04640726229802,0.958426133038229,6.25621109207882,0.042819611041,-1.26452068100653,0.48297739505439,0.0563091176142741,6.3125202096931,3.23860626471148e-104,Mitoxy-80_v1.0,NA
rs147085318,0.00016562917809,17.3098829032534,0.992692495902558,146.261815109652,0.00625019898724,0.681890050620935,0.864861143863092,-0.799657242046363,145.462157867605,8.75543937698578e-44,Mitoxy-80_v1.0,NA
rs147251680,0.00163731911044,2.70300861510783,0.932166488625002,2.05997383236282,0.139887968256,-2.16895801249144,0.222360619155338,0.397288106506017,2.45726193886884,6.85552562174826e-106,Mitoxy-80_v1.0,NA
rs147425644,0.00286356625129,0.400900353750446,0.887099226389571,-1.01933519892303,0.0961744144,-0.178016896685154,0.293740936403102,-0.169232254181554,-1.18856745310459,1.7892753191259e-107,Mitoxy-80_v1.0,NA
rs147425710,0.00106904149444,5.97249833313963,0.954642131089964,15.4798080770916,0.165157708816,-0.466476047992598,0.194971957090215,-0.087226143619304,15.3925819334723,2.84301305274987e-100,Mitoxy-80_v1.0,NA
rs147546565,0.00317232538756,-0.588400203112738,0.876430150379085,-0.893757805225062,0.098407062601,0.579383421687669,0.289002593135815,-0.122036308860056,-1.01579411408512,2.12672667898319e-107,Mitoxy-80_v1.0,NA
rs148330833,0.00217150408036,0.45520113992884,0.911983311869152,-1.12062926780055,0.073299064644,1.09355169942897,0.353047927850817,-0.00664441088877157,-1.12727367868932,1.90237758165971e-107,Mitoxy-80_v1.0,NA
rs148473668,0.00272441197681,0.780798875007424,0.891993043115745,-0.840879429877247,0.170417049856,0.480918859734119,0.190098663712728,-0.0834381330599341,-0.924317562937181,2.33044812729531e-107,Mitoxy-80_v1.0,NA
rs148673889,0.00124592056576,6.4293039753411,0.947531174362786,18.1097823958512,0.201754587241,-0.489163369852462,0.165457046571467,-0.0706401851421362,18.0391422107091,4.01019395544371e-99,Mitoxy-80_v1.0,NA
rs148834359,0.00068533480521,5.48342367326358,0.970441021836959,12.8288949946834,0.032586387289,-1.100057058338,0.551067514088303,-0.0670109497827545,12.7618840449006,2.04777047525962e-101,Mitoxy-80_v1.0,NA
rs150242848,0.001402277809,-2.35300024033968,0.941332879644132,1.18795865940705,0.056235853881,-0.629018179058029,0.415645504111823,-0.186395779136123,1.00156288027093,1.59896401452336e-106,Mitoxy-80_v1.0,NA
rs150336906,0.00261306014761,1.43359984036965,0.895948158756802,-0.210752878520516,0.153853786564,1.34843030578062,0.206341081641932,0.0720405681657658,-0.13871231035475,5.11238399669465e-107,Mitoxy-80_v1.0,NA
rs150716709,0.00182938410369,-0.243399195254762,0.924807627850615,-1.26645847672929,0.082804091049,1.12009091003868,0.325722047680314,0.00726960396630633,-1.25918887276299,1.66727285155162e-107,Mitoxy-80_v1.0,NA
rs151273157,0.00261038224561,-0.159400022312735,0.896043707336778,-1.120508861782,0.148809234564,1.65539794378859,0.211854044598869,0.171240313617326,-0.949268548164679,2.27302056687461e-107,Mitoxy-80_v1.0,NA
rs17052462,0.00026092263961,-1.16120125548656,0.988536376853374,-1.5678227609916,0.012498792804,-4.10081575699029,0.761922281705348,5.68892630372023,4.12110354272863,3.61941169730348e-105,Mitoxy-80_v1.0,NA
rs17052463,0.000427621041,-3.09079742734175,0.981349088061281,2.69649790128688,0.019161480625,-3.13897778580459,0.67611560051283,2.76726056758265,5.46375846886953,1.38594377174825e-104,Mitoxy-80_v1.0,NA
rs17079630,0.00027299631076,3.30949729461465,0.988012279673931,3.19880055606386,0.010248120289,-0.929159463811208,0.796049678474372,-0.451309724665911,2.74749083139795,9.16401021920205e-106,Mitoxy-80_v1.0,NA
rs17355294,0.00014583219121,-0.502100015733556,0.993560307699065,-2.39739678424774,0.00574028976609,0.893226001026863,0.874502549165187,-0.688872811189655,-3.0862695954374,2.68235097347202e-108,Mitoxy-80_v1.0,NA
rs17616992,0.00016565749264,6.00970413649501,0.992691255804347,15.4669467078206,0.00592151796196,0.179832985494741,0.871051345322139,-1.01008563193838,14.4568610758822,1.11532246151911e-100,Mitoxy-80_v1.0,NA
rs17617068,0.000165533956,18.4829783926628,0.992696666386887,167.103048739218,0.00631066593609,-0.00349744523204393,0.863731911244833,-0.996560263734946,166.106488475483,8.09089957852428e-35,Mitoxy-80_v1.0,NA
rs17617710,0.00015479838724,20.1154173833368,0.993167081666585,198.439604616385,0.00615696023569,0.200949961958191,0.866608195075003,-0.989735085976279,197.449869530409,3.31325030970787e-21,Mitoxy-80_v1.0,NA
rs181512627,0.00257874042969,-0.0260999619938836,0.897174244579002,-1.13705412796938,0.119727072256,-0.857925645056876,0.250427178280027,-0.0519641419393747,-1.18901826990875,1.78846886553982e-107,Mitoxy-80_v1.0,NA
rs182132859,0.001953109636,-3.11049011177988,0.920128373647635,3.18752213350501,0.076457227081,1.07949108347287,0.343473745705611,-0.0102711478133452,3.17725098569167,1.40840652476329e-105,Mitoxy-80_v1.0,NA
rs183797299,0.00144633414249,1.33210011911429,0.939601020603665,-0.569734886565674,0.019766391649,0.651505409230901,0.669272460598168,-0.411190733703377,-0.98092562026905,2.2021904432804e-107,Mitoxy-80_v1.0,NA
rs183808429,0.00286456166656,-2.78379196436579,0.887064412773331,2.34668298998502,0.558597791236,-1.09003551005226,0.0668228326025176,0.00511858712525571,2.35180157711027,6.16935704257576e-106,Mitoxy-80_v1.0,NA
rs184699403,0.00159287993881,-1.97459841797604,0.933885864087003,0.462442312591916,0.060341957316,0.517199547316056,0.398636832188062,-0.200961373381745,0.261480939210171,7.62825472457078e-107,Mitoxy-80_v1.0,NA
rs185439056,0.00235255070961,-0.93619995422973,0.905339667662349,-0.781978432188166,0.142208935236,-0.487836311275875,0.219528202325486,-0.0978062075580722,-0.879784639746238,2.4365753335672e-107,Mitoxy-80_v1.0,NA
rs185519151,0.00193331693025,0.287599358646334,0.92087374236707,-1.23027095719433,0.055752182161,-0.126069058398519,0.417745048700228,-0.267103737117344,-1.49737469431167,1.31390477387493e-107,Mitoxy-80_v1.0,NA
rs187555199,0.00214491249424,-0.484600502664467,0.912967331706237,-1.11353631652358,0.445902082081,2.42448248544759,0.0823211125762001,0.198992623894531,-0.914543692629054,2.35333730074386e-107,Mitoxy-80_v1.0,NA
rs188848269,0.00175356587536,1.29660231733993,0.927698636795445,-0.53364307794034,0.042236004196,1.62681861089755,0.486404955968734,0.310484704419243,-0.223158373521097,4.69838939377753e-107,Mitoxy-80_v1.0,NA
rs188919983,0.00205745702464,4.8716908587453,0.916218645009716,9.63270649147458,0.465619263769,-0.791402816389517,0.0791109098609712,-0.0164335266930603,9.61627296478152,8.813730011208e-103,Mitoxy-80_v1.0,NA
rs190186459,0.00251397948816,-2.58280879783644,0.899497019682536,1.85144396424697,0.137717436609,-0.0159124825183305,0.22507639522173,-0.127466919012968,1.723977045234,3.29290480133517e-106,Mitoxy-80_v1.0,NA
rs190195912,0.00107009457129,5.79390626767302,0.954599479096132,14.4765260845789,0.165247941049,-0.466589751221996,0.194886242442016,-0.0871718971519482,14.3893541874269,1.04251564086051e-100,Mitoxy-80_v1.0,NA
rs190644183,0.00212076828324,4.47228989963476,0.913862627727841,7.91334949462643,0.280155314209,0.196179082821176,0.12493935981924,-0.0643268233535855,7.84902267127284,1.5054027052236e-103,Mitoxy-80_v1.0,NA
rs192889903,0.00167124798481,-0.325599485334227,0.930858018342277,-1.28645412371488,0.026053833744,0.641265829058558,0.60556666786405,-0.34064144632595,-1.62709557004084,1.15405585865207e-107,Mitoxy-80_v1.0,NA
rs193149007,0.00293055491716,1.36879925223425,0.884762447115044,-0.251529301498111,0.185251046464,-1.54283377632386,0.177579641151158,0.113597797209214,-0.137931504288898,5.11637733593908e-107,Mitoxy-80_v1.0,NA
rs1984705,0.00017074910241,-0.393498940086171,0.992468307878197,-2.36748017353375,0.00796379544801,-0.288786095040234,0.833962359033027,-0.862995231914932,-3.23047540544868,2.32213687572384e-108,Mitoxy-80_v1.0,NA
rs2291417,0.00117899523225,6.40050674937749,0.95020923731408,17.963404116814,0.124931850849,0.25101695538637,0.242524411107356,-0.131241311618271,17.8321628051957,3.2604336323026e-99,Mitoxy-80_v1.0,NA
rs2291418,0.00117496757284,6.39440104090694,0.950370889876617,17.9279668995615,0.124926195601,0.25096548582681,0.242532727164644,-0.131249672113292,17.7967172274482,3.14688987815873e-99,Mitoxy-80_v1.0,NA
rs2306795,0.00016992686736,10.6041915983921,0.992504304563741,53.3562852689117,0.00642291647761,0.0534842051280772,0.861643408795572,-0.987728074761406,52.3685571941503,3.25267650240371e-84,Mitoxy-80_v1.0,NA
rs2465294,0.00269655872656,-0.363700788008104,0.892979086714825,-1.05830464484625,0.185504212804,0.63780990104527,0.177380278189155,-0.0615513453045154,-1.11985599015077,1.91654129209646e-107,Mitoxy-80_v1.0,NA
rs28365146,0.00265078760164,-2.3354983315788,0.894604191183772,1.3148165403371,0.1242139536,-0.103785892634207,0.243584659665608,-0.138270443360599,1.1765460969765,1.90472786492341e-106,Mitoxy-80_v1.0,NA
rs28390299,0.00128448409609,6.75039132582025,0.945994872501726,20.094106417467,0.203873922576,-0.465530071491217,0.164019176701989,-0.071801828137078,20.02230458933,2.91368001940946e-98,Mitoxy-80_v1.0,NA
rs28497836,0.00029682121225,-3.11659169399541,0.986979710483034,2.62271471836532,0.016224390625,1.61901472031403,0.711435011662254,0.310992330665791,2.93370704903111,1.10397246274294e-105,Mitoxy-80_v1.0,NA
rs28533619,0.00014729220496,-1.25240598530042,0.993496255374506,-1.73852883906251,0.00580804031025,0.831025908503422,0.873209151255694,-0.731087312377988,-2.4696161514405,4.96963840976182e-108,Mitoxy-80_v1.0,NA
rs28544040,0.00015204616249,-3.04689109296309,0.993287751517045,2.10870528975206,0.006656601744,-1.38668676766191,0.857327762949302,-0.149324804218086,1.95938048553398,4.16690491611528e-106,Mitoxy-80_v1.0,NA
rs28564876,0.00014759577121,-1.81289664084814,0.993482938643862,-0.884078211373663,0.00581194294321,0.974185458070389,0.873134764216076,-0.617996213227283,-1.50207442460095,1.30774426351965e-107,Mitoxy-80_v1.0,NA
rs28571858,0.00082570597201,1.40219800870712,0.964601029739429,-0.722256652672517,0.015807781441,0.183848594993995,0.716745926234104,-0.618592382702117,-1.34084903537463,1.53653380855014e-107,Mitoxy-80_v1.0,NA
rs28674071,0.00014345331984,-10.0313094880273,0.993664688958274,47.4640246278104,0.00600625,-1.32803870967742,0.869447085993751,-0.251272150850642,47.2127524769598,1.87544068802193e-86,Mitoxy-80_v1.0,NA
rs28797599,0.00029188355716,0.740596794774241,0.987193530695786,-1.90817267373011,0.0131492089,0.274504229528211,0.752598219763907,-0.670015705852793,-2.5781883795829,4.45833266739365e-108,Mitoxy-80_v1.0,NA
rs28803302,0.000279759076,2.17749611383475,0.987718962476002,0.141780023264443,0.0068475625,-1.19128459214502,0.853833110313904,-0.355640652284741,-0.213860629020298,4.74227753210464e-107,Mitoxy-80_v1.0,NA
rs28819678,0.000190495204,-1.20289813070569,0.991604625536493,-1.67262913746794,0.00740045547081,0.0879814102497039,0.843873747682291,-0.925279045853675,-2.59790818332161,4.37127640946818e-108,Mitoxy-80_v1.0,NA
rs28833246,0.00030362017009,0.730698376442636,0.986685439950967,-1.89604294807242,0.0131492089,0.276516089648557,0.752598219763907,-0.669598549763889,-2.56564149783631,4.51462323726384e-108,Mitoxy-80_v1.0,NA
rs28846185,0.00014595539344,-4.51780452272953,0.993554902369794,7.61728708699947,0.00600369277225,-1.29159111294663,0.869495416335979,-0.292924032315763,7.32436305468371,8.90832218716011e-104,Mitoxy-80_v1.0,NA
rs28849191,0.00128446259236,6.77090018248073,0.945995727783541,20.2252832396823,0.204085290564,-0.464607156929152,0.163877142729795,-0.0718026146501897,20.1534806250321,3.3220861014684e-98,Mitoxy-80_v1.0,NA
rs2890060,0.00028906120324,-1.895599289487,0.987315791525502,-0.40983947207099,0.011578620816,0.482035983792424,0.775515113959615,-0.65687461056329,-1.06671408263428,2.02114474976406e-107,Mitoxy-80_v1.0,NA
rs34010121,0.00029098559889,-4.9041053328878,0.987232425836635,9.69116959306212,0.012567531025,-0.365947103162214,0.760925978832387,-0.664540461938327,9.02662913112379,4.88743145412062e-103,Mitoxy-80_v1.0,NA
rs34057110,0.00015864410116,19.9230671514998,0.992998517455337,194.593941332732,0.00625625631225,0.545767511836807,0.864747889020298,-0.871519532317442,193.722421800415,7.96974207462001e-23,Mitoxy-80_v1.0,NA
rs34155714,0.00042991949025,-3.24059417878415,0.981250719592243,3.16397804171755,0.019156774464,-3.13811340384949,0.676169388247192,2.76560813404773,5.92958617576528,2.20826919302911e-104,Mitoxy-80_v1.0,NA
rs34316961,0.00019317386169,0.454400771295157,0.991487578473273,-2.28075320525206,0.010112112481,0.279830746129138,0.798210213452207,-0.769012368296051,-3.04976557354811,2.78207669322408e-108,Mitoxy-80_v1.0,NA
rs34329357,0.000137639824,-21.0648653256052,0.99391986863162,217.963947163088,0.00564157218816,0.0635039887951602,0.87639399964352,-1.0435609524417,216.920386210646,9.46656020551299e-13,Mitoxy-80_v1.0,NA
rs34403854,0.00191066026321,1.30020063553651,0.921728448038351,-0.494684563456584,0.063743120676,-2.07258569199205,0.385567734413195,0.584596296011255,0.0899117325546713,6.42559911489083e-107,Mitoxy-80_v1.0,NA
rs34436769,0.00042481744321,-3.1028086807594,0.981469102457964,2.73035057074301,0.019149301161,-3.14731068571552,0.67625481983503,2.78544360907996,5.51579417982297,1.45997168569703e-104,Mitoxy-80_v1.0,NA
rs34646062,0.00014178855625,-14.3190426201974,0.993737749299365,99.3388927402301,0.00579101214169,-0.558495743028462,0.87353386896601,-0.897655124667943,98.4412376155622,3.321633759592e-64,Mitoxy-80_v1.0,NA
rs35320050,0.00013784638464,-21.1296504497138,0.993910799539062,219.321146118813,0.005639409216,-0.127792026206456,0.876435534270173,-1.03833968712278,218.282806431691,3.69729229132759e-12,Mitoxy-80_v1.0,NA
rs35433108,0.00047352371236,-11.6452211795631,0.979388285476414,64.4670508848933,0.019238522209,1.276021427078,0.675236290650122,-0.0126084814766754,64.4544424034167,5.76864917263532e-79,Mitoxy-80_v1.0,NA
rs35443996,0.00043220331025,-3.1015993650641,0.981152996752963,2.73360531360463,0.019180311049,-3.11997718296232,0.675900469108398,2.72634233850815,5.45994765211277,1.38067224479015e-104,Mitoxy-80_v1.0,NA
rs35515342,0.00067127109921,-6.65670869855532,0.97103002695295,19.7432822485374,0.014548701924,1.14301348057504,0.733289676731997,-0.181781989312975,19.5615002592245,1.83787968786553e-98,Mitoxy-80_v1.0,NA
rs35654688,0.00042759622656,-3.20669394150418,0.981350150171231,3.05459728456438,0.019156774464,-3.1380989538177,0.676169388247192,2.76557747265048,5.82017475721486,1.97940762285319e-104,Mitoxy-80_v1.0,NA
rs35708036,0.00026057384929,-2.79830011832267,0.988551525501273,1.63546883576718,0.010889339904,0.799898420729838,0.786019234587398,-0.519472290109654,1.11599654565752,1.79281963214964e-106,Mitoxy-80_v1.0,NA
rs35727607,0.000473628169,-11.643707209484,0.979383832387472,64.4495910318423,0.019238522209,1.276021427078,0.675236290650122,-0.0126084814766754,64.4369825503656,5.66880358685717e-79,Mitoxy-80_v1.0,NA
rs35791578,0.001834066276,1.0615000233503,0.924629683539208,-0.771742700650386,0.063742615729,-2.07259786194959,0.385569611089134,0.584608524940429,-0.187134175709957,4.87073069374591e-107,Mitoxy-80_v1.0,NA
rs36025393,0.00031016140996,-2.7488047514678,0.986402489470129,1.57765860241952,0.012687319044,-0.319709156767698,0.759195964527923,-0.673085696290169,0.904572906129356,1.45116394406294e-106,Mitoxy-80_v1.0,NA
rs3756614,0.00015809793169,19.3851451839952,0.993022453510147,184.098373282381,0.00627820107201,0.626163152441279,0.86433783235781,-0.829348857063773,183.269024425317,2.29927792301039e-27,Mitoxy-80_v1.0,NA
rs3776944,0.00048961740529,-11.4593737148229,0.97870267274751,62.3356829400676,0.016179331204,0.501452066856397,0.712005628097473,-0.532888776490602,61.802794163577,4.06890855046164e-80,Mitoxy-80_v1.0,NA
rs3797762,0.00015478594569,20.1474926253687,0.993167627093848,199.080984534238,0.00615321011776,0.217384985671015,0.866678610175542,-0.987018317701653,198.093966216537,6.30931025266133e-21,Mitoxy-80_v1.0,NA
rs3797774,0.00013777360129,-20.6615435732724,0.993913995089952,209.599753834752,0.005628300484,0.136463970568633,0.876648912532396,-1.03819764992138,208.561556184831,2.21818848206499e-16,Mitoxy-80_v1.0,NA
rs3797776,0.00016459350436,18.2553354014997,0.992737857648833,162.956014239226,0.00622912405504,0.299922204427506,0.865255416745001,-0.963270831780139,161.992743407446,1.32257414334738e-36,Mitoxy-80_v1.0,NA
rs4078141,0.00015203136601,-3.0858062789434,0.993288400340195,2.22718661861209,0.00665514955681,-1.36622002449157,0.857354448114965,-0.173545652025786,2.05364096658631,4.57878653772158e-106,Mitoxy-80_v1.0,NA
rs41285555,0.00213685232121,0.43169984056626,0.913266017373073,-1.13735446017823,0.1229834761,2.06141606547093,0.245423652490131,0.38065666782259,-0.756697792355638,2.75572440227751e-107,Mitoxy-80_v1.0,NA
rs41285557,0.00070856051344,-2.84289674966565,0.969469863801778,2.17313723333947,0.024246538369,-0.327840321617334,0.622601637620692,-0.453768605864517,1.71936862747495,3.27776463327449e-106,Mitoxy-80_v1.0,NA
rs41285559,0.00117726530769,6.53539795927289,0.950278662151594,18.7932180573582,0.124938213156,0.251140703773489,0.242515055999592,-0.131227896110819,18.6619901612474,7.47592276610388e-99,Mitoxy-80_v1.0,NA
rs4128628,0.00014582253049,-0.652398618713615,0.993560731552424,-2.31122854481851,0.00574498813849,0.842509535501355,0.874412730830809,-0.727038359615739,-3.03826690443425,2.81425150179733e-108,Mitoxy-80_v1.0,NA
rs4128629,0.00014581528516,-0.641502558921444,0.993561049433466,-2.31825698355675,0.00574592804361,0.885754842556717,0.874394764969412,-0.69429737692603,-3.01255436048278,2.88755139217233e-108,Mitoxy-80_v1.0,NA
rs4131080,0.000160630276,-2.36790279311977,0.992911482423765,0.308969765251069,0.00725321348964,-1.81911048801279,0.846503275566005,0.463570620039384,0.772540385290452,1.27167309821501e-106,Mitoxy-80_v1.0,NA
rs41458244,0.00016719007204,17.762988971555,0.992624137729086,154.143487407115,0.00637062578244,0.473816092472456,0.86261505694727,-0.895654976153597,153.247832430962,2.10646111280341e-40,Mitoxy-80_v1.0,NA
rs4256313,0.00019667538081,-0.474101011829636,0.99133461718467,-2.26279757065248,0.009961437249,0.26313284639354,0.800617480250743,-0.778548110006251,-3.04134568065873,2.80560037545845e-108,Mitoxy-80_v1.0,NA
rs4296765,0.00015093351025,9.02714582231085,0.9933365434947,37.9676219728393,0.00628506470656,2.06362641022019,0.864209659284127,0.841820136253197,38.8094421090925,4.20331571391416e-90,Mitoxy-80_v1.0,NA
rs4331859,0.000279290944,0.562300741981809,0.98773926086257,-2.04452378193571,0.012509975104,-0.100684858021601,0.761760025990813,-0.713377261050031,-2.75790104298574,3.72498263971503e-108,Mitoxy-80_v1.0,NA
rs4336318,0.00017725993321,-1.3239997296059,0.992183361934728,-1.55611391056377,0.008536096881,0.706709527984327,0.824128897263234,-0.663201170356624,-2.21931508092039,6.38306349286516e-108,Mitoxy-80_v1.0,NA
rs4364351,0.00027653694436,0.462299902582174,0.987858692257056,-2.10000771613018,0.012510646201,-0.028009494774298,0.761750290538955,-0.716919169297416,-2.8169268854276,3.5114756031754e-108,Mitoxy-80_v1.0,NA
rs4376229,0.00016067590564,-2.42080973193014,0.992909483092691,0.434885013657922,0.00721740299809,-1.83967333409452,0.847145278227565,0.494404712791819,0.929289726449741,1.48747905071997e-106,Mitoxy-80_v1.0,NA
rs4388174,0.00017714545216,12.2779046703132,0.992188370774721,72.3586110688563,0.00637525596304,0.404649246291574,0.862528932064096,-0.921555219179876,71.4370558496764,6.21705367101434e-76,Mitoxy-80_v1.0,NA
rs4423958,0.00014526275625,-0.383900435594275,0.993585291642955,-2.45136379847627,0.00578519966025,0.838962404927656,0.87364476505117,-0.726868114729368,-3.17823191320564,2.44667833035388e-108,Mitoxy-80_v1.0,NA
rs4441842,0.000286151056,-1.88979664223221,0.987441887166606,-0.42545310720168,0.011662920025,-0.0259462012130191,0.774249693603144,-0.743902250202302,-1.16935535740398,1.82398338758897e-107,Mitoxy-80_v1.0,NA
rs4504352,0.00028783836964,-1.7844958681583,0.987368772545645,-0.613690430547893,0.0115799121,0.48134467056965,0.775495699225901,-0.657091864380437,-1.27078229492833,1.6480550687042e-107,Mitoxy-80_v1.0,NA
rs4526069,0.00030132793744,-1.92029979030809,0.98678463209394,-0.343777976760254,0.012566634201,-0.322383386410469,0.76093896076837,-0.675975590926806,-1.01975356768706,2.1183226520305e-107,Mitoxy-80_v1.0,NA
rs4535419,0.00014570421264,-0.708301852404149,0.993565922645997,-2.27384161771784,0.00574122928681,0.886094793647693,0.874484586961778,-0.694356456619217,-2.96819807433706,3.0185155173509e-108,Mitoxy-80_v1.0,NA
rs4563584,0.00017680489024,-1.35020456049576,0.992203271532486,-1.52260627476222,0.00853328842564,0.702830178466655,0.824176586783024,-0.665578199475371,-2.1881844742376,6.58489743872811e-108,Mitoxy-80_v1.0,NA
rs4585401,0.00014288855296,1.33020178021684,0.993689473291988,-1.65363271795149,0.00583717392196,-1.10283319415613,0.872654148968737,-0.499745427656135,-2.15337814560763,6.81812896371605e-108,Mitoxy-80_v1.0,NA
rs4608884,0.00053487663076,2.28270363292026,0.976779704995435,0.663506226745072,0.026665257025,-2.34114945344316,0.600012687043263,1.18616777273453,1.8496739994796,3.73395146839414e-106,Mitoxy-80_v1.0,NA
rs4623109,0.00042070522321,2.92190082443165,0.981645188526574,2.19146830518657,0.016927050816,1.03773135337884,0.70265364930441,-0.228089761833764,1.96337854335281,4.18359779019775e-106,Mitoxy-80_v1.0,NA
rs4700812,0.00016504027024,1.00799420867453,0.992718289124035,-1.95686785424572,0.00680450111236,-1.58856774324944,0.85461865951685,0.11413785289944,-1.84273000134628,9.3020353679364e-108,Mitoxy-80_v1.0,NA
rs4700813,0.00036376788529,3.99349856077011,0.98408976651989,5.77675055016442,0.012998964169,0.590977344688764,0.754731731594798,-0.57090472535632,5.2058458248081,1.07086709253513e-104,Mitoxy-80_v1.0,NA
rs4700817,0.00036367634209,3.86230421126044,0.984093706687909,5.26953646824383,0.013003981225,0.589107730082869,0.754660292973115,-0.571604093162609,4.69793237508122,6.44394113504782e-105,Mitoxy-80_v1.0,NA
rs4700818,0.00033977917561,2.47079438618572,0.985123359862741,0.903021271692935,0.011322662464,0.170632847154349,0.77938279270016,-0.744316999914264,0.158704271778671,6.88319141679652e-107,Mitoxy-80_v1.0,NA
rs4700838,0.000164172969,18.2557558729415,0.992756277971204,162.965434071493,0.00622906091536,0.298004166012032,0.865256598511385,-0.963771321782222,162.001662749711,1.3344234000365e-36,Mitoxy-80_v1.0,NA
rs4700839,0.00028670616976,-1.72830195365099,0.987417831799645,-0.713015165410454,0.011579696881,0.481259931790092,0.775498935022522,-0.65713032481358,-1.37014549022403,1.49217181268857e-107,Mitoxy-80_v1.0,NA
rs4700840,0.00016406023396,18.3066845713037,0.992761216116335,163.890215134738,0.00623000804416,0.308903793722064,0.865238871725721,-0.960844525239914,162.929370609498,3.37436496551446e-36,Mitoxy-80_v1.0,NA
rs4701137,0.00019754864704,1.55770106437475,0.991296476544142,-1.1693566237647,0.00705999896644,1.64733087529962,0.849978769198981,0.204804045288127,-0.964552578476573,2.23854379479544e-107,Mitoxy-80_v1.0,NA
rs4701139,0.00019637537956,1.66630510796809,0.99134772067011,-0.998691728127521,0.007055328016,1.67538930425258,0.850063142401196,0.244263068044716,-0.754428660082806,2.76198460538206e-107,Mitoxy-80_v1.0,NA
rs4701140,0.00014191480384,3.30551171848768,0.993732208381248,2.89279603701393,0.00568402905625,1.10313625360613,0.875579514905497,-0.509293664520085,2.38350237249384,6.36806350386494e-106,Mitoxy-80_v1.0,NA
rs4701143,0.00019622686561,-0.572800736716614,0.991354207605876,-2.21270925561151,0.010058485264,0.308255892793044,0.799065329065527,-0.764423450821825,-2.97713270643333,2.99166631421138e-108,Mitoxy-80_v1.0,NA
rs4701144,0.00036337509376,4.01921059258016,0.984106673128099,5.87772808945715,0.013009227364,0.584584158936681,0.754585606866722,-0.573468019245786,5.30426007021136,1.18161592846218e-104,Mitoxy-80_v1.0,NA
rs4701148,0.00027648040729,0.35659952970044,0.987861144375866,-2.14286207706686,0.012510198801,-0.0266588883226493,0.761756780841558,-0.716960910070907,-2.85982298713777,3.36403197523688e-108,Mitoxy-80_v1.0,NA
rs4701195,0.000170537481,18.5569339153075,0.992477572217116,168.439754144079,0.00643821688225,0.78607277055279,0.861359515621047,-0.721814068214814,167.717940075865,4.05360427027899e-34,Mitoxy-80_v1.0,NA
rs4701196,0.00017079614721,18.1981651095349,0.992466248379591,161.894937241535,0.00642038420529,0.67717619338228,0.861690412192704,-0.791558707490996,161.103378534044,5.43467741634963e-37,Mitoxy-80_v1.0,NA
rs4701197,0.00028421576569,-1.8787925522134,0.987525760438154,-0.449130239658362,0.011633563881,-0.125527772369482,0.774689891485858,-0.739035302662052,-1.18816554232041,1.78999459270474e-107,Mitoxy-80_v1.0,NA
rs5029247,0.00043922518929,-2.27750182510485,0.980852658027218,0.566052824163758,0.014521455025,-1.42414837558608,0.73365613558293,0.0825166311145692,0.648569455278328,1.12340303599402e-106,Mitoxy-80_v1.0,NA
rs55654737,0.00015752258064,19.2371801000733,0.99304766970531,181.263788609345,0.00625358313616,0.502540478201711,0.864797866194477,-0.89129114240254,180.372497466942,1.26953826277733e-28,Mitoxy-80_v1.0,NA
rs55702506,0.000146071396,-13.265596558001,0.993549812969953,84.8986637197472,0.00605506528449,-1.2193671343185,0.868525530317093,-0.368785008165205,84.529878711582,3.01804240859972e-70,Mitoxy-80_v1.0,NA
rs55800082,0.00108617703184,5.91970798490163,0.953948576304938,15.1755843138112,0.165157708816,-0.466476047992598,0.194971957090215,-0.087226143619304,15.0883581701919,2.09727872795488e-100,Mitoxy-80_v1.0,NA
rs55815501,0.00110764492969,6.05658432813622,0.953081091612956,15.9508948889037,0.165157708816,-0.466476047992598,0.194971957090215,-0.087226143619304,15.8636687452844,4.55375075737331e-100,Mitoxy-80_v1.0,NA
rs55821473,0.00014570421264,-0.65609901580674,0.993565922645997,-2.30922528001036,0.00574371484129,0.91405024324656,0.874437070508635,-0.672183335170742,-2.98140861518111,2.97890153201862e-108,Mitoxy-80_v1.0,NA
rs55827522,0.00016544905129,18.4381195238947,0.992700385025878,166.281354880228,0.00631123791489,-0.00422620913280289,0.863721243502739,-0.996518692028724,165.284836188199,3.55760524300449e-35,Mitoxy-80_v1.0,NA
rs55837909,0.00014722667569,-1.64820293892218,0.993499130034847,-1.16845321486346,0.005809183524,0.932046235797318,0.873187359452576,-0.653248899969171,-1.82170211483264,9.49970855290737e-108,Mitoxy-80_v1.0,NA
rs55858825,0.00014823793009,0.117900174944355,0.993454769834741,-2.50760462203027,0.00575184211281,1.01957782673993,0.874281737145628,-0.582430985125741,-3.09003560715601,2.67226820609936e-108,Mitoxy-80_v1.0,NA
rs55882075,0.000141729025,-14.4267954640907,0.993740362105584,100.877980396723,0.00579274732201,-0.566133798273817,0.873500768991299,-0.893777760855029,99.9842026358682,1.554006889702e-63,Mitoxy-80_v1.0,NA
rs55915939,0.00109459737409,5.81830876507872,0.953608135085534,14.6057975283991,0.165164211216,-0.466452101849391,0.194965777719816,-0.0872251557354409,14.5185723726636,1.18631855785546e-100,Mitoxy-80_v1.0,NA
rs55952102,0.00111793934736,6.08240916867052,0.952665669476158,16.0970075495983,0.1651284496,-0.468006201397775,0.194999767599277,-0.0871009759415644,16.0099065736567,5.27083642315945e-100,Mitoxy-80_v1.0,NA
rs55967209,0.00108622317241,5.87079273861502,0.95394671014219,14.9004845315884,0.165160147201,-0.466465222601434,0.194969639794668,-0.0872259410226252,14.8132585905658,1.59287583050989e-100,Mitoxy-80_v1.0,NA
rs55975622,0.00016530759184,18.5113399496002,0.992706580699592,167.624845036924,0.00631157158116,-0.00721649082262787,0.863715020551632,-0.996481084082946,166.628363952841,1.36346643418662e-34,Mitoxy-80_v1.0,NA
rs56030002,0.001842899041,5.50259731184048,0.924294183782463,12.7027062441063,0.253665337104,-0.00733105398171754,0.136209470257752,-0.0732088307550853,12.6294974133512,1.79385152229634e-101,Mitoxy-80_v1.0,NA
rs56030337,0.00014682895929,-4.08321160654601,0.993516577550264,5.76300732605213,0.00576577492929,-0.113122146321677,0.874015573030319,-1.03020626499795,4.73280106105418,6.67259617879349e-105,Mitoxy-80_v1.0,NA
rs56040295,0.001330133841,6.67220531381097,0.944182695327062,19.5738797856498,0.204127758025,-0.464321997321853,0.163848635335863,-0.0718103455538676,19.5020694400959,1.73183535410723e-98,Mitoxy-80_v1.0,NA
rs56043012,0.00129090022681,6.75060048818367,0.945739748622237,20.0919855117695,0.204125047204,-0.464367134275634,0.163850454749014,-0.0718078032377764,20.0201777085317,2.90748955484767e-98,Mitoxy-80_v1.0,NA
rs56093222,0.00108684286929,5.88968462688786,0.95392164711009,15.0062946754923,0.165157708816,-0.466476047992598,0.194971957090215,-0.087226143619304,14.919068531873,1.77065763406194e-100,Mitoxy-80_v1.0,NA
rs56159807,0.00014623339329,-13.0383619869839,0.993542705722828,81.9293027979373,0.00605506528449,-1.21937998542684,0.868525530317093,-0.368771398108086,81.5605313998292,1.54936658624938e-71,Mitoxy-80_v1.0,NA
rs56191557,0.00029890260544,-3.31439428994494,0.986889605582653,3.25341959168303,0.016480140625,1.56073222979552,0.708213534126625,0.246696882520332,3.50011647420336,1.94512147386291e-105,Mitoxy-80_v1.0,NA
rs56227602,0.00014015718544,-13.8035949589485,0.993809354577709,92.1374785130498,0.005639259025,0.0714481656568347,0.8764384184697,-1.04327076654667,91.0942077465032,2.14080551711141e-67,Mitoxy-80_v1.0,NA
rs56309143,0.00016578365049,18.3465753318266,0.992685730480516,164.608469194261,0.00631152391401,0.0320090225828906,0.863715909549229,-0.996064363840604,163.61240483042,6.6808242401208e-36,Mitoxy-80_v1.0,NA
rs56335144,0.00016530502041,18.4256947523158,0.992706693324394,166.054652913888,0.00631123791489,-0.00422620913280289,0.863721243502739,-0.996518692028724,165.05813422186,2.83597464329986e-35,Mitoxy-80_v1.0,NA
rs56350746,0.0001656369,5.95399378399378,0.992692157704159,15.1360857216537,0.00593576252721,0.120890946590191,0.870781234475123,-1.01676115824624,14.1193245634074,7.95811487274126e-101,Mitoxy-80_v1.0,NA
rs56365546,0.00014497364025,-5.86202400232549,0.993597977080781,14.5460946747963,0.005905615104,-0.951245315427857,0.871353099384014,-0.631112300337332,13.9149823744589,6.48732295423197e-101,Mitoxy-80_v1.0,NA
rs56370020,0.000161696656,-1.70899653979239,0.99286475949023,-1.02143991207553,0.00660068502916,1.13298114582385,0.858356480703456,-0.426307852330637,-1.44774776440616,1.38075489770546e-107,Mitoxy-80_v1.0,NA
rs56807514,0.00013828819216,-19.7965066839008,0.993891402433516,192.204824596503,0.00563497942225,-0.037025437445465,0.87652060998843,-1.04523970605938,191.159584890444,6.14353502385771e-24,Mitoxy-80_v1.0,NA
rs57380196,0.00016958029729,2.25619130261167,0.992519477861252,0.0784338326641878,0.00630898192681,-0.733889720518047,0.863763320541549,-0.764071884259847,-0.685638051595659,2.95867072991078e-107,Mitoxy-80_v1.0,NA
rs57551480,0.00016727283556,17.1776176411462,0.992620513425965,143.992013733321,0.006268838976,0.700517833686976,0.864512723579433,-0.787319667158277,143.204694066163,9.15954442204882e-45,Mitoxy-80_v1.0,NA
rs57785769,0.00028446532921,0.464799805527063,0.987514943840033,-2.08494062756871,0.00950798557921,0.356335678076565,0.807950465607256,-0.773706172467421,-2.85864680003613,3.3679910340962e-108,Mitoxy-80_v1.0,NA
rs57952044,0.00028942515625,-5.1846994856723,0.987300023837125,11.0867820769151,0.012578071104,-0.370451708395749,0.760773439574829,-0.662969943030955,10.4238121338841,1.97637589252896e-102,Mitoxy-80_v1.0,NA
rs58386410,0.00015460684281,20.1210381129314,0.993175478882386,198.552996060812,0.00615466923289,0.207395123368901,0.866651211346908,-0.988755035783195,197.564241025028,3.71471206412413e-21,Mitoxy-80_v1.0,NA
rs58788190,0.00014561731584,-0.544298594537258,0.993569735202663,-2.37619181822099,0.00575302529169,0.967207084630323,0.874259128112018,-0.627835894206434,-3.00402771242742,2.91227779348769e-108,Mitoxy-80_v1.0,NA
rs58826518,0.00114565325625,6.26397813723318,0.951549096832536,17.1545646326272,0.122247430321,0.192595505650113,0.246537032487119,-0.136965302086662,17.0175993305406,1.44382627912948e-99,Mitoxy-80_v1.0,NA
rs58828813,0.00052608761956,2.7370970414098,0.977152539838635,1.77080928570827,0.023920334244,1.33077937696396,0.6257789555247,0.0626647377425497,1.83347402345082,3.67394887663464e-106,Mitoxy-80_v1.0,NA
rs58916559,0.00022988017924,-0.515301613264916,0.989886432421674,-2.16551359657337,0.00849490335684,2.04458607018937,0.82482894554234,0.853033335410609,-1.31248026116276,1.58074756914637e-107,Mitoxy-80_v1.0,NA
rs59206457,0.00122113904704,6.8605915615485,0.948521061968465,20.8390689921733,0.200876965249,-0.499001546208888,0.166059880232429,-0.0701221727765028,20.7689468193968,6.14758378285245e-98,Mitoxy-80_v1.0,NA
rs59277839,0.00129091459849,6.73979175770193,0.945739177317213,20.0230267461092,0.204083483536,-0.464611427407716,0.163878355964632,-0.0718028840669916,19.9512238620422,2.71376282037852e-98,Mitoxy-80_v1.0,NA
rs59666900,0.00014160048016,-14.5420014118122,0.993746003941546,102.536369541811,0.00577536161764,-0.680398127264928,0.873832528820168,-0.832805839527323,101.703563702284,8.67285256178312e-63,Mitoxy-80_v1.0,NA
rs60104959,0.00014569455616,-0.565600145811241,0.993566346318119,-2.36418365070872,0.00574994624656,0.965243892789509,0.874317967160621,-0.629700878278867,-2.99388452898759,2.94196788283313e-108,Mitoxy-80_v1.0,NA
rs60216315,0.00014360906569,-9.60529719535703,0.993657854396206,43.3080293573171,0.00600533553481,-1.31480977261495,0.869464368317322,-0.266522243655923,43.0415071136611,2.89437294457352e-88,Mitoxy-80_v1.0,NA
rs60485189,0.00109004965281,5.87159520110008,0.953791972935498,14.9039888009873,0.165161772801,-0.466465387634381,0.194968094952068,-0.0872251345921048,14.8167636663952,1.59846877720766e-100,Mitoxy-80_v1.0,NA
rs60716268,0.00109463045904,5.7853964914826,0.953606797913607,14.4236960275778,0.165161772801,-0.466465387634381,0.194968094952068,-0.0872251345921048,14.3364708929857,9.88816390127952e-101,Mitoxy-80_v1.0,NA
rs61078164,0.00026199307044,2.26930348074285,0.988489888841051,0.312967414441643,0.010932375364,-0.627460356931081,0.785355085328944,-0.614785387163493,-0.30181797272185,4.34297748185796e-107,Mitoxy-80_v1.0,NA
rs61408162,0.000162154756,-1.94539814669389,0.992844689406374,-0.591203155257412,0.00663232700881,1.12224594819933,0.857774050015626,-0.435013398849784,-1.0262165541072,2.10467610771375e-107,Mitoxy-80_v1.0,NA
rs61751563,0.00072823879881,-4.15998725260229,0.968648557253195,6.65022337348058,0.027929428641,1.02120020823236,0.58884640722353,-0.137355016396101,6.51286835708448,3.95702001072707e-104,Mitoxy-80_v1.0,NA
rs61753466,0.00273544690225,1.4665009607755,0.891602993485877,-0.152225528543197,0.184330259569,-1.54310716290466,0.178308535267828,0.114097182989506,-0.0381283455536919,5.65335851380993e-107,Mitoxy-80_v1.0,NA
rs62392796,0.00015182182656,-0.931802687962602,0.993297588700703,-2.07142554155809,0.00618857555625,0.448430419169288,0.86601501601379,-0.917940361691351,-2.98936590324944,2.95529161443727e-108,Mitoxy-80_v1.0,NA
rs62404341,0.00026839941241,-3.51299830921266,0.98821175755272,3.87751196064578,0.01089936,0.784907088122605,0.78586449809978,-0.528495778056036,3.34901618258974,1.67234049277624e-105,Mitoxy-80_v1.0,NA
rs62404346,0.00014112964804,-14.522550884695,0.993766669321104,102.256001168625,0.00573086850625,-0.861407483240316,0.87468271009402,-0.713935939612263,101.542065229012,7.379451243568e-63,Mitoxy-80_v1.0,NA
rs62404347,0.00015544104976,20.539317912028,0.993138908687825,206.993623489602,0.00621792177444,-0.0848198818573106,0.865465136991973,-0.99985269796502,205.993770791637,1.70146656338164e-17,Mitoxy-80_v1.0,NA
rs62404348,0.00013790274624,-21.027743715512,0.99390832499875,217.185820983854,0.00564062583681,-0.116173284814011,0.876412171538175,-1.03948747597462,216.14633350788,4.36541346575091e-13,Mitoxy-80_v1.0,NA
rs62404349,0.00025996080289,-5.7142954606067,0.988578152434384,13.9039928732508,0.00980830756161,-0.915907101292549,0.803078882985982,-0.475630282925729,13.4283625903251,3.98776200961985e-101,Mitoxy-80_v1.0,NA
rs62405729,0.00159904814161,2.53400386615018,0.933646834007147,1.64117323041624,0.096211012041,0.281078667479101,0.293662013082759,-0.162230294937926,1.47894293547831,2.57728361998953e-106,Mitoxy-80_v1.0,NA
rs62405739,0.00031742054569,-4.82288690693354,0.986088675314793,9.3308026736847,0.0181467841,0.239933932150546,0.687914226369056,-0.562437583278061,8.76836509040664,3.77500935092301e-103,Mitoxy-80_v1.0,NA
rs62406176,0.00016516105225,18.4763646266973,0.992712998956008,166.983389495111,0.00631120613761,-0.00414942266855145,0.863721836160847,-0.996521144206305,165.986868350904,7.17871068546738e-35,Mitoxy-80_v1.0,NA
rs62406177,0.00016531530625,18.465798172273,0.992706242820085,166.788949374179,0.00631184169841,-0.00558358958350903,0.863709982869744,-0.996471628711164,165.792477745468,5.91049267702146e-35,Mitoxy-80_v1.0,NA
rs62406178,0.000165353881,18.4673769344428,0.992704553307742,166.81771878589,0.00631494051556,-0.00348911366536381,0.863652194189078,-0.996267874060736,165.821450911829,6.08424326261637e-35,Mitoxy-80_v1.0,NA
rs62406180,0.000137663289,-20.9628398534049,0.993918838387048,215.83289276618,0.00563676614656,0.0610515141505413,0.876486293343884,-1.04406811385137,214.788824652329,1.12322504531671e-13,Mitoxy-80_v1.0,NA
rs62406181,0.00015543855625,20.4331261279326,0.993139017994992,204.833095964488,0.00623005540249,-0.0947860591632913,0.865237985370131,-0.998235634611895,203.834860329876,1.96435745068452e-18,Mitoxy-80_v1.0,NA
rs62406183,0.00032192612929,5.91523940631915,0.985893998277523,15.1176662541854,0.00962056914025,-0.214740351431674,0.806117315723285,-0.801664598946151,14.3160016552393,9.68781818078458e-101,Mitoxy-80_v1.0,NA
rs62406187,0.000164275489,18.3123975969416,0.992751787319223,163.993130715553,0.00622996068601,0.301779675941118,0.865239758079758,-0.96272991938448,163.030400796169,3.73309383010423e-36,Mitoxy-80_v1.0,NA
rs62406219,0.00016406791921,18.2475466277354,0.992760879476939,162.817135501657,0.00623071843801,0.305509983543401,0.86522557622883,-0.961697917945275,161.855437583712,1.152892639e-36,Mitoxy-80_v1.0,NA
rs62406223,0.00016674298641,17.7853154597341,0.992643716544985,154.539162384283,0.00636776868289,0.430806170056254,0.862668209754942,-0.912624724271449,153.626537660012,3.07625999173951e-40,Mitoxy-80_v1.0,NA
rs62406694,0.00017531348836,12.4626527498754,0.992268530776873,74.6272115374908,0.00635888225476,0.463715755443138,0.862833572651397,-0.900511601510937,73.7266999359799,6.13711708339594e-75,Mitoxy-80_v1.0,NA
rs62406695,0.00017141617476,16.0010234789118,0.992439105989734,124.606075014191,0.00637749182464,0.714870672383395,0.862487349493711,-0.771636879932242,123.834438134259,3.54387674597279e-53,Mitoxy-80_v1.0,NA
rs62406697,0.00014396400225,-10.1867733466683,0.993642279141775,49.0262614842594,0.00599998963216,-1.28761186476563,0.869565413380763,-0.297596198417147,48.7286652858422,8.53996128399738e-86,Mitoxy-80_v1.0,NA
rs62406698,0.00014616326404,-13.0989759962944,0.993545782464967,82.7163577763094,0.00604088027361,-1.17644432607552,0.868793119555697,-0.414275910035618,82.3020818662737,3.25241130038493e-71,Mitoxy-80_v1.0,NA
rs6601058,0.00019666977121,1.60950234956039,0.991334862198177,-1.0901983299795,0.00706499086225,1.7096492115141,0.849888617147981,0.293881046692905,-0.796317283286598,2.64867855741158e-107,Mitoxy-80_v1.0,NA
rs6601060,0.000169234081,-0.0299999231301407,0.992534636133038,-2.44829391476079,0.00646163568649,0.923692810660788,0.860925350754087,-0.619097848374273,-3.06739176313506,2.73346892530921e-108,Mitoxy-80_v1.0,NA
rs6601062,0.00027079006249,-4.15239704175453,0.988108007594516,6.30273233793466,0.015310102756,0.778389125058594,0.7231951850905,-0.423133098683264,5.8795992392514,2.1005980745823e-104,Mitoxy-80_v1.0,NA
rs6601065,0.000165276736,17.3017268201618,0.992707932141085,146.122952072845,0.006261873424,0.702799120456958,0.864642891423601,-0.786384308777546,145.336567764068,7.72208995359357e-44,Mitoxy-80_v1.0,NA
rs6601067,0.00016477573225,18.7199781872006,0.992729875900976,171.482938345967,0.00630588457216,-0.0214542070480143,0.863821096812581,-0.996694095466147,170.486244250501,6.45803770151628e-33,Mitoxy-80_v1.0,NA
rs6601072,0.00016561373481,18.1384867628661,0.992693172276396,160.840887652604,0.00631457497449,-0.0104771450827604,0.863659010625315,-0.996250726030277,159.844636926574,1.54350925078484e-37,Mitoxy-80_v1.0,NA
rs6601073,0.00013764920976,-21.0633800415942,0.993919456544072,217.932793654981,0.00563711151249,0.0578540157457243,0.876479660397718,-1.04420789477034,216.88858576021,9.17025560662881e-13,Mitoxy-80_v1.0,NA
rs6627,0.000287946961,-1.81570510931699,0.987364067439125,-0.55804182130157,0.0115799121,0.481336307034662,0.775495699225901,-0.657094986299692,-1.21513680760126,1.74236142462382e-107,Mitoxy-80_v1.0,NA
rs6639,0.00015584276569,20.3541418009084,0.993121299114681,203.23098925245,0.00621492569104,-0.0894669612912064,0.86552124453064,-0.999710560226971,202.231278692223,3.95179003658687e-19,Mitoxy-80_v1.0,NA
rs66465242,0.00104698839184,5.9426959069388,0.955536208095179,15.3161437632739,0.1651528321,-0.466773296587022,0.194976591795244,-0.0872014740292526,15.2289422892447,2.41385433625822e-100,Mitoxy-80_v1.0,NA
rs66479467,0.00017714545216,-1.20649756566689,0.992188370774721,-1.70393812249581,0.00853434154225,0.70481752298891,0.824158703485846,-0.664378978987186,-2.36831710148299,5.49943925191908e-108,Mitoxy-80_v1.0,NA
rs66685266,0.00108622317241,5.87079273861502,0.95394671014219,14.9004845315884,0.165160147201,-0.466465222601434,0.194969639794668,-0.0872259410226252,14.8132585905658,1.59287583050989e-100,Mitoxy-80_v1.0,NA
rs66686562,0.00108746933824,5.89920792799787,0.953896311526858,15.0596766684817,0.165157708816,-0.466476047992598,0.194971957090215,-0.087226143619304,14.9724505248624,1.8677472308077e-100,Mitoxy-80_v1.0,NA
rs66902084,0.00017004681604,18.4681216545759,0.992499053159445,166.810216053003,0.00643077290241,0.775976685982784,0.861497612457875,-0.729062850029016,166.081153202974,7.88848931914051e-35,Mitoxy-80_v1.0,NA
rs66946955,0.00042517615204,-3.01860832791783,0.981453745470908,2.47775770669717,0.019063877184,-3.43260038240918,0.677232885937866,3.42441921833064,5.90217692502781,2.14856416192707e-104,Mitoxy-80_v1.0,NA
rs66965803,0.00043033428025,-3.17010291884596,0.981232969611758,2.94264930359104,0.0193376836,-3.24577160937725,0.674107878387083,2.99028005302408,5.93292935661512,2.21566419082631e-104,Mitoxy-80_v1.0,NA
rs67211456,0.00109460399104,5.8117927265693,0.953607867652465,14.5696626381312,0.164936703376,-0.464195664378367,0.195182216465205,-0.0875409922913121,14.4821216458398,1.14385499947619e-100,Mitoxy-80_v1.0,NA
rs67484565,0.00014619469921,-13.0396738096617,0.99354440332463,81.9463100846488,0.00604949506225,-1.2072552183444,0.868630588585776,-0.38187158408762,81.5644385005612,1.55543195886766e-71,Mitoxy-80_v1.0,NA
rs67550210,0.00042978265344,-3.10580188315196,0.981256575348501,2.7441469449187,0.019239631849,-3.10258314288392,0.675223642543201,2.68754964032184,5.43169658524054,1.34221260177304e-104,Mitoxy-80_v1.0,NA
rs67637906,0.00108876241296,5.88009601047387,0.953844021407337,14.9519664661593,0.16516096,-0.466461614173228,0.194968867371258,-0.0872258734821349,14.8647405926771,1.67702783878474e-100,Mitoxy-80_v1.0,NA
rs67772277,0.00042309198864,-3.07129105653112,0.981542979068894,2.63320819678334,0.019158989056,-3.13746243208878,0.676144076129089,2.76414148153759,5.39734967832093,1.29689447432601e-104,Mitoxy-80_v1.0,NA
rs67832593,0.00109721262564,5.79458522771871,0.953502447808272,14.4738019539375,0.165235746064,-0.466439683929819,0.194897822465715,-0.0871914727521876,14.3866104811853,1.03965920459261e-100,Mitoxy-80_v1.0,NA
rs67879510,0.00107303415184,5.8776085868145,0.954480439601949,14.9420689756835,0.165157708816,-0.466476047992598,0.194971957090215,-0.087226143619304,14.8548428320642,1.66051089391937e-100,Mitoxy-80_v1.0,NA
rs67952129,0.00109525916809,5.80570302797729,0.953581388520147,14.5357692147112,0.165173152225,-0.466414871498345,0.194957281526457,-0.0872241886666622,14.4485450260446,1.10608584366238e-100,Mitoxy-80_v1.0,NA
rs68054433,0.00043059155049,-3.10729758514171,0.981221960648425,2.74946174999917,0.0193376836,-3.24575722709622,0.674107878387083,2.99024858465984,5.73971033465901,1.82637512601975e-104,Mitoxy-80_v1.0,NA
rs6859535,0.00027812566441,0.463899598851119,0.987789791464512,-2.09645387282236,0.012540640225,-0.0162411037192481,0.761315427994483,-0.716205783168578,-2.81265965599094,3.52649189142274e-108,Mitoxy-80_v1.0,NA
rs6860158,0.00017254661449,-2.65929489863502,0.992389623564398,1.06989363988914,0.00843447539236,1.2287536721712,0.825858021088622,-0.250487255895299,0.819406383993839,1.33268996844426e-106,Mitoxy-80_v1.0,NA
rs6860716,0.00015544853041,20.4744183062104,0.993138580761209,205.671822337775,0.00623003961636,-0.0953542732476378,0.865238280822167,-0.998189989133692,204.673632348642,4.54458863192041e-18,Mitoxy-80_v1.0,NA
rs6865507,0.00106319036356,5.89760968638251,0.9548791845605,15.0570026173025,0.164886347844,-0.468228989661677,0.195230186983741,-0.0871985188883259,14.9698040984141,1.86281090982358e-100,Mitoxy-80_v1.0,NA
rs6866388,0.00127438290225,6.91141084359287,0.946396804178274,21.1404786255769,0.191365127209,-0.584597659634292,0.17288690168016,-0.0653644862644852,21.0751141393124,8.34970696052584e-98,Mitoxy-80_v1.0,NA
rs6871140,0.00029355339556,-2.07550165174455,0.987121209647936,-0.0499722149042965,0.011887758961,0.273092973557979,0.77089473126147,-0.708040269392517,-0.758012484296813,2.75210385408794e-107,Mitoxy-80_v1.0,NA
rs6871601,0.00016559314489,5.97829550134828,0.992694074060562,15.2799168479063,0.00592322640625,0.171614747441936,0.87101894031026,-1.01121839466346,14.2686984532428,9.24022315754749e-101,Mitoxy-80_v1.0,NA
rs6872891,0.00029987156224,0.952901228864455,0.986847664408047,-1.71753888312854,0.013060832656,0.214085086276294,0.753851720709417,-0.683635155735912,-2.40117403886445,5.32168081148462e-108,Mitoxy-80_v1.0,NA
rs6875133,0.00019968798721,-1.82290126034067,0.991203051455046,-0.719806678144241,0.00722838339601,0.182174996677249,0.846948320559694,-0.924435674406105,-1.64424235255035,1.13443620153579e-107,Mitoxy-80_v1.0,NA
rs6875168,0.00030919353921,3.49229124369452,0.986444345843334,3.86491025235229,0.00969888159241,-0.709191138766222,0.80484708545451,-0.614586170927767,3.25032408142452,1.51517665597815e-105,Mitoxy-80_v1.0,NA
rs6876679,0.00015229287649,-2.93830982035055,0.993276933274686,1.78670451328158,0.00665717287225,-1.37220176121287,0.857317268440638,-0.166428395575817,1.62027611770576,2.96853678385033e-106,Mitoxy-80_v1.0,NA
rs6876740,0.00034749060921,0.0578002371104709,0.984790863243864,-2.09128443682076,0.016630165764,-1.22873338606368,0.706337328530798,-0.0794527621556829,-2.17073719897645,6.70079405704132e-108,Mitoxy-80_v1.0,NA
rs6878059,0.00097039103121,-3.03379976951055,0.958654671329523,2.81880261984008,0.031947272644,1.53318264722667,0.555962700600518,0.247513235162903,3.06631585500298,1.26051933962451e-105,Mitoxy-80_v1.0,NA
rs6879412,0.000144096016,-3.27370876374542,0.993636486265639,2.79589781851135,0.005926844196,-1.52918712493181,0.870950327640492,-0.00545804703345532,2.79043977147789,9.56616907632483e-106,Mitoxy-80_v1.0,NA
rs6879613,0.00030003089796,-2.01720415208932,0.986840767922519,-0.157532756646605,0.012578744025,-0.319317016628773,0.760763702932518,-0.676366751853478,-0.833899508500083,2.55098263711996e-107,Mitoxy-80_v1.0,NA
rs6885050,0.00080182983556,4.106283946519,0.965589404728363,6.45598025129207,0.015793451584,0.188707110573557,0.716930013547878,-0.61826548217407,5.837714769118,2.01443272854718e-104,Mitoxy-80_v1.0,NA
rs6886107,0.000212926464,4.13301123903509,0.990625317951102,6.12595150267279,0.00741627547684,0.144162995338943,0.843592196935367,-0.918878104865216,5.20707339780757,1.072182467258e-104,Mitoxy-80_v1.0,NA
rs6887507,0.00015463917316,20.1954902938386,0.993174061525411,200.043395162433,0.00615446526016,0.205506919021445,0.866655041381826,-0.989107155540785,199.054288006893,1.64833066523977e-20,Mitoxy-80_v1.0,NA
rs6890791,0.00101204151876,2.42480023638433,0.956956459184861,1.24051593341491,0.020668950289,0.189811987451919,0.659315841290441,-0.526522615595087,0.713993317819818,1.19935794306473e-106,Mitoxy-80_v1.0,NA
rs6891180,0.000148254976,1.33929862023653,0.993454022124128,-1.62346267258449,0.00582553615504,-1.15980829398416,0.872875766574107,-0.444218504787075,-2.06768117737156,7.42818877361819e-108,Mitoxy-80_v1.0,NA
rs6892309,0.00019669782001,1.60079572759877,0.991333637096909,-1.10398354015622,0.007065074916,1.71150688842887,0.849887099327697,0.296584571482007,-0.807398968674217,2.61948876968484e-107,Mitoxy-80_v1.0,NA
rs6893300,0.00016547477769,18.6242682898389,0.992699258263371,169.705615063138,0.00629574010849,3.95325770646677e-06,0.864010379924017,-0.997588359558021,168.70802670358,1.0910144629402e-33,Mitoxy-80_v1.0,NA
rs6894268,0.00015607005184,-1.09880090932377,0.993111336101853,-1.88941590717593,0.00587808955969,1.17028852713037,0.87187588637399,-0.430328111835935,-2.31974401901186,5.77315783157011e-108,Mitoxy-80_v1.0,NA
rs6895902,0.00015466155769,20.1329977565675,0.993173080193842,198.791754849126,0.00615341406969,0.21474127304041,0.866674780322891,-0.98749909744824,197.804255751677,4.72239409973464e-21,Mitoxy-80_v1.0,NA
rs71613414,0.00035172376849,-12.2875820478504,0.984608436017637,72.2434233106166,0.013547330449,2.06425644153858,0.747002692096801,0.904358784393307,73.1477820950099,3.43988231668314e-75,Mitoxy-80_v1.0,NA
rs71613416,0.00030774281476,2.00570040928939,0.986507090278094,-0.168518271617335,0.012533698116,0.304598317165979,0.761416032651571,-0.681194842048033,-0.849713113665368,2.51095969247684e-107,Mitoxy-80_v1.0,NA
rs72662125,0.00219197194225,-0.332599293014514,0.911227343552122,-1.16043727204637,0.1598000625,-0.257400875547217,0.200200137575032,-0.105064726138761,-1.26550199818513,1.65678030415952e-107,Mitoxy-80_v1.0,NA
rs72662130,0.00017036514576,18.1882259201373,0.992485116818162,161.717341038421,0.006436050625,0.684913680274229,0.86139969832975,-0.786036301617494,160.931304736804,4.57554752221546e-37,Mitoxy-80_v1.0,NA
rs72662131,0.00017015115364,18.1172475123043,0.992494485260074,160.439485066339,0.00643603458001,0.684910794528881,0.861399995968204,-0.786039008077851,159.653446058261,1.27489993096327e-37,Mitoxy-80_v1.0,NA
rs72807319,0.00107303415184,5.8776085868145,0.954480439601949,14.9420689756835,0.165157708816,-0.466476047992598,0.194971957090215,-0.087226143619304,14.8548428320642,1.66051089391937e-100,Mitoxy-80_v1.0,NA
rs72807324,0.00242530640676,5.11949869434732,0.902697027383293,10.6645507822726,0.280047348025,0.195455361445214,0.124981507413945,-0.0643678075713067,10.6001829747013,2.35757995723848e-102,Mitoxy-80_v1.0,NA
rs72807328,0.00108876241296,5.88009601047387,0.953844021407337,14.9519664661593,0.165161772801,-0.466465387634381,0.194968094952068,-0.0872251345921048,14.8647413315672,1.67702907792436e-100,Mitoxy-80_v1.0,NA
rs72807332,0.00110227320025,6.00069276065119,0.953298006895441,15.6313425787985,0.165161772801,-0.466465387634381,0.194968094952068,-0.0872251345921048,15.5441174442064,3.30818577396102e-100,Mitoxy-80_v1.0,NA
rs72807337,0.00110779137225,5.900010515721,0.953075179512465,15.0587283698582,0.165173152225,-0.466402568802825,0.194957281526457,-0.0872253073480121,14.9715030625102,1.86597844868258e-100,Mitoxy-80_v1.0,NA
rs72809756,0.00128353093696,6.78259607440323,0.946032784603678,20.3007721330373,0.204059089441,-0.464785302692544,0.163894735867519,-0.0717976687938026,20.2289744642435,3.58259274463816e-98,Mitoxy-80_v1.0,NA
rs72809763,0.00109775592976,5.91239994687979,0.953480494796729,15.1312158552575,0.111598756096,0.202738996120504,0.263854407714731,-0.147741064980442,14.9834747902771,1.88845168803184e-100,Mitoxy-80_v1.0,NA
rs72809766,0.00017312243776,16.7858880038913,0.992364420108645,137.369826304275,0.00629708905764,-0.000446445178705097,0.863985205424036,-0.997495721656032,136.372330582619,9.87679668777103e-48,Mitoxy-80_v1.0,NA
rs72809767,0.00016653128209,17.5964571047758,0.992652987789906,151.223473370305,0.00629780326569,0.00134178105236099,0.863971877249798,-0.997446037110306,150.226027333195,1.02612475910155e-41,Mitoxy-80_v1.0,NA
rs72809769,0.00111852789136,6.19359294829628,0.952641930246246,16.7469459475603,0.1651365769,-0.467960233284937,0.194992041909226,-0.0871012182072624,16.659844729353,1.00958779797646e-99,Mitoxy-80_v1.0,NA
rs72809771,0.00111997984921,6.12900816049674,0.952583369826733,16.3673826670585,0.165130887769,-0.467990442043198,0.194997449847945,-0.0871012283499955,16.2802814387086,6.90719712152396e-100,Mitoxy-80_v1.0,NA
rs72809772,0.00248713658944,5.2081963137041,0.90046332117578,11.0590583082564,0.280154255616,0.19617567485868,0.124939772932386,-0.0643271349827309,10.9947311732736,3.49797367079358e-102,Mitoxy-80_v1.0,NA
rs72809775,0.00109812041641,6.16520660633293,0.95346576773774,16.586724928763,0.165127636881,-0.46798028344395,0.195000540191496,-0.0871037364471037,16.4996211923159,8.60121680918388e-100,Mitoxy-80_v1.0,NA
rs72809781,0.00110760499249,6.09371197120253,0.953082703948903,16.1658807361136,0.165157708816,-0.466476047992598,0.194971957090215,-0.087226143619304,16.0786545924943,5.64594214594797e-100,Mitoxy-80_v1.0,NA
rs72809782,0.001107624961,6.07499774646195,0.953081897783881,16.0573526574083,0.165157708816,-0.466476047992598,0.194971957090215,-0.087226143619304,15.970126513789,5.06527790625983e-100,Mitoxy-80_v1.0,NA
rs72809783,0.00110763161721,6.07110341905766,0.953081629060895,16.034809755602,0.165157708816,-0.466476047992598,0.194971957090215,-0.087226143619304,15.9475836119827,4.95236926942883e-100,Mitoxy-80_v1.0,NA
rs72809785,0.00109440549124,6.03268262307371,0.953615890358148,15.8171961713898,0.165157708816,-0.466476047992598,0.194971957090215,-0.087226143619304,15.7299700277705,3.98386525711569e-100,Mitoxy-80_v1.0,NA
rs72809790,0.00110764492969,6.05189701123454,0.953081091612956,15.9238482158533,0.165157708816,-0.466476047992598,0.194971957090215,-0.087226143619304,15.836622072234,4.432237619912e-100,Mitoxy-80_v1.0,NA
rs72809792,0.00109178698084,6.07529159680651,0.953721734528771,16.0639964277329,0.165157708816,-0.466476047992598,0.194971957090215,-0.087226143619304,15.9767702841136,5.09904248716342e-100,Mitoxy-80_v1.0,NA
rs72809794,0.00109178698084,6.07529159680651,0.953721734528771,16.0639964277329,0.165157708816,-0.466476047992598,0.194971957090215,-0.087226143619304,15.9767702841136,5.09904248716342e-100,Mitoxy-80_v1.0,NA
rs72809795,0.00109178037241,6.08369322773068,0.95372200168128,16.1127123515279,0.165157708816,-0.466476047992598,0.194971957090215,-0.087226143619304,16.0254862079086,5.35359714371081e-100,Mitoxy-80_v1.0,NA
rs72809796,0.00109176715561,6.09302128509559,0.953722535984322,16.1668807971251,0.165157708816,-0.466476047992598,0.194971957090215,-0.087226143619304,16.0796546535058,5.65159125681856e-100,Mitoxy-80_v1.0,NA
rs72809798,0.00110648039044,6.12329318959349,0.953128108377897,16.338466974317,0.165157708816,-0.466476047992598,0.194971957090215,-0.087226143619304,16.2512408306977,6.7094925424866e-100,Mitoxy-80_v1.0,NA
rs72824523,0.00036325691649,3.7668907042756,0.984111759850452,4.91092194231043,0.013002612841,0.582637750046041,0.754679776259221,-0.574501098463624,4.33642084384681,4.48899479003412e-105,Mitoxy-80_v1.0,NA
rs72824524,0.00036342084496,3.76329234772026,0.984104703866302,4.89776109317355,0.013001928676,0.584672793924193,0.754689517895083,-0.573622907208432,4.32413818596511,4.43419523383276e-105,Mitoxy-80_v1.0,NA
rs72824528,0.00036363057481,3.84100455711072,0.984095676597809,5.18875510203677,0.012996456004,0.595805336748478,0.754767450808049,-0.568808985010585,4.61994611702619,5.96049822493562e-105,Mitoxy-80_v1.0,NA
rs72824529,0.00036280344676,3.83149931224209,0.984131279105607,5.15201133472488,0.012996456004,0.595819371589972,0.754767450808049,-0.568802673545569,4.58320866117931,5.7454981431054e-105,Mitoxy-80_v1.0,NA
rs72824531,0.00037126738489,3.30000570885859,0.983767083011094,3.29627320773346,0.013352264704,0.69152243145943,0.749733872065623,-0.513352611956934,2.78292059577652,9.49450911977834e-106,Mitoxy-80_v1.0,NA
rs72824532,0.00040705483536,3.94699538055869,0.982230154060152,5.63584391987909,0.013446257764,0.380920678176581,0.748415355414144,-0.635690148800455,5.00015377107863,8.71775478884082e-105,Mitoxy-80_v1.0,NA
rs72824534,0.00036136869409,3.88189713672494,0.984193042029744,5.34181164527924,0.012990300625,0.545434525115157,0.7548551249609,-0.590668703334328,4.75114294194492,6.79611344983912e-105,Mitoxy-80_v1.0,NA
rs72824543,0.00230766865924,-1.33229804613828,0.906977608781449,-0.382506695939794,0.099231930121,0.231565564377117,0.287290422284873,-0.161638001742425,-0.544144697682219,3.40836752041805e-107,Mitoxy-80_v1.0,NA
rs72824544,0.00039401059009,5.18038055990771,0.982789796111104,11.1561154967384,0.014791181161,0.219889984295217,0.730044491694071,-0.637099647289144,10.5190158494492,2.17378203941086e-102,Mitoxy-80_v1.0,NA
rs72824554,0.00015052590721,-1.09910423917385,0.993354418885167,-1.90690053641852,0.00614065006129,0.657887785325341,0.866914530828387,-0.820774479571716,-2.72767501599024,3.83929293577574e-108,Mitoxy-80_v1.0,NA
rs72824570,0.00038432073681,2.6177993378936,0.98320593644749,1.3255279837679,0.012127956129,0.151221771227764,0.767342573359539,-0.720320285400394,0.605207698367503,1.07573134017013e-106,Mitoxy-80_v1.0,NA
rs72824579,0.001494750244,6.83089338368424,0.937705113460234,20.4892401395362,0.204153059889,-0.464330847901769,0.163831655512265,-0.07180134920458,20.4174387903316,4.32560101925293e-98,Mitoxy-80_v1.0,NA
rs730012,0.00016659581184,17.7952615594397,0.992650161796551,154.715386960697,0.00636371557441,0.480555426717595,0.862743624069629,-0.893334162219741,153.822052798478,3.74053896453991e-40,Mitoxy-80_v1.0,NA
rs7379093,0.00014577181696,10.6972236946727,0.99356295655815,54.3241570635343,0.00614284440169,1.45949732253245,0.866873304380321,-0.0849495316527426,54.2392075318816,2.11180586440786e-83,Mitoxy-80_v1.0,NA
rs73809617,0.0005184729,3.3633069828722,0.977475790759343,3.63193958314911,0.022371484041,1.28996262644497,0.641318715034998,0.0209177828971322,3.65285736604624,2.266111396546e-105,Mitoxy-80_v1.0,NA
rs73809621,0.000508908481,2.49669754865021,0.977882111121428,1.14212913630724,0.022240055161,1.07367348170401,0.642672952273735,-0.144123333807345,0.998005802499892,1.59328647887494e-106,Mitoxy-80_v1.0,NA
rs73810812,0.00149087882161,-0.821500625454847,0.937856431492327,-1.07269154223397,0.075686062321,1.29958453133463,0.345763346054687,0.0798402388745448,-0.992851303359421,2.17608379715403e-107,Mitoxy-80_v1.0,NA
rs7442819,0.00014527963024,-0.139099990044138,0.993584551279022,-2.51491082935036,0.00573111075681,1.13797007031323,0.874678076653615,-0.472091226345424,-2.98700205569578,2.96228573655282e-108,Mitoxy-80_v1.0,NA
rs7444571,0.00014087553481,-11.5870622035369,0.993777823008947,64.1724927627619,0.00567304214416,-0.521495069012581,0.875790140576713,-0.923802688109444,63.2486900746524,1.72751785465576e-79,Mitoxy-80_v1.0,NA
rs74452694,0.00038170218384,1.72690047703868,0.983318453287554,-0.580507181435012,0.011582279641,-0.0488030217150928,0.775460105260764,-0.745927471158628,-1.32643465259364,1.55884239098439e-107,Mitoxy-80_v1.0,NA
rs7447159,0.00016539760449,18.4493845591609,0.992702638295777,166.487836878184,0.00631142858025,-0.00346061716040758,0.86371768753984,-0.996508187056564,165.491328691128,4.37357230772402e-35,Mitoxy-80_v1.0,NA
rs74538410,0.00017719603225,-0.620000751230139,0.992186157759628,-2.23523059430956,0.00576984564025,0.697409803908662,0.873937839214035,-0.822956944035858,-3.05818753834542,2.75874453048835e-108,Mitoxy-80_v1.0,NA
rs75055466,0.00160716801025,5.06671322914978,0.933332359505411,10.6260417449255,0.0587868516,2.02423080095686,0.404912185702252,0.570042784315347,11.1960845292408,4.27822072886263e-102,Mitoxy-80_v1.0,NA
rs75076831,0.00014537366041,-0.158900564812434,0.993580425627326,-2.51165808070264,0.00574673157184,0.998711204212792,0.874379406475949,-0.601181005692511,-3.11283908639515,2.61202073026695e-108,Mitoxy-80_v1.0,NA
rs75316527,0.00100779581764,2.41959566304834,0.957129293385994,1.22694627060343,0.0205320241,0.168577709540094,0.660807243681779,-0.531203808367675,0.69574246223575,1.17766717408328e-106,Mitoxy-80_v1.0,NA
rs75628693,0.00026427704356,2.68010531107366,0.988390712208681,1.32181277352458,0.011866834225,-0.385075503740763,0.771205734795355,-0.680287636876163,0.641525136648416,1.11551723471645e-106,Mitoxy-80_v1.0,NA
rs7566,0.000300779649,-1.89310384593208,0.986808361221403,-0.395803327917729,0.012525414889,-0.304724930082114,0.761536107511583,-0.681411600216651,-1.07721492813438,2.00003206553476e-107,Mitoxy-80_v1.0,NA
rs75704521,0.00184103639329,0.778399013687648,0.924364913492446,-1.0108788253263,0.088737856321,-1.28039303230398,0.310708917664921,0.0686432679853373,-0.942235557340961,2.28906304684512e-107,Mitoxy-80_v1.0,NA
rs75942553,0.00052816772761,3.11039992341799,0.97706427476743,2.83881723426574,0.0223143844,1.27800910429776,0.641906365362409,0.0107347780610026,2.84955201232674,1.01486943390424e-105,Mitoxy-80_v1.0,NA
rs76025697,0.00014162428036,-14.285834327681,0.993744959345393,98.8670672199267,0.00579160572676,-0.564678473534413,0.873522545566131,-0.894579130051135,97.9724880898755,2.07862627843533e-64,Mitoxy-80_v1.0,NA
rs76201679,0.00205922641369,4.65949883976403,0.916152635306863,8.70588399966843,0.149432499225,-1.08977791574509,0.211157009296962,0.00679272352458346,8.71267672319301,3.57053160100347e-103,Mitoxy-80_v1.0,NA
rs76360119,0.00205826449761,4.6377079930612,0.916188519843888,8.6132523573696,0.466162583121,-0.79004512560032,0.0790259915171127,-0.0164988541008871,8.59675350326871,3.17971405400777e-103,Mitoxy-80_v1.0,NA
rs76752696,0.00016736855641,1.70489522381368,0.992616321740502,-1.01163876524408,0.006360700516,-1.2840860646488,0.862799732419816,-0.281831480260247,-1.29347024550433,1.61108504956732e-107,Mitoxy-80_v1.0,NA
rs76935490,0.00037966132801,1.52480125635749,0.983406164865508,-0.906143069242314,0.0115842169,-0.0474835083155254,0.775430982650044,-0.745911920303611,-1.65205498954593,1.12560779477233e-107,Mitoxy-80_v1.0,NA
rs76987396,0.00117184351684,5.42679114985306,0.950496313647631,12.4932337011438,0.045027991204,1.00709714511918,0.470433317706302,-0.079280853591609,12.4139528475522,1.44602791845828e-101,Mitoxy-80_v1.0,NA
rs7700649,0.00027534756096,-3.14240430045319,0.98791028061271,2.66996127632672,0.010897689664,0.784766074028661,0.785890288224459,-0.528635033325581,2.14132624300114,4.99840714830239e-106,Mitoxy-80_v1.0,NA
rs7704520,0.00015459938244,20.1983303575737,0.993175805944296,200.100592178176,0.00608527926724,0.116560951284609,0.867956116052751,-1.00641425523579,199.09417792294,1.71541146614499e-20,Mitoxy-80_v1.0,NA
rs77049015,0.00124662661776,-3.47551235428066,0.947503001675714,4.2490329126064,0.054560083561,-0.896267247764159,0.423011470523884,-0.105064950877872,4.14396796172852,3.70312077584082e-105,Mitoxy-80_v1.0,NA
rs7705530,0.000154579489,20.1898978524893,0.993176678071864,199.931581129422,0.00608506084624,0.117486039678592,0.867960229746849,-1.00633584169131,198.92524528773,1.44877784945804e-20,Mitoxy-80_v1.0,NA
rs7709723,0.00015635251681,20.6505066338241,0.993098954622374,209.262218218568,0.00631263619441,0.117665108914679,0.863695165874148,-0.99045177364293,208.271766444925,1.66013865136676e-16,Mitoxy-80_v1.0,NA
rs7713126,0.00066179620516,-4.96540384211713,0.971427250317807,10.197732812305,0.022626477241,1.9652708066028,0.638707488624524,0.724402879429963,10.9221356917349,3.25303487432036e-102,Mitoxy-80_v1.0,NA
rs77144811,0.00037112481316,1.06160003322156,0.983773215519927,-1.50619245376004,0.011592398224,-0.0492129509232084,0.775308017788415,-0.74557352642938,-2.25176598018942,6.17925215814127e-108,Mitoxy-80_v1.0,NA
rs7715356,0.00015543606276,20.7137815422622,0.993139127301306,210.567546996987,0.00622375832464,-0.126262377869156,0.865355857026399,-0.995662146504156,209.571884850483,6.09226253628259e-16,Mitoxy-80_v1.0,NA
rs7718486,0.00017979055396,4.93761466521486,0.992072653689978,9.67466631728569,0.00748226730001,0.452364794953994,0.842419755300766,-0.837716406923076,8.83694991036261,4.04300278587446e-103,Mitoxy-80_v1.0,NA
rs7719302,0.00014368577161,-10.4355588183767,0.993654488361159,51.5749242279645,0.00600581600784,-1.30935053137404,0.869455287852811,-0.272723187377089,51.3022010405874,1.11976858459152e-84,Mitoxy-80_v1.0,NA
rs7723450,0.00030879978529,2.16400439317805,0.98646137507467,0.158653105318127,0.012578519716,0.31860923373219,0.760766948481201,-0.676545117773986,-0.517892012455859,3.49903119544472e-107,Mitoxy-80_v1.0,NA
rs7732112,0.00014173616809,-14.4436511469682,0.993740048597079,101.119765215325,0.00577744409025,-0.665283944770062,0.873792777096515,-0.841543515302964,100.278221700022,2.08518118262495e-63,Mitoxy-80_v1.0,NA
rs7734102,0.00015568301529,20.4725381292427,0.993128301839987,205.632187098979,0.00621681787024,-0.0823627591734858,0.865485808917123,-1.00010722260286,204.632079876376,4.3596193183282e-18,Mitoxy-80_v1.0,NA
rs7735702,0.00016521760369,17.9983195500128,0.99271052206165,158.328416694277,0.00629612097361,-0.00594469180736527,0.864003271954492,-0.997546959350572,157.330869734927,1.24966618002812e-38,Mitoxy-80_v1.0,NA
rs7736300,0.00013779238225,-20.6292115687694,0.993913170510476,208.936202125128,0.005628300484,0.13646530351097,0.876648912532396,-1.03819749045938,207.898004634669,1.14240914031102e-16,Mitoxy-80_v1.0,NA
rs77496764,0.00036295965225,3.86849329449125,0.984124555273215,5.2923394014521,0.013014474561,0.609350373857172,0.754510920484081,-0.562173483228636,4.73016591822346,6.65503608165415e-105,Mitoxy-80_v1.0,NA
rs77623927,0.00051906053241,2.3794995369334,0.977450837679532,0.871143460452542,0.022098606336,1.34108276827037,0.644136839135649,0.0626365152039531,0.933779975656495,1.49417322034495e-106,Mitoxy-80_v1.0,NA
rs78109239,0.00053258485284,3.02630666701332,0.97687689609122,2.58991768132619,0.022315280689,1.27865285875903,0.641897132737474,0.0112683666180896,2.60118604794428,7.91673676487134e-106,Mitoxy-80_v1.0,NA
rs78518762,0.00062189885641,0.899999599003926,0.97310346956052,-1.4137724363365,0.029684533264,-0.781928354189399,0.574015468374595,-0.251196163319213,-1.66496859965571,1.11116558580159e-107,Mitoxy-80_v1.0,NA
rs78669924,0.00170640869569,-0.744199163856524,0.929505912374609,-1.06871797504131,0.10144225,0.982486656200942,0.282800931122066,-0.0297098721789355,-1.09842784722024,1.95805237720955e-107,Mitoxy-80_v1.0,NA
rs78953166,0.00157431987729,-0.662399786277934,0.934605842021103,-1.15862104862524,0.076243358884,1.31591832595737,0.344105679533196,0.0870559585575101,-1.07156509006773,2.01136390421656e-107,Mitoxy-80_v1.0,NA
rs79038895,0.00028908160576,0.177700207029596,0.987314907605275,-2.16807550018776,0.012582557584,-0.0156592554291624,0.760708528414589,-0.714943194318833,-2.88301869450659,3.28689891032485e-108,Mitoxy-80_v1.0,NA
rs79193801,0.00050752430089,2.78180333180932,0.977940942525904,1.87684765901325,0.022078096569,1.28921776467659,0.644349653271664,0.018577522049968,1.89542518106322,3.90875234373577e-106,Mitoxy-80_v1.0,NA
rs79560635,0.00180417659536,-4.16081232519376,0.925766808503834,6.71333181262532,0.118234197904,1.1265079161965,0.252789855352683,0.0146932942573191,6.72802510688264,4.90692743643841e-104,Mitoxy-80_v1.0,NA
rs79801445,0.0002313441,0.815798816568048,0.98982268276868,-1.96441970668397,0.00862964823681,-1.9226898065469,0.822543478110586,0.655848257880794,-1.30857144880318,1.58693850650575e-107,Mitoxy-80_v1.0,NA
rs79887241,0.00037748992681,1.33150274588118,0.983499504184346,-1.18035950430675,0.011596705344,-0.043568364163138,0.775243297674073,-0.745632608085547,-1.9259921123923,8.55889524734342e-108,Mitoxy-80_v1.0,NA
rs8087,0.00015002330256,0.0557000914405147,0.993376461447479,-2.50702178831686,0.00619241512561,-0.522981399610379,0.865943031799245,-0.886323374749436,-3.39334516306629,1.97312399554308e-108,Mitoxy-80_v1.0,NA
rs8180434,0.00052223675625,2.15709878569084,0.977315985332823,0.380714971776803,0.026624775241,-2.3491245380613,0.60037725989032,1.19793959814029,1.57865456991709,2.84751766001346e-106,Mitoxy-80_v1.0,NA
rs9637934,0.00014625999844,-13.1745191751145,0.993541538494653,83.7023046948563,0.00605255992324,-1.21310133139327,0.86857278002942,-0.375548723985139,83.3267559708711,9.06182708213982e-71,Mitoxy-80_v1.0,NA
rs9637935,0.00014363063716,-10.3944228426481,0.993656907787381,51.1491520558076,0.00600428166129,-1.29506383626736,0.869484286147603,-0.288985500645628,50.860166555162,7.19706029744192e-85,Mitoxy-80_v1.0,NA
rs9763971,0.00014364741609,-10.2597348418479,0.993656171488171,49.7670605564105,0.00600397171609,-1.32253472594157,0.869490144174007,-0.257741485603976,49.5093190708065,1.86418724821797e-85,Mitoxy-80_v1.0,NA
rs9800237,0.00025845706756,-1.36029384322556,0.988643471444802,-1.32428863517219,0.011594120976,-0.0413859170102901,0.775282129888535,-0.74579083775923,-2.07007947293142,7.41039512720506e-108,Mitoxy-80_v1.0,NA
rs9800310,0.00026857309924,-1.38450226382397,0.988204219119512,-1.27288877346458,0.010696730625,0.538448150833938,0.789005513903393,-0.663584870539091,-1.93647364400367,8.46965342874738e-108,Mitoxy-80_v1.0,NA
