dataset,condition,sampleID,cell_type,n_cells,gene_set_version,score_version
GSE145926,COVID_mild,C51,B_cell,0,NA,NA
GSE145926,COVID_mild,C51,Club,0,NA,NA
GSE145926,COVID_mild,C51,DC,0,NA,NA
GSE145926,COVID_mild,C51,Epithelial,0,NA,NA
GSE145926,COVID_mild,C51,Macrophage,0,NA,NA
GSE145926,COVID_mild,C51,Mono_c14,0,NA,NA
GSE145926,COVID_mild,C51,NK,0,NA,NA
GSE145926,COVID_mild,C51,T_cell,0,NA,NA
GSE145926,COVID_mild,C52,B_cell,0,NA,NA
GSE145926,COVID_mild,C52,Club,0,NA,NA
GSE145926,COVID_mild,C52,DC,0,NA,NA
GSE145926,COVID_mild,C52,Epithelial,0,NA,NA
GSE145926,COVID_mild,C52,Macrophage,0,NA,NA
GSE145926,COVID_mild,C52,Mono_c14,0,NA,NA
GSE145926,COVID_mild,C52,NK,0,NA,NA
GSE145926,COVID_mild,C52,T_cell,0,NA,NA
GSE145926,COVID_mild,C100,B_cell,0,NA,NA
GSE145926,COVID_mild,C100,Club,0,NA,NA
GSE145926,COVID_mild,C100,DC,0,NA,NA
GSE145926,COVID_mild,C100,Epithelial,0,NA,NA
GSE145926,COVID_mild,C100,Macrophage,0,NA,NA
GSE145926,COVID_mild,C100,Mono_c14,0,NA,NA
GSE145926,COVID_mild,C100,NK,0,NA,NA
GSE145926,COVID_mild,C100,T_cell,0,NA,NA
GSE145926,COVID_mild,C141,B_cell,51,NA,NA
GSE145926,COVID_mild,C141,Club,26,NA,NA
GSE145926,COVID_mild,C141,DC,333,NA,NA
GSE145926,COVID_mild,C141,Epithelial,72,NA,NA
GSE145926,COVID_mild,C141,Macrophage,1,NA,NA
GSE145926,COVID_mild,C141,Mono_c14,1399,NA,NA
GSE145926,COVID_mild,C141,NK,113,NA,NA
GSE145926,COVID_mild,C141,T_cell,1112,NA,NA
GSE145926,COVID_mild,C142,B_cell,35,NA,NA
GSE145926,COVID_mild,C142,Club,24,NA,NA
GSE145926,COVID_mild,C142,DC,247,NA,NA
GSE145926,COVID_mild,C142,Epithelial,93,NA,NA
GSE145926,COVID_mild,C142,Macrophage,1,NA,NA
GSE145926,COVID_mild,C142,Mono_c14,1440,NA,NA
GSE145926,COVID_mild,C142,NK,121,NA,NA
GSE145926,COVID_mild,C142,T_cell,1165,NA,NA
GSE145926,COVID_mild,C143,B_cell,0,NA,NA
GSE145926,COVID_mild,C143,Club,0,NA,NA
GSE145926,COVID_mild,C143,DC,0,NA,NA
GSE145926,COVID_mild,C143,Epithelial,0,NA,NA
GSE145926,COVID_mild,C143,Macrophage,0,NA,NA
GSE145926,COVID_mild,C143,Mono_c14,0,NA,NA
GSE145926,COVID_mild,C143,NK,0,NA,NA
GSE145926,COVID_mild,C143,T_cell,0,NA,NA
GSE145926,COVID_mild,C144,B_cell,22,NA,NA
GSE145926,COVID_mild,C144,Club,47,NA,NA
GSE145926,COVID_mild,C144,DC,24,NA,NA
GSE145926,COVID_mild,C144,Epithelial,45,NA,NA
GSE145926,COVID_mild,C144,Macrophage,5,NA,NA
GSE145926,COVID_mild,C144,Mono_c14,389,NA,NA
GSE145926,COVID_mild,C144,NK,47,NA,NA
GSE145926,COVID_mild,C144,T_cell,238,NA,NA
GSE145926,COVID_mild,C145,B_cell,0,NA,NA
GSE145926,COVID_mild,C145,Club,0,NA,NA
GSE145926,COVID_mild,C145,DC,0,NA,NA
GSE145926,COVID_mild,C145,Epithelial,0,NA,NA
GSE145926,COVID_mild,C145,Macrophage,0,NA,NA
GSE145926,COVID_mild,C145,Mono_c14,0,NA,NA
GSE145926,COVID_mild,C145,NK,0,NA,NA
GSE145926,COVID_mild,C145,T_cell,0,NA,NA
GSE145926,COVID_mild,C146,B_cell,0,NA,NA
GSE145926,COVID_mild,C146,Club,0,NA,NA
GSE145926,COVID_mild,C146,DC,0,NA,NA
GSE145926,COVID_mild,C146,Epithelial,0,NA,NA
GSE145926,COVID_mild,C146,Macrophage,0,NA,NA
GSE145926,COVID_mild,C146,Mono_c14,0,NA,NA
GSE145926,COVID_mild,C146,NK,0,NA,NA
GSE145926,COVID_mild,C146,T_cell,0,NA,NA
GSE145926,COVID_mild,C148,B_cell,0,NA,NA
GSE145926,COVID_mild,C148,Club,0,NA,NA
GSE145926,COVID_mild,C148,DC,0,NA,NA
GSE145926,COVID_mild,C148,Epithelial,0,NA,NA
GSE145926,COVID_mild,C148,Macrophage,0,NA,NA
GSE145926,COVID_mild,C148,Mono_c14,0,NA,NA
GSE145926,COVID_mild,C148,NK,0,NA,NA
GSE145926,COVID_mild,C148,T_cell,0,NA,NA
GSE145926,COVID_mild,C149,B_cell,0,NA,NA
GSE145926,COVID_mild,C149,Club,0,NA,NA
GSE145926,COVID_mild,C149,DC,0,NA,NA
GSE145926,COVID_mild,C149,Epithelial,0,NA,NA
GSE145926,COVID_mild,C149,Macrophage,0,NA,NA
GSE145926,COVID_mild,C149,Mono_c14,0,NA,NA
GSE145926,COVID_mild,C149,NK,0,NA,NA
GSE145926,COVID_mild,C149,T_cell,0,NA,NA
GSE145926,COVID_mild,C152,B_cell,0,NA,NA
GSE145926,COVID_mild,C152,Club,0,NA,NA
GSE145926,COVID_mild,C152,DC,0,NA,NA
GSE145926,COVID_mild,C152,Epithelial,0,NA,NA
GSE145926,COVID_mild,C152,Macrophage,0,NA,NA
GSE145926,COVID_mild,C152,Mono_c14,0,NA,NA
GSE145926,COVID_mild,C152,NK,0,NA,NA
GSE145926,COVID_mild,C152,T_cell,0,NA,NA
GSE145926,COVID_mild,S-HC008,B_cell,0,NA,NA
GSE145926,COVID_mild,S-HC008,Club,0,NA,NA
GSE145926,COVID_mild,S-HC008,DC,0,NA,NA
GSE145926,COVID_mild,S-HC008,Epithelial,0,NA,NA
GSE145926,COVID_mild,S-HC008,Macrophage,0,NA,NA
GSE145926,COVID_mild,S-HC008,Mono_c14,0,NA,NA
GSE145926,COVID_mild,S-HC008,NK,0,NA,NA
GSE145926,COVID_mild,S-HC008,T_cell,0,NA,NA
GSE145926,COVID_mild,S-HC009,B_cell,0,NA,NA
GSE145926,COVID_mild,S-HC009,Club,0,NA,NA
GSE145926,COVID_mild,S-HC009,DC,0,NA,NA
GSE145926,COVID_mild,S-HC009,Epithelial,0,NA,NA
GSE145926,COVID_mild,S-HC009,Macrophage,0,NA,NA
GSE145926,COVID_mild,S-HC009,Mono_c14,0,NA,NA
GSE145926,COVID_mild,S-HC009,NK,0,NA,NA
GSE145926,COVID_mild,S-HC009,T_cell,0,NA,NA
GSE145926,COVID_mild,S-HC010,B_cell,0,NA,NA
GSE145926,COVID_mild,S-HC010,Club,0,NA,NA
GSE145926,COVID_mild,S-HC010,DC,0,NA,NA
GSE145926,COVID_mild,S-HC010,Epithelial,0,NA,NA
GSE145926,COVID_mild,S-HC010,Macrophage,0,NA,NA
GSE145926,COVID_mild,S-HC010,Mono_c14,0,NA,NA
GSE145926,COVID_mild,S-HC010,NK,0,NA,NA
GSE145926,COVID_mild,S-HC010,T_cell,0,NA,NA
GSE145926,COVID_mild,S-HC011,B_cell,0,NA,NA
GSE145926,COVID_mild,S-HC011,Club,0,NA,NA
GSE145926,COVID_mild,S-HC011,DC,0,NA,NA
GSE145926,COVID_mild,S-HC011,Epithelial,0,NA,NA
GSE145926,COVID_mild,S-HC011,Macrophage,0,NA,NA
GSE145926,COVID_mild,S-HC011,Mono_c14,0,NA,NA
GSE145926,COVID_mild,S-HC011,NK,0,NA,NA
GSE145926,COVID_mild,S-HC011,T_cell,0,NA,NA
GSE145926,COVID_mild,S-HC012,B_cell,0,NA,NA
GSE145926,COVID_mild,S-HC012,Club,0,NA,NA
GSE145926,COVID_mild,S-HC012,DC,0,NA,NA
GSE145926,COVID_mild,S-HC012,Epithelial,0,NA,NA
GSE145926,COVID_mild,S-HC012,Macrophage,0,NA,NA
GSE145926,COVID_mild,S-HC012,Mono_c14,0,NA,NA
GSE145926,COVID_mild,S-HC012,NK,0,NA,NA
GSE145926,COVID_mild,S-HC012,T_cell,0,NA,NA
GSE145926,COVID_mild,S-M041-1,B_cell,0,NA,NA
GSE145926,COVID_mild,S-M041-1,Club,0,NA,NA
GSE145926,COVID_mild,S-M041-1,DC,0,NA,NA
GSE145926,COVID_mild,S-M041-1,Epithelial,0,NA,NA
GSE145926,COVID_mild,S-M041-1,Macrophage,0,NA,NA
GSE145926,COVID_mild,S-M041-1,Mono_c14,0,NA,NA
GSE145926,COVID_mild,S-M041-1,NK,0,NA,NA
GSE145926,COVID_mild,S-M041-1,T_cell,0,NA,NA
GSE145926,COVID_mild,S-M041-2,B_cell,0,NA,NA
GSE145926,COVID_mild,S-M041-2,Club,0,NA,NA
GSE145926,COVID_mild,S-M041-2,DC,0,NA,NA
GSE145926,COVID_mild,S-M041-2,Epithelial,0,NA,NA
GSE145926,COVID_mild,S-M041-2,Macrophage,0,NA,NA
GSE145926,COVID_mild,S-M041-2,Mono_c14,0,NA,NA
GSE145926,COVID_mild,S-M041-2,NK,0,NA,NA
GSE145926,COVID_mild,S-M041-2,T_cell,0,NA,NA
GSE145926,COVID_mild,S-M042-1,B_cell,0,NA,NA
GSE145926,COVID_mild,S-M042-1,Club,0,NA,NA
GSE145926,COVID_mild,S-M042-1,DC,0,NA,NA
GSE145926,COVID_mild,S-M042-1,Epithelial,0,NA,NA
GSE145926,COVID_mild,S-M042-1,Macrophage,0,NA,NA
GSE145926,COVID_mild,S-M042-1,Mono_c14,0,NA,NA
GSE145926,COVID_mild,S-M042-1,NK,0,NA,NA
GSE145926,COVID_mild,S-M042-1,T_cell,0,NA,NA
GSE145926,COVID_mild,S-M042-2,B_cell,0,NA,NA
GSE145926,COVID_mild,S-M042-2,Club,0,NA,NA
GSE145926,COVID_mild,S-M042-2,DC,0,NA,NA
GSE145926,COVID_mild,S-M042-2,Epithelial,0,NA,NA
GSE145926,COVID_mild,S-M042-2,Macrophage,0,NA,NA
GSE145926,COVID_mild,S-M042-2,Mono_c14,0,NA,NA
GSE145926,COVID_mild,S-M042-2,NK,0,NA,NA
GSE145926,COVID_mild,S-M042-2,T_cell,0,NA,NA
GSE145926,COVID_mild,S-M043-1,B_cell,0,NA,NA
GSE145926,COVID_mild,S-M043-1,Club,0,NA,NA
GSE145926,COVID_mild,S-M043-1,DC,0,NA,NA
GSE145926,COVID_mild,S-M043-1,Epithelial,0,NA,NA
GSE145926,COVID_mild,S-M043-1,Macrophage,0,NA,NA
GSE145926,COVID_mild,S-M043-1,Mono_c14,0,NA,NA
GSE145926,COVID_mild,S-M043-1,NK,0,NA,NA
GSE145926,COVID_mild,S-M043-1,T_cell,0,NA,NA
GSE145926,COVID_mild,S-M043-2,B_cell,0,NA,NA
GSE145926,COVID_mild,S-M043-2,Club,0,NA,NA
GSE145926,COVID_mild,S-M043-2,DC,0,NA,NA
GSE145926,COVID_mild,S-M043-2,Epithelial,0,NA,NA
GSE145926,COVID_mild,S-M043-2,Macrophage,0,NA,NA
GSE145926,COVID_mild,S-M043-2,Mono_c14,0,NA,NA
GSE145926,COVID_mild,S-M043-2,NK,0,NA,NA
GSE145926,COVID_mild,S-M043-2,T_cell,0,NA,NA
GSE145926,COVID_mild,S-M044-1,B_cell,0,NA,NA
GSE145926,COVID_mild,S-M044-1,Club,0,NA,NA
GSE145926,COVID_mild,S-M044-1,DC,0,NA,NA
GSE145926,COVID_mild,S-M044-1,Epithelial,0,NA,NA
GSE145926,COVID_mild,S-M044-1,Macrophage,0,NA,NA
GSE145926,COVID_mild,S-M044-1,Mono_c14,0,NA,NA
GSE145926,COVID_mild,S-M044-1,NK,0,NA,NA
GSE145926,COVID_mild,S-M044-1,T_cell,0,NA,NA
GSE145926,COVID_mild,S-M044-2,B_cell,0,NA,NA
GSE145926,COVID_mild,S-M044-2,Club,0,NA,NA
GSE145926,COVID_mild,S-M044-2,DC,0,NA,NA
GSE145926,COVID_mild,S-M044-2,Epithelial,0,NA,NA
GSE145926,COVID_mild,S-M044-2,Macrophage,0,NA,NA
GSE145926,COVID_mild,S-M044-2,Mono_c14,0,NA,NA
GSE145926,COVID_mild,S-M044-2,NK,0,NA,NA
GSE145926,COVID_mild,S-M044-2,T_cell,0,NA,NA
GSE145926,COVID_mild,S-M045,B_cell,0,NA,NA
GSE145926,COVID_mild,S-M045,Club,0,NA,NA
GSE145926,COVID_mild,S-M045,DC,0,NA,NA
GSE145926,COVID_mild,S-M045,Epithelial,0,NA,NA
GSE145926,COVID_mild,S-M045,Macrophage,0,NA,NA
GSE145926,COVID_mild,S-M045,Mono_c14,0,NA,NA
GSE145926,COVID_mild,S-M045,NK,0,NA,NA
GSE145926,COVID_mild,S-M045,T_cell,0,NA,NA
GSE145926,COVID_mild,S-M046,B_cell,0,NA,NA
GSE145926,COVID_mild,S-M046,Club,0,NA,NA
GSE145926,COVID_mild,S-M046,DC,0,NA,NA
GSE145926,COVID_mild,S-M046,Epithelial,0,NA,NA
GSE145926,COVID_mild,S-M046,Macrophage,0,NA,NA
GSE145926,COVID_mild,S-M046,Mono_c14,0,NA,NA
GSE145926,COVID_mild,S-M046,NK,0,NA,NA
GSE145926,COVID_mild,S-M046,T_cell,0,NA,NA
GSE145926,COVID_mild,S-M047,B_cell,0,NA,NA
GSE145926,COVID_mild,S-M047,Club,0,NA,NA
GSE145926,COVID_mild,S-M047,DC,0,NA,NA
GSE145926,COVID_mild,S-M047,Epithelial,0,NA,NA
GSE145926,COVID_mild,S-M047,Macrophage,0,NA,NA
GSE145926,COVID_mild,S-M047,Mono_c14,0,NA,NA
GSE145926,COVID_mild,S-M047,NK,0,NA,NA
GSE145926,COVID_mild,S-M047,T_cell,0,NA,NA
GSE145926,COVID_mild,S-M048,B_cell,0,NA,NA
GSE145926,COVID_mild,S-M048,Club,0,NA,NA
GSE145926,COVID_mild,S-M048,DC,0,NA,NA
GSE145926,COVID_mild,S-M048,Epithelial,0,NA,NA
GSE145926,COVID_mild,S-M048,Macrophage,0,NA,NA
GSE145926,COVID_mild,S-M048,Mono_c14,0,NA,NA
GSE145926,COVID_mild,S-M048,NK,0,NA,NA
GSE145926,COVID_mild,S-M048,T_cell,0,NA,NA
GSE145926,COVID_mild,S-M049,B_cell,0,NA,NA
GSE145926,COVID_mild,S-M049,Club,0,NA,NA
GSE145926,COVID_mild,S-M049,DC,0,NA,NA
GSE145926,COVID_mild,S-M049,Epithelial,0,NA,NA
GSE145926,COVID_mild,S-M049,Macrophage,0,NA,NA
GSE145926,COVID_mild,S-M049,Mono_c14,0,NA,NA
GSE145926,COVID_mild,S-M049,NK,0,NA,NA
GSE145926,COVID_mild,S-M049,T_cell,0,NA,NA
GSE145926,COVID_mild,S-M050,B_cell,0,NA,NA
GSE145926,COVID_mild,S-M050,Club,0,NA,NA
GSE145926,COVID_mild,S-M050,DC,0,NA,NA
GSE145926,COVID_mild,S-M050,Epithelial,0,NA,NA
GSE145926,COVID_mild,S-M050,Macrophage,0,NA,NA
GSE145926,COVID_mild,S-M050,Mono_c14,0,NA,NA
GSE145926,COVID_mild,S-M050,NK,0,NA,NA
GSE145926,COVID_mild,S-M050,T_cell,0,NA,NA
GSE145926,COVID_mild,S-M051,B_cell,0,NA,NA
GSE145926,COVID_mild,S-M051,Club,0,NA,NA
GSE145926,COVID_mild,S-M051,DC,0,NA,NA
GSE145926,COVID_mild,S-M051,Epithelial,0,NA,NA
GSE145926,COVID_mild,S-M051,Macrophage,0,NA,NA
GSE145926,COVID_mild,S-M051,Mono_c14,0,NA,NA
GSE145926,COVID_mild,S-M051,NK,0,NA,NA
GSE145926,COVID_mild,S-M051,T_cell,0,NA,NA
GSE145926,COVID_mild,S-M052,B_cell,0,NA,NA
GSE145926,COVID_mild,S-M052,Club,0,NA,NA
GSE145926,COVID_mild,S-M052,DC,0,NA,NA
GSE145926,COVID_mild,S-M052,Epithelial,0,NA,NA
GSE145926,COVID_mild,S-M052,Macrophage,0,NA,NA
GSE145926,COVID_mild,S-M052,Mono_c14,0,NA,NA
GSE145926,COVID_mild,S-M052,NK,0,NA,NA
GSE145926,COVID_mild,S-M052,T_cell,0,NA,NA
GSE145926,COVID_mild,S-M053,B_cell,0,NA,NA
GSE145926,COVID_mild,S-M053,Club,0,NA,NA
GSE145926,COVID_mild,S-M053,DC,0,NA,NA
GSE145926,COVID_mild,S-M053,Epithelial,0,NA,NA
GSE145926,COVID_mild,S-M053,Macrophage,0,NA,NA
GSE145926,COVID_mild,S-M053,Mono_c14,0,NA,NA
GSE145926,COVID_mild,S-M053,NK,0,NA,NA
GSE145926,COVID_mild,S-M053,T_cell,0,NA,NA
GSE145926,COVID_mild,S-M054,B_cell,0,NA,NA
GSE145926,COVID_mild,S-M054,Club,0,NA,NA
GSE145926,COVID_mild,S-M054,DC,0,NA,NA
GSE145926,COVID_mild,S-M054,Epithelial,0,NA,NA
GSE145926,COVID_mild,S-M054,Macrophage,0,NA,NA
GSE145926,COVID_mild,S-M054,Mono_c14,0,NA,NA
GSE145926,COVID_mild,S-M054,NK,0,NA,NA
GSE145926,COVID_mild,S-M054,T_cell,0,NA,NA
GSE145926,COVID_mild,S-M055,B_cell,0,NA,NA
GSE145926,COVID_mild,S-M055,Club,0,NA,NA
GSE145926,COVID_mild,S-M055,DC,0,NA,NA
GSE145926,COVID_mild,S-M055,Epithelial,0,NA,NA
GSE145926,COVID_mild,S-M055,Macrophage,0,NA,NA
GSE145926,COVID_mild,S-M055,Mono_c14,0,NA,NA
GSE145926,COVID_mild,S-M055,NK,0,NA,NA
GSE145926,COVID_mild,S-M055,T_cell,0,NA,NA
GSE145926,COVID_mild,S-M056,B_cell,0,NA,NA
GSE145926,COVID_mild,S-M056,Club,0,NA,NA
GSE145926,COVID_mild,S-M056,DC,0,NA,NA
GSE145926,COVID_mild,S-M056,Epithelial,0,NA,NA
GSE145926,COVID_mild,S-M056,Macrophage,0,NA,NA
GSE145926,COVID_mild,S-M056,Mono_c14,0,NA,NA
GSE145926,COVID_mild,S-M056,NK,0,NA,NA
GSE145926,COVID_mild,S-M056,T_cell,0,NA,NA
GSE145926,COVID_mild,S-M057,B_cell,0,NA,NA
GSE145926,COVID_mild,S-M057,Club,0,NA,NA
GSE145926,COVID_mild,S-M057,DC,0,NA,NA
GSE145926,COVID_mild,S-M057,Epithelial,0,NA,NA
GSE145926,COVID_mild,S-M057,Macrophage,0,NA,NA
GSE145926,COVID_mild,S-M057,Mono_c14,0,NA,NA
GSE145926,COVID_mild,S-M057,NK,0,NA,NA
GSE145926,COVID_mild,S-M057,T_cell,0,NA,NA
GSE145926,COVID_mild,S-S054,B_cell,0,NA,NA
GSE145926,COVID_mild,S-S054,Club,0,NA,NA
GSE145926,COVID_mild,S-S054,DC,0,NA,NA
GSE145926,COVID_mild,S-S054,Epithelial,0,NA,NA
GSE145926,COVID_mild,S-S054,Macrophage,0,NA,NA
GSE145926,COVID_mild,S-S054,Mono_c14,0,NA,NA
GSE145926,COVID_mild,S-S054,NK,0,NA,NA
GSE145926,COVID_mild,S-S054,T_cell,0,NA,NA
GSE145926,COVID_mild,S-S055,B_cell,0,NA,NA
GSE145926,COVID_mild,S-S055,Club,0,NA,NA
GSE145926,COVID_mild,S-S055,DC,0,NA,NA
GSE145926,COVID_mild,S-S055,Epithelial,0,NA,NA
GSE145926,COVID_mild,S-S055,Macrophage,0,NA,NA
GSE145926,COVID_mild,S-S055,Mono_c14,0,NA,NA
GSE145926,COVID_mild,S-S055,NK,0,NA,NA
GSE145926,COVID_mild,S-S055,T_cell,0,NA,NA
GSE145926,COVID_mild,S-S056,B_cell,0,NA,NA
GSE145926,COVID_mild,S-S056,Club,0,NA,NA
GSE145926,COVID_mild,S-S056,DC,0,NA,NA
GSE145926,COVID_mild,S-S056,Epithelial,0,NA,NA
GSE145926,COVID_mild,S-S056,Macrophage,0,NA,NA
GSE145926,COVID_mild,S-S056,Mono_c14,0,NA,NA
GSE145926,COVID_mild,S-S056,NK,0,NA,NA
GSE145926,COVID_mild,S-S056,T_cell,0,NA,NA
GSE145926,COVID_mild,S-S057,B_cell,0,NA,NA
GSE145926,COVID_mild,S-S057,Club,0,NA,NA
GSE145926,COVID_mild,S-S057,DC,0,NA,NA
GSE145926,COVID_mild,S-S057,Epithelial,0,NA,NA
GSE145926,COVID_mild,S-S057,Macrophage,0,NA,NA
GSE145926,COVID_mild,S-S057,Mono_c14,0,NA,NA
GSE145926,COVID_mild,S-S057,NK,0,NA,NA
GSE145926,COVID_mild,S-S057,T_cell,0,NA,NA
GSE145926,COVID_mild,S-S058,B_cell,0,NA,NA
GSE145926,COVID_mild,S-S058,Club,0,NA,NA
GSE145926,COVID_mild,S-S058,DC,0,NA,NA
GSE145926,COVID_mild,S-S058,Epithelial,0,NA,NA
GSE145926,COVID_mild,S-S058,Macrophage,0,NA,NA
GSE145926,COVID_mild,S-S058,Mono_c14,0,NA,NA
GSE145926,COVID_mild,S-S058,NK,0,NA,NA
GSE145926,COVID_mild,S-S058,T_cell,0,NA,NA
GSE145926,COVID_mild,S-S059,B_cell,0,NA,NA
GSE145926,COVID_mild,S-S059,Club,0,NA,NA
GSE145926,COVID_mild,S-S059,DC,0,NA,NA
GSE145926,COVID_mild,S-S059,Epithelial,0,NA,NA
GSE145926,COVID_mild,S-S059,Macrophage,0,NA,NA
GSE145926,COVID_mild,S-S059,Mono_c14,0,NA,NA
GSE145926,COVID_mild,S-S059,NK,0,NA,NA
GSE145926,COVID_mild,S-S059,T_cell,0,NA,NA
GSE145926,COVID_mild,S-S060,B_cell,0,NA,NA
GSE145926,COVID_mild,S-S060,Club,0,NA,NA
GSE145926,COVID_mild,S-S060,DC,0,NA,NA
GSE145926,COVID_mild,S-S060,Epithelial,0,NA,NA
GSE145926,COVID_mild,S-S060,Macrophage,0,NA,NA
GSE145926,COVID_mild,S-S060,Mono_c14,0,NA,NA
GSE145926,COVID_mild,S-S060,NK,0,NA,NA
GSE145926,COVID_mild,S-S060,T_cell,0,NA,NA
GSE145926,COVID_mild,S-S061,B_cell,0,NA,NA
GSE145926,COVID_mild,S-S061,Club,0,NA,NA
GSE145926,COVID_mild,S-S061,DC,0,NA,NA
GSE145926,COVID_mild,S-S061,Epithelial,0,NA,NA
GSE145926,COVID_mild,S-S061,Macrophage,0,NA,NA
GSE145926,COVID_mild,S-S061,Mono_c14,0,NA,NA
GSE145926,COVID_mild,S-S061,NK,0,NA,NA
GSE145926,COVID_mild,S-S061,T_cell,0,NA,NA
GSE145926,COVID_mild,S-S062,B_cell,0,NA,NA
GSE145926,COVID_mild,S-S062,Club,0,NA,NA
GSE145926,COVID_mild,S-S062,DC,0,NA,NA
GSE145926,COVID_mild,S-S062,Epithelial,0,NA,NA
GSE145926,COVID_mild,S-S062,Macrophage,0,NA,NA
GSE145926,COVID_mild,S-S062,Mono_c14,0,NA,NA
GSE145926,COVID_mild,S-S062,NK,0,NA,NA
GSE145926,COVID_mild,S-S062,T_cell,0,NA,NA
GSE145926,COVID_mild,S-S064,B_cell,0,NA,NA
GSE145926,COVID_mild,S-S064,Club,0,NA,NA
GSE145926,COVID_mild,S-S064,DC,0,NA,NA
GSE145926,COVID_mild,S-S064,Epithelial,0,NA,NA
GSE145926,COVID_mild,S-S064,Macrophage,0,NA,NA
GSE145926,COVID_mild,S-S064,Mono_c14,0,NA,NA
GSE145926,COVID_mild,S-S064,NK,0,NA,NA
GSE145926,COVID_mild,S-S064,T_cell,0,NA,NA
GSE145926,COVID_mild,S-S065,B_cell,0,NA,NA
GSE145926,COVID_mild,S-S065,Club,0,NA,NA
GSE145926,COVID_mild,S-S065,DC,0,NA,NA
GSE145926,COVID_mild,S-S065,Epithelial,0,NA,NA
GSE145926,COVID_mild,S-S065,Macrophage,0,NA,NA
GSE145926,COVID_mild,S-S065,Mono_c14,0,NA,NA
GSE145926,COVID_mild,S-S065,NK,0,NA,NA
GSE145926,COVID_mild,S-S065,T_cell,0,NA,NA
GSE145926,COVID_mild,S-S066,B_cell,0,NA,NA
GSE145926,COVID_mild,S-S066,Club,0,NA,NA
GSE145926,COVID_mild,S-S066,DC,0,NA,NA
GSE145926,COVID_mild,S-S066,Epithelial,0,NA,NA
GSE145926,COVID_mild,S-S066,Macrophage,0,NA,NA
GSE145926,COVID_mild,S-S066,Mono_c14,0,NA,NA
GSE145926,COVID_mild,S-S066,NK,0,NA,NA
GSE145926,COVID_mild,S-S066,T_cell,0,NA,NA
GSE145926,COVID_mild,S-S067,B_cell,0,NA,NA
GSE145926,COVID_mild,S-S067,Club,0,NA,NA
GSE145926,COVID_mild,S-S067,DC,0,NA,NA
GSE145926,COVID_mild,S-S067,Epithelial,0,NA,NA
GSE145926,COVID_mild,S-S067,Macrophage,0,NA,NA
GSE145926,COVID_mild,S-S067,Mono_c14,0,NA,NA
GSE145926,COVID_mild,S-S067,NK,0,NA,NA
GSE145926,COVID_mild,S-S067,T_cell,0,NA,NA
GSE145926,COVID_mild,S-S068,B_cell,0,NA,NA
GSE145926,COVID_mild,S-S068,Club,0,NA,NA
GSE145926,COVID_mild,S-S068,DC,0,NA,NA
GSE145926,COVID_mild,S-S068,Epithelial,0,NA,NA
GSE145926,COVID_mild,S-S068,Macrophage,0,NA,NA
GSE145926,COVID_mild,S-S068,Mono_c14,0,NA,NA
GSE145926,COVID_mild,S-S068,NK,0,NA,NA
GSE145926,COVID_mild,S-S068,T_cell,0,NA,NA
GSE145926,COVID_mild,S-S069-1,B_cell,0,NA,NA
GSE145926,COVID_mild,S-S069-1,Club,0,NA,NA
GSE145926,COVID_mild,S-S069-1,DC,0,NA,NA
GSE145926,COVID_mild,S-S069-1,Epithelial,0,NA,NA
GSE145926,COVID_mild,S-S069-1,Macrophage,0,NA,NA
GSE145926,COVID_mild,S-S069-1,Mono_c14,0,NA,NA
GSE145926,COVID_mild,S-S069-1,NK,0,NA,NA
GSE145926,COVID_mild,S-S069-1,T_cell,0,NA,NA
GSE145926,COVID_mild,S-S069-2,B_cell,0,NA,NA
GSE145926,COVID_mild,S-S069-2,Club,0,NA,NA
GSE145926,COVID_mild,S-S069-2,DC,0,NA,NA
GSE145926,COVID_mild,S-S069-2,Epithelial,0,NA,NA
GSE145926,COVID_mild,S-S069-2,Macrophage,0,NA,NA
GSE145926,COVID_mild,S-S069-2,Mono_c14,0,NA,NA
GSE145926,COVID_mild,S-S069-2,NK,0,NA,NA
GSE145926,COVID_mild,S-S069-2,T_cell,0,NA,NA
GSE145926,COVID_mild,S-S069-3,B_cell,0,NA,NA
GSE145926,COVID_mild,S-S069-3,Club,0,NA,NA
GSE145926,COVID_mild,S-S069-3,DC,0,NA,NA
GSE145926,COVID_mild,S-S069-3,Epithelial,0,NA,NA
GSE145926,COVID_mild,S-S069-3,Macrophage,0,NA,NA
GSE145926,COVID_mild,S-S069-3,Mono_c14,0,NA,NA
GSE145926,COVID_mild,S-S069-3,NK,0,NA,NA
GSE145926,COVID_mild,S-S069-3,T_cell,0,NA,NA
GSE145926,COVID_mild,S-S070-1,B_cell,0,NA,NA
GSE145926,COVID_mild,S-S070-1,Club,0,NA,NA
GSE145926,COVID_mild,S-S070-1,DC,0,NA,NA
GSE145926,COVID_mild,S-S070-1,Epithelial,0,NA,NA
GSE145926,COVID_mild,S-S070-1,Macrophage,0,NA,NA
GSE145926,COVID_mild,S-S070-1,Mono_c14,0,NA,NA
GSE145926,COVID_mild,S-S070-1,NK,0,NA,NA
GSE145926,COVID_mild,S-S070-1,T_cell,0,NA,NA
GSE145926,COVID_mild,S-S070-2,B_cell,0,NA,NA
GSE145926,COVID_mild,S-S070-2,Club,0,NA,NA
GSE145926,COVID_mild,S-S070-2,DC,0,NA,NA
GSE145926,COVID_mild,S-S070-2,Epithelial,0,NA,NA
GSE145926,COVID_mild,S-S070-2,Macrophage,0,NA,NA
GSE145926,COVID_mild,S-S070-2,Mono_c14,0,NA,NA
GSE145926,COVID_mild,S-S070-2,NK,0,NA,NA
GSE145926,COVID_mild,S-S070-2,T_cell,0,NA,NA
GSE145926,COVID_mild,S-S070-3,B_cell,0,NA,NA
GSE145926,COVID_mild,S-S070-3,Club,0,NA,NA
GSE145926,COVID_mild,S-S070-3,DC,0,NA,NA
GSE145926,COVID_mild,S-S070-3,Epithelial,0,NA,NA
GSE145926,COVID_mild,S-S070-3,Macrophage,0,NA,NA
GSE145926,COVID_mild,S-S070-3,Mono_c14,0,NA,NA
GSE145926,COVID_mild,S-S070-3,NK,0,NA,NA
GSE145926,COVID_mild,S-S070-3,T_cell,0,NA,NA
GSE145926,COVID_mild,S-S071-1,B_cell,0,NA,NA
GSE145926,COVID_mild,S-S071-1,Club,0,NA,NA
GSE145926,COVID_mild,S-S071-1,DC,0,NA,NA
GSE145926,COVID_mild,S-S071-1,Epithelial,0,NA,NA
GSE145926,COVID_mild,S-S071-1,Macrophage,0,NA,NA
GSE145926,COVID_mild,S-S071-1,Mono_c14,0,NA,NA
GSE145926,COVID_mild,S-S071-1,NK,0,NA,NA
GSE145926,COVID_mild,S-S071-1,T_cell,0,NA,NA
GSE145926,COVID_mild,S-S071-2,B_cell,0,NA,NA
GSE145926,COVID_mild,S-S071-2,Club,0,NA,NA
GSE145926,COVID_mild,S-S071-2,DC,0,NA,NA
GSE145926,COVID_mild,S-S071-2,Epithelial,0,NA,NA
GSE145926,COVID_mild,S-S071-2,Macrophage,0,NA,NA
GSE145926,COVID_mild,S-S071-2,Mono_c14,0,NA,NA
GSE145926,COVID_mild,S-S071-2,NK,0,NA,NA
GSE145926,COVID_mild,S-S071-2,T_cell,0,NA,NA
GSE145926,COVID_mild,S-S072-1,B_cell,0,NA,NA
GSE145926,COVID_mild,S-S072-1,Club,0,NA,NA
GSE145926,COVID_mild,S-S072-1,DC,0,NA,NA
GSE145926,COVID_mild,S-S072-1,Epithelial,0,NA,NA
GSE145926,COVID_mild,S-S072-1,Macrophage,0,NA,NA
GSE145926,COVID_mild,S-S072-1,Mono_c14,0,NA,NA
GSE145926,COVID_mild,S-S072-1,NK,0,NA,NA
GSE145926,COVID_mild,S-S072-1,T_cell,0,NA,NA
GSE145926,COVID_mild,S-S072-2,B_cell,0,NA,NA
GSE145926,COVID_mild,S-S072-2,Club,0,NA,NA
GSE145926,COVID_mild,S-S072-2,DC,0,NA,NA
GSE145926,COVID_mild,S-S072-2,Epithelial,0,NA,NA
GSE145926,COVID_mild,S-S072-2,Macrophage,0,NA,NA
GSE145926,COVID_mild,S-S072-2,Mono_c14,0,NA,NA
GSE145926,COVID_mild,S-S072-2,NK,0,NA,NA
GSE145926,COVID_mild,S-S072-2,T_cell,0,NA,NA
GSE145926,COVID_mild,S-S072-3,B_cell,0,NA,NA
GSE145926,COVID_mild,S-S072-3,Club,0,NA,NA
GSE145926,COVID_mild,S-S072-3,DC,0,NA,NA
GSE145926,COVID_mild,S-S072-3,Epithelial,0,NA,NA
GSE145926,COVID_mild,S-S072-3,Macrophage,0,NA,NA
GSE145926,COVID_mild,S-S072-3,Mono_c14,0,NA,NA
GSE145926,COVID_mild,S-S072-3,NK,0,NA,NA
GSE145926,COVID_mild,S-S072-3,T_cell,0,NA,NA
GSE145926,COVID_severe,C51,B_cell,0,NA,NA
GSE145926,COVID_severe,C51,Club,0,NA,NA
GSE145926,COVID_severe,C51,DC,0,NA,NA
GSE145926,COVID_severe,C51,Epithelial,0,NA,NA
GSE145926,COVID_severe,C51,Macrophage,0,NA,NA
GSE145926,COVID_severe,C51,Mono_c14,0,NA,NA
GSE145926,COVID_severe,C51,NK,0,NA,NA
GSE145926,COVID_severe,C51,T_cell,0,NA,NA
GSE145926,COVID_severe,C52,B_cell,0,NA,NA
GSE145926,COVID_severe,C52,Club,0,NA,NA
GSE145926,COVID_severe,C52,DC,0,NA,NA
GSE145926,COVID_severe,C52,Epithelial,0,NA,NA
GSE145926,COVID_severe,C52,Macrophage,0,NA,NA
GSE145926,COVID_severe,C52,Mono_c14,0,NA,NA
GSE145926,COVID_severe,C52,NK,0,NA,NA
GSE145926,COVID_severe,C52,T_cell,0,NA,NA
GSE145926,COVID_severe,C100,B_cell,0,NA,NA
GSE145926,COVID_severe,C100,Club,0,NA,NA
GSE145926,COVID_severe,C100,DC,0,NA,NA
GSE145926,COVID_severe,C100,Epithelial,0,NA,NA
GSE145926,COVID_severe,C100,Macrophage,0,NA,NA
GSE145926,COVID_severe,C100,Mono_c14,0,NA,NA
GSE145926,COVID_severe,C100,NK,0,NA,NA
GSE145926,COVID_severe,C100,T_cell,0,NA,NA
GSE145926,COVID_severe,C141,B_cell,0,NA,NA
GSE145926,COVID_severe,C141,Club,0,NA,NA
GSE145926,COVID_severe,C141,DC,0,NA,NA
GSE145926,COVID_severe,C141,Epithelial,0,NA,NA
GSE145926,COVID_severe,C141,Macrophage,0,NA,NA
GSE145926,COVID_severe,C141,Mono_c14,0,NA,NA
GSE145926,COVID_severe,C141,NK,0,NA,NA
GSE145926,COVID_severe,C141,T_cell,0,NA,NA
GSE145926,COVID_severe,C142,B_cell,0,NA,NA
GSE145926,COVID_severe,C142,Club,0,NA,NA
GSE145926,COVID_severe,C142,DC,0,NA,NA
GSE145926,COVID_severe,C142,Epithelial,0,NA,NA
GSE145926,COVID_severe,C142,Macrophage,0,NA,NA
GSE145926,COVID_severe,C142,Mono_c14,0,NA,NA
GSE145926,COVID_severe,C142,NK,0,NA,NA
GSE145926,COVID_severe,C142,T_cell,0,NA,NA
GSE145926,COVID_severe,C143,B_cell,227,NA,NA
GSE145926,COVID_severe,C143,Club,83,NA,NA
GSE145926,COVID_severe,C143,DC,271,NA,NA
GSE145926,COVID_severe,C143,Epithelial,367,NA,NA
GSE145926,COVID_severe,C143,Macrophage,222,NA,NA
GSE145926,COVID_severe,C143,Mono_c14,15713,NA,NA
GSE145926,COVID_severe,C143,NK,520,NA,NA
GSE145926,COVID_severe,C143,T_cell,2486,NA,NA
GSE145926,COVID_severe,C144,B_cell,0,NA,NA
GSE145926,COVID_severe,C144,Club,0,NA,NA
GSE145926,COVID_severe,C144,DC,0,NA,NA
GSE145926,COVID_severe,C144,Epithelial,0,NA,NA
GSE145926,COVID_severe,C144,Macrophage,0,NA,NA
GSE145926,COVID_severe,C144,Mono_c14,0,NA,NA
GSE145926,COVID_severe,C144,NK,0,NA,NA
GSE145926,COVID_severe,C144,T_cell,0,NA,NA
GSE145926,COVID_severe,C145,B_cell,125,NA,NA
GSE145926,COVID_severe,C145,Club,77,NA,NA
GSE145926,COVID_severe,C145,DC,351,NA,NA
GSE145926,COVID_severe,C145,Epithelial,407,NA,NA
GSE145926,COVID_severe,C145,Macrophage,69,NA,NA
GSE145926,COVID_severe,C145,Mono_c14,14476,NA,NA
GSE145926,COVID_severe,C145,NK,348,NA,NA
GSE145926,COVID_severe,C145,T_cell,1227,NA,NA
GSE145926,COVID_severe,C146,B_cell,42,NA,NA
GSE145926,COVID_severe,C146,Club,113,NA,NA
GSE145926,COVID_severe,C146,DC,18,NA,NA
GSE145926,COVID_severe,C146,Epithelial,412,NA,NA
GSE145926,COVID_severe,C146,Macrophage,1,NA,NA
GSE145926,COVID_severe,C146,Mono_c14,2316,NA,NA
GSE145926,COVID_severe,C146,NK,12,NA,NA
GSE145926,COVID_severe,C146,T_cell,235,NA,NA
GSE145926,COVID_severe,C148,B_cell,19,NA,NA
GSE145926,COVID_severe,C148,Club,35,NA,NA
GSE145926,COVID_severe,C148,DC,79,NA,NA
GSE145926,COVID_severe,C148,Epithelial,308,NA,NA
GSE145926,COVID_severe,C148,Macrophage,28,NA,NA
GSE145926,COVID_severe,C148,Mono_c14,1304,NA,NA
GSE145926,COVID_severe,C148,NK,23,NA,NA
GSE145926,COVID_severe,C148,T_cell,203,NA,NA
GSE145926,COVID_severe,C149,B_cell,46,NA,NA
GSE145926,COVID_severe,C149,Club,23,NA,NA
GSE145926,COVID_severe,C149,DC,27,NA,NA
GSE145926,COVID_severe,C149,Epithelial,150,NA,NA
GSE145926,COVID_severe,C149,Macrophage,0,NA,NA
GSE145926,COVID_severe,C149,Mono_c14,1295,NA,NA
GSE145926,COVID_severe,C149,NK,93,NA,NA
GSE145926,COVID_severe,C149,T_cell,715,NA,NA
GSE145926,COVID_severe,C152,B_cell,2176,NA,NA
GSE145926,COVID_severe,C152,Club,420,NA,NA
GSE145926,COVID_severe,C152,DC,33,NA,NA
GSE145926,COVID_severe,C152,Epithelial,407,NA,NA
GSE145926,COVID_severe,C152,Macrophage,33,NA,NA
GSE145926,COVID_severe,C152,Mono_c14,1864,NA,NA
GSE145926,COVID_severe,C152,NK,152,NA,NA
GSE145926,COVID_severe,C152,T_cell,1213,NA,NA
GSE145926,COVID_severe,S-HC008,B_cell,0,NA,NA
GSE145926,COVID_severe,S-HC008,Club,0,NA,NA
GSE145926,COVID_severe,S-HC008,DC,0,NA,NA
GSE145926,COVID_severe,S-HC008,Epithelial,0,NA,NA
GSE145926,COVID_severe,S-HC008,Macrophage,0,NA,NA
GSE145926,COVID_severe,S-HC008,Mono_c14,0,NA,NA
GSE145926,COVID_severe,S-HC008,NK,0,NA,NA
GSE145926,COVID_severe,S-HC008,T_cell,0,NA,NA
GSE145926,COVID_severe,S-HC009,B_cell,0,NA,NA
GSE145926,COVID_severe,S-HC009,Club,0,NA,NA
GSE145926,COVID_severe,S-HC009,DC,0,NA,NA
GSE145926,COVID_severe,S-HC009,Epithelial,0,NA,NA
GSE145926,COVID_severe,S-HC009,Macrophage,0,NA,NA
GSE145926,COVID_severe,S-HC009,Mono_c14,0,NA,NA
GSE145926,COVID_severe,S-HC009,NK,0,NA,NA
GSE145926,COVID_severe,S-HC009,T_cell,0,NA,NA
GSE145926,COVID_severe,S-HC010,B_cell,0,NA,NA
GSE145926,COVID_severe,S-HC010,Club,0,NA,NA
GSE145926,COVID_severe,S-HC010,DC,0,NA,NA
GSE145926,COVID_severe,S-HC010,Epithelial,0,NA,NA
GSE145926,COVID_severe,S-HC010,Macrophage,0,NA,NA
GSE145926,COVID_severe,S-HC010,Mono_c14,0,NA,NA
GSE145926,COVID_severe,S-HC010,NK,0,NA,NA
GSE145926,COVID_severe,S-HC010,T_cell,0,NA,NA
GSE145926,COVID_severe,S-HC011,B_cell,0,NA,NA
GSE145926,COVID_severe,S-HC011,Club,0,NA,NA
GSE145926,COVID_severe,S-HC011,DC,0,NA,NA
GSE145926,COVID_severe,S-HC011,Epithelial,0,NA,NA
GSE145926,COVID_severe,S-HC011,Macrophage,0,NA,NA
GSE145926,COVID_severe,S-HC011,Mono_c14,0,NA,NA
GSE145926,COVID_severe,S-HC011,NK,0,NA,NA
GSE145926,COVID_severe,S-HC011,T_cell,0,NA,NA
GSE145926,COVID_severe,S-HC012,B_cell,0,NA,NA
GSE145926,COVID_severe,S-HC012,Club,0,NA,NA
GSE145926,COVID_severe,S-HC012,DC,0,NA,NA
GSE145926,COVID_severe,S-HC012,Epithelial,0,NA,NA
GSE145926,COVID_severe,S-HC012,Macrophage,0,NA,NA
GSE145926,COVID_severe,S-HC012,Mono_c14,0,NA,NA
GSE145926,COVID_severe,S-HC012,NK,0,NA,NA
GSE145926,COVID_severe,S-HC012,T_cell,0,NA,NA
GSE145926,COVID_severe,S-M041-1,B_cell,0,NA,NA
GSE145926,COVID_severe,S-M041-1,Club,0,NA,NA
GSE145926,COVID_severe,S-M041-1,DC,0,NA,NA
GSE145926,COVID_severe,S-M041-1,Epithelial,0,NA,NA
GSE145926,COVID_severe,S-M041-1,Macrophage,0,NA,NA
GSE145926,COVID_severe,S-M041-1,Mono_c14,0,NA,NA
GSE145926,COVID_severe,S-M041-1,NK,0,NA,NA
GSE145926,COVID_severe,S-M041-1,T_cell,0,NA,NA
GSE145926,COVID_severe,S-M041-2,B_cell,0,NA,NA
GSE145926,COVID_severe,S-M041-2,Club,0,NA,NA
GSE145926,COVID_severe,S-M041-2,DC,0,NA,NA
GSE145926,COVID_severe,S-M041-2,Epithelial,0,NA,NA
GSE145926,COVID_severe,S-M041-2,Macrophage,0,NA,NA
GSE145926,COVID_severe,S-M041-2,Mono_c14,0,NA,NA
GSE145926,COVID_severe,S-M041-2,NK,0,NA,NA
GSE145926,COVID_severe,S-M041-2,T_cell,0,NA,NA
GSE145926,COVID_severe,S-M042-1,B_cell,0,NA,NA
GSE145926,COVID_severe,S-M042-1,Club,0,NA,NA
GSE145926,COVID_severe,S-M042-1,DC,0,NA,NA
GSE145926,COVID_severe,S-M042-1,Epithelial,0,NA,NA
GSE145926,COVID_severe,S-M042-1,Macrophage,0,NA,NA
GSE145926,COVID_severe,S-M042-1,Mono_c14,0,NA,NA
GSE145926,COVID_severe,S-M042-1,NK,0,NA,NA
GSE145926,COVID_severe,S-M042-1,T_cell,0,NA,NA
GSE145926,COVID_severe,S-M042-2,B_cell,0,NA,NA
GSE145926,COVID_severe,S-M042-2,Club,0,NA,NA
GSE145926,COVID_severe,S-M042-2,DC,0,NA,NA
GSE145926,COVID_severe,S-M042-2,Epithelial,0,NA,NA
GSE145926,COVID_severe,S-M042-2,Macrophage,0,NA,NA
GSE145926,COVID_severe,S-M042-2,Mono_c14,0,NA,NA
GSE145926,COVID_severe,S-M042-2,NK,0,NA,NA
GSE145926,COVID_severe,S-M042-2,T_cell,0,NA,NA
GSE145926,COVID_severe,S-M043-1,B_cell,0,NA,NA
GSE145926,COVID_severe,S-M043-1,Club,0,NA,NA
GSE145926,COVID_severe,S-M043-1,DC,0,NA,NA
GSE145926,COVID_severe,S-M043-1,Epithelial,0,NA,NA
GSE145926,COVID_severe,S-M043-1,Macrophage,0,NA,NA
GSE145926,COVID_severe,S-M043-1,Mono_c14,0,NA,NA
GSE145926,COVID_severe,S-M043-1,NK,0,NA,NA
GSE145926,COVID_severe,S-M043-1,T_cell,0,NA,NA
GSE145926,COVID_severe,S-M043-2,B_cell,0,NA,NA
GSE145926,COVID_severe,S-M043-2,Club,0,NA,NA
GSE145926,COVID_severe,S-M043-2,DC,0,NA,NA
GSE145926,COVID_severe,S-M043-2,Epithelial,0,NA,NA
GSE145926,COVID_severe,S-M043-2,Macrophage,0,NA,NA
GSE145926,COVID_severe,S-M043-2,Mono_c14,0,NA,NA
GSE145926,COVID_severe,S-M043-2,NK,0,NA,NA
GSE145926,COVID_severe,S-M043-2,T_cell,0,NA,NA
GSE145926,COVID_severe,S-M044-1,B_cell,0,NA,NA
GSE145926,COVID_severe,S-M044-1,Club,0,NA,NA
GSE145926,COVID_severe,S-M044-1,DC,0,NA,NA
GSE145926,COVID_severe,S-M044-1,Epithelial,0,NA,NA
GSE145926,COVID_severe,S-M044-1,Macrophage,0,NA,NA
GSE145926,COVID_severe,S-M044-1,Mono_c14,0,NA,NA
GSE145926,COVID_severe,S-M044-1,NK,0,NA,NA
GSE145926,COVID_severe,S-M044-1,T_cell,0,NA,NA
GSE145926,COVID_severe,S-M044-2,B_cell,0,NA,NA
GSE145926,COVID_severe,S-M044-2,Club,0,NA,NA
GSE145926,COVID_severe,S-M044-2,DC,0,NA,NA
GSE145926,COVID_severe,S-M044-2,Epithelial,0,NA,NA
GSE145926,COVID_severe,S-M044-2,Macrophage,0,NA,NA
GSE145926,COVID_severe,S-M044-2,Mono_c14,0,NA,NA
GSE145926,COVID_severe,S-M044-2,NK,0,NA,NA
GSE145926,COVID_severe,S-M044-2,T_cell,0,NA,NA
GSE145926,COVID_severe,S-M045,B_cell,0,NA,NA
GSE145926,COVID_severe,S-M045,Club,0,NA,NA
GSE145926,COVID_severe,S-M045,DC,0,NA,NA
GSE145926,COVID_severe,S-M045,Epithelial,0,NA,NA
GSE145926,COVID_severe,S-M045,Macrophage,0,NA,NA
GSE145926,COVID_severe,S-M045,Mono_c14,0,NA,NA
GSE145926,COVID_severe,S-M045,NK,0,NA,NA
GSE145926,COVID_severe,S-M045,T_cell,0,NA,NA
GSE145926,COVID_severe,S-M046,B_cell,0,NA,NA
GSE145926,COVID_severe,S-M046,Club,0,NA,NA
GSE145926,COVID_severe,S-M046,DC,0,NA,NA
GSE145926,COVID_severe,S-M046,Epithelial,0,NA,NA
GSE145926,COVID_severe,S-M046,Macrophage,0,NA,NA
GSE145926,COVID_severe,S-M046,Mono_c14,0,NA,NA
GSE145926,COVID_severe,S-M046,NK,0,NA,NA
GSE145926,COVID_severe,S-M046,T_cell,0,NA,NA
GSE145926,COVID_severe,S-M047,B_cell,0,NA,NA
GSE145926,COVID_severe,S-M047,Club,0,NA,NA
GSE145926,COVID_severe,S-M047,DC,0,NA,NA
GSE145926,COVID_severe,S-M047,Epithelial,0,NA,NA
GSE145926,COVID_severe,S-M047,Macrophage,0,NA,NA
GSE145926,COVID_severe,S-M047,Mono_c14,0,NA,NA
GSE145926,COVID_severe,S-M047,NK,0,NA,NA
GSE145926,COVID_severe,S-M047,T_cell,0,NA,NA
GSE145926,COVID_severe,S-M048,B_cell,0,NA,NA
GSE145926,COVID_severe,S-M048,Club,0,NA,NA
GSE145926,COVID_severe,S-M048,DC,0,NA,NA
GSE145926,COVID_severe,S-M048,Epithelial,0,NA,NA
GSE145926,COVID_severe,S-M048,Macrophage,0,NA,NA
GSE145926,COVID_severe,S-M048,Mono_c14,0,NA,NA
GSE145926,COVID_severe,S-M048,NK,0,NA,NA
GSE145926,COVID_severe,S-M048,T_cell,0,NA,NA
GSE145926,COVID_severe,S-M049,B_cell,0,NA,NA
GSE145926,COVID_severe,S-M049,Club,0,NA,NA
GSE145926,COVID_severe,S-M049,DC,0,NA,NA
GSE145926,COVID_severe,S-M049,Epithelial,0,NA,NA
GSE145926,COVID_severe,S-M049,Macrophage,0,NA,NA
GSE145926,COVID_severe,S-M049,Mono_c14,0,NA,NA
GSE145926,COVID_severe,S-M049,NK,0,NA,NA
GSE145926,COVID_severe,S-M049,T_cell,0,NA,NA
GSE145926,COVID_severe,S-M050,B_cell,0,NA,NA
GSE145926,COVID_severe,S-M050,Club,0,NA,NA
GSE145926,COVID_severe,S-M050,DC,0,NA,NA
GSE145926,COVID_severe,S-M050,Epithelial,0,NA,NA
GSE145926,COVID_severe,S-M050,Macrophage,0,NA,NA
GSE145926,COVID_severe,S-M050,Mono_c14,0,NA,NA
GSE145926,COVID_severe,S-M050,NK,0,NA,NA
GSE145926,COVID_severe,S-M050,T_cell,0,NA,NA
GSE145926,COVID_severe,S-M051,B_cell,0,NA,NA
GSE145926,COVID_severe,S-M051,Club,0,NA,NA
GSE145926,COVID_severe,S-M051,DC,0,NA,NA
GSE145926,COVID_severe,S-M051,Epithelial,0,NA,NA
GSE145926,COVID_severe,S-M051,Macrophage,0,NA,NA
GSE145926,COVID_severe,S-M051,Mono_c14,0,NA,NA
GSE145926,COVID_severe,S-M051,NK,0,NA,NA
GSE145926,COVID_severe,S-M051,T_cell,0,NA,NA
GSE145926,COVID_severe,S-M052,B_cell,0,NA,NA
GSE145926,COVID_severe,S-M052,Club,0,NA,NA
GSE145926,COVID_severe,S-M052,DC,0,NA,NA
GSE145926,COVID_severe,S-M052,Epithelial,0,NA,NA
GSE145926,COVID_severe,S-M052,Macrophage,0,NA,NA
GSE145926,COVID_severe,S-M052,Mono_c14,0,NA,NA
GSE145926,COVID_severe,S-M052,NK,0,NA,NA
GSE145926,COVID_severe,S-M052,T_cell,0,NA,NA
GSE145926,COVID_severe,S-M053,B_cell,0,NA,NA
GSE145926,COVID_severe,S-M053,Club,0,NA,NA
GSE145926,COVID_severe,S-M053,DC,0,NA,NA
GSE145926,COVID_severe,S-M053,Epithelial,0,NA,NA
GSE145926,COVID_severe,S-M053,Macrophage,0,NA,NA
GSE145926,COVID_severe,S-M053,Mono_c14,0,NA,NA
GSE145926,COVID_severe,S-M053,NK,0,NA,NA
GSE145926,COVID_severe,S-M053,T_cell,0,NA,NA
GSE145926,COVID_severe,S-M054,B_cell,0,NA,NA
GSE145926,COVID_severe,S-M054,Club,0,NA,NA
GSE145926,COVID_severe,S-M054,DC,0,NA,NA
GSE145926,COVID_severe,S-M054,Epithelial,0,NA,NA
GSE145926,COVID_severe,S-M054,Macrophage,0,NA,NA
GSE145926,COVID_severe,S-M054,Mono_c14,0,NA,NA
GSE145926,COVID_severe,S-M054,NK,0,NA,NA
GSE145926,COVID_severe,S-M054,T_cell,0,NA,NA
GSE145926,COVID_severe,S-M055,B_cell,0,NA,NA
GSE145926,COVID_severe,S-M055,Club,0,NA,NA
GSE145926,COVID_severe,S-M055,DC,0,NA,NA
GSE145926,COVID_severe,S-M055,Epithelial,0,NA,NA
GSE145926,COVID_severe,S-M055,Macrophage,0,NA,NA
GSE145926,COVID_severe,S-M055,Mono_c14,0,NA,NA
GSE145926,COVID_severe,S-M055,NK,0,NA,NA
GSE145926,COVID_severe,S-M055,T_cell,0,NA,NA
GSE145926,COVID_severe,S-M056,B_cell,0,NA,NA
GSE145926,COVID_severe,S-M056,Club,0,NA,NA
GSE145926,COVID_severe,S-M056,DC,0,NA,NA
GSE145926,COVID_severe,S-M056,Epithelial,0,NA,NA
GSE145926,COVID_severe,S-M056,Macrophage,0,NA,NA
GSE145926,COVID_severe,S-M056,Mono_c14,0,NA,NA
GSE145926,COVID_severe,S-M056,NK,0,NA,NA
GSE145926,COVID_severe,S-M056,T_cell,0,NA,NA
GSE145926,COVID_severe,S-M057,B_cell,0,NA,NA
GSE145926,COVID_severe,S-M057,Club,0,NA,NA
GSE145926,COVID_severe,S-M057,DC,0,NA,NA
GSE145926,COVID_severe,S-M057,Epithelial,0,NA,NA
GSE145926,COVID_severe,S-M057,Macrophage,0,NA,NA
GSE145926,COVID_severe,S-M057,Mono_c14,0,NA,NA
GSE145926,COVID_severe,S-M057,NK,0,NA,NA
GSE145926,COVID_severe,S-M057,T_cell,0,NA,NA
GSE145926,COVID_severe,S-S054,B_cell,0,NA,NA
GSE145926,COVID_severe,S-S054,Club,0,NA,NA
GSE145926,COVID_severe,S-S054,DC,0,NA,NA
GSE145926,COVID_severe,S-S054,Epithelial,0,NA,NA
GSE145926,COVID_severe,S-S054,Macrophage,0,NA,NA
GSE145926,COVID_severe,S-S054,Mono_c14,0,NA,NA
GSE145926,COVID_severe,S-S054,NK,0,NA,NA
GSE145926,COVID_severe,S-S054,T_cell,0,NA,NA
GSE145926,COVID_severe,S-S055,B_cell,0,NA,NA
GSE145926,COVID_severe,S-S055,Club,0,NA,NA
GSE145926,COVID_severe,S-S055,DC,0,NA,NA
GSE145926,COVID_severe,S-S055,Epithelial,0,NA,NA
GSE145926,COVID_severe,S-S055,Macrophage,0,NA,NA
GSE145926,COVID_severe,S-S055,Mono_c14,0,NA,NA
GSE145926,COVID_severe,S-S055,NK,0,NA,NA
GSE145926,COVID_severe,S-S055,T_cell,0,NA,NA
GSE145926,COVID_severe,S-S056,B_cell,0,NA,NA
GSE145926,COVID_severe,S-S056,Club,0,NA,NA
GSE145926,COVID_severe,S-S056,DC,0,NA,NA
GSE145926,COVID_severe,S-S056,Epithelial,0,NA,NA
GSE145926,COVID_severe,S-S056,Macrophage,0,NA,NA
GSE145926,COVID_severe,S-S056,Mono_c14,0,NA,NA
GSE145926,COVID_severe,S-S056,NK,0,NA,NA
GSE145926,COVID_severe,S-S056,T_cell,0,NA,NA
GSE145926,COVID_severe,S-S057,B_cell,0,NA,NA
GSE145926,COVID_severe,S-S057,Club,0,NA,NA
GSE145926,COVID_severe,S-S057,DC,0,NA,NA
GSE145926,COVID_severe,S-S057,Epithelial,0,NA,NA
GSE145926,COVID_severe,S-S057,Macrophage,0,NA,NA
GSE145926,COVID_severe,S-S057,Mono_c14,0,NA,NA
GSE145926,COVID_severe,S-S057,NK,0,NA,NA
GSE145926,COVID_severe,S-S057,T_cell,0,NA,NA
GSE145926,COVID_severe,S-S058,B_cell,0,NA,NA
GSE145926,COVID_severe,S-S058,Club,0,NA,NA
GSE145926,COVID_severe,S-S058,DC,0,NA,NA
GSE145926,COVID_severe,S-S058,Epithelial,0,NA,NA
GSE145926,COVID_severe,S-S058,Macrophage,0,NA,NA
GSE145926,COVID_severe,S-S058,Mono_c14,0,NA,NA
GSE145926,COVID_severe,S-S058,NK,0,NA,NA
GSE145926,COVID_severe,S-S058,T_cell,0,NA,NA
GSE145926,COVID_severe,S-S059,B_cell,0,NA,NA
GSE145926,COVID_severe,S-S059,Club,0,NA,NA
GSE145926,COVID_severe,S-S059,DC,0,NA,NA
GSE145926,COVID_severe,S-S059,Epithelial,0,NA,NA
GSE145926,COVID_severe,S-S059,Macrophage,0,NA,NA
GSE145926,COVID_severe,S-S059,Mono_c14,0,NA,NA
GSE145926,COVID_severe,S-S059,NK,0,NA,NA
GSE145926,COVID_severe,S-S059,T_cell,0,NA,NA
GSE145926,COVID_severe,S-S060,B_cell,0,NA,NA
GSE145926,COVID_severe,S-S060,Club,0,NA,NA
GSE145926,COVID_severe,S-S060,DC,0,NA,NA
GSE145926,COVID_severe,S-S060,Epithelial,0,NA,NA
GSE145926,COVID_severe,S-S060,Macrophage,0,NA,NA
GSE145926,COVID_severe,S-S060,Mono_c14,0,NA,NA
GSE145926,COVID_severe,S-S060,NK,0,NA,NA
GSE145926,COVID_severe,S-S060,T_cell,0,NA,NA
GSE145926,COVID_severe,S-S061,B_cell,0,NA,NA
GSE145926,COVID_severe,S-S061,Club,0,NA,NA
GSE145926,COVID_severe,S-S061,DC,0,NA,NA
GSE145926,COVID_severe,S-S061,Epithelial,0,NA,NA
GSE145926,COVID_severe,S-S061,Macrophage,0,NA,NA
GSE145926,COVID_severe,S-S061,Mono_c14,0,NA,NA
GSE145926,COVID_severe,S-S061,NK,0,NA,NA
GSE145926,COVID_severe,S-S061,T_cell,0,NA,NA
GSE145926,COVID_severe,S-S062,B_cell,0,NA,NA
GSE145926,COVID_severe,S-S062,Club,0,NA,NA
GSE145926,COVID_severe,S-S062,DC,0,NA,NA
GSE145926,COVID_severe,S-S062,Epithelial,0,NA,NA
GSE145926,COVID_severe,S-S062,Macrophage,0,NA,NA
GSE145926,COVID_severe,S-S062,Mono_c14,0,NA,NA
GSE145926,COVID_severe,S-S062,NK,0,NA,NA
GSE145926,COVID_severe,S-S062,T_cell,0,NA,NA
GSE145926,COVID_severe,S-S064,B_cell,0,NA,NA
GSE145926,COVID_severe,S-S064,Club,0,NA,NA
GSE145926,COVID_severe,S-S064,DC,0,NA,NA
GSE145926,COVID_severe,S-S064,Epithelial,0,NA,NA
GSE145926,COVID_severe,S-S064,Macrophage,0,NA,NA
GSE145926,COVID_severe,S-S064,Mono_c14,0,NA,NA
GSE145926,COVID_severe,S-S064,NK,0,NA,NA
GSE145926,COVID_severe,S-S064,T_cell,0,NA,NA
GSE145926,COVID_severe,S-S065,B_cell,0,NA,NA
GSE145926,COVID_severe,S-S065,Club,0,NA,NA
GSE145926,COVID_severe,S-S065,DC,0,NA,NA
GSE145926,COVID_severe,S-S065,Epithelial,0,NA,NA
GSE145926,COVID_severe,S-S065,Macrophage,0,NA,NA
GSE145926,COVID_severe,S-S065,Mono_c14,0,NA,NA
GSE145926,COVID_severe,S-S065,NK,0,NA,NA
GSE145926,COVID_severe,S-S065,T_cell,0,NA,NA
GSE145926,COVID_severe,S-S066,B_cell,0,NA,NA
GSE145926,COVID_severe,S-S066,Club,0,NA,NA
GSE145926,COVID_severe,S-S066,DC,0,NA,NA
GSE145926,COVID_severe,S-S066,Epithelial,0,NA,NA
GSE145926,COVID_severe,S-S066,Macrophage,0,NA,NA
GSE145926,COVID_severe,S-S066,Mono_c14,0,NA,NA
GSE145926,COVID_severe,S-S066,NK,0,NA,NA
GSE145926,COVID_severe,S-S066,T_cell,0,NA,NA
GSE145926,COVID_severe,S-S067,B_cell,0,NA,NA
GSE145926,COVID_severe,S-S067,Club,0,NA,NA
GSE145926,COVID_severe,S-S067,DC,0,NA,NA
GSE145926,COVID_severe,S-S067,Epithelial,0,NA,NA
GSE145926,COVID_severe,S-S067,Macrophage,0,NA,NA
GSE145926,COVID_severe,S-S067,Mono_c14,0,NA,NA
GSE145926,COVID_severe,S-S067,NK,0,NA,NA
GSE145926,COVID_severe,S-S067,T_cell,0,NA,NA
GSE145926,COVID_severe,S-S068,B_cell,0,NA,NA
GSE145926,COVID_severe,S-S068,Club,0,NA,NA
GSE145926,COVID_severe,S-S068,DC,0,NA,NA
GSE145926,COVID_severe,S-S068,Epithelial,0,NA,NA
GSE145926,COVID_severe,S-S068,Macrophage,0,NA,NA
GSE145926,COVID_severe,S-S068,Mono_c14,0,NA,NA
GSE145926,COVID_severe,S-S068,NK,0,NA,NA
GSE145926,COVID_severe,S-S068,T_cell,0,NA,NA
GSE145926,COVID_severe,S-S069-1,B_cell,0,NA,NA
GSE145926,COVID_severe,S-S069-1,Club,0,NA,NA
GSE145926,COVID_severe,S-S069-1,DC,0,NA,NA
GSE145926,COVID_severe,S-S069-1,Epithelial,0,NA,NA
GSE145926,COVID_severe,S-S069-1,Macrophage,0,NA,NA
GSE145926,COVID_severe,S-S069-1,Mono_c14,0,NA,NA
GSE145926,COVID_severe,S-S069-1,NK,0,NA,NA
GSE145926,COVID_severe,S-S069-1,T_cell,0,NA,NA
GSE145926,COVID_severe,S-S069-2,B_cell,0,NA,NA
GSE145926,COVID_severe,S-S069-2,Club,0,NA,NA
GSE145926,COVID_severe,S-S069-2,DC,0,NA,NA
GSE145926,COVID_severe,S-S069-2,Epithelial,0,NA,NA
GSE145926,COVID_severe,S-S069-2,Macrophage,0,NA,NA
GSE145926,COVID_severe,S-S069-2,Mono_c14,0,NA,NA
GSE145926,COVID_severe,S-S069-2,NK,0,NA,NA
GSE145926,COVID_severe,S-S069-2,T_cell,0,NA,NA
GSE145926,COVID_severe,S-S069-3,B_cell,0,NA,NA
GSE145926,COVID_severe,S-S069-3,Club,0,NA,NA
GSE145926,COVID_severe,S-S069-3,DC,0,NA,NA
GSE145926,COVID_severe,S-S069-3,Epithelial,0,NA,NA
GSE145926,COVID_severe,S-S069-3,Macrophage,0,NA,NA
GSE145926,COVID_severe,S-S069-3,Mono_c14,0,NA,NA
GSE145926,COVID_severe,S-S069-3,NK,0,NA,NA
GSE145926,COVID_severe,S-S069-3,T_cell,0,NA,NA
GSE145926,COVID_severe,S-S070-1,B_cell,0,NA,NA
GSE145926,COVID_severe,S-S070-1,Club,0,NA,NA
GSE145926,COVID_severe,S-S070-1,DC,0,NA,NA
GSE145926,COVID_severe,S-S070-1,Epithelial,0,NA,NA
GSE145926,COVID_severe,S-S070-1,Macrophage,0,NA,NA
GSE145926,COVID_severe,S-S070-1,Mono_c14,0,NA,NA
GSE145926,COVID_severe,S-S070-1,NK,0,NA,NA
GSE145926,COVID_severe,S-S070-1,T_cell,0,NA,NA
GSE145926,COVID_severe,S-S070-2,B_cell,0,NA,NA
GSE145926,COVID_severe,S-S070-2,Club,0,NA,NA
GSE145926,COVID_severe,S-S070-2,DC,0,NA,NA
GSE145926,COVID_severe,S-S070-2,Epithelial,0,NA,NA
GSE145926,COVID_severe,S-S070-2,Macrophage,0,NA,NA
GSE145926,COVID_severe,S-S070-2,Mono_c14,0,NA,NA
GSE145926,COVID_severe,S-S070-2,NK,0,NA,NA
GSE145926,COVID_severe,S-S070-2,T_cell,0,NA,NA
GSE145926,COVID_severe,S-S070-3,B_cell,0,NA,NA
GSE145926,COVID_severe,S-S070-3,Club,0,NA,NA
GSE145926,COVID_severe,S-S070-3,DC,0,NA,NA
GSE145926,COVID_severe,S-S070-3,Epithelial,0,NA,NA
GSE145926,COVID_severe,S-S070-3,Macrophage,0,NA,NA
GSE145926,COVID_severe,S-S070-3,Mono_c14,0,NA,NA
GSE145926,COVID_severe,S-S070-3,NK,0,NA,NA
GSE145926,COVID_severe,S-S070-3,T_cell,0,NA,NA
GSE145926,COVID_severe,S-S071-1,B_cell,0,NA,NA
GSE145926,COVID_severe,S-S071-1,Club,0,NA,NA
GSE145926,COVID_severe,S-S071-1,DC,0,NA,NA
GSE145926,COVID_severe,S-S071-1,Epithelial,0,NA,NA
GSE145926,COVID_severe,S-S071-1,Macrophage,0,NA,NA
GSE145926,COVID_severe,S-S071-1,Mono_c14,0,NA,NA
GSE145926,COVID_severe,S-S071-1,NK,0,NA,NA
GSE145926,COVID_severe,S-S071-1,T_cell,0,NA,NA
GSE145926,COVID_severe,S-S071-2,B_cell,0,NA,NA
GSE145926,COVID_severe,S-S071-2,Club,0,NA,NA
GSE145926,COVID_severe,S-S071-2,DC,0,NA,NA
GSE145926,COVID_severe,S-S071-2,Epithelial,0,NA,NA
GSE145926,COVID_severe,S-S071-2,Macrophage,0,NA,NA
GSE145926,COVID_severe,S-S071-2,Mono_c14,0,NA,NA
GSE145926,COVID_severe,S-S071-2,NK,0,NA,NA
GSE145926,COVID_severe,S-S071-2,T_cell,0,NA,NA
GSE145926,COVID_severe,S-S072-1,B_cell,0,NA,NA
GSE145926,COVID_severe,S-S072-1,Club,0,NA,NA
GSE145926,COVID_severe,S-S072-1,DC,0,NA,NA
GSE145926,COVID_severe,S-S072-1,Epithelial,0,NA,NA
GSE145926,COVID_severe,S-S072-1,Macrophage,0,NA,NA
GSE145926,COVID_severe,S-S072-1,Mono_c14,0,NA,NA
GSE145926,COVID_severe,S-S072-1,NK,0,NA,NA
GSE145926,COVID_severe,S-S072-1,T_cell,0,NA,NA
GSE145926,COVID_severe,S-S072-2,B_cell,0,NA,NA
GSE145926,COVID_severe,S-S072-2,Club,0,NA,NA
GSE145926,COVID_severe,S-S072-2,DC,0,NA,NA
GSE145926,COVID_severe,S-S072-2,Epithelial,0,NA,NA
GSE145926,COVID_severe,S-S072-2,Macrophage,0,NA,NA
GSE145926,COVID_severe,S-S072-2,Mono_c14,0,NA,NA
GSE145926,COVID_severe,S-S072-2,NK,0,NA,NA
GSE145926,COVID_severe,S-S072-2,T_cell,0,NA,NA
GSE145926,COVID_severe,S-S072-3,B_cell,0,NA,NA
GSE145926,COVID_severe,S-S072-3,Club,0,NA,NA
GSE145926,COVID_severe,S-S072-3,DC,0,NA,NA
GSE145926,COVID_severe,S-S072-3,Epithelial,0,NA,NA
GSE145926,COVID_severe,S-S072-3,Macrophage,0,NA,NA
GSE145926,COVID_severe,S-S072-3,Mono_c14,0,NA,NA
GSE145926,COVID_severe,S-S072-3,NK,0,NA,NA
GSE145926,COVID_severe,S-S072-3,T_cell,0,NA,NA
GSE145926,Healthy,C51,B_cell,44,NA,NA
GSE145926,Healthy,C51,Club,11,NA,NA
GSE145926,Healthy,C51,DC,304,NA,NA
GSE145926,Healthy,C51,Epithelial,22,NA,NA
GSE145926,Healthy,C51,Macrophage,0,NA,NA
GSE145926,Healthy,C51,Mono_c14,9231,NA,NA
GSE145926,Healthy,C51,NK,63,NA,NA
GSE145926,Healthy,C51,T_cell,1220,NA,NA
GSE145926,Healthy,C52,B_cell,9,NA,NA
GSE145926,Healthy,C52,Club,7,NA,NA
GSE145926,Healthy,C52,DC,62,NA,NA
GSE145926,Healthy,C52,Epithelial,49,NA,NA
GSE145926,Healthy,C52,Macrophage,4,NA,NA
GSE145926,Healthy,C52,Mono_c14,9573,NA,NA
GSE145926,Healthy,C52,NK,7,NA,NA
GSE145926,Healthy,C52,T_cell,412,NA,NA
GSE145926,Healthy,C100,B_cell,48,NA,NA
GSE145926,Healthy,C100,Club,24,NA,NA
GSE145926,Healthy,C100,DC,234,NA,NA
GSE145926,Healthy,C100,Epithelial,54,NA,NA
GSE145926,Healthy,C100,Macrophage,1,NA,NA
GSE145926,Healthy,C100,Mono_c14,3971,NA,NA
GSE145926,Healthy,C100,NK,125,NA,NA
GSE145926,Healthy,C100,T_cell,663,NA,NA
GSE145926,Healthy,C141,B_cell,0,NA,NA
GSE145926,Healthy,C141,Club,0,NA,NA
GSE145926,Healthy,C141,DC,0,NA,NA
GSE145926,Healthy,C141,Epithelial,0,NA,NA
GSE145926,Healthy,C141,Macrophage,0,NA,NA
GSE145926,Healthy,C141,Mono_c14,0,NA,NA
GSE145926,Healthy,C141,NK,0,NA,NA
GSE145926,Healthy,C141,T_cell,0,NA,NA
GSE145926,Healthy,C142,B_cell,0,NA,NA
GSE145926,Healthy,C142,Club,0,NA,NA
GSE145926,Healthy,C142,DC,0,NA,NA
GSE145926,Healthy,C142,Epithelial,0,NA,NA
GSE145926,Healthy,C142,Macrophage,0,NA,NA
GSE145926,Healthy,C142,Mono_c14,0,NA,NA
GSE145926,Healthy,C142,NK,0,NA,NA
GSE145926,Healthy,C142,T_cell,0,NA,NA
GSE145926,Healthy,C143,B_cell,0,NA,NA
GSE145926,Healthy,C143,Club,0,NA,NA
GSE145926,Healthy,C143,DC,0,NA,NA
GSE145926,Healthy,C143,Epithelial,0,NA,NA
GSE145926,Healthy,C143,Macrophage,0,NA,NA
GSE145926,Healthy,C143,Mono_c14,0,NA,NA
GSE145926,Healthy,C143,NK,0,NA,NA
GSE145926,Healthy,C143,T_cell,0,NA,NA
GSE145926,Healthy,C144,B_cell,0,NA,NA
GSE145926,Healthy,C144,Club,0,NA,NA
GSE145926,Healthy,C144,DC,0,NA,NA
GSE145926,Healthy,C144,Epithelial,0,NA,NA
GSE145926,Healthy,C144,Macrophage,0,NA,NA
GSE145926,Healthy,C144,Mono_c14,0,NA,NA
GSE145926,Healthy,C144,NK,0,NA,NA
GSE145926,Healthy,C144,T_cell,0,NA,NA
GSE145926,Healthy,C145,B_cell,0,NA,NA
GSE145926,Healthy,C145,Club,0,NA,NA
GSE145926,Healthy,C145,DC,0,NA,NA
GSE145926,Healthy,C145,Epithelial,0,NA,NA
GSE145926,Healthy,C145,Macrophage,0,NA,NA
GSE145926,Healthy,C145,Mono_c14,0,NA,NA
GSE145926,Healthy,C145,NK,0,NA,NA
GSE145926,Healthy,C145,T_cell,0,NA,NA
GSE145926,Healthy,C146,B_cell,0,NA,NA
GSE145926,Healthy,C146,Club,0,NA,NA
GSE145926,Healthy,C146,DC,0,NA,NA
GSE145926,Healthy,C146,Epithelial,0,NA,NA
GSE145926,Healthy,C146,Macrophage,0,NA,NA
GSE145926,Healthy,C146,Mono_c14,0,NA,NA
GSE145926,Healthy,C146,NK,0,NA,NA
GSE145926,Healthy,C146,T_cell,0,NA,NA
GSE145926,Healthy,C148,B_cell,0,NA,NA
GSE145926,Healthy,C148,Club,0,NA,NA
GSE145926,Healthy,C148,DC,0,NA,NA
GSE145926,Healthy,C148,Epithelial,0,NA,NA
GSE145926,Healthy,C148,Macrophage,0,NA,NA
GSE145926,Healthy,C148,Mono_c14,0,NA,NA
GSE145926,Healthy,C148,NK,0,NA,NA
GSE145926,Healthy,C148,T_cell,0,NA,NA
GSE145926,Healthy,C149,B_cell,0,NA,NA
GSE145926,Healthy,C149,Club,0,NA,NA
GSE145926,Healthy,C149,DC,0,NA,NA
GSE145926,Healthy,C149,Epithelial,0,NA,NA
GSE145926,Healthy,C149,Macrophage,0,NA,NA
GSE145926,Healthy,C149,Mono_c14,0,NA,NA
GSE145926,Healthy,C149,NK,0,NA,NA
GSE145926,Healthy,C149,T_cell,0,NA,NA
GSE145926,Healthy,C152,B_cell,0,NA,NA
GSE145926,Healthy,C152,Club,0,NA,NA
GSE145926,Healthy,C152,DC,0,NA,NA
GSE145926,Healthy,C152,Epithelial,0,NA,NA
GSE145926,Healthy,C152,Macrophage,0,NA,NA
GSE145926,Healthy,C152,Mono_c14,0,NA,NA
GSE145926,Healthy,C152,NK,0,NA,NA
GSE145926,Healthy,C152,T_cell,0,NA,NA
GSE145926,Healthy,S-HC008,B_cell,0,NA,NA
GSE145926,Healthy,S-HC008,Club,0,NA,NA
GSE145926,Healthy,S-HC008,DC,0,NA,NA
GSE145926,Healthy,S-HC008,Epithelial,0,NA,NA
GSE145926,Healthy,S-HC008,Macrophage,0,NA,NA
GSE145926,Healthy,S-HC008,Mono_c14,0,NA,NA
GSE145926,Healthy,S-HC008,NK,0,NA,NA
GSE145926,Healthy,S-HC008,T_cell,0,NA,NA
GSE145926,Healthy,S-HC009,B_cell,0,NA,NA
GSE145926,Healthy,S-HC009,Club,0,NA,NA
GSE145926,Healthy,S-HC009,DC,0,NA,NA
GSE145926,Healthy,S-HC009,Epithelial,0,NA,NA
GSE145926,Healthy,S-HC009,Macrophage,0,NA,NA
GSE145926,Healthy,S-HC009,Mono_c14,0,NA,NA
GSE145926,Healthy,S-HC009,NK,0,NA,NA
GSE145926,Healthy,S-HC009,T_cell,0,NA,NA
GSE145926,Healthy,S-HC010,B_cell,0,NA,NA
GSE145926,Healthy,S-HC010,Club,0,NA,NA
GSE145926,Healthy,S-HC010,DC,0,NA,NA
GSE145926,Healthy,S-HC010,Epithelial,0,NA,NA
GSE145926,Healthy,S-HC010,Macrophage,0,NA,NA
GSE145926,Healthy,S-HC010,Mono_c14,0,NA,NA
GSE145926,Healthy,S-HC010,NK,0,NA,NA
GSE145926,Healthy,S-HC010,T_cell,0,NA,NA
GSE145926,Healthy,S-HC011,B_cell,0,NA,NA
GSE145926,Healthy,S-HC011,Club,0,NA,NA
GSE145926,Healthy,S-HC011,DC,0,NA,NA
GSE145926,Healthy,S-HC011,Epithelial,0,NA,NA
GSE145926,Healthy,S-HC011,Macrophage,0,NA,NA
GSE145926,Healthy,S-HC011,Mono_c14,0,NA,NA
GSE145926,Healthy,S-HC011,NK,0,NA,NA
GSE145926,Healthy,S-HC011,T_cell,0,NA,NA
GSE145926,Healthy,S-HC012,B_cell,0,NA,NA
GSE145926,Healthy,S-HC012,Club,0,NA,NA
GSE145926,Healthy,S-HC012,DC,0,NA,NA
GSE145926,Healthy,S-HC012,Epithelial,0,NA,NA
GSE145926,Healthy,S-HC012,Macrophage,0,NA,NA
GSE145926,Healthy,S-HC012,Mono_c14,0,NA,NA
GSE145926,Healthy,S-HC012,NK,0,NA,NA
GSE145926,Healthy,S-HC012,T_cell,0,NA,NA
GSE145926,Healthy,S-M041-1,B_cell,0,NA,NA
GSE145926,Healthy,S-M041-1,Club,0,NA,NA
GSE145926,Healthy,S-M041-1,DC,0,NA,NA
GSE145926,Healthy,S-M041-1,Epithelial,0,NA,NA
GSE145926,Healthy,S-M041-1,Macrophage,0,NA,NA
GSE145926,Healthy,S-M041-1,Mono_c14,0,NA,NA
GSE145926,Healthy,S-M041-1,NK,0,NA,NA
GSE145926,Healthy,S-M041-1,T_cell,0,NA,NA
GSE145926,Healthy,S-M041-2,B_cell,0,NA,NA
GSE145926,Healthy,S-M041-2,Club,0,NA,NA
GSE145926,Healthy,S-M041-2,DC,0,NA,NA
GSE145926,Healthy,S-M041-2,Epithelial,0,NA,NA
GSE145926,Healthy,S-M041-2,Macrophage,0,NA,NA
GSE145926,Healthy,S-M041-2,Mono_c14,0,NA,NA
GSE145926,Healthy,S-M041-2,NK,0,NA,NA
GSE145926,Healthy,S-M041-2,T_cell,0,NA,NA
GSE145926,Healthy,S-M042-1,B_cell,0,NA,NA
GSE145926,Healthy,S-M042-1,Club,0,NA,NA
GSE145926,Healthy,S-M042-1,DC,0,NA,NA
GSE145926,Healthy,S-M042-1,Epithelial,0,NA,NA
GSE145926,Healthy,S-M042-1,Macrophage,0,NA,NA
GSE145926,Healthy,S-M042-1,Mono_c14,0,NA,NA
GSE145926,Healthy,S-M042-1,NK,0,NA,NA
GSE145926,Healthy,S-M042-1,T_cell,0,NA,NA
GSE145926,Healthy,S-M042-2,B_cell,0,NA,NA
GSE145926,Healthy,S-M042-2,Club,0,NA,NA
GSE145926,Healthy,S-M042-2,DC,0,NA,NA
GSE145926,Healthy,S-M042-2,Epithelial,0,NA,NA
GSE145926,Healthy,S-M042-2,Macrophage,0,NA,NA
GSE145926,Healthy,S-M042-2,Mono_c14,0,NA,NA
GSE145926,Healthy,S-M042-2,NK,0,NA,NA
GSE145926,Healthy,S-M042-2,T_cell,0,NA,NA
GSE145926,Healthy,S-M043-1,B_cell,0,NA,NA
GSE145926,Healthy,S-M043-1,Club,0,NA,NA
GSE145926,Healthy,S-M043-1,DC,0,NA,NA
GSE145926,Healthy,S-M043-1,Epithelial,0,NA,NA
GSE145926,Healthy,S-M043-1,Macrophage,0,NA,NA
GSE145926,Healthy,S-M043-1,Mono_c14,0,NA,NA
GSE145926,Healthy,S-M043-1,NK,0,NA,NA
GSE145926,Healthy,S-M043-1,T_cell,0,NA,NA
GSE145926,Healthy,S-M043-2,B_cell,0,NA,NA
GSE145926,Healthy,S-M043-2,Club,0,NA,NA
GSE145926,Healthy,S-M043-2,DC,0,NA,NA
GSE145926,Healthy,S-M043-2,Epithelial,0,NA,NA
GSE145926,Healthy,S-M043-2,Macrophage,0,NA,NA
GSE145926,Healthy,S-M043-2,Mono_c14,0,NA,NA
GSE145926,Healthy,S-M043-2,NK,0,NA,NA
GSE145926,Healthy,S-M043-2,T_cell,0,NA,NA
GSE145926,Healthy,S-M044-1,B_cell,0,NA,NA
GSE145926,Healthy,S-M044-1,Club,0,NA,NA
GSE145926,Healthy,S-M044-1,DC,0,NA,NA
GSE145926,Healthy,S-M044-1,Epithelial,0,NA,NA
GSE145926,Healthy,S-M044-1,Macrophage,0,NA,NA
GSE145926,Healthy,S-M044-1,Mono_c14,0,NA,NA
GSE145926,Healthy,S-M044-1,NK,0,NA,NA
GSE145926,Healthy,S-M044-1,T_cell,0,NA,NA
GSE145926,Healthy,S-M044-2,B_cell,0,NA,NA
GSE145926,Healthy,S-M044-2,Club,0,NA,NA
GSE145926,Healthy,S-M044-2,DC,0,NA,NA
GSE145926,Healthy,S-M044-2,Epithelial,0,NA,NA
GSE145926,Healthy,S-M044-2,Macrophage,0,NA,NA
GSE145926,Healthy,S-M044-2,Mono_c14,0,NA,NA
GSE145926,Healthy,S-M044-2,NK,0,NA,NA
GSE145926,Healthy,S-M044-2,T_cell,0,NA,NA
GSE145926,Healthy,S-M045,B_cell,0,NA,NA
GSE145926,Healthy,S-M045,Club,0,NA,NA
GSE145926,Healthy,S-M045,DC,0,NA,NA
GSE145926,Healthy,S-M045,Epithelial,0,NA,NA
GSE145926,Healthy,S-M045,Macrophage,0,NA,NA
GSE145926,Healthy,S-M045,Mono_c14,0,NA,NA
GSE145926,Healthy,S-M045,NK,0,NA,NA
GSE145926,Healthy,S-M045,T_cell,0,NA,NA
GSE145926,Healthy,S-M046,B_cell,0,NA,NA
GSE145926,Healthy,S-M046,Club,0,NA,NA
GSE145926,Healthy,S-M046,DC,0,NA,NA
GSE145926,Healthy,S-M046,Epithelial,0,NA,NA
GSE145926,Healthy,S-M046,Macrophage,0,NA,NA
GSE145926,Healthy,S-M046,Mono_c14,0,NA,NA
GSE145926,Healthy,S-M046,NK,0,NA,NA
GSE145926,Healthy,S-M046,T_cell,0,NA,NA
GSE145926,Healthy,S-M047,B_cell,0,NA,NA
GSE145926,Healthy,S-M047,Club,0,NA,NA
GSE145926,Healthy,S-M047,DC,0,NA,NA
GSE145926,Healthy,S-M047,Epithelial,0,NA,NA
GSE145926,Healthy,S-M047,Macrophage,0,NA,NA
GSE145926,Healthy,S-M047,Mono_c14,0,NA,NA
GSE145926,Healthy,S-M047,NK,0,NA,NA
GSE145926,Healthy,S-M047,T_cell,0,NA,NA
GSE145926,Healthy,S-M048,B_cell,0,NA,NA
GSE145926,Healthy,S-M048,Club,0,NA,NA
GSE145926,Healthy,S-M048,DC,0,NA,NA
GSE145926,Healthy,S-M048,Epithelial,0,NA,NA
GSE145926,Healthy,S-M048,Macrophage,0,NA,NA
GSE145926,Healthy,S-M048,Mono_c14,0,NA,NA
GSE145926,Healthy,S-M048,NK,0,NA,NA
GSE145926,Healthy,S-M048,T_cell,0,NA,NA
GSE145926,Healthy,S-M049,B_cell,0,NA,NA
GSE145926,Healthy,S-M049,Club,0,NA,NA
GSE145926,Healthy,S-M049,DC,0,NA,NA
GSE145926,Healthy,S-M049,Epithelial,0,NA,NA
GSE145926,Healthy,S-M049,Macrophage,0,NA,NA
GSE145926,Healthy,S-M049,Mono_c14,0,NA,NA
GSE145926,Healthy,S-M049,NK,0,NA,NA
GSE145926,Healthy,S-M049,T_cell,0,NA,NA
GSE145926,Healthy,S-M050,B_cell,0,NA,NA
GSE145926,Healthy,S-M050,Club,0,NA,NA
GSE145926,Healthy,S-M050,DC,0,NA,NA
GSE145926,Healthy,S-M050,Epithelial,0,NA,NA
GSE145926,Healthy,S-M050,Macrophage,0,NA,NA
GSE145926,Healthy,S-M050,Mono_c14,0,NA,NA
GSE145926,Healthy,S-M050,NK,0,NA,NA
GSE145926,Healthy,S-M050,T_cell,0,NA,NA
GSE145926,Healthy,S-M051,B_cell,0,NA,NA
GSE145926,Healthy,S-M051,Club,0,NA,NA
GSE145926,Healthy,S-M051,DC,0,NA,NA
GSE145926,Healthy,S-M051,Epithelial,0,NA,NA
GSE145926,Healthy,S-M051,Macrophage,0,NA,NA
GSE145926,Healthy,S-M051,Mono_c14,0,NA,NA
GSE145926,Healthy,S-M051,NK,0,NA,NA
GSE145926,Healthy,S-M051,T_cell,0,NA,NA
GSE145926,Healthy,S-M052,B_cell,0,NA,NA
GSE145926,Healthy,S-M052,Club,0,NA,NA
GSE145926,Healthy,S-M052,DC,0,NA,NA
GSE145926,Healthy,S-M052,Epithelial,0,NA,NA
GSE145926,Healthy,S-M052,Macrophage,0,NA,NA
GSE145926,Healthy,S-M052,Mono_c14,0,NA,NA
GSE145926,Healthy,S-M052,NK,0,NA,NA
GSE145926,Healthy,S-M052,T_cell,0,NA,NA
GSE145926,Healthy,S-M053,B_cell,0,NA,NA
GSE145926,Healthy,S-M053,Club,0,NA,NA
GSE145926,Healthy,S-M053,DC,0,NA,NA
GSE145926,Healthy,S-M053,Epithelial,0,NA,NA
GSE145926,Healthy,S-M053,Macrophage,0,NA,NA
GSE145926,Healthy,S-M053,Mono_c14,0,NA,NA
GSE145926,Healthy,S-M053,NK,0,NA,NA
GSE145926,Healthy,S-M053,T_cell,0,NA,NA
GSE145926,Healthy,S-M054,B_cell,0,NA,NA
GSE145926,Healthy,S-M054,Club,0,NA,NA
GSE145926,Healthy,S-M054,DC,0,NA,NA
GSE145926,Healthy,S-M054,Epithelial,0,NA,NA
GSE145926,Healthy,S-M054,Macrophage,0,NA,NA
GSE145926,Healthy,S-M054,Mono_c14,0,NA,NA
GSE145926,Healthy,S-M054,NK,0,NA,NA
GSE145926,Healthy,S-M054,T_cell,0,NA,NA
GSE145926,Healthy,S-M055,B_cell,0,NA,NA
GSE145926,Healthy,S-M055,Club,0,NA,NA
GSE145926,Healthy,S-M055,DC,0,NA,NA
GSE145926,Healthy,S-M055,Epithelial,0,NA,NA
GSE145926,Healthy,S-M055,Macrophage,0,NA,NA
GSE145926,Healthy,S-M055,Mono_c14,0,NA,NA
GSE145926,Healthy,S-M055,NK,0,NA,NA
GSE145926,Healthy,S-M055,T_cell,0,NA,NA
GSE145926,Healthy,S-M056,B_cell,0,NA,NA
GSE145926,Healthy,S-M056,Club,0,NA,NA
GSE145926,Healthy,S-M056,DC,0,NA,NA
GSE145926,Healthy,S-M056,Epithelial,0,NA,NA
GSE145926,Healthy,S-M056,Macrophage,0,NA,NA
GSE145926,Healthy,S-M056,Mono_c14,0,NA,NA
GSE145926,Healthy,S-M056,NK,0,NA,NA
GSE145926,Healthy,S-M056,T_cell,0,NA,NA
GSE145926,Healthy,S-M057,B_cell,0,NA,NA
GSE145926,Healthy,S-M057,Club,0,NA,NA
GSE145926,Healthy,S-M057,DC,0,NA,NA
GSE145926,Healthy,S-M057,Epithelial,0,NA,NA
GSE145926,Healthy,S-M057,Macrophage,0,NA,NA
GSE145926,Healthy,S-M057,Mono_c14,0,NA,NA
GSE145926,Healthy,S-M057,NK,0,NA,NA
GSE145926,Healthy,S-M057,T_cell,0,NA,NA
GSE145926,Healthy,S-S054,B_cell,0,NA,NA
GSE145926,Healthy,S-S054,Club,0,NA,NA
GSE145926,Healthy,S-S054,DC,0,NA,NA
GSE145926,Healthy,S-S054,Epithelial,0,NA,NA
GSE145926,Healthy,S-S054,Macrophage,0,NA,NA
GSE145926,Healthy,S-S054,Mono_c14,0,NA,NA
GSE145926,Healthy,S-S054,NK,0,NA,NA
GSE145926,Healthy,S-S054,T_cell,0,NA,NA
GSE145926,Healthy,S-S055,B_cell,0,NA,NA
GSE145926,Healthy,S-S055,Club,0,NA,NA
GSE145926,Healthy,S-S055,DC,0,NA,NA
GSE145926,Healthy,S-S055,Epithelial,0,NA,NA
GSE145926,Healthy,S-S055,Macrophage,0,NA,NA
GSE145926,Healthy,S-S055,Mono_c14,0,NA,NA
GSE145926,Healthy,S-S055,NK,0,NA,NA
GSE145926,Healthy,S-S055,T_cell,0,NA,NA
GSE145926,Healthy,S-S056,B_cell,0,NA,NA
GSE145926,Healthy,S-S056,Club,0,NA,NA
GSE145926,Healthy,S-S056,DC,0,NA,NA
GSE145926,Healthy,S-S056,Epithelial,0,NA,NA
GSE145926,Healthy,S-S056,Macrophage,0,NA,NA
GSE145926,Healthy,S-S056,Mono_c14,0,NA,NA
GSE145926,Healthy,S-S056,NK,0,NA,NA
GSE145926,Healthy,S-S056,T_cell,0,NA,NA
GSE145926,Healthy,S-S057,B_cell,0,NA,NA
GSE145926,Healthy,S-S057,Club,0,NA,NA
GSE145926,Healthy,S-S057,DC,0,NA,NA
GSE145926,Healthy,S-S057,Epithelial,0,NA,NA
GSE145926,Healthy,S-S057,Macrophage,0,NA,NA
GSE145926,Healthy,S-S057,Mono_c14,0,NA,NA
GSE145926,Healthy,S-S057,NK,0,NA,NA
GSE145926,Healthy,S-S057,T_cell,0,NA,NA
GSE145926,Healthy,S-S058,B_cell,0,NA,NA
GSE145926,Healthy,S-S058,Club,0,NA,NA
GSE145926,Healthy,S-S058,DC,0,NA,NA
GSE145926,Healthy,S-S058,Epithelial,0,NA,NA
GSE145926,Healthy,S-S058,Macrophage,0,NA,NA
GSE145926,Healthy,S-S058,Mono_c14,0,NA,NA
GSE145926,Healthy,S-S058,NK,0,NA,NA
GSE145926,Healthy,S-S058,T_cell,0,NA,NA
GSE145926,Healthy,S-S059,B_cell,0,NA,NA
GSE145926,Healthy,S-S059,Club,0,NA,NA
GSE145926,Healthy,S-S059,DC,0,NA,NA
GSE145926,Healthy,S-S059,Epithelial,0,NA,NA
GSE145926,Healthy,S-S059,Macrophage,0,NA,NA
GSE145926,Healthy,S-S059,Mono_c14,0,NA,NA
GSE145926,Healthy,S-S059,NK,0,NA,NA
GSE145926,Healthy,S-S059,T_cell,0,NA,NA
GSE145926,Healthy,S-S060,B_cell,0,NA,NA
GSE145926,Healthy,S-S060,Club,0,NA,NA
GSE145926,Healthy,S-S060,DC,0,NA,NA
GSE145926,Healthy,S-S060,Epithelial,0,NA,NA
GSE145926,Healthy,S-S060,Macrophage,0,NA,NA
GSE145926,Healthy,S-S060,Mono_c14,0,NA,NA
GSE145926,Healthy,S-S060,NK,0,NA,NA
GSE145926,Healthy,S-S060,T_cell,0,NA,NA
GSE145926,Healthy,S-S061,B_cell,0,NA,NA
GSE145926,Healthy,S-S061,Club,0,NA,NA
GSE145926,Healthy,S-S061,DC,0,NA,NA
GSE145926,Healthy,S-S061,Epithelial,0,NA,NA
GSE145926,Healthy,S-S061,Macrophage,0,NA,NA
GSE145926,Healthy,S-S061,Mono_c14,0,NA,NA
GSE145926,Healthy,S-S061,NK,0,NA,NA
GSE145926,Healthy,S-S061,T_cell,0,NA,NA
GSE145926,Healthy,S-S062,B_cell,0,NA,NA
GSE145926,Healthy,S-S062,Club,0,NA,NA
GSE145926,Healthy,S-S062,DC,0,NA,NA
GSE145926,Healthy,S-S062,Epithelial,0,NA,NA
GSE145926,Healthy,S-S062,Macrophage,0,NA,NA
GSE145926,Healthy,S-S062,Mono_c14,0,NA,NA
GSE145926,Healthy,S-S062,NK,0,NA,NA
GSE145926,Healthy,S-S062,T_cell,0,NA,NA
GSE145926,Healthy,S-S064,B_cell,0,NA,NA
GSE145926,Healthy,S-S064,Club,0,NA,NA
GSE145926,Healthy,S-S064,DC,0,NA,NA
GSE145926,Healthy,S-S064,Epithelial,0,NA,NA
GSE145926,Healthy,S-S064,Macrophage,0,NA,NA
GSE145926,Healthy,S-S064,Mono_c14,0,NA,NA
GSE145926,Healthy,S-S064,NK,0,NA,NA
GSE145926,Healthy,S-S064,T_cell,0,NA,NA
GSE145926,Healthy,S-S065,B_cell,0,NA,NA
GSE145926,Healthy,S-S065,Club,0,NA,NA
GSE145926,Healthy,S-S065,DC,0,NA,NA
GSE145926,Healthy,S-S065,Epithelial,0,NA,NA
GSE145926,Healthy,S-S065,Macrophage,0,NA,NA
GSE145926,Healthy,S-S065,Mono_c14,0,NA,NA
GSE145926,Healthy,S-S065,NK,0,NA,NA
GSE145926,Healthy,S-S065,T_cell,0,NA,NA
GSE145926,Healthy,S-S066,B_cell,0,NA,NA
GSE145926,Healthy,S-S066,Club,0,NA,NA
GSE145926,Healthy,S-S066,DC,0,NA,NA
GSE145926,Healthy,S-S066,Epithelial,0,NA,NA
GSE145926,Healthy,S-S066,Macrophage,0,NA,NA
GSE145926,Healthy,S-S066,Mono_c14,0,NA,NA
GSE145926,Healthy,S-S066,NK,0,NA,NA
GSE145926,Healthy,S-S066,T_cell,0,NA,NA
GSE145926,Healthy,S-S067,B_cell,0,NA,NA
GSE145926,Healthy,S-S067,Club,0,NA,NA
GSE145926,Healthy,S-S067,DC,0,NA,NA
GSE145926,Healthy,S-S067,Epithelial,0,NA,NA
GSE145926,Healthy,S-S067,Macrophage,0,NA,NA
GSE145926,Healthy,S-S067,Mono_c14,0,NA,NA
GSE145926,Healthy,S-S067,NK,0,NA,NA
GSE145926,Healthy,S-S067,T_cell,0,NA,NA
GSE145926,Healthy,S-S068,B_cell,0,NA,NA
GSE145926,Healthy,S-S068,Club,0,NA,NA
GSE145926,Healthy,S-S068,DC,0,NA,NA
GSE145926,Healthy,S-S068,Epithelial,0,NA,NA
GSE145926,Healthy,S-S068,Macrophage,0,NA,NA
GSE145926,Healthy,S-S068,Mono_c14,0,NA,NA
GSE145926,Healthy,S-S068,NK,0,NA,NA
GSE145926,Healthy,S-S068,T_cell,0,NA,NA
GSE145926,Healthy,S-S069-1,B_cell,0,NA,NA
GSE145926,Healthy,S-S069-1,Club,0,NA,NA
GSE145926,Healthy,S-S069-1,DC,0,NA,NA
GSE145926,Healthy,S-S069-1,Epithelial,0,NA,NA
GSE145926,Healthy,S-S069-1,Macrophage,0,NA,NA
GSE145926,Healthy,S-S069-1,Mono_c14,0,NA,NA
GSE145926,Healthy,S-S069-1,NK,0,NA,NA
GSE145926,Healthy,S-S069-1,T_cell,0,NA,NA
GSE145926,Healthy,S-S069-2,B_cell,0,NA,NA
GSE145926,Healthy,S-S069-2,Club,0,NA,NA
GSE145926,Healthy,S-S069-2,DC,0,NA,NA
GSE145926,Healthy,S-S069-2,Epithelial,0,NA,NA
GSE145926,Healthy,S-S069-2,Macrophage,0,NA,NA
GSE145926,Healthy,S-S069-2,Mono_c14,0,NA,NA
GSE145926,Healthy,S-S069-2,NK,0,NA,NA
GSE145926,Healthy,S-S069-2,T_cell,0,NA,NA
GSE145926,Healthy,S-S069-3,B_cell,0,NA,NA
GSE145926,Healthy,S-S069-3,Club,0,NA,NA
GSE145926,Healthy,S-S069-3,DC,0,NA,NA
GSE145926,Healthy,S-S069-3,Epithelial,0,NA,NA
GSE145926,Healthy,S-S069-3,Macrophage,0,NA,NA
GSE145926,Healthy,S-S069-3,Mono_c14,0,NA,NA
GSE145926,Healthy,S-S069-3,NK,0,NA,NA
GSE145926,Healthy,S-S069-3,T_cell,0,NA,NA
GSE145926,Healthy,S-S070-1,B_cell,0,NA,NA
GSE145926,Healthy,S-S070-1,Club,0,NA,NA
GSE145926,Healthy,S-S070-1,DC,0,NA,NA
GSE145926,Healthy,S-S070-1,Epithelial,0,NA,NA
GSE145926,Healthy,S-S070-1,Macrophage,0,NA,NA
GSE145926,Healthy,S-S070-1,Mono_c14,0,NA,NA
GSE145926,Healthy,S-S070-1,NK,0,NA,NA
GSE145926,Healthy,S-S070-1,T_cell,0,NA,NA
GSE145926,Healthy,S-S070-2,B_cell,0,NA,NA
GSE145926,Healthy,S-S070-2,Club,0,NA,NA
GSE145926,Healthy,S-S070-2,DC,0,NA,NA
GSE145926,Healthy,S-S070-2,Epithelial,0,NA,NA
GSE145926,Healthy,S-S070-2,Macrophage,0,NA,NA
GSE145926,Healthy,S-S070-2,Mono_c14,0,NA,NA
GSE145926,Healthy,S-S070-2,NK,0,NA,NA
GSE145926,Healthy,S-S070-2,T_cell,0,NA,NA
GSE145926,Healthy,S-S070-3,B_cell,0,NA,NA
GSE145926,Healthy,S-S070-3,Club,0,NA,NA
GSE145926,Healthy,S-S070-3,DC,0,NA,NA
GSE145926,Healthy,S-S070-3,Epithelial,0,NA,NA
GSE145926,Healthy,S-S070-3,Macrophage,0,NA,NA
GSE145926,Healthy,S-S070-3,Mono_c14,0,NA,NA
GSE145926,Healthy,S-S070-3,NK,0,NA,NA
GSE145926,Healthy,S-S070-3,T_cell,0,NA,NA
GSE145926,Healthy,S-S071-1,B_cell,0,NA,NA
GSE145926,Healthy,S-S071-1,Club,0,NA,NA
GSE145926,Healthy,S-S071-1,DC,0,NA,NA
GSE145926,Healthy,S-S071-1,Epithelial,0,NA,NA
GSE145926,Healthy,S-S071-1,Macrophage,0,NA,NA
GSE145926,Healthy,S-S071-1,Mono_c14,0,NA,NA
GSE145926,Healthy,S-S071-1,NK,0,NA,NA
GSE145926,Healthy,S-S071-1,T_cell,0,NA,NA
GSE145926,Healthy,S-S071-2,B_cell,0,NA,NA
GSE145926,Healthy,S-S071-2,Club,0,NA,NA
GSE145926,Healthy,S-S071-2,DC,0,NA,NA
GSE145926,Healthy,S-S071-2,Epithelial,0,NA,NA
GSE145926,Healthy,S-S071-2,Macrophage,0,NA,NA
GSE145926,Healthy,S-S071-2,Mono_c14,0,NA,NA
GSE145926,Healthy,S-S071-2,NK,0,NA,NA
GSE145926,Healthy,S-S071-2,T_cell,0,NA,NA
GSE145926,Healthy,S-S072-1,B_cell,0,NA,NA
GSE145926,Healthy,S-S072-1,Club,0,NA,NA
GSE145926,Healthy,S-S072-1,DC,0,NA,NA
GSE145926,Healthy,S-S072-1,Epithelial,0,NA,NA
GSE145926,Healthy,S-S072-1,Macrophage,0,NA,NA
GSE145926,Healthy,S-S072-1,Mono_c14,0,NA,NA
GSE145926,Healthy,S-S072-1,NK,0,NA,NA
GSE145926,Healthy,S-S072-1,T_cell,0,NA,NA
GSE145926,Healthy,S-S072-2,B_cell,0,NA,NA
GSE145926,Healthy,S-S072-2,Club,0,NA,NA
GSE145926,Healthy,S-S072-2,DC,0,NA,NA
GSE145926,Healthy,S-S072-2,Epithelial,0,NA,NA
GSE145926,Healthy,S-S072-2,Macrophage,0,NA,NA
GSE145926,Healthy,S-S072-2,Mono_c14,0,NA,NA
GSE145926,Healthy,S-S072-2,NK,0,NA,NA
GSE145926,Healthy,S-S072-2,T_cell,0,NA,NA
GSE145926,Healthy,S-S072-3,B_cell,0,NA,NA
GSE145926,Healthy,S-S072-3,Club,0,NA,NA
GSE145926,Healthy,S-S072-3,DC,0,NA,NA
GSE145926,Healthy,S-S072-3,Epithelial,0,NA,NA
GSE145926,Healthy,S-S072-3,Macrophage,0,NA,NA
GSE145926,Healthy,S-S072-3,Mono_c14,0,NA,NA
GSE145926,Healthy,S-S072-3,NK,0,NA,NA
GSE145926,Healthy,S-S072-3,T_cell,0,NA,NA
GSE158055,COVID_mild,C51,B_cell,0,NA,NA
GSE158055,COVID_mild,C51,Club,0,NA,NA
GSE158055,COVID_mild,C51,DC,0,NA,NA
GSE158055,COVID_mild,C51,Epithelial,0,NA,NA
GSE158055,COVID_mild,C51,Macrophage,0,NA,NA
GSE158055,COVID_mild,C51,Mono_c14,0,NA,NA
GSE158055,COVID_mild,C51,NK,0,NA,NA
GSE158055,COVID_mild,C51,T_cell,0,NA,NA
GSE158055,COVID_mild,C52,B_cell,0,NA,NA
GSE158055,COVID_mild,C52,Club,0,NA,NA
GSE158055,COVID_mild,C52,DC,0,NA,NA
GSE158055,COVID_mild,C52,Epithelial,0,NA,NA
GSE158055,COVID_mild,C52,Macrophage,0,NA,NA
GSE158055,COVID_mild,C52,Mono_c14,0,NA,NA
GSE158055,COVID_mild,C52,NK,0,NA,NA
GSE158055,COVID_mild,C52,T_cell,0,NA,NA
GSE158055,COVID_mild,C100,B_cell,0,NA,NA
GSE158055,COVID_mild,C100,Club,0,NA,NA
GSE158055,COVID_mild,C100,DC,0,NA,NA
GSE158055,COVID_mild,C100,Epithelial,0,NA,NA
GSE158055,COVID_mild,C100,Macrophage,0,NA,NA
GSE158055,COVID_mild,C100,Mono_c14,0,NA,NA
GSE158055,COVID_mild,C100,NK,0,NA,NA
GSE158055,COVID_mild,C100,T_cell,0,NA,NA
GSE158055,COVID_mild,C141,B_cell,0,NA,NA
GSE158055,COVID_mild,C141,Club,0,NA,NA
GSE158055,COVID_mild,C141,DC,0,NA,NA
GSE158055,COVID_mild,C141,Epithelial,0,NA,NA
GSE158055,COVID_mild,C141,Macrophage,0,NA,NA
GSE158055,COVID_mild,C141,Mono_c14,0,NA,NA
GSE158055,COVID_mild,C141,NK,0,NA,NA
GSE158055,COVID_mild,C141,T_cell,0,NA,NA
GSE158055,COVID_mild,C142,B_cell,0,NA,NA
GSE158055,COVID_mild,C142,Club,0,NA,NA
GSE158055,COVID_mild,C142,DC,0,NA,NA
GSE158055,COVID_mild,C142,Epithelial,0,NA,NA
GSE158055,COVID_mild,C142,Macrophage,0,NA,NA
GSE158055,COVID_mild,C142,Mono_c14,0,NA,NA
GSE158055,COVID_mild,C142,NK,0,NA,NA
GSE158055,COVID_mild,C142,T_cell,0,NA,NA
GSE158055,COVID_mild,C143,B_cell,0,NA,NA
GSE158055,COVID_mild,C143,Club,0,NA,NA
GSE158055,COVID_mild,C143,DC,0,NA,NA
GSE158055,COVID_mild,C143,Epithelial,0,NA,NA
GSE158055,COVID_mild,C143,Macrophage,0,NA,NA
GSE158055,COVID_mild,C143,Mono_c14,0,NA,NA
GSE158055,COVID_mild,C143,NK,0,NA,NA
GSE158055,COVID_mild,C143,T_cell,0,NA,NA
GSE158055,COVID_mild,C144,B_cell,0,NA,NA
GSE158055,COVID_mild,C144,Club,0,NA,NA
GSE158055,COVID_mild,C144,DC,0,NA,NA
GSE158055,COVID_mild,C144,Epithelial,0,NA,NA
GSE158055,COVID_mild,C144,Macrophage,0,NA,NA
GSE158055,COVID_mild,C144,Mono_c14,0,NA,NA
GSE158055,COVID_mild,C144,NK,0,NA,NA
GSE158055,COVID_mild,C144,T_cell,0,NA,NA
GSE158055,COVID_mild,C145,B_cell,0,NA,NA
GSE158055,COVID_mild,C145,Club,0,NA,NA
GSE158055,COVID_mild,C145,DC,0,NA,NA
GSE158055,COVID_mild,C145,Epithelial,0,NA,NA
GSE158055,COVID_mild,C145,Macrophage,0,NA,NA
GSE158055,COVID_mild,C145,Mono_c14,0,NA,NA
GSE158055,COVID_mild,C145,NK,0,NA,NA
GSE158055,COVID_mild,C145,T_cell,0,NA,NA
GSE158055,COVID_mild,C146,B_cell,0,NA,NA
GSE158055,COVID_mild,C146,Club,0,NA,NA
GSE158055,COVID_mild,C146,DC,0,NA,NA
GSE158055,COVID_mild,C146,Epithelial,0,NA,NA
GSE158055,COVID_mild,C146,Macrophage,0,NA,NA
GSE158055,COVID_mild,C146,Mono_c14,0,NA,NA
GSE158055,COVID_mild,C146,NK,0,NA,NA
GSE158055,COVID_mild,C146,T_cell,0,NA,NA
GSE158055,COVID_mild,C148,B_cell,0,NA,NA
GSE158055,COVID_mild,C148,Club,0,NA,NA
GSE158055,COVID_mild,C148,DC,0,NA,NA
GSE158055,COVID_mild,C148,Epithelial,0,NA,NA
GSE158055,COVID_mild,C148,Macrophage,0,NA,NA
GSE158055,COVID_mild,C148,Mono_c14,0,NA,NA
GSE158055,COVID_mild,C148,NK,0,NA,NA
GSE158055,COVID_mild,C148,T_cell,0,NA,NA
GSE158055,COVID_mild,C149,B_cell,0,NA,NA
GSE158055,COVID_mild,C149,Club,0,NA,NA
GSE158055,COVID_mild,C149,DC,0,NA,NA
GSE158055,COVID_mild,C149,Epithelial,0,NA,NA
GSE158055,COVID_mild,C149,Macrophage,0,NA,NA
GSE158055,COVID_mild,C149,Mono_c14,0,NA,NA
GSE158055,COVID_mild,C149,NK,0,NA,NA
GSE158055,COVID_mild,C149,T_cell,0,NA,NA
GSE158055,COVID_mild,C152,B_cell,0,NA,NA
GSE158055,COVID_mild,C152,Club,0,NA,NA
GSE158055,COVID_mild,C152,DC,0,NA,NA
GSE158055,COVID_mild,C152,Epithelial,0,NA,NA
GSE158055,COVID_mild,C152,Macrophage,0,NA,NA
GSE158055,COVID_mild,C152,Mono_c14,0,NA,NA
GSE158055,COVID_mild,C152,NK,0,NA,NA
GSE158055,COVID_mild,C152,T_cell,0,NA,NA
GSE158055,COVID_mild,S-HC008,B_cell,0,NA,NA
GSE158055,COVID_mild,S-HC008,Club,0,NA,NA
GSE158055,COVID_mild,S-HC008,DC,0,NA,NA
GSE158055,COVID_mild,S-HC008,Epithelial,0,NA,NA
GSE158055,COVID_mild,S-HC008,Macrophage,0,NA,NA
GSE158055,COVID_mild,S-HC008,Mono_c14,0,NA,NA
GSE158055,COVID_mild,S-HC008,NK,0,NA,NA
GSE158055,COVID_mild,S-HC008,T_cell,0,NA,NA
GSE158055,COVID_mild,S-HC009,B_cell,0,NA,NA
GSE158055,COVID_mild,S-HC009,Club,0,NA,NA
GSE158055,COVID_mild,S-HC009,DC,0,NA,NA
GSE158055,COVID_mild,S-HC009,Epithelial,0,NA,NA
GSE158055,COVID_mild,S-HC009,Macrophage,0,NA,NA
GSE158055,COVID_mild,S-HC009,Mono_c14,0,NA,NA
GSE158055,COVID_mild,S-HC009,NK,0,NA,NA
GSE158055,COVID_mild,S-HC009,T_cell,0,NA,NA
GSE158055,COVID_mild,S-HC010,B_cell,0,NA,NA
GSE158055,COVID_mild,S-HC010,Club,0,NA,NA
GSE158055,COVID_mild,S-HC010,DC,0,NA,NA
GSE158055,COVID_mild,S-HC010,Epithelial,0,NA,NA
GSE158055,COVID_mild,S-HC010,Macrophage,0,NA,NA
GSE158055,COVID_mild,S-HC010,Mono_c14,0,NA,NA
GSE158055,COVID_mild,S-HC010,NK,0,NA,NA
GSE158055,COVID_mild,S-HC010,T_cell,0,NA,NA
GSE158055,COVID_mild,S-HC011,B_cell,0,NA,NA
GSE158055,COVID_mild,S-HC011,Club,0,NA,NA
GSE158055,COVID_mild,S-HC011,DC,0,NA,NA
GSE158055,COVID_mild,S-HC011,Epithelial,0,NA,NA
GSE158055,COVID_mild,S-HC011,Macrophage,0,NA,NA
GSE158055,COVID_mild,S-HC011,Mono_c14,0,NA,NA
GSE158055,COVID_mild,S-HC011,NK,0,NA,NA
GSE158055,COVID_mild,S-HC011,T_cell,0,NA,NA
GSE158055,COVID_mild,S-HC012,B_cell,0,NA,NA
GSE158055,COVID_mild,S-HC012,Club,0,NA,NA
GSE158055,COVID_mild,S-HC012,DC,0,NA,NA
GSE158055,COVID_mild,S-HC012,Epithelial,0,NA,NA
GSE158055,COVID_mild,S-HC012,Macrophage,0,NA,NA
GSE158055,COVID_mild,S-HC012,Mono_c14,0,NA,NA
GSE158055,COVID_mild,S-HC012,NK,0,NA,NA
GSE158055,COVID_mild,S-HC012,T_cell,0,NA,NA
GSE158055,COVID_mild,S-M041-1,B_cell,60,NA,NA
GSE158055,COVID_mild,S-M041-1,Club,2,NA,NA
GSE158055,COVID_mild,S-M041-1,DC,7,NA,NA
GSE158055,COVID_mild,S-M041-1,Epithelial,8,NA,NA
GSE158055,COVID_mild,S-M041-1,Macrophage,0,NA,NA
GSE158055,COVID_mild,S-M041-1,Mono_c14,108,NA,NA
GSE158055,COVID_mild,S-M041-1,NK,163,NA,NA
GSE158055,COVID_mild,S-M041-1,T_cell,368,NA,NA
GSE158055,COVID_mild,S-M041-2,B_cell,77,NA,NA
GSE158055,COVID_mild,S-M041-2,Club,2,NA,NA
GSE158055,COVID_mild,S-M041-2,DC,6,NA,NA
GSE158055,COVID_mild,S-M041-2,Epithelial,8,NA,NA
GSE158055,COVID_mild,S-M041-2,Macrophage,0,NA,NA
GSE158055,COVID_mild,S-M041-2,Mono_c14,96,NA,NA
GSE158055,COVID_mild,S-M041-2,NK,198,NA,NA
GSE158055,COVID_mild,S-M041-2,T_cell,375,NA,NA
GSE158055,COVID_mild,S-M042-1,B_cell,53,NA,NA
GSE158055,COVID_mild,S-M042-1,Club,3,NA,NA
GSE158055,COVID_mild,S-M042-1,DC,5,NA,NA
GSE158055,COVID_mild,S-M042-1,Epithelial,2,NA,NA
GSE158055,COVID_mild,S-M042-1,Macrophage,0,NA,NA
GSE158055,COVID_mild,S-M042-1,Mono_c14,99,NA,NA
GSE158055,COVID_mild,S-M042-1,NK,105,NA,NA
GSE158055,COVID_mild,S-M042-1,T_cell,356,NA,NA
GSE158055,COVID_mild,S-M042-2,B_cell,88,NA,NA
GSE158055,COVID_mild,S-M042-2,Club,4,NA,NA
GSE158055,COVID_mild,S-M042-2,DC,11,NA,NA
GSE158055,COVID_mild,S-M042-2,Epithelial,11,NA,NA
GSE158055,COVID_mild,S-M042-2,Macrophage,0,NA,NA
GSE158055,COVID_mild,S-M042-2,Mono_c14,161,NA,NA
GSE158055,COVID_mild,S-M042-2,NK,97,NA,NA
GSE158055,COVID_mild,S-M042-2,T_cell,484,NA,NA
GSE158055,COVID_mild,S-M043-1,B_cell,36,NA,NA
GSE158055,COVID_mild,S-M043-1,Club,0,NA,NA
GSE158055,COVID_mild,S-M043-1,DC,17,NA,NA
GSE158055,COVID_mild,S-M043-1,Epithelial,2,NA,NA
GSE158055,COVID_mild,S-M043-1,Macrophage,0,NA,NA
GSE158055,COVID_mild,S-M043-1,Mono_c14,323,NA,NA
GSE158055,COVID_mild,S-M043-1,NK,120,NA,NA
GSE158055,COVID_mild,S-M043-1,T_cell,214,NA,NA
GSE158055,COVID_mild,S-M043-2,B_cell,80,NA,NA
GSE158055,COVID_mild,S-M043-2,Club,3,NA,NA
GSE158055,COVID_mild,S-M043-2,DC,4,NA,NA
GSE158055,COVID_mild,S-M043-2,Epithelial,1,NA,NA
GSE158055,COVID_mild,S-M043-2,Macrophage,0,NA,NA
GSE158055,COVID_mild,S-M043-2,Mono_c14,137,NA,NA
GSE158055,COVID_mild,S-M043-2,NK,102,NA,NA
GSE158055,COVID_mild,S-M043-2,T_cell,451,NA,NA
GSE158055,COVID_mild,S-M044-1,B_cell,110,NA,NA
GSE158055,COVID_mild,S-M044-1,Club,5,NA,NA
GSE158055,COVID_mild,S-M044-1,DC,9,NA,NA
GSE158055,COVID_mild,S-M044-1,Epithelial,2,NA,NA
GSE158055,COVID_mild,S-M044-1,Macrophage,0,NA,NA
GSE158055,COVID_mild,S-M044-1,Mono_c14,148,NA,NA
GSE158055,COVID_mild,S-M044-1,NK,61,NA,NA
GSE158055,COVID_mild,S-M044-1,T_cell,403,NA,NA
GSE158055,COVID_mild,S-M044-2,B_cell,62,NA,NA
GSE158055,COVID_mild,S-M044-2,Club,3,NA,NA
GSE158055,COVID_mild,S-M044-2,DC,9,NA,NA
GSE158055,COVID_mild,S-M044-2,Epithelial,0,NA,NA
GSE158055,COVID_mild,S-M044-2,Macrophage,0,NA,NA
GSE158055,COVID_mild,S-M044-2,Mono_c14,190,NA,NA
GSE158055,COVID_mild,S-M044-2,NK,72,NA,NA
GSE158055,COVID_mild,S-M044-2,T_cell,413,NA,NA
GSE158055,COVID_mild,S-M045,B_cell,141,NA,NA
GSE158055,COVID_mild,S-M045,Club,3,NA,NA
GSE158055,COVID_mild,S-M045,DC,17,NA,NA
GSE158055,COVID_mild,S-M045,Epithelial,5,NA,NA
GSE158055,COVID_mild,S-M045,Macrophage,0,NA,NA
GSE158055,COVID_mild,S-M045,Mono_c14,450,NA,NA
GSE158055,COVID_mild,S-M045,NK,152,NA,NA
GSE158055,COVID_mild,S-M045,T_cell,699,NA,NA
GSE158055,COVID_mild,S-M046,B_cell,96,NA,NA
GSE158055,COVID_mild,S-M046,Club,3,NA,NA
GSE158055,COVID_mild,S-M046,DC,3,NA,NA
GSE158055,COVID_mild,S-M046,Epithelial,43,NA,NA
GSE158055,COVID_mild,S-M046,Macrophage,0,NA,NA
GSE158055,COVID_mild,S-M046,Mono_c14,371,NA,NA
GSE158055,COVID_mild,S-M046,NK,188,NA,NA
GSE158055,COVID_mild,S-M046,T_cell,734,NA,NA
GSE158055,COVID_mild,S-M047,B_cell,66,NA,NA
GSE158055,COVID_mild,S-M047,Club,2,NA,NA
GSE158055,COVID_mild,S-M047,DC,2,NA,NA
GSE158055,COVID_mild,S-M047,Epithelial,3,NA,NA
GSE158055,COVID_mild,S-M047,Macrophage,0,NA,NA
GSE158055,COVID_mild,S-M047,Mono_c14,51,NA,NA
GSE158055,COVID_mild,S-M047,NK,759,NA,NA
GSE158055,COVID_mild,S-M047,T_cell,604,NA,NA
GSE158055,COVID_mild,S-M048,B_cell,122,NA,NA
GSE158055,COVID_mild,S-M048,Club,8,NA,NA
GSE158055,COVID_mild,S-M048,DC,5,NA,NA
GSE158055,COVID_mild,S-M048,Epithelial,7,NA,NA
GSE158055,COVID_mild,S-M048,Macrophage,0,NA,NA
GSE158055,COVID_mild,S-M048,Mono_c14,398,NA,NA
GSE158055,COVID_mild,S-M048,NK,233,NA,NA
GSE158055,COVID_mild,S-M048,T_cell,694,NA,NA
GSE158055,COVID_mild,S-M049,B_cell,113,NA,NA
GSE158055,COVID_mild,S-M049,Club,4,NA,NA
GSE158055,COVID_mild,S-M049,DC,5,NA,NA
GSE158055,COVID_mild,S-M049,Epithelial,26,NA,NA
GSE158055,COVID_mild,S-M049,Macrophage,0,NA,NA
GSE158055,COVID_mild,S-M049,Mono_c14,466,NA,NA
GSE158055,COVID_mild,S-M049,NK,180,NA,NA
GSE158055,COVID_mild,S-M049,T_cell,643,NA,NA
GSE158055,COVID_mild,S-M050,B_cell,186,NA,NA
GSE158055,COVID_mild,S-M050,Club,5,NA,NA
GSE158055,COVID_mild,S-M050,DC,30,NA,NA
GSE158055,COVID_mild,S-M050,Epithelial,11,NA,NA
GSE158055,COVID_mild,S-M050,Macrophage,0,NA,NA
GSE158055,COVID_mild,S-M050,Mono_c14,579,NA,NA
GSE158055,COVID_mild,S-M050,NK,274,NA,NA
GSE158055,COVID_mild,S-M050,T_cell,413,NA,NA
GSE158055,COVID_mild,S-M051,B_cell,141,NA,NA
GSE158055,COVID_mild,S-M051,Club,5,NA,NA
GSE158055,COVID_mild,S-M051,DC,48,NA,NA
GSE158055,COVID_mild,S-M051,Epithelial,0,NA,NA
GSE158055,COVID_mild,S-M051,Macrophage,0,NA,NA
GSE158055,COVID_mild,S-M051,Mono_c14,598,NA,NA
GSE158055,COVID_mild,S-M051,NK,328,NA,NA
GSE158055,COVID_mild,S-M051,T_cell,361,NA,NA
GSE158055,COVID_mild,S-M052,B_cell,159,NA,NA
GSE158055,COVID_mild,S-M052,Club,7,NA,NA
GSE158055,COVID_mild,S-M052,DC,19,NA,NA
GSE158055,COVID_mild,S-M052,Epithelial,3,NA,NA
GSE158055,COVID_mild,S-M052,Macrophage,0,NA,NA
GSE158055,COVID_mild,S-M052,Mono_c14,336,NA,NA
GSE158055,COVID_mild,S-M052,NK,163,NA,NA
GSE158055,COVID_mild,S-M052,T_cell,796,NA,NA
GSE158055,COVID_mild,S-M053,B_cell,112,NA,NA
GSE158055,COVID_mild,S-M053,Club,12,NA,NA
GSE158055,COVID_mild,S-M053,DC,24,NA,NA
GSE158055,COVID_mild,S-M053,Epithelial,5,NA,NA
GSE158055,COVID_mild,S-M053,Macrophage,0,NA,NA
GSE158055,COVID_mild,S-M053,Mono_c14,784,NA,NA
GSE158055,COVID_mild,S-M053,NK,92,NA,NA
GSE158055,COVID_mild,S-M053,T_cell,437,NA,NA
GSE158055,COVID_mild,S-M054,B_cell,97,NA,NA
GSE158055,COVID_mild,S-M054,Club,6,NA,NA
GSE158055,COVID_mild,S-M054,DC,38,NA,NA
GSE158055,COVID_mild,S-M054,Epithelial,0,NA,NA
GSE158055,COVID_mild,S-M054,Macrophage,0,NA,NA
GSE158055,COVID_mild,S-M054,Mono_c14,442,NA,NA
GSE158055,COVID_mild,S-M054,NK,151,NA,NA
GSE158055,COVID_mild,S-M054,T_cell,761,NA,NA
GSE158055,COVID_mild,S-M055,B_cell,130,NA,NA
GSE158055,COVID_mild,S-M055,Club,3,NA,NA
GSE158055,COVID_mild,S-M055,DC,37,NA,NA
GSE158055,COVID_mild,S-M055,Epithelial,0,NA,NA
GSE158055,COVID_mild,S-M055,Macrophage,0,NA,NA
GSE158055,COVID_mild,S-M055,Mono_c14,480,NA,NA
GSE158055,COVID_mild,S-M055,NK,290,NA,NA
GSE158055,COVID_mild,S-M055,T_cell,549,NA,NA
GSE158055,COVID_mild,S-M056,B_cell,395,NA,NA
GSE158055,COVID_mild,S-M056,Club,8,NA,NA
GSE158055,COVID_mild,S-M056,DC,7,NA,NA
GSE158055,COVID_mild,S-M056,Epithelial,0,NA,NA
GSE158055,COVID_mild,S-M056,Macrophage,0,NA,NA
GSE158055,COVID_mild,S-M056,Mono_c14,95,NA,NA
GSE158055,COVID_mild,S-M056,NK,22,NA,NA
GSE158055,COVID_mild,S-M056,T_cell,496,NA,NA
GSE158055,COVID_mild,S-M057,B_cell,210,NA,NA
GSE158055,COVID_mild,S-M057,Club,4,NA,NA
GSE158055,COVID_mild,S-M057,DC,4,NA,NA
GSE158055,COVID_mild,S-M057,Epithelial,0,NA,NA
GSE158055,COVID_mild,S-M057,Macrophage,0,NA,NA
GSE158055,COVID_mild,S-M057,Mono_c14,6,NA,NA
GSE158055,COVID_mild,S-M057,NK,0,NA,NA
GSE158055,COVID_mild,S-M057,T_cell,132,NA,NA
GSE158055,COVID_mild,S-S054,B_cell,0,NA,NA
GSE158055,COVID_mild,S-S054,Club,0,NA,NA
GSE158055,COVID_mild,S-S054,DC,0,NA,NA
GSE158055,COVID_mild,S-S054,Epithelial,0,NA,NA
GSE158055,COVID_mild,S-S054,Macrophage,0,NA,NA
GSE158055,COVID_mild,S-S054,Mono_c14,0,NA,NA
GSE158055,COVID_mild,S-S054,NK,0,NA,NA
GSE158055,COVID_mild,S-S054,T_cell,0,NA,NA
GSE158055,COVID_mild,S-S055,B_cell,0,NA,NA
GSE158055,COVID_mild,S-S055,Club,0,NA,NA
GSE158055,COVID_mild,S-S055,DC,0,NA,NA
GSE158055,COVID_mild,S-S055,Epithelial,0,NA,NA
GSE158055,COVID_mild,S-S055,Macrophage,0,NA,NA
GSE158055,COVID_mild,S-S055,Mono_c14,0,NA,NA
GSE158055,COVID_mild,S-S055,NK,0,NA,NA
GSE158055,COVID_mild,S-S055,T_cell,0,NA,NA
GSE158055,COVID_mild,S-S056,B_cell,0,NA,NA
GSE158055,COVID_mild,S-S056,Club,0,NA,NA
GSE158055,COVID_mild,S-S056,DC,0,NA,NA
GSE158055,COVID_mild,S-S056,Epithelial,0,NA,NA
GSE158055,COVID_mild,S-S056,Macrophage,0,NA,NA
GSE158055,COVID_mild,S-S056,Mono_c14,0,NA,NA
GSE158055,COVID_mild,S-S056,NK,0,NA,NA
GSE158055,COVID_mild,S-S056,T_cell,0,NA,NA
GSE158055,COVID_mild,S-S057,B_cell,0,NA,NA
GSE158055,COVID_mild,S-S057,Club,0,NA,NA
GSE158055,COVID_mild,S-S057,DC,0,NA,NA
GSE158055,COVID_mild,S-S057,Epithelial,0,NA,NA
GSE158055,COVID_mild,S-S057,Macrophage,0,NA,NA
GSE158055,COVID_mild,S-S057,Mono_c14,0,NA,NA
GSE158055,COVID_mild,S-S057,NK,0,NA,NA
GSE158055,COVID_mild,S-S057,T_cell,0,NA,NA
GSE158055,COVID_mild,S-S058,B_cell,0,NA,NA
GSE158055,COVID_mild,S-S058,Club,0,NA,NA
GSE158055,COVID_mild,S-S058,DC,0,NA,NA
GSE158055,COVID_mild,S-S058,Epithelial,0,NA,NA
GSE158055,COVID_mild,S-S058,Macrophage,0,NA,NA
GSE158055,COVID_mild,S-S058,Mono_c14,0,NA,NA
GSE158055,COVID_mild,S-S058,NK,0,NA,NA
GSE158055,COVID_mild,S-S058,T_cell,0,NA,NA
GSE158055,COVID_mild,S-S059,B_cell,0,NA,NA
GSE158055,COVID_mild,S-S059,Club,0,NA,NA
GSE158055,COVID_mild,S-S059,DC,0,NA,NA
GSE158055,COVID_mild,S-S059,Epithelial,0,NA,NA
GSE158055,COVID_mild,S-S059,Macrophage,0,NA,NA
GSE158055,COVID_mild,S-S059,Mono_c14,0,NA,NA
GSE158055,COVID_mild,S-S059,NK,0,NA,NA
GSE158055,COVID_mild,S-S059,T_cell,0,NA,NA
GSE158055,COVID_mild,S-S060,B_cell,0,NA,NA
GSE158055,COVID_mild,S-S060,Club,0,NA,NA
GSE158055,COVID_mild,S-S060,DC,0,NA,NA
GSE158055,COVID_mild,S-S060,Epithelial,0,NA,NA
GSE158055,COVID_mild,S-S060,Macrophage,0,NA,NA
GSE158055,COVID_mild,S-S060,Mono_c14,0,NA,NA
GSE158055,COVID_mild,S-S060,NK,0,NA,NA
GSE158055,COVID_mild,S-S060,T_cell,0,NA,NA
GSE158055,COVID_mild,S-S061,B_cell,0,NA,NA
GSE158055,COVID_mild,S-S061,Club,0,NA,NA
GSE158055,COVID_mild,S-S061,DC,0,NA,NA
GSE158055,COVID_mild,S-S061,Epithelial,0,NA,NA
GSE158055,COVID_mild,S-S061,Macrophage,0,NA,NA
GSE158055,COVID_mild,S-S061,Mono_c14,0,NA,NA
GSE158055,COVID_mild,S-S061,NK,0,NA,NA
GSE158055,COVID_mild,S-S061,T_cell,0,NA,NA
GSE158055,COVID_mild,S-S062,B_cell,0,NA,NA
GSE158055,COVID_mild,S-S062,Club,0,NA,NA
GSE158055,COVID_mild,S-S062,DC,0,NA,NA
GSE158055,COVID_mild,S-S062,Epithelial,0,NA,NA
GSE158055,COVID_mild,S-S062,Macrophage,0,NA,NA
GSE158055,COVID_mild,S-S062,Mono_c14,0,NA,NA
GSE158055,COVID_mild,S-S062,NK,0,NA,NA
GSE158055,COVID_mild,S-S062,T_cell,0,NA,NA
GSE158055,COVID_mild,S-S064,B_cell,0,NA,NA
GSE158055,COVID_mild,S-S064,Club,0,NA,NA
GSE158055,COVID_mild,S-S064,DC,0,NA,NA
GSE158055,COVID_mild,S-S064,Epithelial,0,NA,NA
GSE158055,COVID_mild,S-S064,Macrophage,0,NA,NA
GSE158055,COVID_mild,S-S064,Mono_c14,0,NA,NA
GSE158055,COVID_mild,S-S064,NK,0,NA,NA
GSE158055,COVID_mild,S-S064,T_cell,0,NA,NA
GSE158055,COVID_mild,S-S065,B_cell,0,NA,NA
GSE158055,COVID_mild,S-S065,Club,0,NA,NA
GSE158055,COVID_mild,S-S065,DC,0,NA,NA
GSE158055,COVID_mild,S-S065,Epithelial,0,NA,NA
GSE158055,COVID_mild,S-S065,Macrophage,0,NA,NA
GSE158055,COVID_mild,S-S065,Mono_c14,0,NA,NA
GSE158055,COVID_mild,S-S065,NK,0,NA,NA
GSE158055,COVID_mild,S-S065,T_cell,0,NA,NA
GSE158055,COVID_mild,S-S066,B_cell,0,NA,NA
GSE158055,COVID_mild,S-S066,Club,0,NA,NA
GSE158055,COVID_mild,S-S066,DC,0,NA,NA
GSE158055,COVID_mild,S-S066,Epithelial,0,NA,NA
GSE158055,COVID_mild,S-S066,Macrophage,0,NA,NA
GSE158055,COVID_mild,S-S066,Mono_c14,0,NA,NA
GSE158055,COVID_mild,S-S066,NK,0,NA,NA
GSE158055,COVID_mild,S-S066,T_cell,0,NA,NA
GSE158055,COVID_mild,S-S067,B_cell,0,NA,NA
GSE158055,COVID_mild,S-S067,Club,0,NA,NA
GSE158055,COVID_mild,S-S067,DC,0,NA,NA
GSE158055,COVID_mild,S-S067,Epithelial,0,NA,NA
GSE158055,COVID_mild,S-S067,Macrophage,0,NA,NA
GSE158055,COVID_mild,S-S067,Mono_c14,0,NA,NA
GSE158055,COVID_mild,S-S067,NK,0,NA,NA
GSE158055,COVID_mild,S-S067,T_cell,0,NA,NA
GSE158055,COVID_mild,S-S068,B_cell,0,NA,NA
GSE158055,COVID_mild,S-S068,Club,0,NA,NA
GSE158055,COVID_mild,S-S068,DC,0,NA,NA
GSE158055,COVID_mild,S-S068,Epithelial,0,NA,NA
GSE158055,COVID_mild,S-S068,Macrophage,0,NA,NA
GSE158055,COVID_mild,S-S068,Mono_c14,0,NA,NA
GSE158055,COVID_mild,S-S068,NK,0,NA,NA
GSE158055,COVID_mild,S-S068,T_cell,0,NA,NA
GSE158055,COVID_mild,S-S069-1,B_cell,0,NA,NA
GSE158055,COVID_mild,S-S069-1,Club,0,NA,NA
GSE158055,COVID_mild,S-S069-1,DC,0,NA,NA
GSE158055,COVID_mild,S-S069-1,Epithelial,0,NA,NA
GSE158055,COVID_mild,S-S069-1,Macrophage,0,NA,NA
GSE158055,COVID_mild,S-S069-1,Mono_c14,0,NA,NA
GSE158055,COVID_mild,S-S069-1,NK,0,NA,NA
GSE158055,COVID_mild,S-S069-1,T_cell,0,NA,NA
GSE158055,COVID_mild,S-S069-2,B_cell,0,NA,NA
GSE158055,COVID_mild,S-S069-2,Club,0,NA,NA
GSE158055,COVID_mild,S-S069-2,DC,0,NA,NA
GSE158055,COVID_mild,S-S069-2,Epithelial,0,NA,NA
GSE158055,COVID_mild,S-S069-2,Macrophage,0,NA,NA
GSE158055,COVID_mild,S-S069-2,Mono_c14,0,NA,NA
GSE158055,COVID_mild,S-S069-2,NK,0,NA,NA
GSE158055,COVID_mild,S-S069-2,T_cell,0,NA,NA
GSE158055,COVID_mild,S-S069-3,B_cell,0,NA,NA
GSE158055,COVID_mild,S-S069-3,Club,0,NA,NA
GSE158055,COVID_mild,S-S069-3,DC,0,NA,NA
GSE158055,COVID_mild,S-S069-3,Epithelial,0,NA,NA
GSE158055,COVID_mild,S-S069-3,Macrophage,0,NA,NA
GSE158055,COVID_mild,S-S069-3,Mono_c14,0,NA,NA
GSE158055,COVID_mild,S-S069-3,NK,0,NA,NA
GSE158055,COVID_mild,S-S069-3,T_cell,0,NA,NA
GSE158055,COVID_mild,S-S070-1,B_cell,0,NA,NA
GSE158055,COVID_mild,S-S070-1,Club,0,NA,NA
GSE158055,COVID_mild,S-S070-1,DC,0,NA,NA
GSE158055,COVID_mild,S-S070-1,Epithelial,0,NA,NA
GSE158055,COVID_mild,S-S070-1,Macrophage,0,NA,NA
GSE158055,COVID_mild,S-S070-1,Mono_c14,0,NA,NA
GSE158055,COVID_mild,S-S070-1,NK,0,NA,NA
GSE158055,COVID_mild,S-S070-1,T_cell,0,NA,NA
GSE158055,COVID_mild,S-S070-2,B_cell,0,NA,NA
GSE158055,COVID_mild,S-S070-2,Club,0,NA,NA
GSE158055,COVID_mild,S-S070-2,DC,0,NA,NA
GSE158055,COVID_mild,S-S070-2,Epithelial,0,NA,NA
GSE158055,COVID_mild,S-S070-2,Macrophage,0,NA,NA
GSE158055,COVID_mild,S-S070-2,Mono_c14,0,NA,NA
GSE158055,COVID_mild,S-S070-2,NK,0,NA,NA
GSE158055,COVID_mild,S-S070-2,T_cell,0,NA,NA
GSE158055,COVID_mild,S-S070-3,B_cell,0,NA,NA
GSE158055,COVID_mild,S-S070-3,Club,0,NA,NA
GSE158055,COVID_mild,S-S070-3,DC,0,NA,NA
GSE158055,COVID_mild,S-S070-3,Epithelial,0,NA,NA
GSE158055,COVID_mild,S-S070-3,Macrophage,0,NA,NA
GSE158055,COVID_mild,S-S070-3,Mono_c14,0,NA,NA
GSE158055,COVID_mild,S-S070-3,NK,0,NA,NA
GSE158055,COVID_mild,S-S070-3,T_cell,0,NA,NA
GSE158055,COVID_mild,S-S071-1,B_cell,0,NA,NA
GSE158055,COVID_mild,S-S071-1,Club,0,NA,NA
GSE158055,COVID_mild,S-S071-1,DC,0,NA,NA
GSE158055,COVID_mild,S-S071-1,Epithelial,0,NA,NA
GSE158055,COVID_mild,S-S071-1,Macrophage,0,NA,NA
GSE158055,COVID_mild,S-S071-1,Mono_c14,0,NA,NA
GSE158055,COVID_mild,S-S071-1,NK,0,NA,NA
GSE158055,COVID_mild,S-S071-1,T_cell,0,NA,NA
GSE158055,COVID_mild,S-S071-2,B_cell,0,NA,NA
GSE158055,COVID_mild,S-S071-2,Club,0,NA,NA
GSE158055,COVID_mild,S-S071-2,DC,0,NA,NA
GSE158055,COVID_mild,S-S071-2,Epithelial,0,NA,NA
GSE158055,COVID_mild,S-S071-2,Macrophage,0,NA,NA
GSE158055,COVID_mild,S-S071-2,Mono_c14,0,NA,NA
GSE158055,COVID_mild,S-S071-2,NK,0,NA,NA
GSE158055,COVID_mild,S-S071-2,T_cell,0,NA,NA
GSE158055,COVID_mild,S-S072-1,B_cell,0,NA,NA
GSE158055,COVID_mild,S-S072-1,Club,0,NA,NA
GSE158055,COVID_mild,S-S072-1,DC,0,NA,NA
GSE158055,COVID_mild,S-S072-1,Epithelial,0,NA,NA
GSE158055,COVID_mild,S-S072-1,Macrophage,0,NA,NA
GSE158055,COVID_mild,S-S072-1,Mono_c14,0,NA,NA
GSE158055,COVID_mild,S-S072-1,NK,0,NA,NA
GSE158055,COVID_mild,S-S072-1,T_cell,0,NA,NA
GSE158055,COVID_mild,S-S072-2,B_cell,0,NA,NA
GSE158055,COVID_mild,S-S072-2,Club,0,NA,NA
GSE158055,COVID_mild,S-S072-2,DC,0,NA,NA
GSE158055,COVID_mild,S-S072-2,Epithelial,0,NA,NA
GSE158055,COVID_mild,S-S072-2,Macrophage,0,NA,NA
GSE158055,COVID_mild,S-S072-2,Mono_c14,0,NA,NA
GSE158055,COVID_mild,S-S072-2,NK,0,NA,NA
GSE158055,COVID_mild,S-S072-2,T_cell,0,NA,NA
GSE158055,COVID_mild,S-S072-3,B_cell,0,NA,NA
GSE158055,COVID_mild,S-S072-3,Club,0,NA,NA
GSE158055,COVID_mild,S-S072-3,DC,0,NA,NA
GSE158055,COVID_mild,S-S072-3,Epithelial,0,NA,NA
GSE158055,COVID_mild,S-S072-3,Macrophage,0,NA,NA
GSE158055,COVID_mild,S-S072-3,Mono_c14,0,NA,NA
GSE158055,COVID_mild,S-S072-3,NK,0,NA,NA
GSE158055,COVID_mild,S-S072-3,T_cell,0,NA,NA
GSE158055,COVID_severe,C51,B_cell,0,NA,NA
GSE158055,COVID_severe,C51,Club,0,NA,NA
GSE158055,COVID_severe,C51,DC,0,NA,NA
GSE158055,COVID_severe,C51,Epithelial,0,NA,NA
GSE158055,COVID_severe,C51,Macrophage,0,NA,NA
GSE158055,COVID_severe,C51,Mono_c14,0,NA,NA
GSE158055,COVID_severe,C51,NK,0,NA,NA
GSE158055,COVID_severe,C51,T_cell,0,NA,NA
GSE158055,COVID_severe,C52,B_cell,0,NA,NA
GSE158055,COVID_severe,C52,Club,0,NA,NA
GSE158055,COVID_severe,C52,DC,0,NA,NA
GSE158055,COVID_severe,C52,Epithelial,0,NA,NA
GSE158055,COVID_severe,C52,Macrophage,0,NA,NA
GSE158055,COVID_severe,C52,Mono_c14,0,NA,NA
GSE158055,COVID_severe,C52,NK,0,NA,NA
GSE158055,COVID_severe,C52,T_cell,0,NA,NA
GSE158055,COVID_severe,C100,B_cell,0,NA,NA
GSE158055,COVID_severe,C100,Club,0,NA,NA
GSE158055,COVID_severe,C100,DC,0,NA,NA
GSE158055,COVID_severe,C100,Epithelial,0,NA,NA
GSE158055,COVID_severe,C100,Macrophage,0,NA,NA
GSE158055,COVID_severe,C100,Mono_c14,0,NA,NA
GSE158055,COVID_severe,C100,NK,0,NA,NA
GSE158055,COVID_severe,C100,T_cell,0,NA,NA
GSE158055,COVID_severe,C141,B_cell,0,NA,NA
GSE158055,COVID_severe,C141,Club,0,NA,NA
GSE158055,COVID_severe,C141,DC,0,NA,NA
GSE158055,COVID_severe,C141,Epithelial,0,NA,NA
GSE158055,COVID_severe,C141,Macrophage,0,NA,NA
GSE158055,COVID_severe,C141,Mono_c14,0,NA,NA
GSE158055,COVID_severe,C141,NK,0,NA,NA
GSE158055,COVID_severe,C141,T_cell,0,NA,NA
GSE158055,COVID_severe,C142,B_cell,0,NA,NA
GSE158055,COVID_severe,C142,Club,0,NA,NA
GSE158055,COVID_severe,C142,DC,0,NA,NA
GSE158055,COVID_severe,C142,Epithelial,0,NA,NA
GSE158055,COVID_severe,C142,Macrophage,0,NA,NA
GSE158055,COVID_severe,C142,Mono_c14,0,NA,NA
GSE158055,COVID_severe,C142,NK,0,NA,NA
GSE158055,COVID_severe,C142,T_cell,0,NA,NA
GSE158055,COVID_severe,C143,B_cell,0,NA,NA
GSE158055,COVID_severe,C143,Club,0,NA,NA
GSE158055,COVID_severe,C143,DC,0,NA,NA
GSE158055,COVID_severe,C143,Epithelial,0,NA,NA
GSE158055,COVID_severe,C143,Macrophage,0,NA,NA
GSE158055,COVID_severe,C143,Mono_c14,0,NA,NA
GSE158055,COVID_severe,C143,NK,0,NA,NA
GSE158055,COVID_severe,C143,T_cell,0,NA,NA
GSE158055,COVID_severe,C144,B_cell,0,NA,NA
GSE158055,COVID_severe,C144,Club,0,NA,NA
GSE158055,COVID_severe,C144,DC,0,NA,NA
GSE158055,COVID_severe,C144,Epithelial,0,NA,NA
GSE158055,COVID_severe,C144,Macrophage,0,NA,NA
GSE158055,COVID_severe,C144,Mono_c14,0,NA,NA
GSE158055,COVID_severe,C144,NK,0,NA,NA
GSE158055,COVID_severe,C144,T_cell,0,NA,NA
GSE158055,COVID_severe,C145,B_cell,0,NA,NA
GSE158055,COVID_severe,C145,Club,0,NA,NA
GSE158055,COVID_severe,C145,DC,0,NA,NA
GSE158055,COVID_severe,C145,Epithelial,0,NA,NA
GSE158055,COVID_severe,C145,Macrophage,0,NA,NA
GSE158055,COVID_severe,C145,Mono_c14,0,NA,NA
GSE158055,COVID_severe,C145,NK,0,NA,NA
GSE158055,COVID_severe,C145,T_cell,0,NA,NA
GSE158055,COVID_severe,C146,B_cell,0,NA,NA
GSE158055,COVID_severe,C146,Club,0,NA,NA
GSE158055,COVID_severe,C146,DC,0,NA,NA
GSE158055,COVID_severe,C146,Epithelial,0,NA,NA
GSE158055,COVID_severe,C146,Macrophage,0,NA,NA
GSE158055,COVID_severe,C146,Mono_c14,0,NA,NA
GSE158055,COVID_severe,C146,NK,0,NA,NA
GSE158055,COVID_severe,C146,T_cell,0,NA,NA
GSE158055,COVID_severe,C148,B_cell,0,NA,NA
GSE158055,COVID_severe,C148,Club,0,NA,NA
GSE158055,COVID_severe,C148,DC,0,NA,NA
GSE158055,COVID_severe,C148,Epithelial,0,NA,NA
GSE158055,COVID_severe,C148,Macrophage,0,NA,NA
GSE158055,COVID_severe,C148,Mono_c14,0,NA,NA
GSE158055,COVID_severe,C148,NK,0,NA,NA
GSE158055,COVID_severe,C148,T_cell,0,NA,NA
GSE158055,COVID_severe,C149,B_cell,0,NA,NA
GSE158055,COVID_severe,C149,Club,0,NA,NA
GSE158055,COVID_severe,C149,DC,0,NA,NA
GSE158055,COVID_severe,C149,Epithelial,0,NA,NA
GSE158055,COVID_severe,C149,Macrophage,0,NA,NA
GSE158055,COVID_severe,C149,Mono_c14,0,NA,NA
GSE158055,COVID_severe,C149,NK,0,NA,NA
GSE158055,COVID_severe,C149,T_cell,0,NA,NA
GSE158055,COVID_severe,C152,B_cell,0,NA,NA
GSE158055,COVID_severe,C152,Club,0,NA,NA
GSE158055,COVID_severe,C152,DC,0,NA,NA
GSE158055,COVID_severe,C152,Epithelial,0,NA,NA
GSE158055,COVID_severe,C152,Macrophage,0,NA,NA
GSE158055,COVID_severe,C152,Mono_c14,0,NA,NA
GSE158055,COVID_severe,C152,NK,0,NA,NA
GSE158055,COVID_severe,C152,T_cell,0,NA,NA
GSE158055,COVID_severe,S-HC008,B_cell,0,NA,NA
GSE158055,COVID_severe,S-HC008,Club,0,NA,NA
GSE158055,COVID_severe,S-HC008,DC,0,NA,NA
GSE158055,COVID_severe,S-HC008,Epithelial,0,NA,NA
GSE158055,COVID_severe,S-HC008,Macrophage,0,NA,NA
GSE158055,COVID_severe,S-HC008,Mono_c14,0,NA,NA
GSE158055,COVID_severe,S-HC008,NK,0,NA,NA
GSE158055,COVID_severe,S-HC008,T_cell,0,NA,NA
GSE158055,COVID_severe,S-HC009,B_cell,0,NA,NA
GSE158055,COVID_severe,S-HC009,Club,0,NA,NA
GSE158055,COVID_severe,S-HC009,DC,0,NA,NA
GSE158055,COVID_severe,S-HC009,Epithelial,0,NA,NA
GSE158055,COVID_severe,S-HC009,Macrophage,0,NA,NA
GSE158055,COVID_severe,S-HC009,Mono_c14,0,NA,NA
GSE158055,COVID_severe,S-HC009,NK,0,NA,NA
GSE158055,COVID_severe,S-HC009,T_cell,0,NA,NA
GSE158055,COVID_severe,S-HC010,B_cell,0,NA,NA
GSE158055,COVID_severe,S-HC010,Club,0,NA,NA
GSE158055,COVID_severe,S-HC010,DC,0,NA,NA
GSE158055,COVID_severe,S-HC010,Epithelial,0,NA,NA
GSE158055,COVID_severe,S-HC010,Macrophage,0,NA,NA
GSE158055,COVID_severe,S-HC010,Mono_c14,0,NA,NA
GSE158055,COVID_severe,S-HC010,NK,0,NA,NA
GSE158055,COVID_severe,S-HC010,T_cell,0,NA,NA
GSE158055,COVID_severe,S-HC011,B_cell,0,NA,NA
GSE158055,COVID_severe,S-HC011,Club,0,NA,NA
GSE158055,COVID_severe,S-HC011,DC,0,NA,NA
GSE158055,COVID_severe,S-HC011,Epithelial,0,NA,NA
GSE158055,COVID_severe,S-HC011,Macrophage,0,NA,NA
GSE158055,COVID_severe,S-HC011,Mono_c14,0,NA,NA
GSE158055,COVID_severe,S-HC011,NK,0,NA,NA
GSE158055,COVID_severe,S-HC011,T_cell,0,NA,NA
GSE158055,COVID_severe,S-HC012,B_cell,0,NA,NA
GSE158055,COVID_severe,S-HC012,Club,0,NA,NA
GSE158055,COVID_severe,S-HC012,DC,0,NA,NA
GSE158055,COVID_severe,S-HC012,Epithelial,0,NA,NA
GSE158055,COVID_severe,S-HC012,Macrophage,0,NA,NA
GSE158055,COVID_severe,S-HC012,Mono_c14,0,NA,NA
GSE158055,COVID_severe,S-HC012,NK,0,NA,NA
GSE158055,COVID_severe,S-HC012,T_cell,0,NA,NA
GSE158055,COVID_severe,S-M041-1,B_cell,0,NA,NA
GSE158055,COVID_severe,S-M041-1,Club,0,NA,NA
GSE158055,COVID_severe,S-M041-1,DC,0,NA,NA
GSE158055,COVID_severe,S-M041-1,Epithelial,0,NA,NA
GSE158055,COVID_severe,S-M041-1,Macrophage,0,NA,NA
GSE158055,COVID_severe,S-M041-1,Mono_c14,0,NA,NA
GSE158055,COVID_severe,S-M041-1,NK,0,NA,NA
GSE158055,COVID_severe,S-M041-1,T_cell,0,NA,NA
GSE158055,COVID_severe,S-M041-2,B_cell,0,NA,NA
GSE158055,COVID_severe,S-M041-2,Club,0,NA,NA
GSE158055,COVID_severe,S-M041-2,DC,0,NA,NA
GSE158055,COVID_severe,S-M041-2,Epithelial,0,NA,NA
GSE158055,COVID_severe,S-M041-2,Macrophage,0,NA,NA
GSE158055,COVID_severe,S-M041-2,Mono_c14,0,NA,NA
GSE158055,COVID_severe,S-M041-2,NK,0,NA,NA
GSE158055,COVID_severe,S-M041-2,T_cell,0,NA,NA
GSE158055,COVID_severe,S-M042-1,B_cell,0,NA,NA
GSE158055,COVID_severe,S-M042-1,Club,0,NA,NA
GSE158055,COVID_severe,S-M042-1,DC,0,NA,NA
GSE158055,COVID_severe,S-M042-1,Epithelial,0,NA,NA
GSE158055,COVID_severe,S-M042-1,Macrophage,0,NA,NA
GSE158055,COVID_severe,S-M042-1,Mono_c14,0,NA,NA
GSE158055,COVID_severe,S-M042-1,NK,0,NA,NA
GSE158055,COVID_severe,S-M042-1,T_cell,0,NA,NA
GSE158055,COVID_severe,S-M042-2,B_cell,0,NA,NA
GSE158055,COVID_severe,S-M042-2,Club,0,NA,NA
GSE158055,COVID_severe,S-M042-2,DC,0,NA,NA
GSE158055,COVID_severe,S-M042-2,Epithelial,0,NA,NA
GSE158055,COVID_severe,S-M042-2,Macrophage,0,NA,NA
GSE158055,COVID_severe,S-M042-2,Mono_c14,0,NA,NA
GSE158055,COVID_severe,S-M042-2,NK,0,NA,NA
GSE158055,COVID_severe,S-M042-2,T_cell,0,NA,NA
GSE158055,COVID_severe,S-M043-1,B_cell,0,NA,NA
GSE158055,COVID_severe,S-M043-1,Club,0,NA,NA
GSE158055,COVID_severe,S-M043-1,DC,0,NA,NA
GSE158055,COVID_severe,S-M043-1,Epithelial,0,NA,NA
GSE158055,COVID_severe,S-M043-1,Macrophage,0,NA,NA
GSE158055,COVID_severe,S-M043-1,Mono_c14,0,NA,NA
GSE158055,COVID_severe,S-M043-1,NK,0,NA,NA
GSE158055,COVID_severe,S-M043-1,T_cell,0,NA,NA
GSE158055,COVID_severe,S-M043-2,B_cell,0,NA,NA
GSE158055,COVID_severe,S-M043-2,Club,0,NA,NA
GSE158055,COVID_severe,S-M043-2,DC,0,NA,NA
GSE158055,COVID_severe,S-M043-2,Epithelial,0,NA,NA
GSE158055,COVID_severe,S-M043-2,Macrophage,0,NA,NA
GSE158055,COVID_severe,S-M043-2,Mono_c14,0,NA,NA
GSE158055,COVID_severe,S-M043-2,NK,0,NA,NA
GSE158055,COVID_severe,S-M043-2,T_cell,0,NA,NA
GSE158055,COVID_severe,S-M044-1,B_cell,0,NA,NA
GSE158055,COVID_severe,S-M044-1,Club,0,NA,NA
GSE158055,COVID_severe,S-M044-1,DC,0,NA,NA
GSE158055,COVID_severe,S-M044-1,Epithelial,0,NA,NA
GSE158055,COVID_severe,S-M044-1,Macrophage,0,NA,NA
GSE158055,COVID_severe,S-M044-1,Mono_c14,0,NA,NA
GSE158055,COVID_severe,S-M044-1,NK,0,NA,NA
GSE158055,COVID_severe,S-M044-1,T_cell,0,NA,NA
GSE158055,COVID_severe,S-M044-2,B_cell,0,NA,NA
GSE158055,COVID_severe,S-M044-2,Club,0,NA,NA
GSE158055,COVID_severe,S-M044-2,DC,0,NA,NA
GSE158055,COVID_severe,S-M044-2,Epithelial,0,NA,NA
GSE158055,COVID_severe,S-M044-2,Macrophage,0,NA,NA
GSE158055,COVID_severe,S-M044-2,Mono_c14,0,NA,NA
GSE158055,COVID_severe,S-M044-2,NK,0,NA,NA
GSE158055,COVID_severe,S-M044-2,T_cell,0,NA,NA
GSE158055,COVID_severe,S-M045,B_cell,0,NA,NA
GSE158055,COVID_severe,S-M045,Club,0,NA,NA
GSE158055,COVID_severe,S-M045,DC,0,NA,NA
GSE158055,COVID_severe,S-M045,Epithelial,0,NA,NA
GSE158055,COVID_severe,S-M045,Macrophage,0,NA,NA
GSE158055,COVID_severe,S-M045,Mono_c14,0,NA,NA
GSE158055,COVID_severe,S-M045,NK,0,NA,NA
GSE158055,COVID_severe,S-M045,T_cell,0,NA,NA
GSE158055,COVID_severe,S-M046,B_cell,0,NA,NA
GSE158055,COVID_severe,S-M046,Club,0,NA,NA
GSE158055,COVID_severe,S-M046,DC,0,NA,NA
GSE158055,COVID_severe,S-M046,Epithelial,0,NA,NA
GSE158055,COVID_severe,S-M046,Macrophage,0,NA,NA
GSE158055,COVID_severe,S-M046,Mono_c14,0,NA,NA
GSE158055,COVID_severe,S-M046,NK,0,NA,NA
GSE158055,COVID_severe,S-M046,T_cell,0,NA,NA
GSE158055,COVID_severe,S-M047,B_cell,0,NA,NA
GSE158055,COVID_severe,S-M047,Club,0,NA,NA
GSE158055,COVID_severe,S-M047,DC,0,NA,NA
GSE158055,COVID_severe,S-M047,Epithelial,0,NA,NA
GSE158055,COVID_severe,S-M047,Macrophage,0,NA,NA
GSE158055,COVID_severe,S-M047,Mono_c14,0,NA,NA
GSE158055,COVID_severe,S-M047,NK,0,NA,NA
GSE158055,COVID_severe,S-M047,T_cell,0,NA,NA
GSE158055,COVID_severe,S-M048,B_cell,0,NA,NA
GSE158055,COVID_severe,S-M048,Club,0,NA,NA
GSE158055,COVID_severe,S-M048,DC,0,NA,NA
GSE158055,COVID_severe,S-M048,Epithelial,0,NA,NA
GSE158055,COVID_severe,S-M048,Macrophage,0,NA,NA
GSE158055,COVID_severe,S-M048,Mono_c14,0,NA,NA
GSE158055,COVID_severe,S-M048,NK,0,NA,NA
GSE158055,COVID_severe,S-M048,T_cell,0,NA,NA
GSE158055,COVID_severe,S-M049,B_cell,0,NA,NA
GSE158055,COVID_severe,S-M049,Club,0,NA,NA
GSE158055,COVID_severe,S-M049,DC,0,NA,NA
GSE158055,COVID_severe,S-M049,Epithelial,0,NA,NA
GSE158055,COVID_severe,S-M049,Macrophage,0,NA,NA
GSE158055,COVID_severe,S-M049,Mono_c14,0,NA,NA
GSE158055,COVID_severe,S-M049,NK,0,NA,NA
GSE158055,COVID_severe,S-M049,T_cell,0,NA,NA
GSE158055,COVID_severe,S-M050,B_cell,0,NA,NA
GSE158055,COVID_severe,S-M050,Club,0,NA,NA
GSE158055,COVID_severe,S-M050,DC,0,NA,NA
GSE158055,COVID_severe,S-M050,Epithelial,0,NA,NA
GSE158055,COVID_severe,S-M050,Macrophage,0,NA,NA
GSE158055,COVID_severe,S-M050,Mono_c14,0,NA,NA
GSE158055,COVID_severe,S-M050,NK,0,NA,NA
GSE158055,COVID_severe,S-M050,T_cell,0,NA,NA
GSE158055,COVID_severe,S-M051,B_cell,0,NA,NA
GSE158055,COVID_severe,S-M051,Club,0,NA,NA
GSE158055,COVID_severe,S-M051,DC,0,NA,NA
GSE158055,COVID_severe,S-M051,Epithelial,0,NA,NA
GSE158055,COVID_severe,S-M051,Macrophage,0,NA,NA
GSE158055,COVID_severe,S-M051,Mono_c14,0,NA,NA
GSE158055,COVID_severe,S-M051,NK,0,NA,NA
GSE158055,COVID_severe,S-M051,T_cell,0,NA,NA
GSE158055,COVID_severe,S-M052,B_cell,0,NA,NA
GSE158055,COVID_severe,S-M052,Club,0,NA,NA
GSE158055,COVID_severe,S-M052,DC,0,NA,NA
GSE158055,COVID_severe,S-M052,Epithelial,0,NA,NA
GSE158055,COVID_severe,S-M052,Macrophage,0,NA,NA
GSE158055,COVID_severe,S-M052,Mono_c14,0,NA,NA
GSE158055,COVID_severe,S-M052,NK,0,NA,NA
GSE158055,COVID_severe,S-M052,T_cell,0,NA,NA
GSE158055,COVID_severe,S-M053,B_cell,0,NA,NA
GSE158055,COVID_severe,S-M053,Club,0,NA,NA
GSE158055,COVID_severe,S-M053,DC,0,NA,NA
GSE158055,COVID_severe,S-M053,Epithelial,0,NA,NA
GSE158055,COVID_severe,S-M053,Macrophage,0,NA,NA
GSE158055,COVID_severe,S-M053,Mono_c14,0,NA,NA
GSE158055,COVID_severe,S-M053,NK,0,NA,NA
GSE158055,COVID_severe,S-M053,T_cell,0,NA,NA
GSE158055,COVID_severe,S-M054,B_cell,0,NA,NA
GSE158055,COVID_severe,S-M054,Club,0,NA,NA
GSE158055,COVID_severe,S-M054,DC,0,NA,NA
GSE158055,COVID_severe,S-M054,Epithelial,0,NA,NA
GSE158055,COVID_severe,S-M054,Macrophage,0,NA,NA
GSE158055,COVID_severe,S-M054,Mono_c14,0,NA,NA
GSE158055,COVID_severe,S-M054,NK,0,NA,NA
GSE158055,COVID_severe,S-M054,T_cell,0,NA,NA
GSE158055,COVID_severe,S-M055,B_cell,0,NA,NA
GSE158055,COVID_severe,S-M055,Club,0,NA,NA
GSE158055,COVID_severe,S-M055,DC,0,NA,NA
GSE158055,COVID_severe,S-M055,Epithelial,0,NA,NA
GSE158055,COVID_severe,S-M055,Macrophage,0,NA,NA
GSE158055,COVID_severe,S-M055,Mono_c14,0,NA,NA
GSE158055,COVID_severe,S-M055,NK,0,NA,NA
GSE158055,COVID_severe,S-M055,T_cell,0,NA,NA
GSE158055,COVID_severe,S-M056,B_cell,0,NA,NA
GSE158055,COVID_severe,S-M056,Club,0,NA,NA
GSE158055,COVID_severe,S-M056,DC,0,NA,NA
GSE158055,COVID_severe,S-M056,Epithelial,0,NA,NA
GSE158055,COVID_severe,S-M056,Macrophage,0,NA,NA
GSE158055,COVID_severe,S-M056,Mono_c14,0,NA,NA
GSE158055,COVID_severe,S-M056,NK,0,NA,NA
GSE158055,COVID_severe,S-M056,T_cell,0,NA,NA
GSE158055,COVID_severe,S-M057,B_cell,0,NA,NA
GSE158055,COVID_severe,S-M057,Club,0,NA,NA
GSE158055,COVID_severe,S-M057,DC,0,NA,NA
GSE158055,COVID_severe,S-M057,Epithelial,0,NA,NA
GSE158055,COVID_severe,S-M057,Macrophage,0,NA,NA
GSE158055,COVID_severe,S-M057,Mono_c14,0,NA,NA
GSE158055,COVID_severe,S-M057,NK,0,NA,NA
GSE158055,COVID_severe,S-M057,T_cell,0,NA,NA
GSE158055,COVID_severe,S-S054,B_cell,133,NA,NA
GSE158055,COVID_severe,S-S054,Club,10,NA,NA
GSE158055,COVID_severe,S-S054,DC,5,NA,NA
GSE158055,COVID_severe,S-S054,Epithelial,10,NA,NA
GSE158055,COVID_severe,S-S054,Macrophage,0,NA,NA
GSE158055,COVID_severe,S-S054,Mono_c14,543,NA,NA
GSE158055,COVID_severe,S-S054,NK,335,NA,NA
GSE158055,COVID_severe,S-S054,T_cell,424,NA,NA
GSE158055,COVID_severe,S-S055,B_cell,250,NA,NA
GSE158055,COVID_severe,S-S055,Club,4,NA,NA
GSE158055,COVID_severe,S-S055,DC,2,NA,NA
GSE158055,COVID_severe,S-S055,Epithelial,51,NA,NA
GSE158055,COVID_severe,S-S055,Macrophage,0,NA,NA
GSE158055,COVID_severe,S-S055,Mono_c14,471,NA,NA
GSE158055,COVID_severe,S-S055,NK,181,NA,NA
GSE158055,COVID_severe,S-S055,T_cell,431,NA,NA
GSE158055,COVID_severe,S-S056,B_cell,217,NA,NA
GSE158055,COVID_severe,S-S056,Club,10,NA,NA
GSE158055,COVID_severe,S-S056,DC,17,NA,NA
GSE158055,COVID_severe,S-S056,Epithelial,4,NA,NA
GSE158055,COVID_severe,S-S056,Macrophage,0,NA,NA
GSE158055,COVID_severe,S-S056,Mono_c14,441,NA,NA
GSE158055,COVID_severe,S-S056,NK,220,NA,NA
GSE158055,COVID_severe,S-S056,T_cell,540,NA,NA
GSE158055,COVID_severe,S-S057,B_cell,123,NA,NA
GSE158055,COVID_severe,S-S057,Club,4,NA,NA
GSE158055,COVID_severe,S-S057,DC,3,NA,NA
GSE158055,COVID_severe,S-S057,Epithelial,48,NA,NA
GSE158055,COVID_severe,S-S057,Macrophage,0,NA,NA
GSE158055,COVID_severe,S-S057,Mono_c14,479,NA,NA
GSE158055,COVID_severe,S-S057,NK,136,NA,NA
GSE158055,COVID_severe,S-S057,T_cell,436,NA,NA
GSE158055,COVID_severe,S-S058,B_cell,28,NA,NA
GSE158055,COVID_severe,S-S058,Club,6,NA,NA
GSE158055,COVID_severe,S-S058,DC,1,NA,NA
GSE158055,COVID_severe,S-S058,Epithelial,72,NA,NA
GSE158055,COVID_severe,S-S058,Macrophage,0,NA,NA
GSE158055,COVID_severe,S-S058,Mono_c14,112,NA,NA
GSE158055,COVID_severe,S-S058,NK,85,NA,NA
GSE158055,COVID_severe,S-S058,T_cell,216,NA,NA
GSE158055,COVID_severe,S-S059,B_cell,97,NA,NA
GSE158055,COVID_severe,S-S059,Club,5,NA,NA
GSE158055,COVID_severe,S-S059,DC,3,NA,NA
GSE158055,COVID_severe,S-S059,Epithelial,129,NA,NA
GSE158055,COVID_severe,S-S059,Macrophage,0,NA,NA
GSE158055,COVID_severe,S-S059,Mono_c14,217,NA,NA
GSE158055,COVID_severe,S-S059,NK,278,NA,NA
GSE158055,COVID_severe,S-S059,T_cell,740,NA,NA
GSE158055,COVID_severe,S-S060,B_cell,39,NA,NA
GSE158055,COVID_severe,S-S060,Club,3,NA,NA
GSE158055,COVID_severe,S-S060,DC,44,NA,NA
GSE158055,COVID_severe,S-S060,Epithelial,16,NA,NA
GSE158055,COVID_severe,S-S060,Macrophage,0,NA,NA
GSE158055,COVID_severe,S-S060,Mono_c14,585,NA,NA
GSE158055,COVID_severe,S-S060,NK,244,NA,NA
GSE158055,COVID_severe,S-S060,T_cell,543,NA,NA
GSE158055,COVID_severe,S-S061,B_cell,282,NA,NA
GSE158055,COVID_severe,S-S061,Club,5,NA,NA
GSE158055,COVID_severe,S-S061,DC,19,NA,NA
GSE158055,COVID_severe,S-S061,Epithelial,21,NA,NA
GSE158055,COVID_severe,S-S061,Macrophage,0,NA,NA
GSE158055,COVID_severe,S-S061,Mono_c14,558,NA,NA
GSE158055,COVID_severe,S-S061,NK,115,NA,NA
GSE158055,COVID_severe,S-S061,T_cell,498,NA,NA
GSE158055,COVID_severe,S-S062,B_cell,65,NA,NA
GSE158055,COVID_severe,S-S062,Club,1,NA,NA
GSE158055,COVID_severe,S-S062,DC,15,NA,NA
GSE158055,COVID_severe,S-S062,Epithelial,2,NA,NA
GSE158055,COVID_severe,S-S062,Macrophage,0,NA,NA
GSE158055,COVID_severe,S-S062,Mono_c14,557,NA,NA
GSE158055,COVID_severe,S-S062,NK,433,NA,NA
GSE158055,COVID_severe,S-S062,T_cell,412,NA,NA
GSE158055,COVID_severe,S-S064,B_cell,96,NA,NA
GSE158055,COVID_severe,S-S064,Club,4,NA,NA
GSE158055,COVID_severe,S-S064,DC,59,NA,NA
GSE158055,COVID_severe,S-S064,Epithelial,0,NA,NA
GSE158055,COVID_severe,S-S064,Macrophage,0,NA,NA
GSE158055,COVID_severe,S-S064,Mono_c14,840,NA,NA
GSE158055,COVID_severe,S-S064,NK,113,NA,NA
GSE158055,COVID_severe,S-S064,T_cell,384,NA,NA
GSE158055,COVID_severe,S-S065,B_cell,70,NA,NA
GSE158055,COVID_severe,S-S065,Club,7,NA,NA
GSE158055,COVID_severe,S-S065,DC,21,NA,NA
GSE158055,COVID_severe,S-S065,Epithelial,1,NA,NA
GSE158055,COVID_severe,S-S065,Macrophage,0,NA,NA
GSE158055,COVID_severe,S-S065,Mono_c14,772,NA,NA
GSE158055,COVID_severe,S-S065,NK,95,NA,NA
GSE158055,COVID_severe,S-S065,T_cell,511,NA,NA
GSE158055,COVID_severe,S-S066,B_cell,287,NA,NA
GSE158055,COVID_severe,S-S066,Club,12,NA,NA
GSE158055,COVID_severe,S-S066,DC,2,NA,NA
GSE158055,COVID_severe,S-S066,Epithelial,0,NA,NA
GSE158055,COVID_severe,S-S066,Macrophage,0,NA,NA
GSE158055,COVID_severe,S-S066,Mono_c14,392,NA,NA
GSE158055,COVID_severe,S-S066,NK,33,NA,NA
GSE158055,COVID_severe,S-S066,T_cell,757,NA,NA
GSE158055,COVID_severe,S-S067,B_cell,57,NA,NA
GSE158055,COVID_severe,S-S067,Club,5,NA,NA
GSE158055,COVID_severe,S-S067,DC,42,NA,NA
GSE158055,COVID_severe,S-S067,Epithelial,2,NA,NA
GSE158055,COVID_severe,S-S067,Macrophage,0,NA,NA
GSE158055,COVID_severe,S-S067,Mono_c14,916,NA,NA
GSE158055,COVID_severe,S-S067,NK,150,NA,NA
GSE158055,COVID_severe,S-S067,T_cell,299,NA,NA
GSE158055,COVID_severe,S-S068,B_cell,260,NA,NA
GSE158055,COVID_severe,S-S068,Club,7,NA,NA
GSE158055,COVID_severe,S-S068,DC,43,NA,NA
GSE158055,COVID_severe,S-S068,Epithelial,0,NA,NA
GSE158055,COVID_severe,S-S068,Macrophage,0,NA,NA
GSE158055,COVID_severe,S-S068,Mono_c14,307,NA,NA
GSE158055,COVID_severe,S-S068,NK,347,NA,NA
GSE158055,COVID_severe,S-S068,T_cell,523,NA,NA
GSE158055,COVID_severe,S-S069-1,B_cell,72,NA,NA
GSE158055,COVID_severe,S-S069-1,Club,1,NA,NA
GSE158055,COVID_severe,S-S069-1,DC,3,NA,NA
GSE158055,COVID_severe,S-S069-1,Epithelial,1,NA,NA
GSE158055,COVID_severe,S-S069-1,Macrophage,0,NA,NA
GSE158055,COVID_severe,S-S069-1,Mono_c14,4,NA,NA
GSE158055,COVID_severe,S-S069-1,NK,10,NA,NA
GSE158055,COVID_severe,S-S069-1,T_cell,62,NA,NA
GSE158055,COVID_severe,S-S069-2,B_cell,7,NA,NA
GSE158055,COVID_severe,S-S069-2,Club,0,NA,NA
GSE158055,COVID_severe,S-S069-2,DC,0,NA,NA
GSE158055,COVID_severe,S-S069-2,Epithelial,1,NA,NA
GSE158055,COVID_severe,S-S069-2,Macrophage,0,NA,NA
GSE158055,COVID_severe,S-S069-2,Mono_c14,22,NA,NA
GSE158055,COVID_severe,S-S069-2,NK,0,NA,NA
GSE158055,COVID_severe,S-S069-2,T_cell,1,NA,NA
GSE158055,COVID_severe,S-S069-3,B_cell,802,NA,NA
GSE158055,COVID_severe,S-S069-3,Club,3,NA,NA
GSE158055,COVID_severe,S-S069-3,DC,3,NA,NA
GSE158055,COVID_severe,S-S069-3,Epithelial,0,NA,NA
GSE158055,COVID_severe,S-S069-3,Macrophage,0,NA,NA
GSE158055,COVID_severe,S-S069-3,Mono_c14,244,NA,NA
GSE158055,COVID_severe,S-S069-3,NK,11,NA,NA
GSE158055,COVID_severe,S-S069-3,T_cell,247,NA,NA
GSE158055,COVID_severe,S-S070-1,B_cell,19,NA,NA
GSE158055,COVID_severe,S-S070-1,Club,2,NA,NA
GSE158055,COVID_severe,S-S070-1,DC,0,NA,NA
GSE158055,COVID_severe,S-S070-1,Epithelial,0,NA,NA
GSE158055,COVID_severe,S-S070-1,Macrophage,0,NA,NA
GSE158055,COVID_severe,S-S070-1,Mono_c14,31,NA,NA
GSE158055,COVID_severe,S-S070-1,NK,5,NA,NA
GSE158055,COVID_severe,S-S070-1,T_cell,6,NA,NA
GSE158055,COVID_severe,S-S070-2,B_cell,247,NA,NA
GSE158055,COVID_severe,S-S070-2,Club,8,NA,NA
GSE158055,COVID_severe,S-S070-2,DC,0,NA,NA
GSE158055,COVID_severe,S-S070-2,Epithelial,0,NA,NA
GSE158055,COVID_severe,S-S070-2,Macrophage,0,NA,NA
GSE158055,COVID_severe,S-S070-2,Mono_c14,188,NA,NA
GSE158055,COVID_severe,S-S070-2,NK,11,NA,NA
GSE158055,COVID_severe,S-S070-2,T_cell,335,NA,NA
GSE158055,COVID_severe,S-S070-3,B_cell,252,NA,NA
GSE158055,COVID_severe,S-S070-3,Club,5,NA,NA
GSE158055,COVID_severe,S-S070-3,DC,1,NA,NA
GSE158055,COVID_severe,S-S070-3,Epithelial,1,NA,NA
GSE158055,COVID_severe,S-S070-3,Macrophage,0,NA,NA
GSE158055,COVID_severe,S-S070-3,Mono_c14,121,NA,NA
GSE158055,COVID_severe,S-S070-3,NK,9,NA,NA
GSE158055,COVID_severe,S-S070-3,T_cell,176,NA,NA
GSE158055,COVID_severe,S-S071-1,B_cell,20,NA,NA
GSE158055,COVID_severe,S-S071-1,Club,3,NA,NA
GSE158055,COVID_severe,S-S071-1,DC,0,NA,NA
GSE158055,COVID_severe,S-S071-1,Epithelial,0,NA,NA
GSE158055,COVID_severe,S-S071-1,Macrophage,0,NA,NA
GSE158055,COVID_severe,S-S071-1,Mono_c14,327,NA,NA
GSE158055,COVID_severe,S-S071-1,NK,0,NA,NA
GSE158055,COVID_severe,S-S071-1,T_cell,12,NA,NA
GSE158055,COVID_severe,S-S071-2,B_cell,159,NA,NA
GSE158055,COVID_severe,S-S071-2,Club,1,NA,NA
GSE158055,COVID_severe,S-S071-2,DC,0,NA,NA
GSE158055,COVID_severe,S-S071-2,Epithelial,0,NA,NA
GSE158055,COVID_severe,S-S071-2,Macrophage,0,NA,NA
GSE158055,COVID_severe,S-S071-2,Mono_c14,562,NA,NA
GSE158055,COVID_severe,S-S071-2,NK,10,NA,NA
GSE158055,COVID_severe,S-S071-2,T_cell,53,NA,NA
GSE158055,COVID_severe,S-S072-1,B_cell,19,NA,NA
GSE158055,COVID_severe,S-S072-1,Club,2,NA,NA
GSE158055,COVID_severe,S-S072-1,DC,1,NA,NA
GSE158055,COVID_severe,S-S072-1,Epithelial,1,NA,NA
GSE158055,COVID_severe,S-S072-1,Macrophage,0,NA,NA
GSE158055,COVID_severe,S-S072-1,Mono_c14,0,NA,NA
GSE158055,COVID_severe,S-S072-1,NK,0,NA,NA
GSE158055,COVID_severe,S-S072-1,T_cell,33,NA,NA
GSE158055,COVID_severe,S-S072-2,B_cell,121,NA,NA
GSE158055,COVID_severe,S-S072-2,Club,3,NA,NA
GSE158055,COVID_severe,S-S072-2,DC,10,NA,NA
GSE158055,COVID_severe,S-S072-2,Epithelial,0,NA,NA
GSE158055,COVID_severe,S-S072-2,Macrophage,0,NA,NA
GSE158055,COVID_severe,S-S072-2,Mono_c14,47,NA,NA
GSE158055,COVID_severe,S-S072-2,NK,3,NA,NA
GSE158055,COVID_severe,S-S072-2,T_cell,116,NA,NA
GSE158055,COVID_severe,S-S072-3,B_cell,98,NA,NA
GSE158055,COVID_severe,S-S072-3,Club,3,NA,NA
GSE158055,COVID_severe,S-S072-3,DC,3,NA,NA
GSE158055,COVID_severe,S-S072-3,Epithelial,0,NA,NA
GSE158055,COVID_severe,S-S072-3,Macrophage,0,NA,NA
GSE158055,COVID_severe,S-S072-3,Mono_c14,32,NA,NA
GSE158055,COVID_severe,S-S072-3,NK,2,NA,NA
GSE158055,COVID_severe,S-S072-3,T_cell,97,NA,NA
GSE158055,Healthy,C51,B_cell,0,NA,NA
GSE158055,Healthy,C51,Club,0,NA,NA
GSE158055,Healthy,C51,DC,0,NA,NA
GSE158055,Healthy,C51,Epithelial,0,NA,NA
GSE158055,Healthy,C51,Macrophage,0,NA,NA
GSE158055,Healthy,C51,Mono_c14,0,NA,NA
GSE158055,Healthy,C51,NK,0,NA,NA
GSE158055,Healthy,C51,T_cell,0,NA,NA
GSE158055,Healthy,C52,B_cell,0,NA,NA
GSE158055,Healthy,C52,Club,0,NA,NA
GSE158055,Healthy,C52,DC,0,NA,NA
GSE158055,Healthy,C52,Epithelial,0,NA,NA
GSE158055,Healthy,C52,Macrophage,0,NA,NA
GSE158055,Healthy,C52,Mono_c14,0,NA,NA
GSE158055,Healthy,C52,NK,0,NA,NA
GSE158055,Healthy,C52,T_cell,0,NA,NA
GSE158055,Healthy,C100,B_cell,0,NA,NA
GSE158055,Healthy,C100,Club,0,NA,NA
GSE158055,Healthy,C100,DC,0,NA,NA
GSE158055,Healthy,C100,Epithelial,0,NA,NA
GSE158055,Healthy,C100,Macrophage,0,NA,NA
GSE158055,Healthy,C100,Mono_c14,0,NA,NA
GSE158055,Healthy,C100,NK,0,NA,NA
GSE158055,Healthy,C100,T_cell,0,NA,NA
GSE158055,Healthy,C141,B_cell,0,NA,NA
GSE158055,Healthy,C141,Club,0,NA,NA
GSE158055,Healthy,C141,DC,0,NA,NA
GSE158055,Healthy,C141,Epithelial,0,NA,NA
GSE158055,Healthy,C141,Macrophage,0,NA,NA
GSE158055,Healthy,C141,Mono_c14,0,NA,NA
GSE158055,Healthy,C141,NK,0,NA,NA
GSE158055,Healthy,C141,T_cell,0,NA,NA
GSE158055,Healthy,C142,B_cell,0,NA,NA
GSE158055,Healthy,C142,Club,0,NA,NA
GSE158055,Healthy,C142,DC,0,NA,NA
GSE158055,Healthy,C142,Epithelial,0,NA,NA
GSE158055,Healthy,C142,Macrophage,0,NA,NA
GSE158055,Healthy,C142,Mono_c14,0,NA,NA
GSE158055,Healthy,C142,NK,0,NA,NA
GSE158055,Healthy,C142,T_cell,0,NA,NA
GSE158055,Healthy,C143,B_cell,0,NA,NA
GSE158055,Healthy,C143,Club,0,NA,NA
GSE158055,Healthy,C143,DC,0,NA,NA
GSE158055,Healthy,C143,Epithelial,0,NA,NA
GSE158055,Healthy,C143,Macrophage,0,NA,NA
GSE158055,Healthy,C143,Mono_c14,0,NA,NA
GSE158055,Healthy,C143,NK,0,NA,NA
GSE158055,Healthy,C143,T_cell,0,NA,NA
GSE158055,Healthy,C144,B_cell,0,NA,NA
GSE158055,Healthy,C144,Club,0,NA,NA
GSE158055,Healthy,C144,DC,0,NA,NA
GSE158055,Healthy,C144,Epithelial,0,NA,NA
GSE158055,Healthy,C144,Macrophage,0,NA,NA
GSE158055,Healthy,C144,Mono_c14,0,NA,NA
GSE158055,Healthy,C144,NK,0,NA,NA
GSE158055,Healthy,C144,T_cell,0,NA,NA
GSE158055,Healthy,C145,B_cell,0,NA,NA
GSE158055,Healthy,C145,Club,0,NA,NA
GSE158055,Healthy,C145,DC,0,NA,NA
GSE158055,Healthy,C145,Epithelial,0,NA,NA
GSE158055,Healthy,C145,Macrophage,0,NA,NA
GSE158055,Healthy,C145,Mono_c14,0,NA,NA
GSE158055,Healthy,C145,NK,0,NA,NA
GSE158055,Healthy,C145,T_cell,0,NA,NA
GSE158055,Healthy,C146,B_cell,0,NA,NA
GSE158055,Healthy,C146,Club,0,NA,NA
GSE158055,Healthy,C146,DC,0,NA,NA
GSE158055,Healthy,C146,Epithelial,0,NA,NA
GSE158055,Healthy,C146,Macrophage,0,NA,NA
GSE158055,Healthy,C146,Mono_c14,0,NA,NA
GSE158055,Healthy,C146,NK,0,NA,NA
GSE158055,Healthy,C146,T_cell,0,NA,NA
GSE158055,Healthy,C148,B_cell,0,NA,NA
GSE158055,Healthy,C148,Club,0,NA,NA
GSE158055,Healthy,C148,DC,0,NA,NA
GSE158055,Healthy,C148,Epithelial,0,NA,NA
GSE158055,Healthy,C148,Macrophage,0,NA,NA
GSE158055,Healthy,C148,Mono_c14,0,NA,NA
GSE158055,Healthy,C148,NK,0,NA,NA
GSE158055,Healthy,C148,T_cell,0,NA,NA
GSE158055,Healthy,C149,B_cell,0,NA,NA
GSE158055,Healthy,C149,Club,0,NA,NA
GSE158055,Healthy,C149,DC,0,NA,NA
GSE158055,Healthy,C149,Epithelial,0,NA,NA
GSE158055,Healthy,C149,Macrophage,0,NA,NA
GSE158055,Healthy,C149,Mono_c14,0,NA,NA
GSE158055,Healthy,C149,NK,0,NA,NA
GSE158055,Healthy,C149,T_cell,0,NA,NA
GSE158055,Healthy,C152,B_cell,0,NA,NA
GSE158055,Healthy,C152,Club,0,NA,NA
GSE158055,Healthy,C152,DC,0,NA,NA
GSE158055,Healthy,C152,Epithelial,0,NA,NA
GSE158055,Healthy,C152,Macrophage,0,NA,NA
GSE158055,Healthy,C152,Mono_c14,0,NA,NA
GSE158055,Healthy,C152,NK,0,NA,NA
GSE158055,Healthy,C152,T_cell,0,NA,NA
GSE158055,Healthy,S-HC008,B_cell,129,NA,NA
GSE158055,Healthy,S-HC008,Club,13,NA,NA
GSE158055,Healthy,S-HC008,DC,14,NA,NA
GSE158055,Healthy,S-HC008,Epithelial,10,NA,NA
GSE158055,Healthy,S-HC008,Macrophage,0,NA,NA
GSE158055,Healthy,S-HC008,Mono_c14,285,NA,NA
GSE158055,Healthy,S-HC008,NK,158,NA,NA
GSE158055,Healthy,S-HC008,T_cell,874,NA,NA
GSE158055,Healthy,S-HC009,B_cell,103,NA,NA
GSE158055,Healthy,S-HC009,Club,11,NA,NA
GSE158055,Healthy,S-HC009,DC,10,NA,NA
GSE158055,Healthy,S-HC009,Epithelial,8,NA,NA
GSE158055,Healthy,S-HC009,Macrophage,0,NA,NA
GSE158055,Healthy,S-HC009,Mono_c14,324,NA,NA
GSE158055,Healthy,S-HC009,NK,129,NA,NA
GSE158055,Healthy,S-HC009,T_cell,905,NA,NA
GSE158055,Healthy,S-HC010,B_cell,117,NA,NA
GSE158055,Healthy,S-HC010,Club,6,NA,NA
GSE158055,Healthy,S-HC010,DC,16,NA,NA
GSE158055,Healthy,S-HC010,Epithelial,10,NA,NA
GSE158055,Healthy,S-HC010,Macrophage,0,NA,NA
GSE158055,Healthy,S-HC010,Mono_c14,607,NA,NA
GSE158055,Healthy,S-HC010,NK,207,NA,NA
GSE158055,Healthy,S-HC010,T_cell,528,NA,NA
GSE158055,Healthy,S-HC011,B_cell,136,NA,NA
GSE158055,Healthy,S-HC011,Club,13,NA,NA
GSE158055,Healthy,S-HC011,DC,15,NA,NA
GSE158055,Healthy,S-HC011,Epithelial,13,NA,NA
GSE158055,Healthy,S-HC011,Macrophage,0,NA,NA
GSE158055,Healthy,S-HC011,Mono_c14,233,NA,NA
GSE158055,Healthy,S-HC011,NK,205,NA,NA
GSE158055,Healthy,S-HC011,T_cell,864,NA,NA
GSE158055,Healthy,S-HC012,B_cell,157,NA,NA
GSE158055,Healthy,S-HC012,Club,15,NA,NA
GSE158055,Healthy,S-HC012,DC,22,NA,NA
GSE158055,Healthy,S-HC012,Epithelial,9,NA,NA
GSE158055,Healthy,S-HC012,Macrophage,0,NA,NA
GSE158055,Healthy,S-HC012,Mono_c14,457,NA,NA
GSE158055,Healthy,S-HC012,NK,73,NA,NA
GSE158055,Healthy,S-HC012,T_cell,755,NA,NA
GSE158055,Healthy,S-M041-1,B_cell,0,NA,NA
GSE158055,Healthy,S-M041-1,Club,0,NA,NA
GSE158055,Healthy,S-M041-1,DC,0,NA,NA
GSE158055,Healthy,S-M041-1,Epithelial,0,NA,NA
GSE158055,Healthy,S-M041-1,Macrophage,0,NA,NA
GSE158055,Healthy,S-M041-1,Mono_c14,0,NA,NA
GSE158055,Healthy,S-M041-1,NK,0,NA,NA
GSE158055,Healthy,S-M041-1,T_cell,0,NA,NA
GSE158055,Healthy,S-M041-2,B_cell,0,NA,NA
GSE158055,Healthy,S-M041-2,Club,0,NA,NA
GSE158055,Healthy,S-M041-2,DC,0,NA,NA
GSE158055,Healthy,S-M041-2,Epithelial,0,NA,NA
GSE158055,Healthy,S-M041-2,Macrophage,0,NA,NA
GSE158055,Healthy,S-M041-2,Mono_c14,0,NA,NA
GSE158055,Healthy,S-M041-2,NK,0,NA,NA
GSE158055,Healthy,S-M041-2,T_cell,0,NA,NA
GSE158055,Healthy,S-M042-1,B_cell,0,NA,NA
GSE158055,Healthy,S-M042-1,Club,0,NA,NA
GSE158055,Healthy,S-M042-1,DC,0,NA,NA
GSE158055,Healthy,S-M042-1,Epithelial,0,NA,NA
GSE158055,Healthy,S-M042-1,Macrophage,0,NA,NA
GSE158055,Healthy,S-M042-1,Mono_c14,0,NA,NA
GSE158055,Healthy,S-M042-1,NK,0,NA,NA
GSE158055,Healthy,S-M042-1,T_cell,0,NA,NA
GSE158055,Healthy,S-M042-2,B_cell,0,NA,NA
GSE158055,Healthy,S-M042-2,Club,0,NA,NA
GSE158055,Healthy,S-M042-2,DC,0,NA,NA
GSE158055,Healthy,S-M042-2,Epithelial,0,NA,NA
GSE158055,Healthy,S-M042-2,Macrophage,0,NA,NA
GSE158055,Healthy,S-M042-2,Mono_c14,0,NA,NA
GSE158055,Healthy,S-M042-2,NK,0,NA,NA
GSE158055,Healthy,S-M042-2,T_cell,0,NA,NA
GSE158055,Healthy,S-M043-1,B_cell,0,NA,NA
GSE158055,Healthy,S-M043-1,Club,0,NA,NA
GSE158055,Healthy,S-M043-1,DC,0,NA,NA
GSE158055,Healthy,S-M043-1,Epithelial,0,NA,NA
GSE158055,Healthy,S-M043-1,Macrophage,0,NA,NA
GSE158055,Healthy,S-M043-1,Mono_c14,0,NA,NA
GSE158055,Healthy,S-M043-1,NK,0,NA,NA
GSE158055,Healthy,S-M043-1,T_cell,0,NA,NA
GSE158055,Healthy,S-M043-2,B_cell,0,NA,NA
GSE158055,Healthy,S-M043-2,Club,0,NA,NA
GSE158055,Healthy,S-M043-2,DC,0,NA,NA
GSE158055,Healthy,S-M043-2,Epithelial,0,NA,NA
GSE158055,Healthy,S-M043-2,Macrophage,0,NA,NA
GSE158055,Healthy,S-M043-2,Mono_c14,0,NA,NA
GSE158055,Healthy,S-M043-2,NK,0,NA,NA
GSE158055,Healthy,S-M043-2,T_cell,0,NA,NA
GSE158055,Healthy,S-M044-1,B_cell,0,NA,NA
GSE158055,Healthy,S-M044-1,Club,0,NA,NA
GSE158055,Healthy,S-M044-1,DC,0,NA,NA
GSE158055,Healthy,S-M044-1,Epithelial,0,NA,NA
GSE158055,Healthy,S-M044-1,Macrophage,0,NA,NA
GSE158055,Healthy,S-M044-1,Mono_c14,0,NA,NA
GSE158055,Healthy,S-M044-1,NK,0,NA,NA
GSE158055,Healthy,S-M044-1,T_cell,0,NA,NA
GSE158055,Healthy,S-M044-2,B_cell,0,NA,NA
GSE158055,Healthy,S-M044-2,Club,0,NA,NA
GSE158055,Healthy,S-M044-2,DC,0,NA,NA
GSE158055,Healthy,S-M044-2,Epithelial,0,NA,NA
GSE158055,Healthy,S-M044-2,Macrophage,0,NA,NA
GSE158055,Healthy,S-M044-2,Mono_c14,0,NA,NA
GSE158055,Healthy,S-M044-2,NK,0,NA,NA
GSE158055,Healthy,S-M044-2,T_cell,0,NA,NA
GSE158055,Healthy,S-M045,B_cell,0,NA,NA
GSE158055,Healthy,S-M045,Club,0,NA,NA
GSE158055,Healthy,S-M045,DC,0,NA,NA
GSE158055,Healthy,S-M045,Epithelial,0,NA,NA
GSE158055,Healthy,S-M045,Macrophage,0,NA,NA
GSE158055,Healthy,S-M045,Mono_c14,0,NA,NA
GSE158055,Healthy,S-M045,NK,0,NA,NA
GSE158055,Healthy,S-M045,T_cell,0,NA,NA
GSE158055,Healthy,S-M046,B_cell,0,NA,NA
GSE158055,Healthy,S-M046,Club,0,NA,NA
GSE158055,Healthy,S-M046,DC,0,NA,NA
GSE158055,Healthy,S-M046,Epithelial,0,NA,NA
GSE158055,Healthy,S-M046,Macrophage,0,NA,NA
GSE158055,Healthy,S-M046,Mono_c14,0,NA,NA
GSE158055,Healthy,S-M046,NK,0,NA,NA
GSE158055,Healthy,S-M046,T_cell,0,NA,NA
GSE158055,Healthy,S-M047,B_cell,0,NA,NA
GSE158055,Healthy,S-M047,Club,0,NA,NA
GSE158055,Healthy,S-M047,DC,0,NA,NA
GSE158055,Healthy,S-M047,Epithelial,0,NA,NA
GSE158055,Healthy,S-M047,Macrophage,0,NA,NA
GSE158055,Healthy,S-M047,Mono_c14,0,NA,NA
GSE158055,Healthy,S-M047,NK,0,NA,NA
GSE158055,Healthy,S-M047,T_cell,0,NA,NA
GSE158055,Healthy,S-M048,B_cell,0,NA,NA
GSE158055,Healthy,S-M048,Club,0,NA,NA
GSE158055,Healthy,S-M048,DC,0,NA,NA
GSE158055,Healthy,S-M048,Epithelial,0,NA,NA
GSE158055,Healthy,S-M048,Macrophage,0,NA,NA
GSE158055,Healthy,S-M048,Mono_c14,0,NA,NA
GSE158055,Healthy,S-M048,NK,0,NA,NA
GSE158055,Healthy,S-M048,T_cell,0,NA,NA
GSE158055,Healthy,S-M049,B_cell,0,NA,NA
GSE158055,Healthy,S-M049,Club,0,NA,NA
GSE158055,Healthy,S-M049,DC,0,NA,NA
GSE158055,Healthy,S-M049,Epithelial,0,NA,NA
GSE158055,Healthy,S-M049,Macrophage,0,NA,NA
GSE158055,Healthy,S-M049,Mono_c14,0,NA,NA
GSE158055,Healthy,S-M049,NK,0,NA,NA
GSE158055,Healthy,S-M049,T_cell,0,NA,NA
GSE158055,Healthy,S-M050,B_cell,0,NA,NA
GSE158055,Healthy,S-M050,Club,0,NA,NA
GSE158055,Healthy,S-M050,DC,0,NA,NA
GSE158055,Healthy,S-M050,Epithelial,0,NA,NA
GSE158055,Healthy,S-M050,Macrophage,0,NA,NA
GSE158055,Healthy,S-M050,Mono_c14,0,NA,NA
GSE158055,Healthy,S-M050,NK,0,NA,NA
GSE158055,Healthy,S-M050,T_cell,0,NA,NA
GSE158055,Healthy,S-M051,B_cell,0,NA,NA
GSE158055,Healthy,S-M051,Club,0,NA,NA
GSE158055,Healthy,S-M051,DC,0,NA,NA
GSE158055,Healthy,S-M051,Epithelial,0,NA,NA
GSE158055,Healthy,S-M051,Macrophage,0,NA,NA
GSE158055,Healthy,S-M051,Mono_c14,0,NA,NA
GSE158055,Healthy,S-M051,NK,0,NA,NA
GSE158055,Healthy,S-M051,T_cell,0,NA,NA
GSE158055,Healthy,S-M052,B_cell,0,NA,NA
GSE158055,Healthy,S-M052,Club,0,NA,NA
GSE158055,Healthy,S-M052,DC,0,NA,NA
GSE158055,Healthy,S-M052,Epithelial,0,NA,NA
GSE158055,Healthy,S-M052,Macrophage,0,NA,NA
GSE158055,Healthy,S-M052,Mono_c14,0,NA,NA
GSE158055,Healthy,S-M052,NK,0,NA,NA
GSE158055,Healthy,S-M052,T_cell,0,NA,NA
GSE158055,Healthy,S-M053,B_cell,0,NA,NA
GSE158055,Healthy,S-M053,Club,0,NA,NA
GSE158055,Healthy,S-M053,DC,0,NA,NA
GSE158055,Healthy,S-M053,Epithelial,0,NA,NA
GSE158055,Healthy,S-M053,Macrophage,0,NA,NA
GSE158055,Healthy,S-M053,Mono_c14,0,NA,NA
GSE158055,Healthy,S-M053,NK,0,NA,NA
GSE158055,Healthy,S-M053,T_cell,0,NA,NA
GSE158055,Healthy,S-M054,B_cell,0,NA,NA
GSE158055,Healthy,S-M054,Club,0,NA,NA
GSE158055,Healthy,S-M054,DC,0,NA,NA
GSE158055,Healthy,S-M054,Epithelial,0,NA,NA
GSE158055,Healthy,S-M054,Macrophage,0,NA,NA
GSE158055,Healthy,S-M054,Mono_c14,0,NA,NA
GSE158055,Healthy,S-M054,NK,0,NA,NA
GSE158055,Healthy,S-M054,T_cell,0,NA,NA
GSE158055,Healthy,S-M055,B_cell,0,NA,NA
GSE158055,Healthy,S-M055,Club,0,NA,NA
GSE158055,Healthy,S-M055,DC,0,NA,NA
GSE158055,Healthy,S-M055,Epithelial,0,NA,NA
GSE158055,Healthy,S-M055,Macrophage,0,NA,NA
GSE158055,Healthy,S-M055,Mono_c14,0,NA,NA
GSE158055,Healthy,S-M055,NK,0,NA,NA
GSE158055,Healthy,S-M055,T_cell,0,NA,NA
GSE158055,Healthy,S-M056,B_cell,0,NA,NA
GSE158055,Healthy,S-M056,Club,0,NA,NA
GSE158055,Healthy,S-M056,DC,0,NA,NA
GSE158055,Healthy,S-M056,Epithelial,0,NA,NA
GSE158055,Healthy,S-M056,Macrophage,0,NA,NA
GSE158055,Healthy,S-M056,Mono_c14,0,NA,NA
GSE158055,Healthy,S-M056,NK,0,NA,NA
GSE158055,Healthy,S-M056,T_cell,0,NA,NA
GSE158055,Healthy,S-M057,B_cell,0,NA,NA
GSE158055,Healthy,S-M057,Club,0,NA,NA
GSE158055,Healthy,S-M057,DC,0,NA,NA
GSE158055,Healthy,S-M057,Epithelial,0,NA,NA
GSE158055,Healthy,S-M057,Macrophage,0,NA,NA
GSE158055,Healthy,S-M057,Mono_c14,0,NA,NA
GSE158055,Healthy,S-M057,NK,0,NA,NA
GSE158055,Healthy,S-M057,T_cell,0,NA,NA
GSE158055,Healthy,S-S054,B_cell,0,NA,NA
GSE158055,Healthy,S-S054,Club,0,NA,NA
GSE158055,Healthy,S-S054,DC,0,NA,NA
GSE158055,Healthy,S-S054,Epithelial,0,NA,NA
GSE158055,Healthy,S-S054,Macrophage,0,NA,NA
GSE158055,Healthy,S-S054,Mono_c14,0,NA,NA
GSE158055,Healthy,S-S054,NK,0,NA,NA
GSE158055,Healthy,S-S054,T_cell,0,NA,NA
GSE158055,Healthy,S-S055,B_cell,0,NA,NA
GSE158055,Healthy,S-S055,Club,0,NA,NA
GSE158055,Healthy,S-S055,DC,0,NA,NA
GSE158055,Healthy,S-S055,Epithelial,0,NA,NA
GSE158055,Healthy,S-S055,Macrophage,0,NA,NA
GSE158055,Healthy,S-S055,Mono_c14,0,NA,NA
GSE158055,Healthy,S-S055,NK,0,NA,NA
GSE158055,Healthy,S-S055,T_cell,0,NA,NA
GSE158055,Healthy,S-S056,B_cell,0,NA,NA
GSE158055,Healthy,S-S056,Club,0,NA,NA
GSE158055,Healthy,S-S056,DC,0,NA,NA
GSE158055,Healthy,S-S056,Epithelial,0,NA,NA
GSE158055,Healthy,S-S056,Macrophage,0,NA,NA
GSE158055,Healthy,S-S056,Mono_c14,0,NA,NA
GSE158055,Healthy,S-S056,NK,0,NA,NA
GSE158055,Healthy,S-S056,T_cell,0,NA,NA
GSE158055,Healthy,S-S057,B_cell,0,NA,NA
GSE158055,Healthy,S-S057,Club,0,NA,NA
GSE158055,Healthy,S-S057,DC,0,NA,NA
GSE158055,Healthy,S-S057,Epithelial,0,NA,NA
GSE158055,Healthy,S-S057,Macrophage,0,NA,NA
GSE158055,Healthy,S-S057,Mono_c14,0,NA,NA
GSE158055,Healthy,S-S057,NK,0,NA,NA
GSE158055,Healthy,S-S057,T_cell,0,NA,NA
GSE158055,Healthy,S-S058,B_cell,0,NA,NA
GSE158055,Healthy,S-S058,Club,0,NA,NA
GSE158055,Healthy,S-S058,DC,0,NA,NA
GSE158055,Healthy,S-S058,Epithelial,0,NA,NA
GSE158055,Healthy,S-S058,Macrophage,0,NA,NA
GSE158055,Healthy,S-S058,Mono_c14,0,NA,NA
GSE158055,Healthy,S-S058,NK,0,NA,NA
GSE158055,Healthy,S-S058,T_cell,0,NA,NA
GSE158055,Healthy,S-S059,B_cell,0,NA,NA
GSE158055,Healthy,S-S059,Club,0,NA,NA
GSE158055,Healthy,S-S059,DC,0,NA,NA
GSE158055,Healthy,S-S059,Epithelial,0,NA,NA
GSE158055,Healthy,S-S059,Macrophage,0,NA,NA
GSE158055,Healthy,S-S059,Mono_c14,0,NA,NA
GSE158055,Healthy,S-S059,NK,0,NA,NA
GSE158055,Healthy,S-S059,T_cell,0,NA,NA
GSE158055,Healthy,S-S060,B_cell,0,NA,NA
GSE158055,Healthy,S-S060,Club,0,NA,NA
GSE158055,Healthy,S-S060,DC,0,NA,NA
GSE158055,Healthy,S-S060,Epithelial,0,NA,NA
GSE158055,Healthy,S-S060,Macrophage,0,NA,NA
GSE158055,Healthy,S-S060,Mono_c14,0,NA,NA
GSE158055,Healthy,S-S060,NK,0,NA,NA
GSE158055,Healthy,S-S060,T_cell,0,NA,NA
GSE158055,Healthy,S-S061,B_cell,0,NA,NA
GSE158055,Healthy,S-S061,Club,0,NA,NA
GSE158055,Healthy,S-S061,DC,0,NA,NA
GSE158055,Healthy,S-S061,Epithelial,0,NA,NA
GSE158055,Healthy,S-S061,Macrophage,0,NA,NA
GSE158055,Healthy,S-S061,Mono_c14,0,NA,NA
GSE158055,Healthy,S-S061,NK,0,NA,NA
GSE158055,Healthy,S-S061,T_cell,0,NA,NA
GSE158055,Healthy,S-S062,B_cell,0,NA,NA
GSE158055,Healthy,S-S062,Club,0,NA,NA
GSE158055,Healthy,S-S062,DC,0,NA,NA
GSE158055,Healthy,S-S062,Epithelial,0,NA,NA
GSE158055,Healthy,S-S062,Macrophage,0,NA,NA
GSE158055,Healthy,S-S062,Mono_c14,0,NA,NA
GSE158055,Healthy,S-S062,NK,0,NA,NA
GSE158055,Healthy,S-S062,T_cell,0,NA,NA
GSE158055,Healthy,S-S064,B_cell,0,NA,NA
GSE158055,Healthy,S-S064,Club,0,NA,NA
GSE158055,Healthy,S-S064,DC,0,NA,NA
GSE158055,Healthy,S-S064,Epithelial,0,NA,NA
GSE158055,Healthy,S-S064,Macrophage,0,NA,NA
GSE158055,Healthy,S-S064,Mono_c14,0,NA,NA
GSE158055,Healthy,S-S064,NK,0,NA,NA
GSE158055,Healthy,S-S064,T_cell,0,NA,NA
GSE158055,Healthy,S-S065,B_cell,0,NA,NA
GSE158055,Healthy,S-S065,Club,0,NA,NA
GSE158055,Healthy,S-S065,DC,0,NA,NA
GSE158055,Healthy,S-S065,Epithelial,0,NA,NA
GSE158055,Healthy,S-S065,Macrophage,0,NA,NA
GSE158055,Healthy,S-S065,Mono_c14,0,NA,NA
GSE158055,Healthy,S-S065,NK,0,NA,NA
GSE158055,Healthy,S-S065,T_cell,0,NA,NA
GSE158055,Healthy,S-S066,B_cell,0,NA,NA
GSE158055,Healthy,S-S066,Club,0,NA,NA
GSE158055,Healthy,S-S066,DC,0,NA,NA
GSE158055,Healthy,S-S066,Epithelial,0,NA,NA
GSE158055,Healthy,S-S066,Macrophage,0,NA,NA
GSE158055,Healthy,S-S066,Mono_c14,0,NA,NA
GSE158055,Healthy,S-S066,NK,0,NA,NA
GSE158055,Healthy,S-S066,T_cell,0,NA,NA
GSE158055,Healthy,S-S067,B_cell,0,NA,NA
GSE158055,Healthy,S-S067,Club,0,NA,NA
GSE158055,Healthy,S-S067,DC,0,NA,NA
GSE158055,Healthy,S-S067,Epithelial,0,NA,NA
GSE158055,Healthy,S-S067,Macrophage,0,NA,NA
GSE158055,Healthy,S-S067,Mono_c14,0,NA,NA
GSE158055,Healthy,S-S067,NK,0,NA,NA
GSE158055,Healthy,S-S067,T_cell,0,NA,NA
GSE158055,Healthy,S-S068,B_cell,0,NA,NA
GSE158055,Healthy,S-S068,Club,0,NA,NA
GSE158055,Healthy,S-S068,DC,0,NA,NA
GSE158055,Healthy,S-S068,Epithelial,0,NA,NA
GSE158055,Healthy,S-S068,Macrophage,0,NA,NA
GSE158055,Healthy,S-S068,Mono_c14,0,NA,NA
GSE158055,Healthy,S-S068,NK,0,NA,NA
GSE158055,Healthy,S-S068,T_cell,0,NA,NA
GSE158055,Healthy,S-S069-1,B_cell,0,NA,NA
GSE158055,Healthy,S-S069-1,Club,0,NA,NA
GSE158055,Healthy,S-S069-1,DC,0,NA,NA
GSE158055,Healthy,S-S069-1,Epithelial,0,NA,NA
GSE158055,Healthy,S-S069-1,Macrophage,0,NA,NA
GSE158055,Healthy,S-S069-1,Mono_c14,0,NA,NA
GSE158055,Healthy,S-S069-1,NK,0,NA,NA
GSE158055,Healthy,S-S069-1,T_cell,0,NA,NA
GSE158055,Healthy,S-S069-2,B_cell,0,NA,NA
GSE158055,Healthy,S-S069-2,Club,0,NA,NA
GSE158055,Healthy,S-S069-2,DC,0,NA,NA
GSE158055,Healthy,S-S069-2,Epithelial,0,NA,NA
GSE158055,Healthy,S-S069-2,Macrophage,0,NA,NA
GSE158055,Healthy,S-S069-2,Mono_c14,0,NA,NA
GSE158055,Healthy,S-S069-2,NK,0,NA,NA
GSE158055,Healthy,S-S069-2,T_cell,0,NA,NA
GSE158055,Healthy,S-S069-3,B_cell,0,NA,NA
GSE158055,Healthy,S-S069-3,Club,0,NA,NA
GSE158055,Healthy,S-S069-3,DC,0,NA,NA
GSE158055,Healthy,S-S069-3,Epithelial,0,NA,NA
GSE158055,Healthy,S-S069-3,Macrophage,0,NA,NA
GSE158055,Healthy,S-S069-3,Mono_c14,0,NA,NA
GSE158055,Healthy,S-S069-3,NK,0,NA,NA
GSE158055,Healthy,S-S069-3,T_cell,0,NA,NA
GSE158055,Healthy,S-S070-1,B_cell,0,NA,NA
GSE158055,Healthy,S-S070-1,Club,0,NA,NA
GSE158055,Healthy,S-S070-1,DC,0,NA,NA
GSE158055,Healthy,S-S070-1,Epithelial,0,NA,NA
GSE158055,Healthy,S-S070-1,Macrophage,0,NA,NA
GSE158055,Healthy,S-S070-1,Mono_c14,0,NA,NA
GSE158055,Healthy,S-S070-1,NK,0,NA,NA
GSE158055,Healthy,S-S070-1,T_cell,0,NA,NA
GSE158055,Healthy,S-S070-2,B_cell,0,NA,NA
GSE158055,Healthy,S-S070-2,Club,0,NA,NA
GSE158055,Healthy,S-S070-2,DC,0,NA,NA
GSE158055,Healthy,S-S070-2,Epithelial,0,NA,NA
GSE158055,Healthy,S-S070-2,Macrophage,0,NA,NA
GSE158055,Healthy,S-S070-2,Mono_c14,0,NA,NA
GSE158055,Healthy,S-S070-2,NK,0,NA,NA
GSE158055,Healthy,S-S070-2,T_cell,0,NA,NA
GSE158055,Healthy,S-S070-3,B_cell,0,NA,NA
GSE158055,Healthy,S-S070-3,Club,0,NA,NA
GSE158055,Healthy,S-S070-3,DC,0,NA,NA
GSE158055,Healthy,S-S070-3,Epithelial,0,NA,NA
GSE158055,Healthy,S-S070-3,Macrophage,0,NA,NA
GSE158055,Healthy,S-S070-3,Mono_c14,0,NA,NA
GSE158055,Healthy,S-S070-3,NK,0,NA,NA
GSE158055,Healthy,S-S070-3,T_cell,0,NA,NA
GSE158055,Healthy,S-S071-1,B_cell,0,NA,NA
GSE158055,Healthy,S-S071-1,Club,0,NA,NA
GSE158055,Healthy,S-S071-1,DC,0,NA,NA
GSE158055,Healthy,S-S071-1,Epithelial,0,NA,NA
GSE158055,Healthy,S-S071-1,Macrophage,0,NA,NA
GSE158055,Healthy,S-S071-1,Mono_c14,0,NA,NA
GSE158055,Healthy,S-S071-1,NK,0,NA,NA
GSE158055,Healthy,S-S071-1,T_cell,0,NA,NA
GSE158055,Healthy,S-S071-2,B_cell,0,NA,NA
GSE158055,Healthy,S-S071-2,Club,0,NA,NA
GSE158055,Healthy,S-S071-2,DC,0,NA,NA
GSE158055,Healthy,S-S071-2,Epithelial,0,NA,NA
GSE158055,Healthy,S-S071-2,Macrophage,0,NA,NA
GSE158055,Healthy,S-S071-2,Mono_c14,0,NA,NA
GSE158055,Healthy,S-S071-2,NK,0,NA,NA
GSE158055,Healthy,S-S071-2,T_cell,0,NA,NA
GSE158055,Healthy,S-S072-1,B_cell,0,NA,NA
GSE158055,Healthy,S-S072-1,Club,0,NA,NA
GSE158055,Healthy,S-S072-1,DC,0,NA,NA
GSE158055,Healthy,S-S072-1,Epithelial,0,NA,NA
GSE158055,Healthy,S-S072-1,Macrophage,0,NA,NA
GSE158055,Healthy,S-S072-1,Mono_c14,0,NA,NA
GSE158055,Healthy,S-S072-1,NK,0,NA,NA
GSE158055,Healthy,S-S072-1,T_cell,0,NA,NA
GSE158055,Healthy,S-S072-2,B_cell,0,NA,NA
GSE158055,Healthy,S-S072-2,Club,0,NA,NA
GSE158055,Healthy,S-S072-2,DC,0,NA,NA
GSE158055,Healthy,S-S072-2,Epithelial,0,NA,NA
GSE158055,Healthy,S-S072-2,Macrophage,0,NA,NA
GSE158055,Healthy,S-S072-2,Mono_c14,0,NA,NA
GSE158055,Healthy,S-S072-2,NK,0,NA,NA
GSE158055,Healthy,S-S072-2,T_cell,0,NA,NA
GSE158055,Healthy,S-S072-3,B_cell,0,NA,NA
GSE158055,Healthy,S-S072-3,Club,0,NA,NA
GSE158055,Healthy,S-S072-3,DC,0,NA,NA
GSE158055,Healthy,S-S072-3,Epithelial,0,NA,NA
GSE158055,Healthy,S-S072-3,Macrophage,0,NA,NA
GSE158055,Healthy,S-S072-3,Mono_c14,0,NA,NA
GSE158055,Healthy,S-S072-3,NK,0,NA,NA
GSE158055,Healthy,S-S072-3,T_cell,0,NA,NA
